IDENT,PROBLEM,PROBLEM_TYPE,LOCATION,PROBLEM_PART,TAGGEDPROBLEM,EFFECT,ACTION,ACTION_TYPE,INSTALL/REPLACE WITH,ACTION_PART,TAGGEDACTION,CAUSE
100001,ENGINE IDLE OVERRIDE KILLED ENGINE.,OK,ENGINE,,OVERRIDE,KILLED,"TRIED TO ADJUST IDLE SEVERAL TIMES, WOULDN'T ADJUST.",,,IDLE,ADJUST,
100002,ENGINE IDLE OVERRIDE KILLED ENGINE.,OK,ENGINE,,OVERRIDE,KILLED,REMOVED & REPLACED FUEL SERVO,,,FUEL SERVO,REMOVED & REPLACED,
100003,ENGINE IDLE OVERRIDE KILLED ENGINE.,OK,ENGINE,,OVERRIDE,KILLED,"A/C WAS RUN UP, SET IDLE SPEED, MIXTURE OK, NO LEAKS NO",,,"A/C, IDLE SPEED , LEAK","RUN , SET , CHECKED",
100004,ENGINE IDLE OVERRIDE KILLED ENGINE.,OK,ENGINE,,OVERRIDE,,"PERFORMED ENGINE RUN UP, FOUND CYLINDER 2 LOWER PLUG FOULED.",,,ENGINE,"RUN , FOUND",CYLINDER 2 LOWER PLUG FOULED
100005,#2 & 4 CYLINDER ROCKER COVER GASKETS ARE LEAKING.,OK,#2 & 4 CYLINDER,ROCKER COVER GASKETS,LEAKING,,REMOVED & REPLACED GASKETS.,,,GASKETS,REMOVED & REPLACED,
100006,ROCKER BOX COVER SCREWS LOOSE (ALL CYLINDER).,OK,ALL CYLINDER,ROCKER BOX COVER SCREWS,LOOSE,,TIGHTENED SCREWS.,,,SCREW,TIGHTENED,
100007,INDUCTION TUBE HOSE CLAMPS LOOSE (ALL CYLINDER).,OK,ALL CYLINDER,INDUCTION TUBE HOSE CLAMPS,LOOSE,,TIGHTENED HOSE CLAMPS.,,,HOSE CLAMP,TIGHTENED,
100008,#3 INTAKE IS LEAKING.,OK,#3,INTAKE,LEAKING,,REMOVED & REPLACED GASKET.,,,GASKET,REMOVED & REPLACED,
100009,#2 INTAKE IS LEAKING.,OK,#2,INTAKE,LEAKING,,REMOVED & REPLACED #2 INTAKE GASKET.,,,INTAKE GASKET,REMOVED & REPLACED,
100010,#4 ROCKER COVER IS LEAKING.,OK,#4,ROCKER COVER,LEAKING,,REMOVED & REPLACED #4 ROCKER COVER GASKET.,,,ROCKER COVER GASKET,REMOVED & REPLACED,
100011,"HOLDING SHORT OF RUNWAY, AFTER COMPLETION OF RUN UP, ENGINE",DIFFICULT,,,,,"PERFORMED ENGINE RUN UP, ADJUSTED IDLE & CLEANED SPARK",,,"ENGINE, IDLE, SPARK","RUN, ADJUSTED, CLEANED",
100012,L/H REAR ENGINE BAFFLE CRACKED.,OK,L/H REAR ENGINE,BAFFLE,CRACKED,,STOP DRILLED CRACK.,,,DRILLED CRACK,STOP,
100013,INDUCTION TUBE HOSE CLAMPS LOOSE (ALL CYLINDERS).,OK,ALL CYLINDERS,INDUCTION TUBE HOSE CLAMPS,LOOSE,,TIGHTENED HOSE CLAMPS.,,,HOSE CLAMP,TIGHTENED,
100014,"#1, 2 & 3 ROCKER BOX COVER GASKETS LEAKING.",OK,"#1, 2 & 3",ROCKER BOX COVER GASKETS,LEAKING,,INSTALLED NEW ROCKER BOX COVER GASKETS.,,NEW,ROCKER BOX COVER GASKET,INSTALLED,
100015,#2 ROCKER COVER GASKET LEAKING.,OK,#2,ROCKER COVER GASKET,LEAKING,,REMOVED & REPLACED #2 ROCKER COVER GASKET.,,,ROCKER COVER GASKET,REMOVED & REPLACED,
100016,#1 & 3 ROCKER COVER GASKET LEAKING.,OK,#1 & 3,ROCKER COVER GASKET,LEAKING,,REMOVED & REPLACED #1 & 3 ROCKER COVER GASKET.,,,ROCKER COVER GASKET,REMOVED & REPLACED,
100017,ROCKER BOX COVER SCREWS LOOSE.,OK,,ROCKER BOX COVER SCREWS,LOOSE,,TIGHTENED SCREWS.,,,SCREW,TIGHTENED,
100018,#1 ENGINE BAFFLE CRACKED.,OK,#1 ENGINE,BAFFLE,CRACKED,,FABRICATED PATCH OF LIKE MATERIAL & RIVETED IAW,,LIKE MATERIAL,PATCH,FABRICATED & RIVETED,
100019,#1 INTAKE GASKET LEAKING.,OK,#1,INTAKE GASKET,LEAKING,,REPLACED WITH NEW GASKET.,,NEW,GASKET,REPLACED,
100020,ROCKER COVER FOR CYLINDER #1 IS LEAKING.,OK,CYLINDER #1,ROCKER COVER,LEAKING,,REPLACED ROCKER COVER.,,,ROCKER COVER,REPLACED,
100021,CYLINDER #4 INTAKE LEAKING.,OK,CYLINDER #4,INTAKE,LEAKING,,REPLACED GASKET. LEAK CHECK GOOD.,,,"GASKET , LEAK","REPLACED , CHECK",
100022,#2 & 4 CYLINDER ROCKER COVER GASKETS LEAKING.,OK,#2 & 4 CYLINDER,ROCKER COVER GASKETS,LEAKING,,REMOVED & REPLACED ROCKER COVER GASKETS. CLEANED LEAKS,,,"ROCKER COVER GASKET , LEAK","REMOVED & REPLACED , CLEANED",
100023,ROCKER BOX COVER SCREWS ARE LOOSE.,OK,,ROCKER BOX COVER SCREWS,LOOSE,,TIGHTENED SCREWS.,,,SCREW,TIGHTENED,
100024,INDUCTION TUBE HOSE CLAMPS LOOSE (ALL CYLINDER).,OK,ALL CYLINDER,INDUCTION TUBE HOSE CLAMPS,LOOSE,,TIGHTENED HOSE CLAMPS.,,,HOSE CLAMP,TIGHTENED,
100025,#1 INTAKE GASKET LEAKING.,OK,#1,INTAKE GASKET,LEAKING,,"REMOVED INTAKE TUBE, FOUND TUBE TO BE CRACKED. REMOVED",,,"INTAKE TUBE , CRACK","REMOVED , FOUND",TUBE TO BE CRACKED
100026,INDUCTION TUBE HOSE CLAMPS LOOSE (ALL CYLINDERS).,OK,ALL CYLINDERS,INDUCTION TUBE HOSE CLAMPS,LOOSE,,TIGHTENED HOSE CLAMPS.,,,HOSE CLAMP,TIGHTENED,
100027,R/H MAGNETOS BLAST TUBE FELL OFF.,OK,R/H,MAGNETOS BLAST TUBE,FELL OFF,,REMOVED R/H AFT BAFFLE TO FACILITATE REPAIR. FABRICATED,,,BAFFLE,"REMOVED , FABRICATED",
100028,"ON START UP, ENGINE BEGAN TO RUN ROUGH. RAN ENGINE @ 1200 RP",OK,ENGINE,,ROUGH,,"INSPECTED CYLINDER 1, 2 & 4 IAW - CHECK OK. REMOVED",,,,"INSPECTED , CHECK , REMOVED",
100029,"ON START UP, ENGINE BEGAN TO RUN ROUGH. RAN ENGINE @ 1200 RP",OK,ENGINE,,ROUGH,,"PERFORMED COMPRESSION CHECK, CYLINDER #3 INDICATED ZERO PSI.",,,COMPRESSION,CHECK,
100030,"ON START UP, ENGINE BEGAN TO RUN ROUGH. RAN ENGINE @ 1200 RP",OK,ENGINE,,ROUGH,,"COMPLETED BAFFLE INSTALL, OIL FILLER TUBE, SPARK PLUGS.",,,BAFFLE & OIL FILLER TUBE & SPARK PLUG,INSTALLED,
100031,#4 ROCKER COVER GASKET LEAKING.,OK,#4,ROCKER COVER GASKET,LEAKING,,REPLACED GASKET.,,,GASKET,REPLACED,
100032,RIGHT ENGINE #4 AIR BAFFLE IS CRACKED,OK,RIGHT ENGINE #4,AIR BAFFLE,CRACKED,,REMOVED & REPLACED #4 AIR BAFFLE.,,,AIR BAFFLE,REMOVED & REPLACED,
100033,R/H ENGINE FORWARD ALTERNATOR ATTACH BOLT LOOSE.,OK,R/H ENGINE FORWARD,ALTERNATOR ATTACH BOLT,LOOSE,,SECURED ALTERNATOR ATTACH BOLT & RESAFETIED.,,,ALTERNATOR ATTACH BOLT,SECURED & RESAFETIED,
100034,L/H ENGINE #4 AFT BAFFLE CRACKED IN MULTIPLE PLACES.,OK,L/H ENGINE #4 AFT,BAFFLE,CRACKED,,REPLACED BAFFLE ASSY.,,,BAFFLE,REPLACED,
100035,"RIGHT ENG, ALL VALVE COVERS ARE LEAKING.",OK,RIGHT ENGINE ALL,VALVE COVERS,LEAKING,,REMOVED & REPLACED ALL ROCKER GASKETS.,,,ROCKER GASKET,REMOVED & REPLACED,
100036,L/H ENGINE ALL 4 ROCKER COVER GASKETS LEAKING.,OK,L/H ENGINE ALL 4,ROCKER COVER GASKETS,LEAKING,,REPLACED ALL ROCKER COVER GASKETS.,,,ROCKER COVER GASKET,REPLACED,
100037,L/H ENGINE #2 INTAKE LEAKING.,OK,L/H ENGINE #2,INTAKE,LEAKING,,"REMOVED TUBE, FOUND TO BE CRACKED. REMOVED TUBE FROM CO",,,TUBE,"REMOVED, FOUND",CRACKED
100038,"IN FLIGHT, ENGINE BECAME ROUGH. DISCOVERED RIGHT MAGNETOS INOP. E",OK,"ENGINE, RIGHT MAGNETOS",,"ROUGH , INOP",,"RAN A/C, MAGS CHECK GOOD. POWER & LEAK CHECK GOOD.",,,"A/C, MAGS & POWER &LEAK","RAN, CHECK",
100039,"IN FLIGHT, ENGINE BECAME ROUGH. DISCOVERED RIGHT MAGNETOS INOP. E",OK,"ENGINE, RIGHT MAGNETOS",,"ROUGH , INOP",,"REMOVED #3 CYL, DISCONNECTED FUEL DISTRIBUTOR LINE TO G",,,"CYL, FUEL DISTRIBUTOR LINE","REMOVED , DISCONNECTED",
100040,"IN FLIGHT, ENGINE BECAME ROUGH. DISCOVERED RIGHT MAGNETOS INOP. E",OK,"ENGINE, RIGHT MAGNETOS",,"ROUGH , INOP",,"REASSEMBLED ENGINE, #3 CYLINDER DRY TAPPET CLEARANCE CHECK G",,,ENGINE,REASSEMBLED,
100041,#4 INTAKE LEAKING.,OK,#4,INTAKE,LEAKING,,REMOVED & REPLACED #4 INTAKE GASKET.,,,INTAKE GASKET,REMOVED & REPLACED,
100042,#3 ROCKER COVER GASKET LEAKING.,OK,#3,ROCKER COVER GASKET,LEAKING,,REMOVED & REPLACED #3 ROCKER COVER GASKET.,,,ROCKER COVER GASKET,REMOVED & REPLACED,
100043,TOP L/H BAFFLE HAS A CRACK.,OK,TOP L/H,BAFFLE,CRACKED,,STOP DRILLED CRACK.,,,DRILLED CRACK,STOP,
100044,OIL DIPSTICK OIL STICK IS LOOSE.,OK,,OIL DIPSTICK OIL STICK,LOOSE,,REMOVED & REPLACED DIPSTICK.,,,DIPSTICK,REMOVED & REPLACED,
100045,#3 BRAKE MISSING SCREW.,OK,#3,BRAKE SCREW,MISSING,,REPLACED SCREW.,,,SCREW,REPLACED,
100046,BAFFLE SEALS ON R/H SIDE ARE TORN.,OK,R/H SIDE,BAFFLE SEALS,TORN,,APPLIED SILICONE TO TORN AREAS.,,,SILICONE,APPLIED,
100047,#2 & 4 ROCKER COVERS ARE LEAKING.,OK,#2 & 4,ROCKER COVERS,LEAKING,,REMOVED & REPLACED #2 & 4 ROCKER COVER GASKETS.,,,ROCKER COVER GASKET,REMOVED & REPLACED,
100048,#3 AFT BAFFLE BRACKET LOOSE.,OK,#3 AFT,BAFFLE BRACKET,LOOSE,,REMOVED & REPLACED MISSING RIVETS WITH SCREWS & NUTS.,,WITH SCREW & NUT,RIVET,REMOVED & REPLACED,
100049,#4 CYLINDER ROCKER COVER IS LEAKING.,OK,#4 CYLINDER,ROCKER COVER,LEAKING,,REMOVED & REPLACED GASKET.,,,GASKET,REMOVED & REPLACED,
100050,"#1, 2, & 6 COWL MOUNTS ARE TORN.",OK,"#1, 2, & 6",COWL MOUNTS,TORN,,REMOVED & REPLACED MOUNTS.,,,MOUNTS,REMOVED & REPLACED,
100051,#4 INTAKE LEAKING.,OK,#4,INTAKE,LEAKING,,REMOVED & REPLACED GASKET.,,,GASKET,REMOVED & REPLACED,
100052,#2 & 4 ROCKER COVERS LEAKING.,OK,#2 & 4,ROCKER COVERS,LEAKING,,REMOVED & REPLACED GASKETS.,,,GASKETS,REMOVED & REPLACED,
100053,#4 INTAKE IS LEAKING.,OK,#4,INTAKE,LEAKING,,REPLACED GASKET & INSPECTED INTAKE TUBE.,,,"GASKET, INTAKE TUBE","REPLACED , INSPECTED",
100054,"DURING IDLE CHECK ON RUN UP, ENGINE QUIT. RESTART ENGINE",OK,ENGINE,,QUIT,,"ADJUSTED IDLE SETTING, IDLE INDICATING 650 RPM DURING R",,,IDLE,ADJUSTED,
100055,L/H BAFFLE PLUG WORN.,OK,L/H,BAFFLE PLUG,WORN,,REMOVED & REPLACED PLUG.,,,PLUG,REMOVED & REPLACED,
100056,#1 ROCKER COVER LEAKING.,OK,#1,ROCKER COVER,LEAKING,,REMOVED & REPLACED GASKET.,,,GASKET,REMOVED & REPLACED,
100057,L/H ENGINE #2 & 4 SIDE BAFFLE SEALS LOOSE.,OK,L/H ENGINE #2 & 4,BAFFLE SEALS,LOOSE,,SECURED SEALS.,,,SEAL,SECURED,
100058,R/H ENGINE #3 AFT BAFFLE SEAL IS LOOSE.,OK,R/H ENGINE #3 AFT,BAFFLE SEAL,LOOSE,,SECURED BAFFLE SEAL.,,,BAFFLE SEAL,SECURED,
100059,#3 ROCKER COVER GASKET TORN.,OK,#3,ROCKER COVER GASKET,TORN,,REMOVED & REPLACED #3 ROCKER COVER GASKET.,,,ROCKER COVER GASKET,REMOVED & REPLACED,
100060,#4 ROCKER COVER GASKET TORN.,OK,#4,ROCKER COVER GASKET,TORN,,REMOVED & REPLACED #4 ROCKER COVER GASKET.,,,ROCKER COVER GASKET,REMOVED & REPLACED,
100061,#1 ROCKER COVER GASKET LEAKING.,OK,#1,ROCKER COVER GASKET,LEAKING,,REMOVED & REPLACED ROCKER COVER WITH NEW.,,NEW,ROCKER COVER,REMOVED & REPLACED,
100062,DURING GROUND RUN PILOT NOTICED HIGH OIL PRESSURE (ENGINE).,OK,ENGINE,OIL PRESSURE,PRESSURE,,ADJUSTED ENGINE OIL PRESSURE RELIEF VALVE.,,,OIL PRESSURE RELIEF VALVE,ADJUSTED,
100063,DURING GROUND RUN PILOT NOTICED HIGH OIL PRESSURE (ENGINE).,OK,ENGINE,OIL PRESSURE,PRESSURE,,"A/C WAS GROUND RAN TO FULL PWR, OIL PRESSURE CHECKED OK.",,,OIL PRESSURE,CHECK,
100064,STUDENT COULDN'T START A/C.,OK,A/C,,COULDN'T START,,STARTED A/C FOR STUDENT.,,,A/C,STARTED,
100065,VACUUM TUBE & OIL COOLER LINE ARE RUBBING TOGETHER.,OK,,VACUUM TUBE & OIL COOLER LINE,RUBBING,,"MOVED ADEL CLAMP & APPLIED 2 ZIP TIES, NO DEFECTS NOTED",,,"ADEL CLAMP , ZIP TIES","MOVED , APPLIED",
100066,"AFTER LANDING, A/C IDLE @ 970 RPM.",OK,A/C,,RPM,,ADJUSTED IDLE SETTING BY LOWERING. IDLE SETTING W/IN MA,,,IDLE,ADJUSTED,
100067,FUEL PRESSURE 32 - 33 WITH JUMPS INTO RED.,OK,,FUEL PRESSURE,PRESSURE,,CLEANED TRANSDUCER GROUND PATH. FUEL PRESSURE CHECKED GOOD,,,"TRANSDUCER GROUND PATH , FUEL PRESSURE","CLEANED , CHECKED",
100068,R/H ENGINE #2 INTAKE LEAKS.,OK,R/H ENGINE #2,INTAKE,LEAKS,,REPLACED GASKET.,,,GASKET,REPLACED,
100069,L/H ENGINE #4 CYLINDER BAFFLE CRACKED.,OK,L/H ENGINE #4,BAFFLE,CRACKED,,STOP DRILLED CRACK.,,,DRILLED CRACK,STOP,
100070,R/H ENGINE #4 CYLINDER BAFFLE CRACKED.,OK,#4 CYLINDER,BAFFLE,CRACKED,,STOP DRILLED CRACK.,,,DRILLED CRACK,STOP,
100071,LAST DAILY SHUT DOWN IDLE OVER RIDE SPEED CHECK - ENGINE RPM,DIFFICULT,,,,,"RAN A/C, ADJUSTED IDLE SPEED. CHECKS GOOD.",,,"A/C , IDLE SPEED","RAN, ADJUSTED , CHECK",
100072,#2 & 4 SIDE BAFFLE BRACE BROKEN.,OK,#2 & 4 SIDE,BAFFLE BRACE,BROKEN,,FABRICATED BRACE FROM LIKE MATERIAL & INSTALLED.,,,BRACE,FABRICATED & INSTALLED,
100073,#4 CYLINDER INTAKE GASKET IS LEAKING.,OK,#4 CYLINDER,INTAKE GASKET,LEAKING,,REMOVED & REPLACED GASKET.,,,GASKET,REMOVED & REPLACED,
100074,#4 ROCKER BOX COVER GASKET LEAKING.,OK,#4,ROCKER BOX COVER GASKET,LEAKING,,REMOVED & REPLACED ROCKER COVER GASKET.,,,ROCKER COVER GASKET,REMOVED & REPLACED,
100075,BAFFLE PLUG HOLE WORN.,OK,,BAFFLE PLUG HOLE,WORN,,INSTALLED PATCH & NEW PLUG.,,NEW,PATCH & PLUG,INSTALLED,
100076,ENGINE STARTED RUNNING ROUGH & VIBRATING A LOT.,OK,ENGINE,,ROUGH & VIBRATING,,"RAN A/C, OPS & LEAK CHECK GOOD.",,,"A/C , OPS & LEAK","RAN , CHECK",
100077,ENGINE STARTED RUNNING ROUGH & VIBRATING A LOT.,OK,ENGINE,,ROUGH & VIBRATING,,RAN A/C. CONFIRMED DISCREPANCY. FOUND #3 CYLINDER HAD VERY L,,,"A/C , DISCREPANCY","RAN, CONFIRMED , FOUND", #3 CYLINDER HAD VERY L
100078,ENGINE STARTED RUNNING ROUGH & VIBRATING A LOT.,OK,ENGINE,,ROUGH & VIBRATING,,COMPLETED REASSEMBLY OF #3 CYLINDER ASSY. INSTALLED NEW INTA,,NEW,"CYLINDER, INTAKE","REASSEMBLY, INSTALLED",
100079,ENGINE STARTED RUNNING ROUGH & VIBRATING A LOT.,OK,ENGINE,,ROUGH & VIBRATING,,REMOVED #3 CYL. INSTALLED SERVICEABLE CYLINDER ASSY. TORQUED,,,"CYLINDER , CYLINDER ASSEMBLY","REMOVED , INSTALLED , TORQUED",
100080,ENGINE STARTED RUNNING ROUGH & VIBRATING A LOT.,OK,ENGINE,,ROUGH & VIBRATING,,"DISASSEMBLED #1, 2, 4 EXHAUST VALVES, REAMED GUIDES IAW",,,"EXHAUST VALVE , GUIDES","DISASSEMBLED , REAMED",
100081,#2 INTAKE LEAKS.,OK,#2,INTAKE,LEAKS,,REPLACED GASKET.,,,GASKET,REPLACED,
100082,#4 INTAKE LEAKS.,OK,#4,INTAKE,LEAKS,,REPLACED GASKET.,,,GASKET,REPLACED,
100083,#3 INTAKE TUBE GASKET IS LEAKING.,OK,#3,INTAKE TUBE GASKET,LEAKING,,REPLACED GASKET.,,,GASKET,REPLACED,
100084,#3 & 4 ROCKER COVER GASKETS ARE LEAKING.,OK,#3 & 4,ROCKER COVER GASKETS,LEAKING,,REPLACED GASKETS.,,,GASKETS,REPLACED,
100085,ENGINE WOULD NOT START.,OK,ENGINE,,WOULD NOT START,,"STARTED ENGINE, LEANED MIXTURE TO CLEAN SPARK PLUGS. MA",,,"ENGINE , MIXTURE","STARTED , LEANED",
100086,#2 INTAKE IS LEAKING.,OK,#2,INTAKE,LEAKING,,REMOVED & REPLACED #2 INTAKE GASKET.,,,INTAKE GASKET,REMOVED & REPLACED,
100087,"TOP FRONT R/H BAFFLE, BAFFLE SEAL RIVET PULLED THROUGH.",OK,TOP FRONT R/H,BAFFLE SEAL,PULLED,,DRILLED OUT RIVET & INSTALLED SCREW & NUT TO ATTACH R/H,,,"RIVET , SCREW & NUT","DRILLED, INSTALLED",
100088,ROCKER BOX COVER SCREWS LOOSE.,OK,,ROCKER BOX COVER SCREWS,LOOSE,,TIGHTENED SCREWS.,,,SCREW,TIGHTENED,
100089,#2 INDUCTION TUBE GASKET LEAKING.,OK,#2,INDUCTION TUBE GASKET,LEAKING,,REMOVED & REPLACED #2 INDUCTION TUBE GASKET.,,,INDUCTION TUBE GASKET,REMOVED & REPLACED,
100090,#2 & 4 ROCKER COVERS ARE LEAKING.,OK,#2 & 4,ROCKER COVERS,LEAKING,,REMOVED & REPLACED GASKETS.,,,GASKETS,REMOVED & REPLACED,
100091,#1 INTAKE LEAKING.,OK,#1,INTAKE,LEAKING,,REMOVED & REPLACED #1 INTAKE GASKET WITH NEW.,,NEW,INTAKE GASKET,REMOVED & REPLACED,
100092,#3 & 4 ROCKER COVERS LEAKING.,OK,#3 & 4,ROCKER COVERS,LEAKING,,REMOVED & REPLACED #3 & 4 ROCKER COVER GASKETS WITH NEW.,,NEW,ROCKER COVER GASKET,REMOVED & REPLACED,
100093,#1 ROCKER COVER IS LEAKING.,OK,#1,ROCKER COVER,LEAKING,,REMOVED & REPLACED ROCKER COVER GASKET.,,,ROCKER COVER GASKET,REMOVED & REPLACED,
100094,L/H ENGINE #4 CYLINDER INTAKE GASKET IS LEAKING.,OK,L/H ENGINE #4 CYLINDER,INTAKE GASKET,LEAKING,,REMOVED & REPLACED #4 INTAKE GASKET WITH NEW.,,NEW,INTAKE GASKET,REMOVED & REPLACED,
100095,ROCKER BOX COVER SCREWS LOOSE.,OK,,ROCKER BOX COVER SCREWS,LOOSE,,TIGHTENED SCREWS.,,,SCREW,TIGHTENED,
100096,#4 ROCKER COVER LEAKING.,OK,#4,ROCKER COVER,LEAKING,,REMOVED & REPLACED #4 ROCKER COVER GASKET.,,,ROCKER COVER GASKET,REMOVED & REPLACED,
100097,#2 OIL RETURN LINE HOSE CLAMP IS LOOSE.,OK,#2,OIL RETURN LINE HOSE CLAMP,LOOSE,,TIGHTENED HOSE CLAMP.,,,HOSE CLAMP,TIGHTENED,
100098,ROUGH RUNNING ENGINE ON START. ENGINE RAN SMOOTHER AS IT WAR,OK,ENGINE,,ROUGH,,FINISHED REAMING ALL 4 EXHAUST VALVE GUIDES. INSTALLED,,,EXHAUST VALVE GUIDES,"REAMING , INSTALLED",
100099,ROUGH RUNNING ENGINE ON START. ENGINE RAN SMOOTHER AS IT WAR,OK,ENGINE,,ROUGH,,"REMOVED COWLING, REMOVED ALL SPARK PLUGS. REAMED #3 EXHAUST",,,"COWLING, SPARK PLUG, EXHAUST","REMOVED , REAMED, REAMED",
100100,#3 ROCKER COVER IS LEAKING.,OK,#3,ROCKER COVER,LEAKING,,REMOVED & REPLACED GASKET.,,,GASKET,REMOVED & REPLACED,
100101,OIL FOUND ON ENTIRE RIGHT SIDE OF FUSELAGE.,OK,ENTIRE RIGHT SIDE OF FUSELAGE,OIL,FOUND,,"REMOVED COWLING, CLEANED ENGINE, PERFORMED ENGINE RUN U",,,"COWLING , ENGINE","REMOVED , CLEANED & RUN",
100102,R/H ENGINE #4 CYLINDER BAFFLE BOLT MISSING.,OK,R/H ENGINE #4,BAFFLE BOLT,MISSING,,INSTALLED NEW BOLT.,,NEW,BOLT,INSTALLED,
100103,R/H ENGINE #1 & 4 ROCKER COVERS LEAKING.,OK,R/H ENGINE #1 & 4,ROCKER COVERS,LEAKING,,"REMOVED & REPLACED R/H ROCKER COVER GASKETS, 1 & 4.",,,ROCKER COVER GASKET,REMOVED & REPLACED,
100104,L/H ENGINE #1 & 3 ROCKER COVERS LEAKING.,OK,L/H ENGINE #1 & 3,ROCKER COVERS,LEAKING,,"REMOVED & REPLACED L/H ENGINE ROCKER COVER GASKETS, 1 &",,,ROCKER COVER GASKET,REMOVED & REPLACED,
100105,ENGINE DIED DURING MAGNETOS CK.,OK,ENGINE,,DIED,,STARTED A/C USING FLOODED START PROCEDURE & RAN A/C TO,,,A/C,STARTED & RAN,
100106,#3 ROCKER COVER GASKET LEAKING.,OK,#3,ROCKER COVER GASKET,LEAKING,,REMOVED & REPLACED #3 ROCKER COVER GASKET.,,,ROCKER COVER GASKET,REMOVED & REPLACED,
100107,"#2, 4 ROCKER COVER GASKET LEAKING.",OK,"#2, 4",ROCKER COVER GASKET,LEAKING,,REMOVED & REPLACED #2 & 4 ROCKER COVER GASKETS.,,,ROCKER COVER GASKET,REMOVED & REPLACED,
100108,#2 & 4 CYLINDER OIL RETURN LINE CLAMPS LOOSE.,OK,#2 & 4 CYLINDER,OIL RETURN LINE CLAMPS,LOOSE,,TIGHTENED CLAMPS.,,,CLAMP,TIGHTENED,
100109,R/H ENGINE #2 INTAKE GASKET LEAKING.,OK,R/H ENGINE #2,INTAKE GASKET,LEAKING,,REMOVED & REPLACED GASKET.,,,GASKET,REMOVED & REPLACED,
100110,BAFFLE SEALS UNDER BOTH PROP GOVERNORS ARE LOOSE.,OK,UNDER BOTH PROP GOVERNORS,BAFFLE SEALS,LOOSE,,RESECURED BAFFLE SEALS.,,,BAFFLE SEAL,RESECURED,
100111,L/H ENGINE #4 AFT BAFFLE CRACKED IN MULTIPLE PLACES.,OK,L/H ENGINE #4 AFT,BAFFLE,CRACKED,,INSTALLED REPAIRED BAFFLING.,,REPAIRED,BAFFLING,INSTALLED,
100112,L/H ENGINE #4 AFT BAFFLE CRACKED IN MULTIPLE PLACES.,OK,L/H ENGINE #4 AFT,BAFFLE,CRACKED,,REMOVED BAFFLE & SWAPPED ACCESSORIES.,,,"BAFFLE, ACCESSORIES","REMOVED , SWAPPED",
100113,#2 INTAKE IS LEAKING.,OK,#2,INTAKE,LEAKING,,REMOVED & REPLACED INTAKE GASKET.,,,INTAKE GASKET,REMOVED & REPLACED,
100114,#1 L/H INTAKE HAS LARGE GOUGE.,OK,L/H,INTAKE,GOUGE,,REMOVED & REPLACED #1 L/H INTAKE PIPE WITH SERVICEABLE PI,,WITH SERVICEABLE PI,INTAKE PIPE,REMOVED & REPLACED,
100115,L/H ENGINE #3 ROCKER COVER LEAKING.,OK,L/H ENGINE #3,ROCKER COVER,LEAKING,,REMOVED & REPLACED L/H ENGINE #3 ROCKER COVER GASKET.,,,ROCKER COVER GASKET,REMOVED & REPLACED,
100116,#2 CYLINDER HAS LOW COMPRESSION.,OK,#2 CYLINDER,,COMPRESSION,,REMOVED ROCKER COVER & STAKED INTAKE VALVE. PASSED COMPRESSOR,,,"ROCKER COVER , INTAKE VALVE","REMOVED , STAKED",
100117,#4 ROCKER COVER IS LEAKING.,OK,#4,ROCKER COVER,LEAKING,,REPLACED GASKET.,,,GASKET,REPLACED,
100118,L/H SIDE OF ENGINE FORWARD RUBBER SEAL LOOSE.,OK,L/H SIDE FORWARD,RUBBER SEAL,LOOSE,,SECURED BAFFLE SEAL.,,,BAFFLE SEAL,SECURED,
100119,#1 & 3 ROCKER COVER GASKETS ARE LEAKING.,OK,#1 & 3,ROCKER COVER GASKETS,LEAKING,,REMOVED & REPLACED GASKETS.,,,GASKETS,REMOVED &REPLACED,
100120,R/H BAFFLE FRONT SIDE HAS A CRACK.,OK,R/H FRONT SIDE,BAFFLE,CRACKED,,STOP DRILLED CRACK & FABRICATED PATCH WITH LIKE MATERIAL.,,WITH LIKE MATERIAL,"DRILLED CRACK, PATCH","STOP , FABRICATED",
100121,CYLINDER #4 INTAKE IS LEAKING.,OK,CYLINDER #4,INTAKE,LEAKING,,REPLACED INTAKE GASKET.,,,INTAKE GASKET,REPLACED,
100122,#2 INTAKE IS LEAKING.,OK,#2,INTAKE,LEAKING,,REMOVED & REPLACED #2 INTAKE GASKET.,,,INTAKE GASKET,REMOVED & REPLACED,
100123,#4 ROCKER COVER IS LEAKING.,OK,#4,ROCKER COVER,LEAKING,,REMOVED & REPLACED #4 ROCKER GASKET.,,,ROCKER GASKET,REMOVED & REPLACED,
100124,R/H ENGINE #4 CYLINDER INTAKE GASKET IS LEAKING.,OK,R/H ENGINE #4 CYLINDER,INTAKE GASKET,LEAKING,,INSTALLED NEW #4 INTAKE GASKET.,,NEW,INTAKE GASKET,INSTALLED,
100125,SCREW IS MISSING ON #3 CYLINDER BAFFLE.,OK,#3 CYLINDER,BAFFLE SCREW,MISSING,,INSTALLED NEW SCREW.,,NEW,SCREW,INSTALLED,
100126,R/H FRONT BAFFLE SEAL LOOSE.,OK,R/H FRONT,BAFFLE SEAL,LOOSE,,RESECURED R/H FRONT BAFFLE SEAL.,,,BAFFLE SEAL,RESECURED,
100127,TOP BACK L/H CORNER BAFFLE IS CRACKED.,OK,TOP BACK L/H CORNER,BAFFLE,CRACKED,,"STOP DRILLED CRACK, FABRICATED PATCH WITH LIKE MATERIAL.",,WITH LIKE MATERIAL,"DRILLED CRACK, PATCH","STOP , FABRICATED",
100128,#2 CYLINDER INTAKE GASKET IS LEAKING.,OK,#2 CYLINDER,INTAKE GASKET,LEAKING,,REMOVED & REPLACED GASKET.,,,GASKET,REMOVED & REPLACED,
100129,#2 & 3 ROCKER COVER GASKETS ARE LEAKING.,OK,2 & 3,ROCKER COVER GASKETS,LEAKING,,REMOVED & REPLACED GASKETS.,,,GASKETS,REMOVED & REPLACED,
100130,ENGINE STARTED RUNNING ROUGH SHORTLY AFTER TAKEOFF & LANDED,OK,ENGINE,,ROUGH,,RAN ENGINE BRIEFLY & NOTED THAT ENGINE WAS NOT RUNNING,,,ENGINE,RAN,NOTED THAT ENGINE WAS NOT RUNNING
100131,ENGINE STARTED RUNNING ROUGH SHORTLY AFTER TAKEOFF & LANDED,OK,ENGINE,,ROUGH,,"FREED EXHAUST VALVE, INSPECTED & FOUND TO BE SERVICEABL",,,EXHAUST VALVE,FREED & INSPECTED & FOUND,TO BE SERVICEABL
100132,#1 & 3 INTAKES LEAKING.,OK,#1 & 3,INTAKES,LEAKING,,REMOVED & REPLACED #1 & 3 ROCKER COVER GASKETS.,,,ROCKER COVER GASKET,REMOVED & REPLACED,
100133,#2 & 4 ROCKER COVER LEAKING.,OK,#2 & 4,ROCKER COVER,LEAKING,,REMOVED & REPLACED ROCKER COVER GASKETS.,,,ROCKER COVER GASKETS,REMOVED & REPLACED,
100134,R/H AFT BAFFLE MOUNT RIVETS ARE SHEARED.,OK,R/H AFT,BAFFLE MOUNT RIVETS,SHEARED,,DISCONNECTED LINES & WIRES TO REMOVE BAFFLE. REMOVED BA,,,BAFFLE,DISCONNECTED LINES & WIRES TO REMOVE,
100135,CHT NEEDLE BOUNCES & HAD ENGINE RUN ROUGH MOMENTARILY.,OK,ENGINE,CHT,ROUGH,BOUNCES ,"REMOVED & REPLACED CHT PROBE. INSP ENGINE, NO DEFECTS N",,,"CHT PROBE , ENGINE","REMOVED & REPLACED , INSPECTED",
100136,NOTED WEAR ON ENGINE MOUNT CAUSED BY ENGINE BREATHER SUPPORT,OK,ENGINE,,WEAR,,OPS & LEAK CHECK GOOD.,,,OPS & LEAK,CHECK,
100137,NOTED WEAR ON ENGINE MOUNT CAUSED BY ENGINE BREATHER SUPPORT,OK,ENGINE,,WEAR,,FINISHED INSTALLATION OF ENGINE.,,,ENGINE,INSTALLED,
100138,NOTED WEAR ON ENGINE MOUNT CAUSED BY ENGINE BREATHER SUPPORT,OK,ENGINE,,WEAR,,"REMOVED ENGINE. REPLACED ENGINE MOUNT, TORQUED ENGINE M",,,ENGINE,REMOVE & REPLACED & TORQUED,
100139,"L/H ENGINE #2, 3 & 4 INTAKES ARE LEAKING.",OK,"L/H ENGINE #2, 3 & 4",INTAKES,LEAKING,,REPLACED ALL 3 GASKETS.,,,GASKET,REPLACED,
100140,L/H ENGINE #3 ROCKER COVER IS LEAKING.,OK,L/H ENGINE #3,ROCKER COVER,LEAKING,,REMOVED & REPLACED GASKET.,,,GASKET,REMOVED & REPLACED,
100141,R/H ENGINE #2 & 4 ROCKER COVERS ARE LEAKING.,OK,R/H ENGINE #2 & 4,ROCKER COVERS,LEAKING,,REPLACED #2 & 4 ROCKER COVERS.,,,ROCKER COVER,REPLACED,
100142,R/H ENGINE #3 & 4 INTAKE TUBES ARE LEAKING.,OK,R/H ENGINE #3,INTAKE TUBES,LEAKING,,REPLACED #3 & 4 INTAKE GASKETS.,,,INTAKE GASKETS,REPLACED,
100143,"L/H ENGINE, LEFT AFT BAFFLE ANGLE BRACKET IS CRACKED.",OK,"L/H ENGINE, LEFT AFT",BAFFLE,CRACKED,,"REMOVED BRACE, STOP DRILLED CRACK. INSTALLED WITH LARGE A",,,"BRACE, DRILLED CRACK , LARGE A","REMOVED , STOP , INSTALLED",
100144,ROCKER BOX COVER SCREWS LOOSE.,OK,,ROCKER BOX COVER SCREWS,LOOSE,,RETORQUED SCREWS.,,,SCREW,RETORQUED,
100145,#2 ROCKER BOX COVER GASKET LEAKING.,OK,#2,ROCKER BOX COVER GASKET,LEAKING,,INSTALLED NEW #2 ROCKER BOX COVER GASKET.,,NEW,ROCKER BOX COVER GASKET,INSTALLED,
100146,#4 ROCKER COVER GASKET LEAKING.,OK,#4,ROCKER COVER GASKET,LEAKING,,INSTALLED NEW #4 ROCKER BOX COVER GASKET.,,NEW,ROCKER BOX COVER GASKET,INSTALLED,
100147,LEFT BRAKE LININGS ARE WORN OUT.,OK,LEFT,BRAKE LININGS,WORN,,REPLACED BRAKE LININGS.,,,BRAKE LININGS,REPLACED,
100148,RIGHT ENGINE #3 ROCKER COVER IS LEAKING.,OK,RIGHT ENGINE #3,ROCKER COVER,LEAKING,,REMOVED & REPLACED #3 ROCKER COVER.,,,ROCKER COVER,REMOVED & REPLACED,
100149,ENGINE OVERSPEED UP TO 3400 RPM @ TERMINATION OF AN AUTO.,OK,ENGINE,,OVERSPEED,,LEAK CHECK GOOD.,,,LEAK,CHECK,
100150,ENGINE OVERSPEED UP TO 3400 RPM @ TERMINATION OF AN AUTO.,OK,ENGINE,,OVERSPEED,,BEGAN VALVE TRAIN OVERSPEED INSP.,,,VALVE TRAIN OVERSPEED,INSPECTED,
100151,ENGINE OVERSPEED UP TO 3400 RPM @ TERMINATION OF AN AUTO.,OK,ENGINE,,OVERSPEED,,BEGAN ENGINE OVERSPEED INSP IAW . IDENTIFIED & CORR,,,ENGINE OVERSPEED,INSPECTED,
100152,ENGINE OVERSPEED UP TO 3400 RPM @ TERMINATION OF AN AUTO.,OK,ENGINE,,OVERSPEED,,FINISHED VALVE TRAIN OVERSPEED INSP. WAS COMPLET,,,VALVE TRAIN OVERSPEED,INSPECTED,
100153,#2 ROCKER COVER GASKET LEAKING.,OK,#2,ROCKER COVER GASKET,LEAKING,,REPLACED GASKET.,,,GASKET,REPLACED,
100154,#2 CYLINDER HAS LOW COMPRESSION.,OK,#2 CYLINDER,,COMPRESSION,,"PERFORMED ENGINE RUN UP TO OPERATING TEMPERATURES, PERF",,,ENGINE,RUN,
100155,#2 ROCKER BOX COVER SCREWS LOOSE.,OK,#2,ROCKER BOX COVER SCREWS,LOOSE,,RETORQUED SCREWS.,,,SCREW,RETORQUED,
100156,#3 BAFFLE BUTTON PLUG BAD.,OK,#3,BAFFLE BUTTON PLUG,BAD,,INSTALLED NEW BUTTON PLUG.,,NEW,BUTTON PLUG,INSTALLED,
100157,R/H ENGINE ROUGH IN FLIGHT.,OK,R/H ENGINE,,ROUGH,,"RAN A/C, COULDN'T DUPLICATE DISCREP. NO DEFECTS NOTED D",,,A/C,RAN,
100158,#1 & 3 ROCKER COVERS ARE LEAKING.,OK,#1 & 3,ROCKER COVERS,LEAKING,,REMOVED & REPLACED 1 & 3 ROCKER COVERS.,,,ROCKER COVER,REMOVED & REPLACED,
100159,R/H FORWARD BAFFLE SEAL LOOSE.,OK,R/H FORWARD,BAFFLE SEAL,LOOSE,,RESECURED BAFFLE SEAL.,,,BAFFLE SEAL,RESECURED,
100160,"WHILE TAXIING, ENGINE QUIT.",OK,ENGINE,,QUIT,,FOUND #4 INTAKE WAS LEAKING. REMOVED & REPLACED INTAKE,,,INTAKE,FOUND & REMOVED & REPLACED,#4 INTAKE WAS LEAKING
100161,"R/H ENG, FORWARD I/B BAFFLE HAS SMALL CRACK.",OK,R/H ENGINE FORWARD,I/B BAFFLE,CRACKED,,STOP DRILLED CRACK.,,,DRILLED CRACK,STOP,
100162,"BOTH ENGS, ALL ROCKER COVERS LOOSE.",OK,"BOTH ENGS, ALL",ROCKER COVERS,LOOSE,,TIGHTENED ALL SCREWS FOR ROCKER COVERS.,,,SCREW,TIGHTENED,
100163,L/H ENGINE NEEDS TO BE REMOVED TO FACILITATE REPAIR.,OK,L/H ENGINE,,NEED PROBLEM,,OPS & LEAK CHECKED GOOD.,,,OPS & LEAK,CHECKED,
100164,R/H ENGINE NEEDS TO BE REMOVED TO FACILITATE REPAIR.,OK,R/H ENGINE,,NEED PROBLEM,,OPS & LEAK CHECKED GOOD.,,,OPS & LEAK,CHECKED,
100165,R/H ENGINE NEEDS TO BE REMOVED TO FACILITATE REPAIR.,OK,R/H ENGINE,,NEED PROBLEM,,INSTALLED R/H ENGINE TO AIRFRAME.,,,ENGINE,INSTALLED,
100166,R/H ENGINE NEEDS TO BE REMOVED TO FACILITATE REPAIR.,OK,R/H ENGINE,,NEED PROBLEM,,FINISHED INSTALLING NACELLE WIRING.,,,NACELLE WIRING,INSTALLED,
100167,L/H ENGINE NEEDS TO BE REMOVED TO FACILITATE REPAIR.,OK,L/H ENGINE,,NEED PROBLEM,,FINISHED REINSTALL OF NACELLE WIRING.,,,NACELLE WIRING,REINSTALL,
100168,R/H ENGINE NEEDS TO BE REMOVED TO FACILITATE REPAIR.,OK,R/H ENGINE,,NEED PROBLEM,,CONTINUED WIRING & ENGINE CONTROL INSTALLATION.,,,WIRING & ENGINE CONTROL,INSTALLED,
100169,L/H ENGINE NEEDS TO BE REMOVED TO FACILITATE REPAIR.,OK,L/H ENGINE,,NEED PROBLEM,,PRESERVED CYLINDERS. PREPARED ENGINE FOR STORAGE.,,,"CYLINDER , ENGINE","PRESERVED , PREPARED",
100170,R/H ENGINE NEEDS TO BE REMOVED TO FACILITATE REPAIR.,OK,R/H ENGINE,,NEED PROBLEM,,SEALED CONTROL CABLE & ELECTRICAL HARNESS @ FIREWALL.,,,CONTROL CABLE & ELECTRICAL HARNESS,SEALED,
100171,L/H ENGINE NEEDS TO BE REMOVED TO FACILITATE REPAIR.,OK,L/H ENGINE,,NEED PROBLEM,,"INSTALLED & TIMED MAGNETOS. ROUTED, CONNECTED WIRING &",,,"MAGNETOS, WIRING","INSTALLED & ROUTED, CONNECTED",
100172,L/H ENGINE NEEDS TO BE REMOVED TO FACILITATE REPAIR.,OK,L/H ENGINE,,NEED PROBLEM,,UNPACKED ENGINE FROM PALLET. INSTALLED ENGINE ASSEMBLY TO A,,,"ENGINE , ASSEMBLY","UNPACKED , INSTALLED",
100173,L/H ENGINE NEEDS TO BE REMOVED TO FACILITATE REPAIR.,OK,L/H ENGINE,,NEED PROBLEM,,"RAN WIRING THROUGH FIREWALL, RAN CABLES THROUGH FIREWAL",,,WIRING & CABLES,RAN,
100174,L/H ENGINE NEEDS TO BE REMOVED TO FACILITATE REPAIR.,OK,L/H ENGINE,,NEED PROBLEM,,"ROUTED & SECURED WIRING, FUEL & OIL LINES, CONTROL CABL",,,WIRING & FUEL & OIL LINE & CONTROL CABLE,ROUTED & SECURED,
100175,L/H ENGINE NEEDS TO BE REMOVED TO FACILITATE REPAIR.,OK,L/H ENGINE,,NEED PROBLEM,,SEALED CONTROL CABLE & ELECTRICAL HARNESS @ FIREWALL. R,,,CONTROL CABLE & ELECTRICAL HARNESS,SEALED,
100176,L/H ENGINE NEEDS TO BE REMOVED TO FACILITATE REPAIR.,OK,L/H ENGINE,,NEED PROBLEM,,"CLEANED PLUGS, SERVICED OIL. RAN L/H ENGINE, ALL INDICA",,,"PLUG, OIL, ENGINE","CLEANED , SERVICED , RAN",
100177,L/H ENGINE NEEDS TO BE REMOVED TO FACILITATE REPAIR.,OK,L/H ENGINE,,NEED PROBLEM,,"REMOVED LEFT ENGINE, PROP/MOUNT ASSY.",,,ENGINE,REMOVED,
100178,L/H ENGINE NEEDS TO BE REMOVED TO FACILITATE REPAIR.,OK,L/H ENGINE,,NEED PROBLEM,,REMOVED OIL SUMP & ACCESSORY CASE. INSPECTED IAW,,,"OIL SUMP , ACCESSORY CASE","REMOVED , INSPECTED",
100179,R/H ENGINE NEEDS TO BE REMOVED TO FACILITATE REPAIR.,OK,R/H ENGINE,,NEED PROBLEM,,STARTED WIRING INSTALLATION & CONTROL CABLE INSTALLATIO,,,WIRING & CONTROL CABLE,INSTALLED,
100180,R/H ENGINE NEEDS TO BE REMOVED TO FACILITATE REPAIR.,OK,R/H ENGINE,,NEED PROBLEM,,CONTINUED WIRING & CONTROL CABLE ROUTING. CONNECTED COW,,,"WIRING & CONTROL CABLE , COW","ROUTED , CONNECTED",
100181,R/H ENGINE NEEDS TO BE REMOVED TO FACILITATE REPAIR.,OK,R/H ENGINE,,NEED PROBLEM,,CONNECTED WIRING & SECURED. ATTACHED & RIGGED ENGINE CO,,,"WIRING , ENGINE","CONNECTED & SECURED, ATTACHED & RIGGED",
100182,R/H ENGINE NEEDS TO BE REMOVED TO FACILITATE REPAIR.,OK,R/H ENGINE,,NEED PROBLEM,,"CLEANED PLUGS, SERVICED OIL. RAN ENGINE, ALL INDICATION",,,"PLUG, OIL, ENGINE","CLEANED, SERVICED, RAN",
100183,R/H ENGINE NEEDS TO BE REMOVED TO FACILITATE REPAIR.,OK,R/H ENGINE,,NEED PROBLEM,,REMOVED R/H ENGINE/PROP/MOUNT ASSY. PRESERVED CYLS. PAL,,,"ENGINE/PROP/MOUNT ASSEMBLY , CLY","REMOVED , PRESERVED",
100184,REMOVE ENGINE TO FACILITATE FIREWALL REPAIR.,DIFFICULT,,,,,REMOVED ENGINE.,,,ENGINE,REMOVED,
100185,REINSTALL ENGINE AFTER REPAIR TO FIREWALL.,DIFFICULT,,,,,INSTALLED ENGINE AFTER REPAIR TO FIREWALL WAS COMPLETED,,,ENGINE,INSTALLED,
100186,REINSTALL ENGINE AFTER REPAIR TO FIREWALL.,DIFFICULT,,,,,FIREWALL REPAIRED BY ODEGAARD WINGS.,,,FIREWALL,REPAIRED,
100187,#2 & 4 INTAKE GASKET LEAKING.,OK,#2 & 4,INTAKE GASKET,LEAKING,,REMOVED & REPLACED #2 & 4 INTAKE GASKETS.,,,INTAKE GASKETS,REMOVED & REPLACED,
100188,#2 INTAKE LEAKING.,OK,#2,INTAKE,LEAKING,,REMOVED & REPLACED INTAKE GASKET.,,,INTAKE GASKETS,REMOVED & REPLACED,
100189,#3 ROCKER COVER LEAKING.,OK,#3,ROCKER COVER,LEAKING,,REMOVED & REPLACED #3 ROCKER COVER GASKET.,,,ROCKER COVER GASKET,REMOVED & REPLACED,
100190,AFT BAFFLE SCREW LOOSE.,OK,AFT,BAFFLE SCREW,LOOSE,,TIGHTENED BAFFLE SCREW.,,,BAFFLE SCREW,TIGHTENED,
100191,#4 REAR ENGINE BAFFLE CRACKED.,OK,#4 REAR ENGINE,BAFFLE,CRACKED,,STOP DRILLED CRACK.,,,DRILLED CRACK,STOP,
100192,INDUCTION TUBE HOSE CLAMPS LOOSE (ALL CYLINDERS).,OK,ALL CYLINDERS,INDUCTION TUBE HOSE CLAMPS,LOOSE,,TIGHTENED HOSE CLAMPS.,,,HOSE CLAMP,TIGHTENED,
100193,#3 CYLINDER EXHAUST SEAL LEAKING.,OK,#3 CYLINDER,EXHAUST SEAL,LEAKING,,REMOVED & REPLACED SEAL.,,,SEAL,REMOVED & REPLACED,
100194,FELT ON #1 & 3 BAFFLE COMING LOOSE.,OK,#1 & 3,BAFFLE,LOOSE,,PREPPED AREA & APPLIED SEALANT.,,,SEALANT,PREPPED & APPLIED,
100195,ENGINE BAFFLE BUTTONS WORN.,OK,ENGINE,BAFFLE BUTTONS,WORN,,REMOVED & REPLACED ENGINE BAFFLE BUTTONS ON L/H & R/H.,,,ENGINE BAFFLE BUTTONS,REMOVED & REPLACED,
100196,MISSING SCREW ON #3 ROCKER COVER.,OK,#3,ROCKER COVER SCREW,MISSING,,INSTALLED NEW SCREW.,,NEW,SCREW,INSTALLED,
100197,#2 & 4 INTAKES ARE LEAKING.,OK,#2 & 4,INTAKES,LEAKING,,REMOVED & REPLACED INTAKE GASKETS.,,,INTAKE GASKETS,REMOVED & REPLACED,
100198,#2 ROCKER COVER GASKET LEAKING.,OK,#2,ROCKER COVER GASKET,LEAKING,,REMOVED & REPLACED ROCKER COVER GASKET.,,,ROCKER COVER GASKET,REMOVED & REPLACED,
100199,ENGINE RUNS ROUGH AFTER START. ENGINE SHUT DOWN WHEN POWER T,OK,ENGINE,,ROUGH,,"STARTED A/C, VERIFIED ENGINE RUNS VERY ROUGH. #3 EXHAUST GAS TEMPERATURE WA",,,"A/C, ENGINE","STARTED, VERIFIED",
100200,ENGINE RUNS ROUGH AFTER START. ENGINE SHUT DOWN WHEN POWER T,OK,ENGINE,,ROUGH,,PERFORMED SI 388C ON ALL 4 CYLINDERS. REAMED EXHAUST VA,,,"CYLINDER, EXHAUST VA","PERFORMED, REAMED",
100201,"LACING CORD LOOSE ON SCAT TUBING + IGNITION LEAD TO FRAME, R/H SI",OK,R/H,LACING CORD,LOOSE,,REPLACED BOTH LACINGS.,,,LACINGS,REPLACED,
100202,ALL ROCKER COVER SCREWS ARE LOOSE ON L/H ENGINE.,OK,ALL ON L/H ENGINE,ROCKER COVER SCREWS,LOOSE,,TIGHTENED ALL SCREWS.,,,SCREW,TIGHTENED,
100203,#2 INTAKE LEAKING ON R/H ENGINE.,OK,#2 ON R/H ENGINE,INTAKE,LEAKING,,REMOVED & REPLACED #2 INTAKE GASKET ON R/H ENGINE.,,,INTAKE GASKET,REMOVED & REPLACED,
100204,"INTAKES 2, # & 4 LEAKING ON L/H ENGINE.",OK,"2, # & 4 ON L/H ENGINE",INTAKES,LEAKING,,"REMOVED & REPLACED INTAKE GASKET 2, 3 & 4 ON L/H ENGINE",,,INTAKE GASKET,REMOVED & REPLACED,
100205,ROCKER COVERS 2 & 4 LEAKING ON R/H ENGINE.,OK,2 & 4 ON R/H ENGINE,ROCKER COVERS,LEAKING,,REMOVED & REPLACED #2 & 4 ROCKER COVER GASKETS ON R/H E,,,ROCKER COVER GASKET,REMOVED & REPLACED,
100206,"ON RIGHT ENGINE START, ENGINE RAN VERY ROUGH.",OK,RIGHT ENGINE,,ROUGH,,"REMOVED & REPLACED #3 CYLINDER ASSY. REEMED 1, 2, 4 EXHAUST",,,"CYLINDER ASSEMBLY, EXHAUST","REMOVED & REPLACED , REEMED",
100207,"ON RIGHT ENGINE START, ENGINE RAN VERY ROUGH.",OK,RIGHT ENGINE,,ROUGH,,"RAN ENGINE, #3 CYLINDER NO EGT. PULLED PROP THROUGH 4 COMPRE",,,"ENGINE, PROP",RAN & PULLED,
100208,#2 INTAKE IS LEAKING.,OK,#2,INTAKE,LEAKING,,REMOVED & REPLACED INTAKE GASKETS.,,,INTAKE GASKETS,REMOVED & REPLACED,
100209,CYLINDER #2 INTAKE GASKET IS LEAKING.,OK,CYLINDER #2,INTAKE GASKET,LEAKING,,REMOVED & REPLACED CYLINDER #2 INTAKE GASKET.,,,INTAKE GASKET,REMOVED & REPLACED,
100210,CYLINDER #2 & 3 ROCKER COVERS LEAKING.,OK,CYLINDER #2 & 3,ROCKER COVERS,LEAKING,,REMOVED & REPLACED CYLINDER #2 & 3 ROCKER COVER GASKETS.,,,ROCKER COVER GASKETS,REMOVED & REPLACED,
100211,CYLINDER #3 AFT BAFFLE I/B SCREW BRACKET RIVETS ARE SHEARED OFF.,OK,CYLINDER #3 AFT,BAFFLE I/B SCREW BRACKET RIVETS,SHEARED,,"REMOVED CYLINDER #3 AFT BAFFLE, REPLACED BROKEN FASTENERS &",,,"BAFFLE, BROKEN FASTENER",REMOVED & REPLACED,
100212,#3 ROCKER COVER LEAKING.,OK,#3,ROCKER COVER,LEAKING,,REMOVED & REPLACED ROCKER COVER WITH NEW.,,NEW,ROCKER COVER,REMOVED & REPLACED,
100213,#2 & 4 ROCKER COVER GASKETS LEAKING.,OK,#2 & 4,ROCKER COVER GASKETS,LEAKING,,REMOVED & REPLACED GASKETS.,,,GASKETS,REMOVED & REPLACED,
100214,R/H ENGINE #2 INTAKE IS LEAKING.,OK,R/H ENGINE #2,INTAKE,LEAKING,,REMOVED & REPLACED GASKET.,,,GASKET,REMOVED & REPLACED,
100215,L/H ENGINE #4 ROCKER COVER GASKET LEAKING.,OK,L/H ENGINE #4,ROCKER COVER GASKET,LEAKING,,REMOVED & REPLACED GASKET.,,,GASKET,REMOVED & REPLACED,
100216,"R/H ENGINE, ALL 4 ROCKER COVER GASKETS SEEPING.",OK,"R/H ENGINE, ALL 4",ROCKER COVER GASKETS,SEEPING,,REMOVED & REPLACED ALL GASKETS.,,,GASKETS,REMOVED & REPLACED,
100217,R/H REAR ENGINE BAFFLE SCREW MISSING.,OK,R/H REAR ENGINE,BAFFLE SCREW,MISSING,,INSTALLED NEW SCREW.,,NEW,SCREW,INSTALLED,
100218,ROCKER BOX COVER SCREWS LOOSE (ALL CYLINDERS).,OK,ALL CYLINDERS,ROCKER BOX COVER SCREWS,LOOSE,,RETORQUED SCREWS.,,,SCREW,RETORQUED,
100219,INDUCTION TUBE HOSE CLAMPS LOOSE (ALL CYLINDERS).,OK,ALL CYLINDERS,INDUCTION TUBE HOSE CLAMPS,LOOSE,,TIGHTENED HOSE CLAMPS.,,,HOSE CLAMP,TIGHTENED,
100220,#2 INTAKE LEAKING.,OK,#2,INTAKE,LEAKING,,REMOVED & REPLACED #2 INTAKE GASKET.,,,INTAKE GASKET,REMOVED & REPLACED,
100221,#4 ROCKER COVER IS LEAKING.,OK,#4,ROCKER COVER,LEAKING,,REMOVED & REPLACED ROCKER COVER GASKET.,,,ROCKER COVER GASKET,REMOVED & REPLACED,
100222,INDUCTION TUBE HOSE CLAMPS LOOSE (ALL CYLINDER).,OK,ALL CYLINDER,INDUCTION TUBE HOSE CLAMPS,LOOSE,,TIGHTENED HOSE CLAMPS.,,,HOSE CLAMP,TIGHTENED,
100223,#2 & 4 ROCKER BOX COVER SCREWS LOOSE.,OK,#2 & 4,ROCKER BOX COVER SCREWS,LOOSE,,RETORQUED #2 & 4 ROCKER BOX COVER SCREWS.,,,SCREW,RETORQUED,
100224,L/H ENGINE #1 INTAKE LEAKING.,OK,L/H ENGINE #1,INTAKE,LEAKING,,REMOVED & REPLACED L/H #1 INTAKE GASKET.,,,INTAKE GASKET,REMOVED & REPLACED,
100225,R/H ENGINE #2 & 1 INTAKE LEAKING.,OK,R/H ENGINE #2 & 1,INTAKE,LEAKING,,REMOVED & REPLACED R/H ENGINE INTAKE GASKETS 1 & 2.,,,INTAKE GASKET,REMOVED & REPLACED,
100226,R/H FORWARD UPPER BAFFLE SEAL IS LOOSE.,OK,R/H FORWARD UPPER,BAFFLE SEAL,LOOSE,,REPLACED BAFFLE SEAL.,,,BAFFLE SEAL,REPLACED,
100227,#4 ROCKER COVER IS LEAKING.,OK,#4,ROCKER COVER,LEAKING,,REMOVED & REPLACED GASKET.,,,GASKET,REMOVED & REPLACED,
100228,ROCKER BOX COVER SCREWS LOOSE.,OK,,ROCKER BOX COVER SCREWS,LOOSE,,RETORQUE ROCKER BOX COVER SCREWS.,,,SCREW,RETORQUE,
100229,#4 ROCKER GASKET LEAKING.,OK,#4,ROCKER GASKET,LEAKING,,REPLACED ROCKER GASKET.,,,ROCKER GASKET,REPLACED,
100230,#2 ROCKER COVER IS LEAKING.,OK,#2,ROCKER COVER,LEAKING,,REMOVED & REPLACED ROCKER COVER GASKET.,,,ROCKER COVER GASKET,REMOVED & REPLACED,
100231,#4 CYLINDER HAS NO COMPRESSION.,OK,#4 CYLINDER,,COMPRESSION,,"INSTALLED NEW GASKET, LEAK CHECK GOOD.",,NEW,"GASKET, LEAK","INSTALLED , CHECK",
100232,#4 CYLINDER HAS NO COMPRESSION.,OK,#4 CYLINDER,,COMPRESSION,,"INSPECTED VALVES, FOUND NO DEFECTS. RAN A/C & RECHECKED",,,"VALVE , A/C",INSPECTED & RAN & RECHECKED,
100233,SCREW MISSING ON #3 BAFFLE.,OK,#3,BAFFLE SCREW,MISSING,,REPLACED SCREW.,,,SCREW,REPLACED,
100234,#2 ROCKER COVER IS LEAKING.,OK,#2,ROCKER COVER,LEAKING,,REPLACED GASKET.,,,GASKET,REPLACED,
100235,INDUCTION TUBE HOSE CLAMPS LOOSE.,OK,,INDUCTION TUBE HOSE CLAMPS,LOOSE,,TIGHTENED HOSE CLAMPS.,,,HOSE CLAMP,TIGHTENED,
100236,R/H ENGINE CYLINDER #3 INTAKE IS LEAKING.,OK,R/H ENGINE CYLINDER #3,INTAKE,LEAKING,,REPLACED INTAKE GASKET.,,,INTAKE GASKET,REPLACED,
100237,L/H ENGINE #4 INDUCTION TUBE GASKET LEAKING.,OK,L/H ENGINE #4,INDUCTION TUBE GASKET,LEAKING,,REPLACED INTAKE GASKET.,,,INTAKE GASKET,REPLACED,
100238,L/H ENGINE CYLINDER #1 FORWARD BAFFLE SEAL IS LOOSE.,OK,L/H ENGINE CYLINDER #1,BAFFLE SEAL,LOOSE,,RESECURED #1 FORWARD BAFFLE SEAL.,,,BAFFLE SEAL,RESECURED,
100239,"L/H ENGINE #1, 2 & 3 ROCKER BOX COVERS LEAKING.",OK,"L/H ENGINE #1, 2 & 3",ROCKER BOX COVERS,LEAKING,,REPLACED ROCKER COVER GASKETS.,,,ROCKER COVER GASKETS,REPLACED,
100240,R/H ENGINE #2 INTAKE TUBE GASKET IS LEAKING.,OK,R/H ENGINE #2,INTAKE TUBE GASKET,LEAKING,,INSTALLED NEW #2 INTAKE TUBE GASKET.,,NEW,INTAKE TUBE GASKET,INSTALLED,
100241,R/H ENGINE ALL ROCKER COVER GASKETS LEAKING.,OK,R/H ENGINE ALL,ROCKER COVER GASKETS,LEAKING,,INSTALLED NEW R/H ENGINE ROCKER BOX COVER GASKETS.,,NEW,ROCKER BOX COVER GASKET,INSTALLED,
100242,AFT BAFFLE BRACKET RIVETS SHEARED.,OK,AFT,BAFFLE BRACKET RIVETS,SHEARED,,RESECURED BAFFLE BRACKET.,,,BAFFLE BRACKET,RESECURED,
100243,#3 AFT BAFFLE IS WORN THROUGH AT I/B CYLINDER WRAP.,OK,#3 AFT,BAFFLE,WORN,,REMOVED WORN PIECE. FABRICATED REPLACEMENT FROM LIKE MA,,LIKE MA,WORN PIECE,REMOVED & FABRICATED,
100244,FRONT R/H BAFFLE SIDE HAS A CRACK BY SCREW.,OK,FRONT R/H,BAFFLE,CRACKED,,STOP DRILLED CRACK.,,,DRILLED CRACK,STOP,
100245,FRONT R/H BAFFLE WORN THROUGH FROM MUFFLER SHROUD.,OK,FRONT R/H,BAFFLE,WORN,,REMOVED BAFFLE.,,,BAFFLE,REMOVED,
100246,FRONT R/H BAFFLE WORN THROUGH FROM MUFFLER SHROUD.,OK,FRONT R/H,BAFFLE,WORN,,FABRICATED PATCH WITH LIKE MATERIALS. RIVETED IAW,,LIKE MATERIALS,PATCH,"FABRICATED , RIVETED",
100247,"#2, 3 & 4 ROCKER GASKETS LEAKING.",OK,"#2, 3 & 4",ROCKER GASKETS,LEAKING,,"REPLACED #2, 3 & 4 ROCKER GASKETS. LEAK CHECK GOOD.",,,"ROCKER GASKET, LEAK",REPLACED & CHECK,
100248,#3 AFT BAFFLE CRACKED IN SEVERAL PLACES.,OK,#3 AFT,BAFFLE,CRACKED,,INSTALLED NEW BAFFLE.,,NEW,BAFFLE,INSTALLED,
100249,#3 AFT BAFFLE CRACKED IN SEVERAL PLACES.,OK,#3 AFT,BAFFLE,CRACKED,,REMOVED R/H REAR BAFFLE.,,,BAFFLE,REMOVED,
100250,SCREW MISSING IN #4 ROCKER COVER.,OK,#4,ROCKER COVER SCREW,MISSING,,INSTALLED & TORQUED NEW SCREW IN #4 ROCKER BOX COVER. R,,NEW,ROCKER BOX COVER SCREW,INSTALLED & TORQUED,
100251,#2 INTAKE IS LEAKING.,OK,#2,INTAKE,LEAKING,,REPLACED GASKET.,,,GASKET,REPLACED,
100252,BRACKET SECURING OIL LINE TO #2 CYLINDER BROKEN.,OK,#2 CYLINDER,BRACKET SECURING OIL LINE,BROKEN,,REMOVED & REPLACED BRACKET.,,,BRACKET,REMOVED & REPLACED,
100253,REMOVE ENGINE TO FACILITATE FIREWALL REPAIR.,DIFFICULT,,,,,REMOVED ENGINE TO FACILITATE REPAIR BY ODEGAARD WINGS.,,,ENGINE,REMOVED,
100254,REMOVE ENGINE TO FACILITATE FIREWALL REPAIR.,DIFFICULT,,,,,REINSTALLED ENGINE IAW MAINTENANCE MAN,,,ENGINE,INSTALLED,
100255,#2 ROCKER COVER GASKET LEAKING.,OK,#2,ROCKER COVER GASKET,LEAKING,,REMOVED & REPLACED #2 ROCKER COVER GASKET.,,,ROCKER COVER GASKET,REMOVED & REPLACED,
100256,#2 & 4 ROCKER COVERS ARE LEAKING.,OK,#2 & 4,ROCKER COVERS,LEAKING,,REMOVED & REPLACED GASKETS.,,,GASKETS,REMOVED & REPLACED,
100257,"DOING MAX PERFORM T/O @ 3200, MP WON'T GO ANY HIGHER THAN 24",OK,,MP,WON'T GO ANY HIGHER,,REQUIRES MX FLIGHT TO VERIFY DISCREPANCY,,,MX FLIGHT,REQUIRES,
100258,"ROCKER COVER GASKETS 1, 3 & 4 LEAKING.",OK,"1, 3 & 4",ROCKER COVER GASKETS,LEAKING,,"REMOVED & REPLACED ROCKER COVER GASKETS 1, 3 & 4.",,,ROCKER COVER GASKETS,REMOVED & REPLACED,
100259,#2 & 4 CYLINDER ROCKER COVER GASKETS LEAKING.,OK,#2 & 4 CYLINDER,ROCKER COVER GASKETS,LEAKING,,REMOVED & REPLACED #2 & 4 GASKETS.,,,GASKETS,REMOVED & REPLACED,
100260,"#1, 2 & 3 ROCKER BOX COVER SCREWS LOOSE.",OK,"#1, 2 & 3",ROCKER BOX COVER SCREWS,LOOSE,,TIGHTENED SCREWS.,,,SCREW,TIGHTENED,
100261,#1 & 3 ROCKER COVERS LEAKING.,OK,#1 & 3,ROCKER COVERS,LEAKING,,REMOVED & REPLACED #1 & 3 ROCKER COVER GASKETS.,,,ROCKER COVER GASKETS,REMOVED & REPLACED,
100262,ROCKER BOX COVER SCREWS LOOSE (ALL CYLINDER).,OK,ALL CYLINDER,ROCKER BOX COVER SCREWS,LOOSE,,TIGHTENED SCREWS.,,,SCREW,TIGHTENED,
100263,INDUCTION TUBE HOSE CLAMPS LOOSE (ALL CYLINDER).,OK,ALL CYLINDER,INDUCTION TUBE HOSE CLAMPS,LOOSE,,TIGHTENED HOSE CLAMPS.,,,HOSE CLAMP,TIGHTENED,
100264,#3 INTAKE LEAKING AT CLAMP.,OK,#3,INTAKE,LEAKING,,READJUSTED & TIGHTENED CLAMP.,,,CLAMP,READJUSTED &TIGHTENED,
100265,#2 INTAKE GASKET LEAKING.,OK,#2,INTAKE GASKET,LEAKING,,REMOVED & REPLACED INTAKE GASKET WITH NEW.,,NEW,INTAKE GASKET,REMOVED & REPLACED,
100266,"RIVET PULLED THROUGH BAFFLE SEAL, #1 CYL.",OK,#1 CYLINDER,BAFFLE SEAL,PULLED,,REMOVED OLD RIVET & INSTALLED NEW RIVET.,,NEW,RIVET,REMOVED & INSTALLED,
100267,#3 ROCKER COVER LEAKING.,OK,#3,ROCKER COVER,LEAKING,,REMOVED & REPLACED GASKET.,,,GASKET,REMOVED & REPLACED,
100268,L/H ENGINE I/B BAFFLE INTERCONNECT ROD BROKEN.,OK,L/H ENGINE,I/B BAFFLE INTERCONNECT ROD,BROKEN,,REMOVED & REPLACED BAFFLE INTERCONNECT ROD.,,,BAFFLE INTERCONNECT ROD,REMOVED & REPLACED,
100269,#2 INDUCTION TUBE HOSE CLAMP BROKEN.,OK,#2,INDUCTION TUBE HOSE CLAMP,BROKEN,,INSTALLED NEW HOSE CLAMP.,,NEW,HOSE CLAMP,INSTALLED,
100270,"#1, 2, 3 CYLINDER INTAKE GASKETS LEAKING.",OK,"#1, 2, 3 CYLINDER",INTAKE GASKETS,LEAKING,,INSTALLED NEW INTAKE GASKETS.,,NEW,INTAKE GASKETS,INSTALLED,
100271,#4 ROCKER COVER IS LEAKING.,OK,#4,ROCKER COVER,LEAKING,,REMOVED & REPLACED #4 ROCKER COVER GASKET.,,,ROCKER COVER GASKET,REMOVED & REPLACED,
100272,AFT R/H BAFFLE HAS MISSING RIVET.,OK,R/H AFT,BAFFLE RIVET,MISSING,,REMOVED & REPLACED RIVET.,,,RIVET,REMOVED & REPLACED,
100273,#2 & 4 ROCKER COVERS LEAKING.,OK,#2 & 4,ROCKER COVERS,LEAKING,,REMOVED & REPLACED #2 & 4 ROCKER COVER GASKETS.,,,ROCKER COVER GASKETS,REMOVED & REPLACED,
100274,RING GEAR HAS TOO MANY DAMAGED TEETH.,OK,,RING GEAR,DAMAGED,,REMOVED PROP & INSTALLED SERVICEABLE RING GEAR ASSY. IN,,,"PROP , SERVICEABLE RING GEAR ASSEMBLY","REMOVED , INSTALLED",
100275,#3 CYLINDER OIL RETURN LINE BEEN CHAFING ON WIRE BUNDLE.,OK,#3 CYLINDER,OIL RETURN LINE,CHAFING,,LEAK CHECK GOOD.,,,LEAK,CHECK,
100276,#3 CYLINDER OIL RETURN LINE BEEN CHAFING ON WIRE BUNDLE.,OK,#3 CYLINDER,OIL RETURN LINE,CHAFING,,REMOVED & REPLACED OIL RETURN LINE.,,,OIL RETURN LINE,REMOVED & REPLACED,
100277,R/H SIDE BACK BAFFLE IS CRACKED & BRACKET RIVETS BROKEN.,OK,R/H SIDE BACK,BAFFLE,BROKEN,,REMOVED R/H SIDE BAFFLE OFF ENGINE.,,,BAFFLE,REMOVED,
100278,R/H SIDE BACK BAFFLE IS CRACKED & BRACKET RIVETS BROKEN.,OK,R/H SIDE BACK,BAFFLE,BROKEN,,REPLACED BAFFLE WITH SERVICEABLE BAFFLE.,,WITH SERVICEABLE BAFFLE,BAFFLE,REPLACED,
100279,#1 ROCKER COVER LEAKING.,OK,#1,ROCKER COVER,LEAKING,,REMOVED & REPLACED ROCKER COVER GASKET.,,,ROCKER COVER GASKET,REMOVED & REPLACED,
100280,R/H ENGINE CYLINDER #3 AFT BAFFLE IS CRACKED.,OK,CYLINDER #3 AFT,BAFFLE,CRACKED,,STOP DRILLED CRACK IN R/H ENGINE #3 AFT BAFFLE.,,,DRILLED CRACK,STOP,
100281,L/H ENGINE CYLINDER #4 AFT BAFFLE STIFFENER IS CRACKED.,OK,CYLINDER #4,BAFFLE STIFFENER,CRACKED,,REMOVED & REPLACED CRACKED STIFFENER.,,,STIFFENER,REMOVED & REPLACED,
100282,CYLINDER #2 & 3 INTAKES ARE LEAKING.,OK,CYLINDER #2 & 3,INTAKES,LEAKING,,REMOVED & REPLACED CYLINDER #2 & 3 INTAKE GASKETS.,,,INTAKE GASKETS,REMOVED & REPLACED,
100283,R/H FORWARD UPPER BAFFLE SEAL NEEDS TO BE RESECURED.,OK,R/H,BAFFLE SEAL,NEED PROBLEM,,INSTALLED POP RIVET TO RESECURE R/H FORWARD BAFFLE SEAL.,,,POP RIVET,INSTALLED,
100284,#1 INTAKE IS LEAKING.,OK,#1,INTAKE,LEAKING,,REMOVED & REPLACED #1 INTAKE GASKET.,,,INTAKE GASKET,REMOVED & REPLACED,
100285,ROCKER COVERS 2 & 3 LEAKING.,OK,2 & 3,ROCKER COVERS,LEAKING,,REMOVED & REPLACED ROCKER COVER GASKETS 2 & 3.,,,ROCKER COVER GASKETS,REMOVED & REPLACED,
100286,#2 INDUCTION TUBE GASKET LEAKING.,OK,#2,INDUCTION TUBE GASKET,LEAKING,,INSTALLED NEW #2 INDUCTION TUBE GASKET.,,NEW,INDUCTION TUBE GASKET,INSTALLED,
100287,#2 & 3 ROCKER BOX COVER GASKETS LEAKING.,OK,2 & 3,ROCKER BOX COVER GASKETS,LEAKING,,INSTALLED NEW ROCKER BOX COVER GASKETS.,,NEW,ROCKER BOX COVER GASKETS,INSTALLED,
100288,"DURING ENTRY TO 180 DEGREE AUTO, WHEN COLLECTIVE LOWERED TO",DIFFICULT,,,,,"INSPECTED THROTTLE LINKAGE, COLLECTIVE LINKAGE, NO DISC",,,LINKAGE,INSPECTED,
100289,"CAP SCREW MISSING, L/H ENGINE #4 BAFFLE.",OK,L/H ENGINE #4,BAFFLE CAP CREW,MISSING,,INSTALLED NEW SCREW.,,NEW,SCREW,INSTALLED,
100290,#4 ROCKER COVER LEAKING.,OK,#4,ROCKER COVER,LEAKING,,REMOVED & REPLACED #4 ROCKER COVER GASKET.,,,ROCKER COVER GASKET,REMOVED & REPLACED,
100291,ALL ROCKER COVERS HAVE LOOSE SCREWS.,OK,ALL,ROCKER COVERS SCREWS,LOOSE,,TIGHTENED ALL COVERS.,,,COVER,TIGHTENED,
100292,R/H ENGINE #3 INTAKE LEAKING.,OK,R/H ENGINE #3,INTAKE,LEAKING,,REMOVED & REPLACED #3 INTAKE GASKET WITH NEW.,,NEW,INTAKE GASKET,REMOVED & REPLACED,
100293,HARDWARE MISSING ON R/H ENGINE #4 ROCKER COVER.,OK,R/H ENGINE #4,ROCKER COVER HARDWARE,MISSING,,INSTALLED NEW SCREW INTO #4 ROCKER COVER.,,NEW,ROCKER COVER,INSTALLED,
100294,#4 INTAKE GASKET LEAKING.,OK,#4,INTAKE GASKET,LEAKING,,REPLACED GASKET.,,,GASKET,REPLACED,
100295,RIGHT ENGINE #2 ROCKER COVER LEAKING.,OK,RIGHT ENGINE #2,ROCKER COVER,LEAKING,,REMOVED & REPLACED #2 ROCKER COVER.,,,ROCKER COVER,REMOVED & REPLACED,
100296,#1 & 3 ROCKER BOX COVER SCREWS LOOSE.,OK,#1 & 3,ROCKER BOX COVER SCREWS,LOOSE,,TIGHTENED SCREWS.,,,SCREW,TIGHTENED,
100297,#2 & 4 INDUCTION TUBE GASKETS LEAKING.,OK,#2 & 4,INDUCTION TUBE GASKETS,LEAKING,,INSTALLED NEW #2 & 4 INDUCTION TUBE GASKETS.,,NEW,INDUCTION TUBE GASKETS,INSTALLED,
100298,ALL SCREWS FOR ROCKER COVERS ARE LOOSE.,OK,ALL,ROCKER COVERS SCREWS,LOOSE,,TIGHTENED ALL SCREWS.,,,SCREW,TIGHTENED,
100299,#1 & 4 INTAKES LEAKING.,OK,#1 & 4,INTAKES,LEAKING,,REMOVED & REPLACED INTAKE GASKETS 1 & 4.,,,INTAKE GASKET,REMOVED & REPLACED,
100300,INDUCTION TUBE HOSE CLAMPS LOOSE (ALL CYLINDERS).,OK,ALL CYLINDERS,INDUCTION TUBE HOSE CLAMPS,LOOSE,,TIGHTENED HOSE CLAMPS.,,,HOSE CLAMP,TIGHTENED,
100301,R/H REAR BAFFLE MOUNTING SCREW LOOSE.,OK,R/H REAR,BAFFLE MOUNTING SCREW,LOOSE,,TIGHTENED R/H REAR BAFFLE MOUNTING SCREW.,,,BAFFLE MOUNTING SCREW.,TIGHTENED,
100302,L/H BAFFLE PLUG MISSING.,OK,L/H,BAFFLE PLUG,MISSING,,INSTALLED PATCH FABRICATED OUT OF LIKE MATERIAL. INSTAL,,LIKE MATERIAL,PATCH,INSTALLED,
100303,#3 INTAKE LEAKING.,OK,#3,INTAKE,LEAKING,,REMOVED & REPLACED #3 INTAKE GASKET.,,,INTAKE GASKET,REMOVED & REPLACED,
100304,ENGINE INSPECTION PANEL MISSING SCREW,OK,ENGINE,PANEL SCREW,MISSING,,REINSTALLED SCREW,,,SCREW,REINSTALLED,
100305,#1 ROCKER COVER IS LEAKING.,OK,#1,ROCKER COVER,LEAKING,,REMOVED & REPLACED ROCKER COVER GASKET.,,,ROCKER COVER GASKET,REMOVED & REPLACED,
100306,CYLINDER #2 & 3 INTAKES ARE LEAKING.,OK,CYLINDER #2 & 3,INTAKES,LEAKING,,REPLACED CYLINDER #2 & 3 INTAKE GASKETS.,,,INTAKE GASKET,REPLACED,
100307,#2 INTAKE GASKET LEAKING.,OK,#2,INTAKE GASKET,LEAKING,,REMOVED & REPLACED INTAKE GASKET WITH NEW.,,NEW,INTAKE GASKET,REMOVED & REPLACED,
100308,"#2, 3 & 4 ROCKER BOX COVER SCREWS LOOSE.",OK,"#2, 3 & 4",ROCKER BOX COVER SCREWS,LOOSE,,TIGHTENED SCREWS.,,,SCREW,TIGHTENED,
100309,STARTER RING GEAR MISSING TEETH.,OK,,STARTER RING GEAR TEETH,MISSING,,REMOVED & REPLACED STARTER RING GEAR. RESAFETY WIRED PR,,,STARTER RING GEAR,REMOVED & REPLACED,
100310,#2 & 4 INTAKE GASKETS LEAKING.,OK,#2 & 4,INTAKE GASKETS,LEAKING,,REMOVED & REPLACED #2 & 4 INTAKE GASKETS WITH NEW.,,NEW,INTAKE GASKET,REMOVED & REPLACED,
100311,BOTH BAFFLE PLUGS WORN.,OK,BOTH,BAFFLE PLUGS,WORN,,REPLACED BOTH BAFFLE PLUGS.,,,BAFFLE PLUG,REPLACED,
100312,#1 ROCKER LEAKING.,OK,#1,ROCKER,LEAKING,,REMOVED & REPLACED #1 ROCKER COVER GASKET.,,,ROCKER COVER GASKET,REMOVED & REPLACED,
100313,R/H FORWARD BAFFLE MISSING SCREW.,OK,R/H FORWARD,BAFFLE SCREW,MISSING,,INSTALLED NEW SCREW.,,NEW,SCREW,INSTALLED,
100314,OIL PSI SWITCH WIRING GROMMET IS MISSING.,OK,,OIL PSI SWITCH WIRING GROMMET,MISSING,,INSTALLED NEW GROMMET.,,NEW,GROMMET,INSTALLED,
100315,#4 INTAKE LEAKING.,OK,#4,INTAKE,LEAKING,,REPLACED GASKET.,,,GASKET,REPLACED,
100316,#2 ROCKER COVER LEAKING.,OK,#2,ROCKER COVER,LEAKING,,REMOVED & REPLACED #2 ROCKER COVER GASKET.,,,ROCKER COVER GASKET,REMOVED & REPLACED,
100317,ROCKER COVERS 2 & 3 LEAKING.,OK,2 & 3,ROCKER COVERS,LEAKING,,REMOVED & REPLACED #2 & 3 ROCKER COVER GASKETS.,,,ROCKER COVER GASKETS,REMOVED & REPLACED,
100318,BACK L/H TOP BAFFLE IS CRACKED.,OK,BACK L/H TOP,BAFFLE,CRACKED,,"FABRICATED PATCH, INSTALLED PATCH. RIVET IAW SRM",,,PATCH,"FABRICATED & INSTALLED , RIVETED",
100319,L/H FORWARD ENGINE BAFFLE CRACKED.,OK,L/H FORWARD ENGINE,BAFFLE,CRACKED,,"STOP DRILLED CRACK, FABRICATED PATCH. RIVETED IAW",,,"DRILLED CRACK, PATCH ","STOP , FABRICATED , RIVETED",
100320,L/H & R/H SPARK PLUG THROUGH HOLE PLUGS NEED TO BE REPLACED.,OK,L/H & R/H,SPARK PLUG THROUGH HOLE PLUGS,NEED PROBLEM,,INSTALLED NEW ENGINE BAFFLE BUTTON PLUGS.,,NEW,BAFFLE BUTTON PLUG,INSTALLED,
100321,#2 ROCKER COVER LEAKING.,OK,#2,ROCKER COVER,LEAKING,,REMOVED & REPLACED #2 ROCKER COVER GASKET.,,,ROCKER COVER GASKET,REMOVED & REPLACED,
100322,L/H FORWARD ENGINE BAFFLE BLAST TUBE BLOCKED,OK,L/H FORWARD,BAFFLE BLAST TUBE,BLOCKED,,REMOVED BLOCKAGE,,,BLOCKAGE,REMOVED,
100323,R/H ENGINE 2 & 3 INTAKES LEAKING.,OK,2 & 3,INTAKES,LEAKING,,REPLACED #2 & 3 INTAKE GASKETS.,,,INTAKE GASKET,REPLACED,
100324,#3 ROCKER COVER LEAKING ON R/H ENGINE.,OK,#3 ON R/H ENGINE,ROCKER COVER,LEAKING,,REPLACED #3 ROCKER COVER GASKET.,,,ROCKER COVER GASKET,REPLACED,
100325,"L/H ENGINE INTAKES 1, 2 & 4 LEAKING.",OK,"L/H ENGINE 1, 2 & 4",INTAKES,LEAKING,,"REMOVED & REPLACED 1, 2 & 4 INTAKE GASKETS WITH NEW.",,NEW,INTAKE GASKET,REMOVED & REPLACED,
100326,#2 INTAKE IS LEAKING.,OK,#2,INTAKE,LEAKING,,REMOVED & REPLACED INTAKE GASKET.,,,INTAKE GASKET,REMOVED & REPLACED,
100327,R/H BAFFLE PLUG NEEDS TO BE CHANGED.,OK,R/H,BAFFLE PLUG,NEED PROBLEM,,REMOVED & REPLACED BAFFLE PLUG.,,,BAFFLE PLUG,REMOVED & REPLACED,
100328,#3 INTAKE IS LEAKING.,OK,#3,INTAKE,LEAKING,,REMOVED & REPLACED #3 INTAKE GASKET.,,,INTAKE GASKET,REMOVED & REPLACED,
100329,L/H BOTTOM BAFFLE WIRE HOLDER IS BROKEN.,OK,L/H BOTTOM,BAFFLE WIRE HOLDER,BROKEN,,REMOVED & REPLACED LOWER L/H BAFFLE TIE ROD.,,,BAFFLE TIE ROD,REMOVED & REPLACED,
100330,#4 CYLINDER INTAKE GASKET LEAKING.,OK,#4 CYLINDER,INTAKE GASKET,LEAKING,,REMOVED & REPLACED INTAKE GASKET.,,,INTAKE GASKET,REMOVED & REPLACED,
100331,SPARK PLUG BAFFLE PLUG IS WORN.,OK,,SPARK PLUG BAFFLE PLUG,WORN,,INSTALLED NEW BAFFLE PLUG.,,NEW,BAFFLE PLUG,INSTALLED,
100332,#2 INTAKE IS LEAKING.,OK,#2,INTAKE,LEAKING,,REMOVED & REPLACED INTAKE GASKET. CLEANED FUEL STAINS I,,,"INTAKE GASKET, FUEL STAINS","REMOVED & REPLACED, CLEANED",
100333,#3 ROCKER COVER GASKET LEAKING.,OK,#3,ROCKER COVER GASKET,LEAKING,,REMOVED & REPLACED GASKET.,,,GASKET,REMOVED & REPLACED,
100334,#2 ROCKER COVER GASKET LEAKING.,OK,#2,ROCKER COVER GASKET,LEAKING,,REMOVED & REPLACED #2 ROCKER COVER GASKET.,,,ROCKER COVER GASKET,REMOVED & REPLACED,
100335,"#2 CYL, LEFT ENGINE INTAKE IS LEAKING.",OK,"#2 CYL, LEFT ENGINE",INTAKE,LEAKING,,REMOVED & REPLACED #2 INTAKE GASKET.,,,INTAKE GASKET,REMOVED & REPLACED,
100336,R/H ENGINE #4 CYLINDER INTAKE GASKET IS LEAKING.,OK,R/H ENGINE #4 CYLINDER,INTAKE GASKET,LEAKING,,REPLACED GASKET.,,,GASKET,REPLACED,
100337,R/H ENGINE #1 CYLINDER SIDE BAFFLE SEAL IS TORN.,OK,R/H ENGINE #1 CYLINDER,BAFFLE SEAL,TORN,,REMOVED & REPLACED SEAL.,,,SEAL,REMOVED & REPLACED,
100338,R/H ENGINE #3 CYLINDER AFT BAFFLE SEAL IS OUT OF PLACE.,OK,R/H ENGINE #3 CYLINDER AFT,BAFFLE SEAL,OUT OF PLACE,,RESECURED BAFFLE SEAL.,,,BAFFLE SEAL,RESECURED,
100339,L/H SIDE BAFFLE CRACKED.,OK,L/H SIDE,BAFFLE,CRACKED,,"PATCHED WITH LIKE MATERIAL. RIVETING IAW , CHANNEL",,IKE MATERIAL,,"PATCHED , RIVETED",
100340,L/H DEFLECTOR BAFFLE IS CRACKED.,OK,L/H,DEFLECTOR BAFFLE,CRACKED,,"PATCHED WITH LIKE MATERIAL. RIVETING IAW , CHANNEL",,IKE MATERIAL,,"PATCHED , RIVETED",
100341,#2 & 4 ROCKER COVERS ARE LEAKING.,OK,#2 & 4,ROCKER COVERS,LEAKING,,REPLACED ROCKER COVER GASKETS.,,,ROCKER COVER GASKETS,REPLACED,
100342,ENGINE BAFFLE BUTTONS WORN.,OK,ENGINE,BAFFLE BUTTONS,WORN,,REMOVED OLD BAFFLE BUTTONS & INSTALLED NEW ONES ON L/H,,NEW,BAFFLE BUTTONS,REMOVED & INSTALLED,
100343,#4 INTAKE GASKET IS LEAKING.,OK,#4,INTAKE GASKET,LEAKING,,REPLACED GASKET.,,,GASKET,REPLACED,
100344,LOWER RIGHT BAFFLE SPRING IS BROKEN.,OK,LOWER RIGHT,BAFFLE SPRING,BROKEN,,REPLACED WITH NEW BAFFLE SPRING.,,NEW,BAFFLE SPRING,REPLACED,
100345,R/H BACK BAFFLE BRACKET SCREWS ARE LOOSE.,OK,R/H BACK,BAFFLE BRACKET SCREWS,LOOSE,,"REMOVED BAFFLE, INSTALLED NEW BRACKET SCREWS & REINSTAL",,NEW,"BAFFLE, BRACKET SCREW",REMOVED & INSTALLED,
100346,BOTH BAFFLE PLUGS BAD.,OK,BOTH,BAFFLE PLUGS,BAD,,REMOVED & REPLACED BOTH BAFFLE PLUGS.,,,BAFFLE PLUG,REMOVED & REPLACED,
100347,#2 ROCKER COVER LEAKING.,OK,#2,ROCKER COVER,LEAKING,,REMOVED & REPLACED #2 ROCKER COVER GASKET.,,,ROCKER COVER GASKET,REMOVED & REPLACED,
100348,#3 ROCKER COVER LEAKING.,OK,#3,ROCKER COVER,LEAKING,,REMOVED & REPLACED #3 ROCKER COVER GASKET.,,,ROCKER COVER GASKET,REMOVED & REPLACED,
100349,CYLINDER #3 BACK BAFFLE SCREW MISSING.,OK,CYLINDER #3 BACK,BAFFLE SCREW,MISSING,,INSTALLED CYLINDER #3 BACK BAFFLE SCREW.,,,BAFFLE SCREW,INSTALLED,
100350,SPIRAL WRAP ON ROCKER OIL RETURN LINES #1 & 3 REQUIRES REPLA,OK,#1 & 3,OIL RETURN LINES,REQUIRE PROBLEM,,REMOVED & REPLACED SPIRAL WRAP ON ROCKER RETURN LINES #,,,SPIRAL WRAP,REMOVED & REPLACED,
100351,L/H ENGINE ROCKER BOX COVER SCREWS LOOSE.,OK,L/H ENGINE,ROCKER BOX COVER SCREWS,LOOSE,,TIGHTENED DOWN SCREWS.,,,SCREW,TIGHTENED,
100352,R/H ENGINE ROCKER BOX COVER SCREWS LOOSE.,OK,R/H ENGINE,ROCKER BOX COVER SCREWS,LOOSE,,TIGHTENED DOWN SCREWS.,,,SCREW,TIGHTENED,
100353,R/H ENGINE #2 INTAKE GASKET LEAKS.,OK,R/H ENGINE #2,INTAKE GASKET,LEAKS,,REMOVED & REPLACED INTAKE GASKET.,,,INTAKE GASKET,REMOVED & REPLACED,
100354,#4 INDUCTION TUBE GASKET LEAKING.,OK,#4,INDUCTION TUBE GASKET,LEAKING,,REPLACED #4 INDUCTION TUBE GASKET.,,,INDUCTION TUBE GASKET,REPLACED,
100355,#2 & 4 ROCKER BOX COVER GASKETS LEAKING.,OK,#2 & 4,ROCKER BOX COVER GASKETS,LEAKING,,REPLACED #2 & 4 ROCKER COVER GASKETS,,,ROCKER COVER GASKETS,REPLACED,
100356,#1 INTAKE GASKET LEAKING.,OK,#1,INTAKE GASKET,LEAKING,,REMOVED & REPLACED #1 INTAKE GASKET WITH NEW.,,NEW,INTAKE GASKET,REMOVED & REPLACED,
100357,#4 ROCKER COVER LEAKING.,OK,#4,ROCKER COVER,LEAKING,,REMOVED & REPLACED #4 ROCKER COVER GASKET WITH NEW.,,NEW,ROCKER COVER GASKET,REMOVED & REPLACED,
100358,#1 INTAKE IS LEAKING.,OK,#1,INTAKE,LEAKING,,REMOVED & REPLACED INTAKE TUBE.,,,INTAKE TUBE,REMOVED & REPLACED,
100359,ENGINE BAFFLE PLUG MISSING.,OK,ENGINE,BAFFLE PLUG,MISSING,,INSTALLED NEW BAFFLE PLUG ON L/H SIDE OF ENGINE.,,NEW,BAFFLE PLUG,INSTALLED,
100360,CYLINDER #1 ROCKER COVER GASKET LEAKING.,OK,CYLINDER #1,ROCKER COVER GASKET,LEAKING,,REMOVED & REPLACED ROCKER COVER GASKET.,,,ROCKER COVER GASKET,REMOVED & REPLACED,
100361,#2 INTAKE IS LEAKING.,OK,#2,INTAKE,LEAKING,,REMOVED & REPLACED INTAKE GASKET.,,,INTAKE GASKET,REMOVED & REPLACED,
100362,CYLINDER #2 ROCKER COVER LEAKING.,OK,CYLINDER #2,ROCKER COVER,LEAKING,,REMOVED & REPLACED ROCKER COVER GASKET.,,,ROCKER COVER GASKET,REMOVED & REPLACED,
100363,R/H ENGINE #3 & 2 INTAKES LEAKING.,OK,R/H ENGINE #3 & 2,INTAKES,LEAKING,,REMOVED & REPLACED GASKET.,,,GASKET,REMOVED & REPLACED,
100364,R/H ENGINE #3 ROCKER COVER IS LEAKING.,OK,R/H ENGINE #3,ROCKER COVER,LEAKING,,REMOVED & REPLACED GASKET.,,,GASKET,REMOVED & REPLACED,
100365,#2 & 3 INTAKES ON L/H ENGINE ARE LEAKING.,OK,2 & 3 ON L/H ENGINE,INTAKES,LEAKING,,REPLACED #2 & 3 INTAKE GASKETS ON L/H ENGINE.,,,INTAKE GASKET,REPLACED,
100366,#2 CYLINDER INTAKE GASKET LEAKING.,OK,#2 CYLINDER,INTAKE GASKET,LEAKING,,REMOVED & REPLACED GASKET.,,,GASKET,REMOVED & REPLACED,
100367,#2 CYLINDER INNER INTAKE PUSH ROD SEAL LEAKING.,OK,#2 CYLINDER,INTAKE PUSH ROD SEAL,LEAKING,,REPLACED INNER & OUTER PUSH ROD TUBE SEALS & ROCKER COV,,,PUSH ROD TUBE SEAL & ROCKER COVER,REPLACED,
100368,#2 ROCKER COVER GASKET LEAKING.,OK,#2,ROCKER COVER GASKET,LEAKING,,REMOVED & REPLACED #2 ROCKER COVER GASKET.,,,ROCKER COVER GASKET,REMOVED & REPLACED,
100369,#3 ROCKER COVER GASKET LEAKING.,OK,#3,ROCKER COVER GASKET,LEAKING,,REMOVED & REPLACED #3 ROCKER COVER GASKET.,,,ROCKER COVER GASKET,REMOVED & REPLACED,
100370,FORWARD PUSH ROD SEAL LEAKING @ ENGINE ON #3 CYLINDER.,OK,FORWARD ON #3 CYLINDER,PUSH ROD SEAL,LEAKING,,REMOVED & REPLACED #3 CYLINDER FORWARD PUSH ROD TUBE SEALS.,,,PUSH ROD TUBE SEAL,REMOVED & REPLACED,
100371,CYLINDER #1 BAFFLE CRACKED AT SCREW SUPPORT & FORWARD BAFFLE BELOW #1,OK,CYLINDER #1,BAFFLE,CRACKED,,FABRICATED PATCHES OF LIKE MATERIAL & RIVETED IAW,,LIKE MATERIAL,PATCHES,FABRICATED & RIVETED,
100372,R/H BAFFLE SEAL LOOSE (FWD UPPER).,OK,R/H FORWARD UPPER,BAFFLE SEAL,LOOSE,,RESECURED BAFFLE SEAL.,,,BAFFLE SEAL,RESECURED,
100373,BAFFLE SEAL HAS HOLE IN IT.,OK,,BAFFLE SEAL,HOLE,,REPAIRED HOLE IN SEAL.,,,SEAL,REPAIRED,
100374,FRONT BAFFLE RUBBING ON MUFFLER.,OK,,BAFFLE,RUBBING,,APPLIED HIGH TEMPERATURE SEALANT TO SEPERATE & SECURE BAFFLE.,,,BAFFLE,APPLIED HIGH TEMPRATURESEALANT TO SEPERATE & SECURE,
100375,#2 INTAKE LEAKING.,OK,#2,INTAKE,LEAKING,,REPLACED GASKET.,,,GASKET,REPLACED,
100376,#3 CYLINDER HAS VALVE STICKING.,OK,#3 CYLINDER,VALVE,STICKING,,INSTALLED REMAINING ITEMS.,,,REMAINING ITEMS,INSTALLED,
100377,#3 CYLINDER HAS VALVE STICKING.,OK,#3 CYLINDER,VALVE,STICKING,,"REMOVED CYL, INSTALLED REPAIRED CYL, TWO -28 PUSH RODS",,REPAIRED,CYLINDER & PUSH RODS,REMOVED & INSTALLED,
100378,#4 CYLINDER INTAKE GASKET IS LEAKING.,OK,#4 CYLINDER,INTAKE GASKET,LEAKING,,REMOVED & REPLACED GASKET.,,,GASKET,REMOVED & REPLACED,
100379,#2 INTAKE IS LEAKING.,OK,#2,INTAKE,LEAKING,,REMOVED & REPLACED INTAKE GASKET.,,,INTAKE GASKET,REMOVED & REPLACED,
100380,"#2, 4 ROCKER COVER IS LEAKING.",OK,"#2, 4",ROCKER COVER,LEAKING,,REMOVED & REPLACED ROCKER COVER GASKETS.,,,ROCKER COVER GASKETS,REMOVED & REPLACED,
100381,#2 & 3 INTAKES ARE LEAKING.,OK,#2 & 3,INTAKES,LEAKING,,REMOVED & REPLACED GASKETS.,,,GASKETS,REMOVED & REPLACED,
100382,#3 CYLINDER AFT BAFFLE MISSING SCREW.,OK,#3 CYLINDER AFT,BAFFLE SCREW,MISSING,,INSTALLED NEW SCREW.,,NEW,SCREW,INSTALLED,
100383,#4 ROCKER COVER IS LEAKING.,OK,#4,ROCKER COVER,LEAKING,,REPLACED GASKET.,,,GASKET,REPLACED,
100384,"ENGINE ROUGH ON START, SUSPECT STUCK VALVE.",OK,ENGINE,,ROUGH,,"INSP'D, FOUND #3 CYLINDER EXHAUST VALVE STUCK OPEN, CONTACTE",,,EXHAUST VALVE,"INSPECTED , FOUND",#3 CYLINDER EXHAUST VALVE STUCK OPEN
100385,"ENGINE ROUGH ON START, SUSPECT STUCK VALVE.",OK,ENGINE,,ROUGH,,"TORQUED CYLINDER BASE, INSTALLED REMAINING LINES, TUBES, BAF",,,"CYLINDER BASE, REMAINING LINE &TUBES & BAF","TORQUED , INSTALLED",
100386,#3 FORWARD PUSH ROD TUBE LEAKING @ ENGINE.,OK,#3 FORWARD,PUSH ROD TUBE,LEAKING,,REMOVED & REPLACED #3 FORWARD PUSH ROD TUBE SEALS. LEAK CHE,,,"PUSH ROD TUBE SEAL, LEAK","REMOVED & REPLACED , CHE",
100387,CYLINDER #3 INTAKE TUBE LEAKING AT SUMP CONNECTOR HOSE.,OK,CYLINDER #3,INTAKE TUBE,LEAKING,,TIGHTENED CLAMPS.,,,CLAMP,TIGHTENED,
100388,CYLINDER #3 AFT BAFFLE MOUNT RIVETS ARE SHEARED.,OK,CYLINDER #3 AFT,BAFFLE MOUNT RIVETS,SHEARED,,"REMOVED BAFFLE, REPAIRED MOUNT & REINSTALLED.",,,"BAFFLE, MOUNT","REMOVED , REPAIRED & REINSTALLED",
100389,#2 CYLINDER BAFFLE SEAL NEEDS TO BE RESECURED.,OK,#2 CYLINDER,BAFFLE SEAL,UNSECURED,,RESECURED #2 BAFFLE SEAL.,,,BAFFLE SEAL,RESECURED,
100390,#3 INTAKE GASKET LEAKS.,OK,#3,INTAKE GASKET,LEAKS,,REPLACED GASKET.,,,GASKET,REPLACED,
100391,"SCREW MISSING FOR R/H SIDE OF BAFFLING, BEHIND DIPSTICK.",OK,"R/H SIDE, BEHIND DIPSTICK",BAFFLING SCREW,MISSING,,"REMOVED DIPSTICK, INSTALLED SCREW, INSTALLED & SAFETIED",,,"DIPSTICK, SCREW","REMOVED , INSTALLED & SAFETIED",
100392,R/H #4 SIDE BAFFLE MISSING BOLTS.,OK,R/H #4 SIDE,BAFFLE BOLTS,MISSING,,INSTALLED NEW BOLTS.,,NEW,BOLT,INSTALLED,
100393,LEFT ENGINE #3 DRAIN HOSE CLAMP AGAINST BAFFLE.,OK,LEFT ENGINE #3 DRAIN HOSE CLAMP,BAFFLE,AGAINST,,REPOSITIONED DRAIN TUBE CLAMPS TO CLEAR BAFFLE.,,,"DRAIN TUBE CLAMP, BAFFLE","REPOSITIONED, CLEAR",
100394,#4 INTAKE LEAKING.,OK,#4,INTAKE,LEAKING,,REMOVED & REPLACED #4 INTAKE GASKET.,,,INTAKE GASKET,REMOVED & REPLACED,
100395,#2 ROCKER COVER LEAKING.,OK,#2,ROCKER COVER,LEAKING,,REMOVED & REPLACED #2 ROCKER COVER GASKET.,,,ROCKER COVER GASKET,REMOVED & REPLACED,
100396,CYLINDER #2 & 4 INTAKES ARE LEAKING.,OK,CYLINDER #2 & 4,INTAKES,LEAKING,,REPLACED INTAKE GASKETS.,,,INTAKE GASKETS,REPLACED,
100397,CYLINDER #3 AFT BAFFLE MOUNT LOOSE.,OK,CYLINDER #3 AFT,BAFFLE MOUNT,LOOSE,,REMOVED BAFFLE & FOUND BAFFLE ALMOST WORN THROUGH AT AF,,,BAFFLE,"REMOVED , FOUND",BAFFLE ALMOST WORN THROUGH AT A
100398,#3 ROCKER COVER REQUIRES NEW GASKET.,OK,#3,ROCKER COVER,REQUIRE PROBLEM,,INSTALLED NEW GASKET.,,NEW,GASKET,INSTALLED,
100399,#4 INTAKE LEAKING.,OK,#4,INTAKE,LEAKING,,REMOVED & REPLACED GASKET.,,,GASKET,REMOVED & REPLACED,
100400,"SEVERE KNOCKING, VIBRATIONS ON START UP.",OK,,,"KNOCKING , VIBRATIONS",,"INSPECTED, COMPRESSIONS INDICATED NORMAL. REMOVED COWL,",,,"COMPRESSIONS , COWL","INSPECTED , REMOVED",
100401,#2 INTAKE LEAKING.,OK,#2,INTAKE,LEAKING,,REMOVED & REPLACED #2 INTAKE GASKET.,,,INTAKE GASKET,REMOVED & REPLACED,
100402,CYLINDER #2 & 4 INTAKES ARE LEAKING.,OK,CYLINDER #2 & 4,INTAKES,LEAKING,,REPLACED INTAKE GASKETS.,,,INTAKE GASKETS,REPLACED,
100403,OIL RETURN LINE CLAMPS LOOSE.,OK,,OIL RETURN LINE CLAMPS,LOOSE,,TIGHTENED OIL RETURN LINE CLAMPS.,,,OIL RETURN LINE CLAMP,TIGHTENED,
100404,"LOOSE CABLE SAFETY BAFFLE BOLTS, CYLINDER #2.",OK,CYLINDER #2,CABLE SAFETY BAFFLE BOLTS,LOOSE,,TIGHTENED & RESECURED.,,,,TIGHTENED & RESECURED,
100405,#1 & 3 CYLINDER FUEL INJ LINES STANDOFF LOOSE BY OIL FILLER TUBE.,OK,#1 & 3 CYLINDER,FUEL INJ LINES STANDOFF,LOOSE,,TIGHTENED SCREW.,,,SCREW,TIGHTENED,
100406,R/H ENGINE #4 INTAKE IS LEAKING.,OK,R/H ENGINE #4,INTAKE,LEAKING,,REPLACED GASKET.,,,GASKET,REPLACED,
100407,L/H ENGINE #3 INTAKE IS LEAKING.,OK,L/H ENGINE #3,INTAKE,LEAKING,,REMOVED & REPLACED GASKET.,,,GASKET,REMOVED & REPLACED,
100408,L/H ENGINE ALL 4 ROCKER COVERS ARE LEAKING.,OK,L/H ENGINE ALL 4,ROCKER COVERS,LEAKING,,REMOVED & REPLACED GASKETS.,,,GASKETS,REMOVED & REPLACED,
100409,R/H ENGINE ALL 4 ROCKER COVERS ARE LEAKING.,OK,R/H ENGINE ALL 4,ROCKER COVERS,LEAKING,,REMOVED & REPLACED GASKETS.,,,GASKETS,REMOVED & REPLACED,
100410,R/H ENGINE #2 & 4 ROCKER OIL RETURN LINES ARE LEAKING.,OK,R/H ENGINE #2 & 4,ROCKER OIL RETURN LINES,LEAKING,,TIGHTENED CLAMPS.,,,CLAMP,TIGHTENED,
100411,REPLACE L/H ENGINE TORQUEMETER HOSES.,DIFFICULT,,,,,LEAK CHECKED GOOD.,,,LEAK,CHECKED,
100412,REPLACE R/H ENGINE TORQUEMETER HOSES.,DIFFICULT,,,,,LEAK CHECKED GOOD.,,,LEAK,CHECKED,
100413,REPLACE L/H ENGINE TORQUEMETER HOSES.,DIFFICULT,,,,,REPLACED PRESSURE HOSE.,,,PRESSURE HOSE,REPLACED,
100414,REPLACE R/H ENGINE TORQUEMETER HOSES.,DIFFICULT,,,,,INSTALLED PRESSURE HOSE.,,,PRESSURE HOSE,INSTALLED,
100415,REPLACE L/H ENGINE TORQUEMETER HOSES.,DIFFICULT,,,,,REPLACED VENT HOSE FOR TORQUEMETER.,,,VENT HOSE,REPLACED,
100416,REPLACE R/H ENGINE TORQUEMETER HOSES.,DIFFICULT,,,,,REPLACED VENT HOSES FOR TORQUEMETER.,,,VENT HOSE,REPLACED,
100417,R/H REAR ENGINE BAFFLE SUPPORT BROKEN.,OK,R/H REAR ENGINE,BAFFLE SUPPORT,BROKEN,,INSTALED NEW BAFFLE SUPPORT.,,NEW,BAFFLE SUPPORT,INSTALED,
100418,L/H FORWARD ENGINE BAFFLE CRACKED.,OK,L/H FORWARD ENGINE,BAFFLE,CRACKED,,INSTALLED PATCH OF LIKE MATERAL & RIVETED IAW,,LIKE MATERIAL,PATCH,INSTALED & RIVETED,
100419,#3 ROCKER COVER GASKET LEAKING.,OK,#3,ROCKER COVER GASKET,LEAKING,,REMOVED & REPLACED #3 ROCKER COVER GASKET.,,,ROCKER COVER GASKET,REMOVED & REPLACED,
100420,#3 ROCKER COVER GASKET LEAKING.,OK,#3,ROCKER COVER GASKET,LEAKING,,REMOVED & REPLACED #3 ROCKER COVER GASKET.,,,ROCKER COVER GASKET,REMOVED & REPLACED,
100421,#3 INTAKE LEAKING.,OK,#3,INTAKE,LEAKING,,REPLACED GASKET.,,,GASKET,REPLACED,
100422,#2 ROCKER COVER LEAKING.,OK,#2,ROCKER COVER,LEAKING,,REPLACED GASKET.,,,GASKET,REPLACED,
100423,ENGINE IS TIMED OUT.,OK,ENGINE,,TIMED OUT,,REMOVED ENGINE IAW MAINT MANUAL.,,,ENGINE,REMOVED,
100424,ENGINE IS TIMED OUT.,OK,ENGINE,,TIMED OUT,,REMOVED BAFFLING & COMPONENTS FROM OLD ENGINE & STARTED,,,BAFFLING & COMPONENTS FROM OLD ENGINE,REMOVED & STARTED,
100425,ENGINE IS TIMED OUT.,OK,ENGINE,,TIMED OUT,,INSTALLED ENGINE. PERFORMED PRE-OIL & INSTALLED SPARK P,,,"ENGINE, SPARK P","INSTALLED , PRE-OIL , INSTALLED",
100426,ENGINE IS TIMED OUT.,OK,ENGINE,,TIMED OUT,,"ENGINE RUN UP, LEAK CHECK GOOD.",,,"ENGINE, LEAK","RUN , CHECK",
100427,CYLINDER #3 ROCKER COVER IS LEAKING.,OK,CYLINDER #3,ROCKER COVER,LEAKING,,REMOVED & REPLACED ROCKER COVER GASKET.,,,ROCKER COVER GASKET,REMOVED & REPLACED,
100428,L/H UPPER BAFFLE FOR CYLINDER #4 PLUG HOLE IS ENLARGED.,OK,L/H UPPER FOR CYLINDER #4,BAFFLE PLUG HOLE,ENLARGED,,INSTALLED PATCH MADE OF LIKE MATERIAL & RIVETED IAW CES,,LIKE MATERIAL,PATCH,INSTALLED & RIVETED,
100429,R/H INNER CYLINDER BAFFLE TIE ROD IS INSTALLED INCORRECTLY.,OK,R/H INNER CYLINDER,BAFFLE TIE ROD,INSTALLED INCORRECTLY,,TIE ROD BROKE WHILE REPOSITIONING. REMOVED & REPLACED R,,,TIE ROD,REPOSITIONED & REMOVED & REPLACED,
100430,#2 & 4 ROCKER COVERS ARE LEAKING.,OK,#2 & 4,ROCKER COVERS,LEAKING,,REMOVED & REPLACED GASKETS.,,,GASKET,REMOVED & REPLACED,
100431,"FORWARD LOWER BAFFLE, R/H SIDE, IS CRACKED.",OK,"FORWARD LOWER, R/H SIDE",BAFFLE,CRACKED,,STOP DRILLED CRACK & INSTALLED WIDE AREA WASHER TO DIST,,,"DRILLED CRACK, WIDE AREA WASHER","STOP , INSTALLED",
100432,#2 & 3 ROCKER COVERS LEAKING.,OK,#2 & 3,ROCKER COVERS,LEAKING,,REMOVED & REPLACED #2 & 3 ROCKER COVER GASKETS.,,,ROCKER COVER GASKETS,REMOVED & REPLACED,
100433,L/H AFT UPPER BAFFLE CRACKED.,OK,L/H AFT UPPER,BAFFLE,CRACKED,,"STOP DRILLED CRACK, FABRICATED PATCH & INSTALLED PATCH.",,,"DRILLED CRACK, PATCH","STOP , FABRICATED & INSTALLED",
100434,#3 INTAKE GASKET LEAKING.,OK,#3,INTAKE GASKET,LEAKING,,REMOVED & REPLACED #3 INTAKE GASKET.,,,INTAKE GASKET,REMOVED & REPLACED,
100435,#2 ROCKER COVER LEAKING.,OK,#2,ROCKER COVER,LEAKING,,REMOVED & REPLACED #2 ROCKER COVER GASKET.,,,ROCKER COVER GASKET,REMOVED & REPLACED,
100436,#1 & 3 ROCKER COVER GASKETS LEAKING.,OK,#1 & 3,ROCKER COVER GASKETS,LEAKING,,REMOVED & REPLACED #1 & 3 ROCKER COVER GASKETS.,,,ROCKER COVER GASKETS,REMOVED & REPLACED,
100437,R/H FORWARD BAFFLE SEAL TORN.,OK,R/H FORWARD,BAFFLE SEAL,TORN,,REPAIRED HOLE IN BAFFLE SEAL.,,,BAFFLE SEAL,REPAIRED,
100438,CYLINDER #2 & 4 INTAKES ARE LEAKING.,OK,CYLINDER #2 & 4,INTAKES,LEAKING,,REPLACED CYLINDER #2 & 4 INTAKE PIPE GASKETS.,,,INTAKE PIPE GASKETS,REPLACED,
100439,#2 CYLINDER ROCKER COVER GASKET IS LEAKING.,OK,#2 CYLINDER,ROCKER COVER GASKET,LEAKING,,REMOVED & REPLACED #2 ROCKER COVER GASKET WITH NEW.,,NEW,ROCKER COVER GASKET,REMOVED & REPLACED,
100440,#2 & 4 INTAKE GASKETS LEAKING.,OK,#2 & 4,INTAKE GASKETS,LEAKING,,REPLACED GASKETS.,,,GASKETS,REPLACED,
100441,INTAKES 2 & 4 LEAKING ON L/H ENGINE.,OK,2 & 4 ON L/H ENGINE,INTAKES,LEAKING,,REMOVED & REPLACED INTAKE GASKETS 2 & 4 ON L/H ENGINE.,,,INTAKE GASKETS,REMOVED & REPLACED,
100442,"INTAKES 2, 3 & 4 LEAKING ON R/H ENGINE.",OK,"2, 3 & 4 ON R/H ENGINE",INTAKES,LEAKING,,"REMOVED & REPLACED INTAKE GASKETS #2, 3 & 4 ON R/H ENGI",,,INTAKE GASKETS,REMOVED & REPLACED,
100443,#2 INDUCTION TUBE GASKET LEAKING.,OK,#2,INDUCTION TUBE GASKET,LEAKING,,INSTALLED NEW #2 INDUCTION TUBE GASKET.,,NEW,INDUCTION TUBE GASKET,INSTALLED,
100444,L/H ENGINE MISSING SCREW & NUT ON BAFFLE BY OIL FILL TUBE.,OK,L/H ENGINE,BAFFLE SCREW,MISSING,,"REPLACED SCREW, WASHERS & NUT.",,,SCREW & WASHER & NUT,REPLACED,
100445,R/H ENGINE #3 BAFFLE CRACKED BY UPPER #1 BAFFLE ATTACHMENT.,OK,R/H ENGINE #3,BAFFLE,CRACKED,,REPAIRED BAFFLING BY FABRICATING ATTACHMENT OF LIKE MAT,,,BAFFLING,FABRICATING,
100446,#2 CYLINDER INTAKE GASKET LEAKING.,OK,#2 CYLINDER,INTAKE GASKET,LEAKING,,REPLACED INTAKE GASKET.,,,INTAKE GASKET,REPLACED,
100447,#1 ROCKER COVER GASKET IS LEAKING.,OK,#1,ROCKER COVER GASKET,LEAKING,,REMOVED & REPLACED GASKET.,,,GASKET,REMOVED & REPLACED,
100448,#3 INTAKE IS LEAKING.,OK,#3,INTAKE,LEAKING,,REMOVED & REPLACED GASKET.,,,GASKET,REMOVED & REPLACED,
100449,L/H BACK TOP BAFFLE IS CRACKED.,OK,L/H BACK TOP,BAFFLE,CRACKED,,FABRICATED PATCH & INSTALLED.,,,PATCH,FABRICATED & INSTALLED,
100450,ENGINE IDLE @ 1700 RPM DURING SHUT DOWN. NO RISE IN RPM ON M,OK,ENGINE,RPM,NO RISE,,"ADJUSTED IDLE SPEEDS & MIXTURE RISE, OPS CHECK GOOD.",,,"IDLE SPEEDS & MIXTURE RISE, OPS","ADJUSTED , CHECK",
100451,#4 ROCKER COVER IS LEAKING.,OK,#4,ROCKER COVER,LEAKING,,REMOVED & REPLACED ROCKER COVER GASKET.,,,ROCKER COVER GASKET,REMOVED & REPLACED,
100452,CYLINDER #3 EXTERNAL PUSH ROD TUBE SEAL LEAKING AT CASE.,OK,CYLINDER #3,EXTERNAL PUSH ROD TUBE SEAL,LEAKING,,"REPOSITIONED SEAL, LEAK PERSISTS. DISASSEMBLED & REPLAC",,,SEAL,REPOSITIONED & DISASSEMBLED & REPLAC,
100453,A/C NEEDS TO BE RUN UP & CHECKED FOR FERRY FLIGHT,OK,A/C,,NEED PROBLEM,,"PERFORMED ENGINE RUN UP, SERVICED TIRE PRESSURES. REVIE",,,"ENGINE ,TIRE PRESSURES","RUN , SERVICED",
100454,#2 ROCKER BOX COVER GASKET LEAKING.,OK,#2,ROCKER BOX COVER GASKET,LEAKING,,INSTALLED NEW ROCKER BOX COVER GASKET.,,NEW,ROCKER BOX COVER GASKET,INSTALLED,
100455,#4 INTAKE LEAKING.,OK,#4,INTAKE,LEAKING,,REMOVED & REPLACED #4 INTAKE GASKET.,,,INTAKE GASKET,REMOVED & REPLACED,
100456,#4 CYLINDER INTAKE GASKET LEAKING.,OK,#4 CYLINDER,INTAKE GASKET,LEAKING,,REMOVED & REPLACED INTAKE GASKET.,,,INTAKE GASKET,REMOVED & REPLACED,
100457,PILOT REPORTED STRONG ENGINE VIBRATION DURING STOP & GO WHIL,OK,ENGINE,,VIBRATIONS,,"RAN ENGINE, COULD NOT DUPLICATE DISCREPANCY. ENGINE OPE",,,ENGINE,RAN,
100458,NO RISE DURING MIXTURE CHECK.,OK,DURING MIXTURE CHECK,,NO RISE,,"ADJUSTED IDLE MIXTURE, CHECKS GOOD.",,,IDLE MIXTURE,"ADJUSTED , CHECKS",
100459,#2 INDUCTION TUBE GASKET IS LEAKING.,OK,#2,INDUCTION TUBE GASKET,LEAKING,,REMOVED & REPLACED #2 INTAKE GASKET.,,,INTAKE GASKET,REMOVED & REPLACED,
100460,#2 ROCKER BOX COVER GASKET IS LEAKING.,OK,#2,ROCKER BOX COVER GASKET,LEAKING,,REMOVED & REPLACED #2 ROCKER COVER GASKET.,,,ROCKER COVER GASKET,REMOVED & REPLACED,
100461,#4 INTAKE IS LEAKING.,OK,#4,INTAKE,LEAKING,,REMOVED & REPLACED INTAKE GASKET.,,,INTAKE GASKET,REMOVED & REPLACED,
100462,L/H BAFFLE PLUG NEEDS TO BE REPLACED.,OK,L/H,BAFFLE PLUG,NEED PROBLEM,,REMOVED & REPLACED BAFFLE PLUG.,,,BAFFLE PLUG,REMOVED & REPLACED,
100463,#2 INTAKE GASKET LEAKING.,OK,#2,INTAKE GASKET,LEAKING,,REMOVED & REPLACED INTAKE GASKET WITH NEW.,,NEW,INTAKE GASKET,REMOVED & REPLACED,
100464,R/H BOTTOM BAFFLE WIRE SPRING IS BROKEN.,OK,R/H BOTTOM,BAFFLE WIRE SPRING,BROKEN,,REMOVED & REPLACED BAFFLE & WIRE SPRING WITH NEW.,,NEW,BAFFLE & WIRE SPRING,REMOVED & REPLACED,
100465,AFT BAFFLE BRACKET RIVETS SHEARED.,OK,AFT,BAFFLE BRACKET RIVETS,SHEARED,,REPLACED RIVETS ON BAFFLE BRACKET & REINSTALLED BAFFLIN,,,"RIVET , BAFFLING","REPLACED , REINSTALLED",
100466,R/H ENGINE #3 INTAKE GASKET LEAKING.,OK,R/H ENGINE #3,INTAKE GASKET,LEAKING,,REPLACED GASKET.,,,GASKET,REPLACED,
100467,L/H ENGINE #2 INTAKE GASKET LEAKING.,OK,L/H ENGINE #2,INTAKE GASKET,LEAKING,,REMOVED & REPLACED #2 INTAKE GASKET.,,,INTAKE GASKET,REMOVED & REPLACED,
100468,#3 BAFFLE PLUG IS WORN.,OK,#3,BAFFLE PLUG,WORN,,REMOVED & REPLACED PLUG.,,,PLUG,REMOVED & REPLACED,
100469,#1 & 4 ROCKER COVERS LEAKING.,OK,#1 & 4,ROCKER COVERS,LEAKING,,REMOVED & REPLACED #1 & 4 ROCKER GASKETS.,,,ROCKER GASKETS,REMOVED & REPLACED,
100470,#4 INTAKE IS LEAKING.,OK,#4,INTAKE,LEAKING,,REMOVED & REPLACED #4 INTAKE GASKET.,,,INTAKE GASKET,REMOVED & REPLACED,
100471,#4 CYLINDER BAFFLE IS CRACKED.,OK,#4 CYLINDER,BAFFLE,CRACKED,,STOP DRILLED CRACK.,,,DRILLED CRACK,STOP,
100472,#2 CYLINDER EXHAUST PUSH ROD TUBE HAS SMALL DENT.,OK,#2 CYLINDER,EXHAUST PUSH ROD TUBE,DENT,,INSTALLED PUSH ROD SHROUD USING NEW SEALS.,,NEW,PUSH ROD SHROUD,INSTALLED,
100473,"#4 CYLINDER HAS LOW COMPRESSION, AROUND 34 PSI.",OK,#4 CYLINDER,,COMPRESSION,,"TRIED STAKING VALVES, STILL NO COMPRESION. INSPECTED CY",,,"VALVE, CYLINDER","STAKING , INSPECTED",
100474,#2 CYLINDER EXHAUST PUSH ROD TUBE HAS SMALL DENT.,OK,#2 CYLINDER,EXHAUST PUSH ROD TUBE,DENT,,CANNED & INSPECTED SERVICEABLE PUSH RODD SHROUD TUBE FR,,,SERVICEABLE PUSH RODD SHROUD TUBE FR,CANNED & INSPECTED,
100475,#1 INTAKE LEAKING.,OK,#1,INTAKE,LEAKING,,REMOVED & REPLACED #1 INTAKE GASKET.,,,INTAKE GASKET,REMOVED & REPLACED,
100476,INDUCTION TUBE HOSE CLAMPS LOOSE (ALL CYLINDER).,OK,ALL CYLINDER,INDUCTION TUBE HOSE CLAMPS,LOOSE,,TIGHTENED HOSE CLAMPS.,,,HOSE CLAMP,TIGHTENED,
100477,#1 & 3 ROCKER COVER GASKETS ARE BROKEN.,OK,#1 & 3,ROCKER COVER GASKETS,BROKEN,,REMOVED & REPLACED ROCKER COVER GASKETS.,,,ROCKER COVER GASKETS,REMOVED & REPLACED,
100478,#2 INTAKE GASKET LEAKING.,OK,#2,INTAKE GASKET,LEAKING,,"REMOVED & REPLACED INTAKE GASKET, CLEANED LEAKS AROUND",,,"INTAKE GASKET, LEAKS","REMOVED & REPLACED, CLEANED",
100479,#2 & 3 CYLINDER ROCKER CVOER GASKET LEAKING.,OK,#2 & 3 CYLINDER,ROCKER CVOER GASKET,LEAKING,,REMOVED & REPLACED ROCKER COVER GASKET. CLEANED LEAKS A,,,"ROCKER COVER GASKET, LEAKES","REMOVED & REPLACED, CLEANED",
100480,#4 INTAKE IS LEAKING.,OK,#4,INTAKE,LEAKING,,REMOVED & REPLACED GASKET.,,,GASKET,REMOVED & REPLACED,
100481,ALL 4 ROCKER COVERS ARE LEAKING.,OK,ALL 4,ROCKER COVERS,LEAKING,,REMOVED & REPLACED GASKETS.,,,GASKETS,REMOVED & REPLACED,
100482,#3 INTAKE LEAKING.,OK,#3,INTAKE,LEAKING,,INSTALLED NEW INTAKE GASKET.,,NEW,INTAKE GASKET,INSTALLED,
100483,INDUCTION TUBE HOSE CLAMPS LOOSE (ALL CYLINDERS).,OK,ALL CYLINDERS,INDUCTION TUBE HOSE CLAMPS,LOOSE,,TIGHTENED HOSE CLAMPS.,,,HOSE CLAMP,TIGHTENED,
100484,#2 ROCKER COVER LEAKING.,OK,#2,ROCKER COVER,LEAKING,,REMOVED & REPLACED #2 ROCKER COVER GASKET.,,,ROCKER COVER GASKET,REMOVED & REPLACED,
100485,L/H ENGINE ALL INTAKES ARE LEAKING.,OK,L/H ENGINE,INTAKES,LEAKING,,REMOVED & REPLACED GASKETS.,,,GASKET,REMOVED & REPLACED,
100486,"#3 AFT BAFFLE TAB HAS BROKEN RIVETS, NEAR OIL FILLER TUBE.",OK,#3 AFT,BAFFLE TAB RIVETS,BROKEN,,LEAK CHECK GOOD.,,,LEAK,CHECK,
100487,#4 AFT BAFFLE ATTACH PLATE BROKEN.,OK,#4 AFT,BAFFLE ATTACH PLATE,BROKEN,,"FABRICATED, PAINTED & INSTALLED FROM LIKE MATERIAL & TH",,LIKE MATERIAL,,FABRICATED & PAINTED & INSTALLED,
100488,"#3 AFT BAFFLE TAB HAS BROKEN RIVETS, NEAR OIL FILLER TUBE.",OK,#3 AFT,BAFFLE TAB RIVETS,BROKEN,,"REMOVED BAFFLE, REPLACED RIVETS & REINSTALLED BAFFLE. L",,,"BAFFLE, RIVET","REMOVED , REPLACED & REINSTALLED",
100489,#2 ROCKER COVER LEAKING.,OK,#2,ROCKER COVER,LEAKING,,REPLACED ROCKER COVER GASKET.,,,ROCKER COVER GASKET,REPLACED,
100490,#3 ROCKER COVER LEAKING.,OK,#3,ROCKER COVER,LEAKING,,REPLACED ROCKER COVER GASKET.,,,ROCKER COVER GASKET,REPLACED,
100491,#2 INTAKE LEAKING.,OK,#2,INTAKE,LEAKING,,REMOVED & REPLACED #2 INTAKE GASKET.,,,INTAKE GASKET,REMOVED & REPLACED,
100492,R/H AFT COWL BRACKET RIVET MISSING.,OK,R/H AFT,COWL BRACKET RIVET,MISSING,,INSTALLED NEW RIVET.,,NEW,RIVET,INSTALLED,
100493,#3 & 4 ROCKER COVERS LEAKING.,OK,#3 & 4,ROCKER COVERS,LEAKING,,REMOVED & REPLACED ROCKER COVER GASKETS.,,,ROCKER COVER GASKETS,REMOVED & REPLACED,
100494,"#1, 3 & 4 INTAKE GASKETS ARE LEAKING.",OK,"#1, 3 & 4",INTAKE GASKETS,LEAKING,,REPLACED INTAKE GASKETS.,,,INTAKE GASKETS,REPLACED,
100495,"INTAKES 1, 2, 3 & 4 LEAKING.",OK,"1, 2, 3 & 4",INTAKES,LEAKING,,REMOVED & REPLACED 1 - 4 INTAKE GASKETS.,,,INTAKE GASKETS,REMOVED & REPLACED,
100496,L/H FORWARD ENGINE BAFFLE CRACKED.,OK,L/H FORWARD ENGINE,BAFFLE,CRACKED,,STOP DRILLED CRACK.,,,DRILLED CRACK,STOP,
100497,#3 CYLINDER ROCKER COVER GASKET LEAKING.,OK,#3 CYLINDER,ROCKER COVER GASKET,LEAKING,,REMOVED & REPLACED ROCKER COVER GASKET.,,,ROCKER COVER GASKET,REMOVED & REPLACED,
100498,#3 INTAKE LEAKING.,OK,#3,INTAKE,LEAKING,,REPLACED GASKET.,,,GASKET,REPLACED,
100499,INDUCTION TUBE HOSE CLAMPS LOOSE.,OK,,INDUCTION TUBE HOSE CLAMPS,LOOSE,,TIGHTENED HOSE CLAMPS.,,,HOSE CLAMP,TIGHTENED,
100500,AFT L/H ENGINE BAFFLE CRACKED.,AFT L/H ENGINE,BAFFLE,CRACKED,CRACKED,,STOP DRILLED CRACK.,,,,,
100501,FORWARD L/H ENGINE BAFFLE CRACKED.,OK,FORWARD L/H ENGINE,BAFFLE,CRACKED,,STOP DRILLED CRACK.,,,DRILLED CRACK,STOP,
100502,ALL 4 ROCKER COVER GASKETS LEAKING.,OK,ALL 4,ROCKER COVER GASKETS,LEAKING,,REPLACED ALL 4 ROCKER COVER GASKETS.,,,ROCKER COVER GASKETS,REPLACED,
100503,#2 CYLINDER INTAKE GASKET IS LEAKING.,OK,#2 CYLINDER,INTAKE GASKET,LEAKING,,REMOVED & REPLACED GASKET.,,,GASKET,REMOVED & REPLACED,
100504,CYLINDER #4 INTAKE GASKET IS LEAKING.,OK,CYLINDER #4,INTAKE GASKET,LEAKING,,REMOVED & REPLACED CYLINDER #4 INTAKE GASKET.,,,INTAKE GASKET,REMOVED & REPLACED,
100505,#3 INTAKE LEAKING.,OK,#3,INTAKE,LEAKING,,REMOVED & REPLACED #3 INTAKE GASKET.,,,INTAKE GASKET,REMOVED & REPLACED,
100506,#4 ROCKER COVER GASKET IS LEAKING.,OK,#4,ROCKER COVER GASKET,LEAKING,,REMOVED & REPLACED ROCKER COVER GASKET.,,,ROCKER COVER GASKET,REMOVED & REPLACED,
100507,#3 ROCKER COVER GASKET LEAKING.,OK,#3,ROCKER COVER GASKET,LEAKING,,REMOVED & REPLACED #3 ROCKER COVER GASKET.,,,ROCKER COVER GASKET,REMOVED & REPLACED,
100508,LEFT ENGINE #2 INTAKE GASKET LEAKS.,OK,LEFT ENGINE #2,INTAKE GASKET,LEAKS,,REMOVED & REPLACED #2 INTAKE GASKET.,,,INTAKE GASKET,REMOVED & REPLACED,
100509,#2 & 3 ROCKER GASKETS LEAKING.,OK,#2 & 3,ROCKER GASKETS,LEAKING,,REPLACED GASKETS.,,,GASKETS,REPLACED,
100510,#3 & 4 SIDE BAFFLE PLUGS HAVE BROKEN PRONGS.,OK,#3 & 4 SIDE,BAFFLE PLUGS PRONGS,BROKEN,,REPLACED PLUGS.,,,PLUGS,REPLACED,
100511,"#1, 2, 4 ROCKER COVER GASKETS LEAKING.",OK,"#1, 2, 4",ROCKER COVER GASKETS,LEAKING,,"REMOVED & REPLACED #1, 2, 4 ROCKER COVER GASKETS.",,,ROCKER COVER GASKETS,REMOVED & REPLACED,
100512,"R/H ENG, 1, 2, 4 INTAKE GASKETS ARE LEAKING.",OK,"R/H ENG, 1, 2, 4",INTAKE GASKETS,LEAKING,,REPLACED ALL 3 GASKETS.,,,GASKETS,REPLACED,
100513,BAFFLE SPARK PLUG CAPS ARE WORN OUT.,OK,,BAFFLE SPARK PLUG CAPS,WORN,,INSTALLED NEW BAFFLE CAPS.,,NEW,BAFFLE CAPS,INSTALLED,
100514,"#2 & 4 INTAKE GASKETS ARE LEAKING, CAUSING CHT & EXHAUST GAS TEMPERATURE VARIATI",OK,#2 & 4,INTAKE GASKETS,LEAKING,,"REPLACED #2 & 4 INTAKE TUBES, FLANGES & GASKETS.",,,"INTAKE TUBES, FLANGES & GASKETS",REPLACED,
100515,#3 ROCKER COVER GASKET IS TORN.,OK,#3,ROCKER COVER GASKET,TORN,,REMOVED & REPLACED ROCKER COVER GASKET.,,,ROCKER COVER GASKET,REMOVED & REPLACED,
100516,INTAKES 2 & 4 LEAKING.,OK,2 & 4,INTAKES,LEAKING,,REMOVED & REPLACED INTAKE GASKETS.,,,INTAKE GASKETS,REMOVED & REPLACED,
100517,#1 ROCKER COVER LEAKING.,OK,#1,ROCKER COVER,LEAKING,,REMOVED & REPLACED #1 ROCKER COVER GASKET.,,,ROCKER COVER GASKET,REMOVED & REPLACED,
100518,#4 CYLINDER INTAKE GASKET LEAKING.,OK,#4 CYLINDER,INTAKE GASKET,LEAKING,,REMOVED & REPLACED GASKET.,,,GASKET,REMOVED & REPLACED,
100519,CYLINDER #4 ROCKER COVER GASKET LEAKING.,OK,CYLINDER #4,ROCKER COVER GASKET,LEAKING,,REMOVED & REPLACED ROCKER COVER GASKET.,,,ROCKER COVER GASKET,REMOVED & REPLACED,
100520,"INTAKE PIPE GASKET LEAKING, CYLINDER #2, 3 & 4.",OK,"CYLINDER #2, 3 & 4",INTAKE PIPE GASKET,LEAKING,,REMOVED & REPLACED INTAKE GASKETS.,,,INTAKE GASKETS,REMOVED & REPLACED,
100521,OIL COOLER BAFFLING CRACKED IN LOWER I/B CORNER.,OK,LOWER I/B CORNER,OIL COOLER BAFFLING,CRACKED,,FABRICATED PATCH FROM LIKE MATERIAL.,,LIKE MATERIAL,PATCH,FABRICATED,
100522,"R/H SIDE OF ENG, AFT BAFFLE CRACKED PAST STOP DRILLED HOLES.",OK,"R/H SIDE OF ENG, AFT",BAFFLE,CRACKED,,FABRICATED PATCH FROM LIKE MATERIAL.,,LIKE MATERIAL,PATCH,FABRICATED,
100523,"STARTED A/C NORMALLY, BATTERY STILL SHOWING DISCHARGE. INCRE",OK,A/C,BATTERY,SHOWING DISCHARGE,,"STARTED ENGINE & PERFORMED RUN UP, ALL INDICATIONS NORM",,,"ENGINE, INDICATIONS",STARTED & RUN,
100524,#3 CYLINDER OIL RETURN LINE LEAKING ON RUBBER HOSE SECTION.,OK,#3 CYLINDER,OIL RETURN LINE,LEAKING,,TIGHTENED CLAMPS ON RUBBER HOSE SECTION.,,,CLAMPS,TIGHTENED,
100525,#2 & 4 INTAKE GASKET LEAKING.,OK,#2 & 4,INTAKE GASKET,LEAKING,,REMOVED & REPLACED INTAKE GASKETS.,,,INTAKE GASKETS,REMOVED & REPLACED,
100526,"#1, 2, 3 COWL SHOCK MOUNTS TORN.",OK,"#1, 2, 3",COWL SHOCK MOUNTS,TORN,,REMOVED & REPLACED COWL SHOCK MOUNTS.,,,COWL SHOCK MOUNTS,REMOVED & REPLACED,
100527,#1 & 3 ROCKER COVER GASKETS LEAKING.,OK,#1 & 3,ROCKER COVER GASKETS,LEAKING,,REMOVED & REPLACED ROCKER COVER GASKETS.,,,ROCKER COVER GASKETS,REMOVED & REPLACED,
100528,ROCKER BOX COVER SCREWS LOOSE.,OK,,ROCKER BOX COVER SCREWS,LOOSE,,RETORQUED SCREWS.,,,SCREWS,RETORQUED,
100529,ROCKER BOX COVER SCREWS LOOSE.,OK,,ROCKER BOX COVER SCREWS,LOOSE,,RETORQUED SCREWS.,,,SCREWS,RETORQUED,
100530,INDUCTION TUBE HOSE CLAMPS LOOSE (ALL CYLINDER).,OK,ALL CYLINDER,INDUCTION TUBE HOSE CLAMPS,LOOSE,,TIGHTENED HOSE CLAMPS.,,,HOSE CLAMPS,TIGHTENED,
100531,#1 CYLINDER BAFFLE CRACKED.,OK,#1 CYLINDER,BAFFLE,CRACKED,,FABRICATED PATCH FROM .032 OF LIKE MATERIAL AS BAFFLE.,,LIKE MATERIAL,PATCH,FABRICATED,
100532,SCROLL TO PC FLITTER TUBE HAS EXCESSIVE FRETTING UNDER FLOAT,OK,SCROLL TO PC,FLITTER TUBE,FRETTING,,ORDERED LINE.,,,LINE,ORDERED,
100533,SCROLL TO PC FLITTER TUBE HAS EXCESSIVE FRETTING UNDER FLOAT,OK,SCROLL TO PC,FLITTER TUBE,FRETTING,,REMOVED & REPLACED LINE.,,,LINE,REMOVED & REPLACED,
100534,4TH STAGE NOZZLE HAS SEVERAL CRACKS IN IT.,OK,4TH STAGE NOZZLE,NOZZLE,CRACKS,,PREPPED ENGINE FOR INSTALLATION & REINSTALLED IN A/C.,,,"ENGINE, A/C",PREPPED & REINSTALLED,
100535,4TH STAGE NOZZLE HAS SEVERAL CRACKS IN IT.,OK,4TH STAGE NOZZLE,NOZZLE,CRACKS,,REMOVED ENGINE FROM AIRFRAME. DISASSEMBLED ENGINE IAW R,,,ENGINE,REMOVED & DISASSEMBLED,
100536,4TH STAGE NOZZLE HAS SEVERAL CRACKS IN IT.,OK,4TH STAGE NOZZLE,NOZZLE,CRACKS,,REMOVED TURBINE ASSY. PREPPED LOANER TURB,,LOANER,TURBINE ASSY,REMOVED & PREPPED,
100537,4TH STAGE NOZZLE HAS SEVERAL CRACKS IN IT.,OK,4TH STAGE NOZZLE,NOZZLE,CRACKS,,CONNECTED ENGINE IAW ROLLS ROYCE MAINT MANUAL. PERFORME,,,ENGINE,CONNECTED,
100538,#3 INTAKE IS LEAKING.,OK,#3,INTAKE,LEAKING,,REMOVED & REPLACED INTAKE GASKET.,,,INTAKE GASKET,REMOVED & REPLACED,
100539,CYLINDER #4 ROCKER COVER GASKET LEAKING.,OK,CYLINDER #4,ROCKER COVER GASKET,LEAKING,,REMOVED & REPLACED ROCKER COVER GASKET.,,,ROCKER COVER GASKET,REMOVED & REPLACED,
100540,#1 INTAKE GASKET LEAKS.,OK,#1,INTAKE GASKET,LEAKS,,"VERY DIFFICULT TO REMOVE GASKET, INSTALLED NEW GASKET.",,NEW,GASKET,INSTALLED,
100541,ALL ROCKER COVER SCREWS ARE LOOSE.,OK,ALL,ROCKER COVER SCREWS,LOOSE,,TIGHTENED SCREWS.,,,SCREWS,TIGHTENED,
100542,#2 INTAKE GASKET LEAKING.,OK,#2,INTAKE GASKET,LEAKING,,REMOVED & REPLACED INTAKE GASKET.,,,INTAKE GASKET,REMOVED & REPLACED,
100543,"#2 CYLINDER ""MISSING"" ON RUN UP (RUNS ROUGH).",OK,#2 CYLINDER,,ROUGH,,"CLEANED, GAPPED & TESTED #2 CYLINDER SPARK PLUGS - OPS CHECK GO",,,SPARK PLUGS,CLEANED & GAPPED & TESTED,
100544,"#2 CYLINDER ""MISSING"" ON RUN UP (RUNS ROUGH).",OK,#2 CYLINDER,,ROUGH,,PERFORMED COMPRESSION CHECK ON #2 CYLINDER - 78/80 & REMOVED RO,,,"COMPRESSION, RO","CHECK, REMOVED",
100545,"#2 CYLINDER ""MISSING"" ON RUN UP (RUNS ROUGH).",OK,#2 CYLINDER,,ROUGH,,INSPECTED & FOUND #2 EXHAUST VALVE TIGHT. PERFORMED CLE,,,EXHAUST VALVE,INSPECTED & FOUND,#2 EXHAUST VALVE TIGHT
100546,"#2 CYLINDER ""MISSING"" ON RUN UP (RUNS ROUGH).",OK,#2 CYLINDER,,ROUGH,,"RAN, OPS OK. NO ROUGHNESS. EXHAUST GAS TEMPERATURE - CHT - STATIC RPM - IDL",,,"OPS, EXHAUST GAS TEMPERATURE, CHT, STATIC RPM",RAN,
100547,#2 INTAKE GASKET LEAKS.,OK,#2,INTAKE GASKET,LEAKS,,REPLACED GASKET.,,,GASKET,REPLACED,
100548,BAFFLE PLUG MISSING ON ENGINE.,OK,ENGINE,BAFFLE PLUG,MISSING,,REPLACED PLUG.,,,PLUG,REPLACED,
100549,#3 INTAKE LEAKING ON R/H ENGINE.,OK,#3 ON R/H ENGINE,INTAKE,LEAKING,,REMOVED & REPLACED INTAKE GASKET WITH NEW.,,NEW,INTAKE GASKET,REMOVED & REPLACED,
100550,#1 & 2 INTAKES LEAKING ON L/H ENGINE.,OK,#1 & 2 ON L/H ENGINE,INTAKES,LEAKING,,REMOVED & REPLACED #1 & 2 GASKETS WITH NEW.,,NEW,GASKETS,REMOVED & REPLACED,
100551,#1 & 3 ROCKER COVERS LEAKING ON R/H ENGINE.,OK,#1 & 3 ON R/H ENGINE,ROCKER COVERS,LEAKING,,REMOVED & REPLACED #1 & 3 GASKETS WITH NEW.,,NEW,GASKETS,REMOVED & REPLACED,
100552,#2 INDUCTION TUBE GASKET LEAKING.,OK,#2,INDUCTION TUBE GASKET,LEAKING,,REMOVED & REPLACED INTAKE GASKET.,,,INTAKE GASKET,REMOVED & REPLACED,
100553,ROCKER BOX COVER SCREWS LOOSE (ALL CYLINDERS).,OK,ALL CYLINDERS,ROCKER BOX COVER SCREWS,LOOSE,,RETORQUED ROCKER BOX COVER SCREWS.,,,ROCKER BOX COVER SCREWS,RETORQUED,
100554,#3 CYLINDER HAS NO COMPRESSION.,OK,#3 CYLINDER,,COMPRESSION,,RUN UP & LEAK CHECK GOOD.,,,LEAK,"RUN , CHECK",
100555,#3 CYLINDER HAS NO COMPRESSION.,OK,#3 CYLINDER,,COMPRESSION,,FOUND LEAK FROM EX VALVE & EX VALVE CONTACT ON PISTON.,,,"LEAK, EX VALVE, EX VALVE CONTACT, PISTON",FOUND,LEAK FROM EX VALVE & EX VALVE CONTACT ON PISTON
100556,#3 CYLINDER HAS NO COMPRESSION.,OK,#3 CYLINDER,,COMPRESSION,,COMPLETED INSTALL OF CYLINDER. DRY TAPPET CLEARANCE CK',,,"CYLINDER,TAPPET CLEARANCE",INSTALLED & CHECKED,
100557,L/H ENGINE O/B BAFFLE ROD BROKEN.,OK,L/H ENGINE O/B,BAFFLE ROD,BROKEN,,REMOVED & REPLACED BAFFLE SUPPORT ROD.,,,BAFFLE SUPPORT ROD,REMOVED & REPLACED,
100558,INTAKES #3 & 4 LEAKING ON R/H ENGINE.,OK,#3 & 4 ON R/H ENGINE,INTAKES,LEAKING,,REMOVED & REPLACED INTAKE GASKETS WITH NEW.,,NEW,INTAKE GASKETS,REMOVED & REPLACED,
100559,"INTAKES #1, 2, 3 & 4 LEAKING ON L/H ENGINE.",OK,"#1, 2, 3 & 4 ON L/H ENGINE",INTAKES,LEAKING,,REMOVED & REPLACED INTAKE TUBE GASKETS.,,,INTAKE TUBE GASKETS,REMOVED & REPLACED,
100560,ROCKER COVERS 3 & 4 LEAKING ON L/H ENGINE.,OK,3 & 4 ON L/H ENGINE,ROCKER COVERS,LEAKING,,REMOVED & REPLACED ROCKER COVER GASKETS.,,,ROCKER COVER GASKETS,REMOVED & REPLACED,
100561,ROCKER COVERS #2 & 4 LEAKING ON R/H ENGINE.,OK,#2 & 4 ON R/H ENGINE,ROCKER COVERS,LEAKING,,REMOVED & REPLACED #2 & 4 ROCKER COVER GASKETS.,,,ROCKER COVER GASKETS,REMOVED & REPLACED,
100562,#4 INTAKE LEAKING.,OK,#4,INTAKE,LEAKING,,REMOVED & REPLACED INTAKE GASKET. CLEANED LEAKS AROUND,,,"INTAKE GASKET, LEAK","REMOVED & REPLACED , CLEANED",
100563,#2 ROCKER COVER LEAKING.,OK,#2,ROCKER COVER,LEAKING,,REMOVED & REPLACED ROCKER COVER GASKET. CLEANED LEAKS A,,,"ROCKER COVER GASKET, LEAKS","REMOVED & REPLACED , CLEANED",
100564,#3 INTAKE LEAKING.,OK,#3,INTAKE,LEAKING,,REMOVED & REPLACED #3 INTAKE GASKET.,,,INTAKE GASKET,REMOVED & REPLACED,
100565,CYLINDER #3 INTAKE TUBE GASKET LEAKING.,OK,CYLINDER #3,INTAKE TUBE GASKET,LEAKING,,REMOVED & REPLACED INTAKE GASKET.,,,INTAKE GASKET,REMOVED & REPLACED,
100566,CYLINDER #1 OIL RETURN LINE CHAFING.,OK,CYLINDER #1,OIL RETURN LINE,CHAFING,,REMOVED & REPLACED OIL DRAIN LINE.,,,OIL DRAIN LINE,REMOVED & REPLACED,
100567,R/H ENGINE OIL FILL TUBE LOOSE.,OK,R/H ENGINE,OIL FILL TUBE,LOOSE,,TIGHTENED & RESAFETIED FILLER TUBE.,,,FILLER TUBE,TIGHTENED & RESAFETIED,
100568,ENGINE BAFFLE PLUG TABS BROKEN.,OK,ENGINE,BAFFLE PLUG TABS,BROKEN,,INSTALLED NEW ENGINE BAFFLE PLUGS.,,NEW,BAFFLE PLUGS,INSTALLED,
100569,#4 INTAKE GASKET LEAKING.,OK,#4,INTAKE GASKET,LEAKING,,REMOVED & REPLACED #4 INTAKE GASKET.,,,INTAKE GASKET,REMOVED & REPLACED,
100570,#2 & 4 ROCKER COVER GASKETS LEAKING.,OK,#2 & 4,ROCKER COVER GASKETS,LEAKING,,REMOVED & REPLACED #2 & 4 GASKETS.,,,GASKETS,REMOVED & REPLACED,
100571,R/H ENGINE #2 INTAKE LEAKS.,OK,R/H ENGINE #2,INTAKE,LEAKS,,REPLACED GASKET.,,,GASKET,REPLACED,
100572,L/H ENGINE #2 INTAKE LEAKS.,OK,L/H ENGINE #2,INTAKE,LEAKS,,REMOVED & REPLACED GASKET.,,,GASKET,REMOVED & REPLACED,
100573,"ALL ROCKER COVERS, BOTH ENG, SCREWS ARE LOOSE.",OK,"ALL , BOTH ENG",ROCKER COVERS SCREWS,LOOSE,,TIGHTENED ALL COVER SCREWS.,,,COVER SCREWS,TIGHTENED,
100574,"#1, 2 & 4 INTAKES LEAKING.",OK,"#1, 2 & 4",INTAKES,LEAKING,,REMOVED & REPLACED INTAKE GASKETS.,,,INTAKE GASKETS,REMOVED & REPLACED,
100575,#2 & 4 ROCKER COVERS LEAKING.,OK,#2 & 4,ROCKER COVERS,LEAKING,,REMOVED & REPLACED ROCKER COVER GASKETS.,,,ROCKER COVER GASKETS,REMOVED & REPLACED,
100576,L/H REAR ENGINE BAFFLE CRACKED.,OK,L/H REAR ENGINE,BAFFLE,CRACKED,,STOP DRILLED CRACK.,,,DRILLED CRACK,STOP,
100577,"#2, 3, 4 CYLINDER ROCKER COVER GASKETS LEAKING.",OK,"#2, 3, 4 CYLINDER",ROCKER COVER GASKETS,LEAKING,,REMOVED & REPLACED ROCKER COVER GASKETS. CLEANED LEAKS.,,,"ROCKER COVER GASKETS, LEAKS","REMOVED & REPLACED , CLEANED",
100578,#4 CYLINDER ROCKER DRAIN LINE CLAMP LOOSE & LEAKS NOTED.,OK,#4 CYLINDER,ROCKER DRAIN LINE CLAMP,LOOSE & LEAKS,,SECURED DRAIN CLAMP & TIGHTENING. CLEANED LEAKS IN AREA,,,"DRAIN CLAMP, LEAKS","SECURED & TIGHTENING , CLEANED",
100579,BAFFLE BOLT SAFETIES ARE LOOSE ON #1 & 3 CYL.,OK,#1 & 3 CYL,BAFFLE BOLT SAFETIES,LOOSE,,TIGHTENED SCREWS & RESAFETIED.,,,SCREWS,TIGHTENED & RESAFETIED,
100580,#1 & 3 INTAKE GASKETS LEAKING.,OK,#1 & 3,INTAKE GASKETS,LEAKING,,REMOVED & REPLACED INTAKE GASKETS.,,,INTAKE GASKETS,REMOVED & REPLACED,
100581,#3 INTAKE GASKET LEAKING.,OK,#3,INTAKE GASKET,LEAKING,,REMOVED & REPLACED #3 INTAKE GASKET.,,,INTAKE GASKET,REMOVED & REPLACED,
100582,#4 ROCKER COVER GASKET LEAKING.,OK,#4,ROCKER COVER GASKET,LEAKING,,REMOVED & REPLACED #4 ROCKER COVER GASKET.,,,ROCKER COVER GASKET,REMOVED & REPLACED,
100583,#4 INTAKE GASKET LEAKING.,OK,#4,INTAKE GASKET,LEAKING,,REMOVED & REPLACED INTAKE GASKET WITH NEW.,,NEW,INTAKE GASKET,REMOVED & REPLACED,
100584,#2 ROCKER COVER GASKET LEAKING.,OK,#2,ROCKER COVER GASKET,LEAKING,,REMOVED & REPLACED ROCKER COVER WITH NEW.,,NEW,ROCKER COVER,REMOVED & REPLACED,
100585,#1 FRONT BAFFLE CRACKED.,OK,#1 FRONT,BAFFLE,CRACKED,,STOP DRILLED CRACK.,,,DRILLED CRACK,STOP,
100586,ALL ROCKER COVERS HAVE LOOSE SCREWS.,OK,ALL,ROCKER COVERS SCREWS,LOOSE,,TIGHTENED ALL SCREWS.,,,SCREWS,TIGHTENED,
100587,#4 CYLINDER INTAKE TUBE GASKET LEAKING.,OK,#4 CYLINDER,INTAKE TUBE GASKET,LEAKING,,REMOVED & REPLACED INTAKE GASKET.,,,INTAKE GASKET,REMOVED & REPLACED,
100588,R/H ENGINE #1 INTAKE IS LEAKING.,OK,R/H ENGINE #1,INTAKE,LEAKING,,REMOVED & REPLACED GASKETS.,,,GASKETS,REMOVED & REPLACED,
100589,"ON L/H ENGINE #2, 3 & 4 INTAKES ARE LEAKING.",OK,"L/H ENGINE #2, 3 & 4",INTAKES,LEAKING,,REMOVED & REPLACED GASKETS.,,,GASKETS,REMOVED & REPLACED,
100590,#2 INTAKE LEAKING.,OK,#2,INTAKE,LEAKING,,REMOVED & REPLACED #2 INTAKE GASKET.,,,INTAKE GASKET,REMOVED & REPLACED,
100591,#4 INDUCTION TUBE GASKET LEAKING.,OK,#4,INDUCTION TUBE GASKET,LEAKING,,REMOVED & REPLACED #4 INDUCTION TUBE GASKET.,,,INDUCTION TUBE GASKET,REMOVED & REPLACED,
100592,ALL ROCKER COVER SCREWS LOOSE.,OK,ALL,ROCKER COVER SCREWS,LOOSE,,TIGHTENED ALL SCREWS.,,,SCREWS,TIGHTENED,
100593,"AT 5500 FT, OAT +7, EXECUTED ENGINE FAILURE IN FLIGHT & ENGINE",OK,ENGINE,,FAILURE,,"REMOVED & REPLACED #2 INTAKE GASKET, CHECK PROP ACCUMUL",,,"INTAKE GASKET, PROP ACCUMUL","REMOVED & REPLACED , CHECK",
100594,"AT 5500 FT, OAT +7, EXECUTED ENGINE FAILURE IN FLIGHT & ENGINE",OK,ENGINE,,FAILURE,,"STARTED & WARMED R/H ENGINE, OPS CHECK IDLE RPM, MAGNETOS CHECK",,,ENGINE,STARTED & WARMED,
100595,INDUCTION TUBE HOSE CLAMPS LOOSE (ALL CYLINDERS).,OK,ALL CYLINDERS,INDUCTION TUBE HOSE CLAMPS,LOOSE,,TIGHTENED HOSE CLAMPS.,,,HOSE CLAMPS,TIGHTENED,
100596,#2 INTAKE GASKET LEAKING.,OK,#2,INTAKE GASKET,LEAKING,,REMOVED & REPLACED #2 INTAKE GASKET.,,,INTAKE GASKET,REMOVED & REPLACED,
100597,"MX FLIGHT REQUIRED FOR ENGINE BREAK-IN, PROP RPM & TO CHECK",DIFFICULT,,,,,"RAN A/C, DETERMINED TO BE CAUSED BY COLD OIL. C/W LYCOM",,,A/C,REVIEWED & DETERMINED,
100598,#2 INTAKE LUBE GASKET LEAKING.,OK,#2,INTAKE LUBE GASKET,LEAKING,,"REMOVED & REPLACED INTAKE GASKET, CLEANED AREA OF LEAKS",,,"INTAKE GASKET, AREA","REMOVED & REPLACED , CLEANED",
100599,#3 ROCKER COVER GASKET LEAKING.,OK,#3,ROCKER COVER GASKET,LEAKING,,REMOVED & REPLACED #3 ROCKER COVER GASKET.,,,ROCKER COVER GASKET,REMOVED & REPLACED,
100600,#4 INTAKE GASKET LEAKING.,OK,#4,INTAKE GASKET,LEAKING,,REPLACED GASKET.,,,GASKET,REPLACED,
100601,#3 ROCKER COVER GASKET LEAKING.,OK,#3,ROCKER COVER GASKET,LEAKING,,REPLACED GASKET.,,,GASKET,REPLACED,
100602,#4 ROCKER COVER GASKET LEAKING.,OK,#4,ROCKER COVER GASKET,LEAKING,,REPLACED GASKET.,,,GASKET,REPLACED,
100603,THROTTLE LINKAGE DOG BONE HAS LOOSE BEARING.,OK,,THROTTLE LINKAGE DOG BONE BEARING,LOOSE,,REMOVED & REPLACED LINKAGE.,,,LINKAGE,REMOVED & REPLACED,
100604,#1 INTAKE LEAKING.,OK,#1,INTAKE,LEAKING,,REMOVED & REPLACED #1 INTAKE GASKET.,,,INTAKE GASKET,REMOVED & REPLACED,
100605,L/H #3 INTAKE GASKET LEAKING.,OK,L/H #3,INTAKE GASKET,LEAKING,,REMOVED & REPLACED GASKET. LEAK CHECK GOOD.,,,"GASKET, LEAK","REMOVED & REPLACED , CHECK",
100606,L/H ENGINE HAS ALL 4 ROCKER GASKETS LEAKING.,OK,L/H ENGINE ALL 4,ROCKER GASKETS,LEAKING,,"REPLACED GASKETS, LEAK CHECK GOOD.",,,"GASKETS, LEAK","REPLACED, CHECK",
100607,"R/H #1, 3 & 4 INTAKE GASKETS ARE LEAKING.",OK,"R/H #1, 3 & 4",INTAKE GASKETS,LEAKING,,"REMOVED & REPLACED GASKETS, LEAK CHECK GOOD.",,,"GASKETS, LEAK","REMOVED & REPLACED , CHECK",
100608,TOP L/H BAFFLE CORNER HAS A CRACK.,OK,TOP L/H CORNER,BAFFLE,CRACK,,STOP DRILLED CRACK.,,,DRILLED CRACK,STOP,
100609,CYLINDER #2 ROCKER COVER IS LEAKING.,OK,CYLINDER #2,ROCKER COVER,LEAKING,,REPLACED GASKET.,,,GASKET,REPLACED,
100610,#2 & 3 INTAKES LEAKING.,OK,#2 & 3,INTAKES,LEAKING,,REMOVED & REPLACED #2 & 3 INTAKE GASKETS.,,,INTAKE GASKETS,REMOVED & REPLACED,
100611,#4 & 1 ROCKER COVERS LEAKING.,OK,#4 & 1,ROCKER COVERS,LEAKING,,REMOVED & REPLACED ROCKER COVER GASKETS.,,,ROCKER COVER GASKETS,REMOVED & REPLACED,
100612,ROCKER BOX COVER SCREWS LOOSE.,OK,,ROCKER BOX COVER SCREWS,LOOSE,,TIGHTENED SCREWS.,,,SCREWS,TIGHTENED,
100613,#2 INDUCTION TUBE GASKET LEAKING.,OK,#2,INDUCTION TUBE GASKET,LEAKING,,REPLACED #2 INTAKE GASKET.,,,INTAKE GASKET,REPLACED,
100614,CRACK IN RIGHT FRONT BAFFLE.,OK,RIGHT FRONT,BAFFLE,CRACK,,STOP DRILLED CRACK.,,,DRILLED CRACK,STOP,
100615,ROCKER COVER #2 & 3 LEAKING.,OK,#2 & 3,ROCKER COVER,LEAKING,,REMOVED & REPLACED #2 & 3 ROCKER COVER GASKETS.,,,ROCKER COVER GASKETS,REMOVED & REPLACED,
100616,#1 & 3 ROCKER COVERS LEAKING.,OK,#1 & 3,ROCKER COVERS,LEAKING,,REMOVED & REPLACED GASKETS.,,,GASKETS,REMOVED & REPLACED,
100617,#2 CYLINDER HAS A STUCK VALVE.,OK,#2 CYLINDER,VALVE,STUCK,,"CHECKED VALVE GUIDE CLEARANCE, CHECK OK. CLEANED SPARK",,,"VALVE GUIDE, SPARK","CHECKED, CLEANED",
100618,IDLE RPM IS LOW.,OK,,,RPM,,"ADJUSTED IDLE RPM PER SPECS, OPS CHECK GOOD.",,,IDLE RPM,ADJUSTED,
100619,"ROCKER COVERS #1, 2 & 3 LEAKING.",OK,"#1, 2 & 3",ROCKER COVERS,LEAKING,,REMOVED & REPLACED ROCKER COVER GASKETS.,,,ROCKER COVER GASKETS,REMOVED & REPLACED,
100620,INDUCTION TUBE HOSE CLAMPS LOOSE (ALL CYLINDERS).,OK,ALL CYLINDERS,INDUCTION TUBE HOSE CLAMPS,LOOSE,,TIGHTENED HOSE CLAMPS.,,,HOSE CLAMPS,TIGHTENED,
100621,R/H REAR ENGINE BAFFLE MOUNTING BRACKET RIVETS BROKEN.,OK,R/H REAR ENGINE,BAFFLE MOUNTING BRACKET RIVETS,BROKEN,,REMOVED & REPLACED BROKEN BAFFLE MOUNTING BRACKET RIVET,,,BAFFLE MOUNTING BRACKET RIVET,REMOVED & REPLACED,
100622,#3 INTAKE LEAKING.,OK,#3,INTAKE,LEAKING,,REMOVED & REPLACED #3 INTAKE GASKET.,,,INTAKE GASKET,REMOVED & REPLACED,
100623,ROCKER BOX COVER SCREWS LOOSE.,OK,,ROCKER BOX COVER SCREWS,LOOSE,,TIGHTENED SCREWS.,,,SCREWS,TIGHTENED,
100624,#4 INDUCTION TUBE GASKET LEAKING.,OK,#4,INDUCTION TUBE GASKET,LEAKING,,REMOVED & REPLACED GASKET.,,,GASKET,REMOVED & REPLACED,
100625,#2 INTAKE GASKET LEAKING.,OK,#2,INTAKE GASKET,LEAKING,,REMOVED & REPLACED GASKET WITH NEW.,,NEW,GASKET,REMOVED & REPLACED,
100626,#1 INTAKE IS LEAKING.,OK,#1,INTAKE,LEAKING,,REMOVED & REPLACED GASKET.,,,GASKET,REMOVED & REPLACED,
100627,#1 ROCKER GASKET LEAKING.,OK,#1,ROCKER GASKET,LEAKING,,REPLACED GASKET.,,,GASKET,REPLACED,
100628,#2 & 4 BAFFLE PLUGS HAVE SEVERAL BROKEN PRONGS.,OK,#2 & 4,BAFFLE PLUGS PRONGS,BROKEN,,REPLACED BUTTON PLUGS.,,,BUTTON PLUGS,REPLACED,
100629,#2 INTAKE GASKET LEAKS.,OK,#2,INTAKE GASKET,LEAKS,,REMOVED & REPLACED GASKET.,,,GASKET,REMOVED & REPLACED,
100630,"ROCKER COVER GASKET, CYLINDER #2, LEAKING.",OK,CYLINDER #2,ROCKER COVER GASKET,LEAKING,,REMOVED & REPLACED GASKET. CLEANED LEAKS IN AREA.,,,"GASKET, LEAKS","REMOVED & REPLACED , CLEANED",
100631,#2 INTAKE LEAKING ON LEFT ENGINE.,OK,#2 ON LEFT ENGINE,INTAKE,LEAKING,,REMOVED & REPLACED #2 INTAKE GASKET ON L/H ENGINE.,,,INTAKE GASKET,REMOVED & REPLACED,
100632,"ENGINE BAFFLE CRACKED AT TOP REAR CENTER BRACKET, AT ENGINE",OK,"TOP REAR CENTER BRACKET, AT ENGINE",BAFFLE,CRACKED,,FABRICATED PATCH FROM LIKE MATERIAL & RIVETED IAW,,LIKE MATERIAL,PATCH,FABRICATED & RIVETED,
100633,#4 INTAKE GASKET IS LEAKING.,OK,#4,INTAKE GASKET,LEAKING,,REPLACED GASKET.,,,GASKET,REPLACED,
100634,#3 & 4 ROCKER GASKETS ARE LEAKING.,OK,#3 & 4,ROCKER GASKETS,LEAKING,,REMOVED & REPLACED #3 & 4 ROCKER COVER GASKETS.,,,ROCKER COVER GASKETS,REMOVED & REPLACED,
100635,"R/H ENGINE, L/H FORWARD BAFFLE SCREW MISSING.",OK,"R/H ENGINE, L/H FORWARD",BAFFLE SCREW,MISSING,,INSTALLED NEW SCREW.,,NEW,SCREW,INSTALLED,
100636,R/H ENGINE #3 INDUCTION TUBE GASKET LEAKING.,OK,R/H ENGINE #3,INDUCTION TUBE GASKET,LEAKING,,REMOVED & REPLACED INTAKE GASKET WITH NEW.,,NEW,INTAKE GASKET,REMOVED & REPLACED,
100637,"L/H ENG, ALTERNATOR COOLING HOSE CHAFING AGAINST ALTERNATOR ""BAT"" CABLE.",OK,L/H ENG,ALTERNATOR COOLING HOSE,CHAFING,,REPOSITIONED ALTERNATOR COOLING HOSE.,,,ALTERNATOR COOLING HOSE,REPOSITIONED,
100638,FORWARD L/H BAFFLE IS CRACKED BELOW SHROUD AIR INTAKE.,OK,FORWARD L/H,BAFFLE,CRACKED,,FABRICATED PATCH OUT OF LIKE MATERIAL & INSTALLED. RIVE,,LIKE MATERIAL,PATCH,FABRICATED & INSTALLED,
100639,REAR R/H BAFFLE RIVETS MISSING.,OK,REAR R/H,BAFFLE RIVETS,MISSING,,"REMOVED BAFFLE, REPLACED RIVETS, REINSTALLED BAFFLE.",,,"BAFFLE, RIVETS, BAFFLE","REMOVED, REPLACED, REINSTALLED",
100640,"R/H ENG, L/H REAR BAFFLE CRACKED.",OK,"R/H ENG, L/H REAR",BAFFLE,CRACKED,,PREVIOUSLY REPAIRED BY STOP DRILLING CRACK.,,,DRILLED CRACK,STOP,
100641,R/H ENGINE #2 & 4 INDUCTION TUBE GASKETS LEAKING.,OK,R/H ENGINE #2 & 4,INDUCTION TUBE GASKETS,LEAKING,,REMOVED & REPLACED #2 & 4 INTAKE GASKETS.,,,INTAKE GASKETS,REMOVED & REPLACED,
100642,"L/H ENGINE #2, 3 & 4 INDUCTION TUBE GASKETS LEAKING.",OK,"L/H ENGINE #2, 3 & 4",INDUCTION TUBE GASKETS,LEAKING,,"REMOVED & REPLACED INTAKE GASKETS #2, 3 & 4.",,,INTAKE GASKETS,REMOVED & REPLACED,
100643,"L/H ENG, ALL ROCKER BOX COVER GASKETS LEAKING.",OK,"L/H ENG, ALL",ROCKER BOX COVER GASKETS,LEAKING,,"REMOVED & REPLACED #1, 2, 3 & 4 ROCKER COVER GASKETS.",,,ROCKER COVER GASKETS,REMOVED & REPLACED,
100644,"ENGINE BAFFLING CRACKED, R/H SIDE, ABOVE #1 CYLINDER.",OK,"R/H SIDE, ABOVE #1 CYLINDER",BAFFLING,CRACKED,,CLEANED UP EDGES & INSTALLED.,,,EDGES,CLEANED & INSTALLED,
100645,FIREWALL CRACKED BY BATTERY BOX.,OK,FIREWALL,BATTERY BOX,CRACKED,,"ASSEMBLED, FITTED, PRIMED & PAINTED BRACKET & INSTALLED",,,BRACKET,ASSEMBLED & FITTED & PRIMED & PAINTED & INSTALLED,
100646,"ENGINE BAFFLING CRACKED, R/H SIDE, ABOVE #1 CYLINDER.",OK,"R/H SIDE, ABOVE #1 CYLINDER",BAFFLING,CRACKED,,FABRICATED NEW R/H BAFFLE WITH LIKE MATERIAL.,,NEW,BAFFLE,FABRICATED,
100647,#2 INTAKE LEAKING.,OK,#2,INTAKE,LEAKING,,REMOVED & REPLACED #2 INTAKE GASKET.,,,INTAKE GASKET,REMOVED & REPLACED,
100648,#2 & 4 INTAKE GASKETS LEAKING.,OK,#2 & 4,INTAKE GASKETS,LEAKING,,REMOVED & REPLACED GASKETS.,,,GASKETS,REMOVED & REPLACED,
100649,#2 & 4 ROCKER GASKETS ARE LEAKING.,OK,#2 & 4,ROCKER GASKETS,LEAKING,,REMOVED & REPLACED #2 & 4 GASKETS.,,,GASKETS,REMOVED & REPLACED,
100650,#3 EXHAUST I/B PUSH ROD SEAL IS LEAKING.,OK,#3,EXHAUST I/B PUSH ROD SEAL,LEAKING,,REPLACED INNER & OUTER PUSH ROD SEALS ON #3 CYLINDER AS WELL,,,INNER PUSH ROD SEAL & OUTER PUSH ROD SEAL,REPLACED,
100651,"INTAKES 2, 3 & 4 LEAKING ON R/H ENGINE.",OK,"2, 3 & 4 ON R/H ENGINE",INTAKES,LEAKING,,REMOVED & REPLACED GASKETS.,,,GASKETS,REMOVED & REPLACED,
100652,"INTAKES 2, 3 & 4 LEAKING ON L/H ENGINE.",OK,"2, 3 & 4 ON L/H ENGINE",INTAKES,LEAKING,,REMOVED & REPLACED INTAKE GASKETS.,,,INTAKE GASKETS,REMOVED & REPLACED,
100653,ROCKER COVER 1 & 4 LEAKING ON L/H ENGINE.,OK,1 & 4 L/H ENGINE,ROCKER COVER,LEAKING,,REMOVED & REPLACED ROCKER COVER GASKETS.,,,ROCKER COVER GASKETS,REMOVED & REPLACED,
100654,#3 ROCKER COVER LEAKING.,OK,#3,ROCKER COVER,LEAKING,,REMOVED & REPLACED ROCKER COVER GASKET WITH NEW.,,NEW,ROCKER COVER GASKET,REMOVED & REPLACED,
100655,#2 INTAKE LEAKING.,OK,#2,INTAKE,LEAKING,,REMOVED & REPLACED #2 INTAKE GASKET.,,,INTAKE GASKET,REMOVED & REPLACED,
100656,#2 & 4 ROCKER COVERS ARE LEAKING.,OK,#2 & 4,ROCKER COVERS,LEAKING,,REMOVED & REPLACED ROCKER COVER GASKETS.,,,ROCKER COVER GASKETS,REMOVED & REPLACED,
100657,#3 CYLINDER AFT BAFFLE IS CRACKED.,OK,#3 CYLINDER AFT,BAFFLE,CRACKED,,STOP DRILLED CRACK.,,,DRILLED CRACK,STOP,
100658,#2 & 4 CYLINDER OIL RETURN LINE HOSE CLAMPS LOOSE.,OK,#2 & 4 CYLINDER,OIL RETURN LINE HOSE CLAMPS,LOOSE,,TIGHTENED CLAMPS.,,,CLAMPS,TIGHTENED,
100659,"MIXTURE LINKAGE LOOSE, MISSING SPRING WASHER.",OK,,"MIXTURE LINKAGE, SPRING WASHER","LOOSE , MISSING ",,REPLACED SPRING WASHERS & SAFETIED.,,,SPRING WASHERS,REPLACED & SAFETIED,
100660,#3 ROCKER COVER LEAKING.,OK,#3,ROCKER COVER,LEAKING,,REMOVED & REPLACED ROCKER COVER.,,,ROCKER COVER,REMOVED & REPLACED,
100661,#1 FORWARD BAFFLE IS WORN THROUGH.,OK,#1 FORWARD,BAFFLE,WORN,,FABRICATED NEW SECTION FROM LIKE MATERIAL AS ORIGINAL &,,NEW,SECTION,FABRICATED,
100662,#2 INTAKE GASKET LEAKING.,OK,#2,INTAKE GASKET,LEAKING,,REMOVED & REPLACED #2 INTAKE GASKET.,,,INTAKE GASKET,REMOVED & REPLACED,
100663,R/H BACK BAFFLE SCREW IS MISSING.,OK,R/H BACK,BAFFLE SCREW,MISSING,,INSTALLED NEW SCREW.,,NEW,SCREW,INSTALLED,
100664,#2 INTAKE GASKET LEAKING.,OK,#2,INTAKE GASKET,LEAKING,,REMOVED & REPLACED #2 INTAKE GASKET.,,,INTAKE GASKET,REMOVED & REPLACED,
100665,#1 & 3 ROCKER COVER GASKETS LEAKING.,OK,#1 & 3,ROCKER COVER GASKETS,LEAKING,,REMOVED & REPLACED #1 & 3 ROCKER COVER GASKETS.,,,ROCKER COVER GASKETS,REMOVED & REPLACED,
100666,"R/H ENGINE #2, 3 INDUCTION IS LEAKING.",OK,"R/H ENGINE #2, 3",INDUCTION,LEAKING,,"REMOVED & REPLACED #2, 3 INDUCTION TUBE GASKET ON R/H E",,,INDUCTION TUBE GASKET,REMOVED & REPLACED,
100667,#3 & 4 ROCKER COVER GASKETS ARE BROKEN.,OK,#3 & 4,ROCKER COVER GASKETS,BROKEN,,REMOVED & REPLACED #3 & 4 ROCKER COVER GASKETS.,,,ROCKER COVER GASKETS,REMOVED & REPLACED,
100668,#3 ROCKER COVER GASKET IS TORN.,OK,#3,ROCKER COVER GASKET,TORN,,REMOVED & REPLACED ROCKER COVER GASKET.,,,ROCKER COVER GASKET,REMOVED & REPLACED,
100669,"#1, 3 & 4 ROCKER COVER GASKETS ARE TORN.",OK,"#1, 3 & 4",ROCKER COVER GASKETS,TORN,,REMOVED & REPLACED ROCKER COVER GASKETS.,,,ROCKER COVER GASKETS,REMOVED & REPLACED,
100670,PILOT COULDN'T REMOVE DIPSTICK.,OK,,DIPSTICK,COULDN'T REMOVE,,REMOVED DIPSTICK FOR PILOT.,,,DIPSTICK,REMOVED,
100671,#3 AFT BAFFLE GROMMET TORN.,OK,#3 AFT,BAFFLE GROMMET,TORN,,INSTALLED NEW GROMMET.,,NEW,GROMMET,INSTALLED,
100672,#3 & 4 ROCKER BOX COVER GASKETS LEAKING.,OK,#3 & 4,ROCKER BOX COVER GASKETS,LEAKING,,REMOVED & REPLACED #3 & 4 ROCKER COVER GASKETS.,,,ROCKER COVER GASKETS,REMOVED & REPLACED,
100673,#2 & 4 INTAKE GASKETS LEAKING.,OK,#2 & 4,INTAKE GASKETS,LEAKING,,REMOVED & REPLACED GASKETS.,,,GASKETS,REMOVED & REPLACED,
100674,#1 & 3 INTAKE GASKETS LEAKING.,OK,#1 & 3,INTAKE GASKETS,LEAKING,,REMOVED & REPLACED #1 & 3 INTAKE GASKETS WITH NEW.,,NEW,INTAKE GASKETS,REMOVED & REPLACED,
100675,INTAKES 2 & 4 LEAKING ON R/H ENGINE.,OK,2 & 4 ON R/H ENGINE,INTAKES,LEAKING,,REMOVED & REPLACED INTAKE GASKETS.,,,INTAKE GASKETS,REMOVED & REPLACED,
100676,"INTAKES 2, 3 & 4 LEAKING ON L/H ENGINE.",OK,"2, 3 & 4 ON L/H ENGINE",INTAKES,LEAKING,,REMOVED & REPLACED INTAKE GASKETS.,,,INTAKE GASKETS,REMOVED & REPLACED,
100677,ROCKER COVERS 3 & 4 LEAKING ON L/H ENGINE.,OK,3 & 4 ON L/H ENGINE,ROCKER COVERS,LEAKING,,REMOVED & REPLACED ROCKER COVER GASKETS.,,,ROCKER COVER GASKETS,REMOVED & REPLACED,
100678,"ROCKER COVERS 1, 2 & 3 LEAKING ON R/H ENGINE.",OK,"1, 2 & 3 ON R/H ENGINE",ROCKER COVERS,LEAKING,,REMOVED & REPLACED ROCKER COVER GASKETS.,,,ROCKER COVER GASKETS,REMOVED & REPLACED,
100679,R/H ENGINE #3 & 2 INTAKES LEAK.,OK,R/H ENGINE #3 & 2,INTAKES,LEAK,,REMOVED & REPLACED GASKETS.,,,GASKETS,REMOVED & REPLACED,
100680,#3 INTAKE IS LEAKING ON L/H ENGINE.,OK, #3 ONL/H ENGINe,INTAKE,LEAKING,,REMOVED & REPLACED GASKET.,,,GASKET,REMOVED & REPLACED,
100681,#4 ROCKER COVER GASKET LEAKING.,OK,#4,ROCKER COVER GASKET,LEAKING,,REMOVED & REPLACED ROCKER COVER GASKET.,,,ROCKER COVER GASKET,REMOVED & REPLACED,
100682,ROCKER BOX COVER SCREWS LOOSE.,OK,,ROCKER BOX COVER SCREWS,LOOSE,,TIGHTENED SCREWS.,,,SCREWS,TIGHTENED,
100683,#2 ROCKER BOX COVER GASKET LEAKS.,OK,#2,ROCKER BOX COVER GASKET,LEAKS,,REMOVED & REPLACED #2 COVER GASKET.,,,COVER GASKET,REMOVED & REPLACED,
100684,#1 & 3 CYLINDER LOWER BAFFLE IS CRACKED.,OK,#1 & 3 CYLINDER LOWER,BAFFLE,CRACKED,,"REMOVED #1 CYLINDER INTAKE TUBE, REMOVED & REPLACED BAFFLE.",,,"INTAKE TUBE, BAFFLE","REMOVED, REMOVED & REPLACED",
100685,#1 INTAKE TUBE WAS CANNED,OK,#1,INTAKE TUBE,CANNED,,"INSTALLED NEW INTAKE TUBE, O-RING & GASKET.",,NEW,"INTAKE TUBE,O-RING,GASKET",INSTALLED,
100686,L/H #2 INTAKE GASKET LEAKING.,OK,L/H #2,INTAKE GASKET,LEAKING,,REMOVED & REPLACED #2 INTAKE GASKET WITH NEW.,,NEW,INTAKE GASKET,REMOVED & REPLACED,
100687,R/H ENGINE #2 & 3 INTAKES LEAKING.,OK,R/H ENGINE #2 & 3,INTAKES,LEAKING,,REMOVED & REPLACED INTAKE GASKETS WITH NEW.,,NEW,INTAKE GASKETS,REMOVED & REPLACED,
100688,R/H ENGINE #3 ROCKER COVER GASKET LEAKING.,OK,R/H ENGINE #3,ROCKER COVER GASKET,LEAKING,,REMOVED & REPLACED ROCKER COVER GASKET.,,,ROCKER COVER GASKET,REMOVED & REPLACED,
100689,R/H ENGINE #2 CYLINDER ROCKER COVER GASKET IS SPLIT.,OK,R/H ENGINE #2 CYLINDER,ROCKER COVER GASKET,SPLIT,,REPLACED GASKET.,,,GASKET,REPLACED,
100690,R/H ENGINE #4 INDUCATION TUBE GASKET LEAKING.,OK,R/H ENGINE #4,INDUCTION TUBE GASKET,LEAKING,,REPLACED #4 R/H INTAKE TUBE GASKET.,,,INTAKE TUBE GASKET,REPLACED,
100691,#4 CYLINDER INTAKE TUBE LEAKING.,OK,#4 CYLINDER,INTAKE TUBE,LEAKING,,REMOVED & REPLACED INTAKE GASKET.,,,INTAKE GASKET,REMOVED & REPLACED,
100692,#2 INTAKE IS LEAKING.,OK,#2,INTAKE,LEAKING,,REMOVED & REPLACED INTAKE GASKET.,,,INTAKE GASKET,REMOVED & REPLACED,
100693,#1 INTAKE LEAKING.,OK,#1,INTAKE,LEAKING,,REPLACED GASKET.,,,GASKET,REPLACED,
100694,#2 EXHAUST DRY LIFTER CLEARANCE IS TOO TIGHT.,OK,#2,EXHAUST DRY LIFTER CLEARANCE,TIGHT,,"REMOVED, INSPECTED & DETERMINED TO BE SERVICEABLE PUSH",,,,"REMOVED , INSPECTED & DETERMINED",
100695,#2 EXHAUST LIFTER PLUNGER ASSEMBLY CAME APART WHEN CLEANED.,OK,#2,EXHAUST LIFTER PLUNGER ASSEMBLY,CAME APART,,REMOVED PLUNGER ASSEMBLY FROM CORE ENGINE,,,PLUNGER ASSEMBLY,REMOVED,
100696,ENGINE RUNS ROUGH ON START. MX HAND SPUN PROP & REPORTED 1 CYLINDER,OK,ENGINE,,ROUGH,,PERFORMED COMPRESSION CHECK & FOUND #3 EXHAUST VALVE ST,,,"COMPRESSION , EXHAUST VALVE",CHECK & FOUND,#3 EXHAUST VALVE ST
100697,ENGINE RUNS ROUGH ON START. MX HAND SPUN PROP & REPORTED 1 CYLINDER,OK,ENGINE,,ROUGH,,REMOVED & REPLACED #3 CYLINDER IAW LYCOMING O/H MANUAL.,,,CYLINDER,REMOVED & REPLACED,
100698,R/H ENGINE #3 INDUCTION TUBE GASKET LEAKING.,OK,R/H ENGINE #3,INDUCTION TUBE GASKET,LEAKING,,INSTALLED NEW #3 INDUCTION TUBE GASKET.,,NEW,INDUCTION TUBE GASKET,INSTALLED,
100699,BAFFLE SEAL LOOSE ON LEFT SIDE OF ENGINE.,OK,LEFT SIDE OF ENGINE,BAFFLE SEAL,LOOSE,,SECURED BAFFLE SEAL.,,,BAFFLE SEAL,SECURED,
100700,LEFT DOOR WOULD NOT LATCH.,OK,LEFT DOOR,DOOR,WOULD NOT LATCH,,"ADJUSTED STRIKER PLATE, DOOR. OPS CHECK GOOD.",,,"STRIKER PLATE, DOOR , OPS ","ADJUSTED, CHECK",
100701,CYLINDER #2 INTAKE GASKET LEAKING.,OK,CYLINDER #2,INTAKE GASKET,LEAKING,,REMOVED & REPLACED INTAKE GASKET.,,,INTAKE GASKET,REMOVED & REPLACED,
100702,"INTAKES 2, 3 & 4 LEAKING ON L/H ENGINE.",OK,"2, 3 & 4 ON L/H ENGINE",INTAKES,LEAKING,,REPLACED INTAKE GASKETS.,,,INTAKE GASKETS,REPLACED,
100703,BAFFLE SEALS NEED TO BE RESECURED ON BOTH ENGINES.,OK,BOTH ENGINES,BAFFLE SEALS,NEED PROBLEM,,RESECURED BAFFLE SEALS.,,,BAFFLE SEALS,RESECURED,
100704,"INTAKES 2, 3 & 4 LEAKING ON R/H ENGINE.",OK,"2, 3 & 4 ON R/H ENGINE",INTAKES,LEAKING,,REMOVED & REPLACED INTAKE GASKETS. CLEANED AREA OF LEAK,,,"INTAKE GASKETS, AREA","REMOVED & REPLACED , CLEANED",
100705,#2 INTAKE IS LEAKING.,OK,#2,INTAKE,LEAKING,,REMOVED & REPLACED GASKET.,,,GASKET,REMOVED & REPLACED,
100706,#2 ROCKER COVER IS LEAKING.,OK,#2,ROCKER COVER,LEAKING,,REMOVED & REPLACED GASKET.,,,GASKET,REMOVED & REPLACED,
100707,#2 INTAKE LEAKING.,OK,#2,INTAKE,LEAKING,,REMOVED & REPLACED #2 INTAKE GASKET.,,,INTAKE GASKET,REMOVED & REPLACED,
100708,R/H SIDE COWL SEAL IS LOOSE.,OK,R/H SIDE,COWL SEAL,LOOSE,,SECURED SEAL.,,,SEAL,SECURED,
100709,HARDWARE MISSING ON R/H AFT BAFFLE.,OK,R/H AFT,BAFFLE HARDWARE,MISSING,,INSTALLED NEW HARDWARE IN AFT R/H BAFFLE.,,NEW,HARDWARE,INSTALLED,
100710,HARDWARE MISSING ON R/H AFT BAFFLE.,OK,R/H AFT,BAFFLE HARDWARE,MISSING,,INSTALLED NEW HARDWARE ON BAFFLE.,,NEW,HARDWARE,INSTALLED,
100711,ENGINE BAFFLE PLUGS BAD.,OK,ENGINE,BAFFLE PLUGS,BAD,,INSTALLED NEW BAFFLE PLUGS.,,NEW,BAFFLE PLUGS,INSTALLED,
100712,#2 ROCKER BOX COVER GASKET LEAKING.,OK,#2,ROCKER BOX COVER GASKET,LEAKING,,INSTALLED NEW #2 ROCKER BOX COVER GASKET.,,NEW,ROCKER BOX COVER GASKET,INSTALLED,
100713,"CYLINDER #1 & 3 INTAKES ARE LEAKING, L/H ENG.",OK,CYLINDER #1 & 3,INTAKES,LEAKING,,REPLACED INTAKE GASKETS.,,,INTAKE GASKETS,REPLACED,
100714,R/H ENGINE CYLINDER #2 INTAKE IS LEAKING.,OK,R/H ENGINE CYLINDER #2,INTAKE,LEAKING,,REPLACED R/H CYLINDER #2 INTAKE GASKET.,,,INTAKE GASKET,REPLACED,
100715,"CYLINDER #2 INTAKE IS LEAKING, L/H ENG.",OK,CYLINDER #2 L/H ENG,INTAKE,LEAKING,,REPLACED CYLINDER #2 L/H INTAKE TUBE GASKET.,,,INTAKE TUBE GASKET,REPLACED,
100716,R/H ENGINE CORNER BRACKET BY PROP CABLE IS CRACKED.,OK,R/H ENGINE CORNER,BRACKET,CRACKED,,REMOVED & REPLACED BRACKET.,,,BRACKET,REMOVED & REPLACED,
100717,"R/H ENGINE CYLINDER #2, 3 ROCKER COVERS ARE LEAKING.",OK,"R/H ENGINE CYLINDER #2, 3",ROCKER COVERS,LEAKING,,REMOVED & REPLACED ROCKER COVER GASKETS.,,,ROCKER COVER GASKETS,REMOVED & REPLACED,
100718,"RAN ENGINE START CKLIST 3 TIMES, TRIED COLD START CKLIST 2 T",DIFFICULT,,,,,"STARTED ENGINE USING NORMAL PROCEDURES, OPS CHECK GOOD.",,,ENGINE,STARTED & CHECK,
100719,CYLINDER #4 INTAKE IS LEAKING.,OK,CYLINDER #4,INTAKE,LEAKING,,REMOVED & REPLACED INTAKE GASKET.,,,INTAKE GASKET,REMOVED & REPLACED,
100720,CYLINDER #1/3 BAFFLE SPRING BROKEN.,OK,CYLINDER #1/3,BAFFLE SPRING,BROKEN,,REPLACED #1/3 BAFFLE SPRING.,,,BAFFLE SPRING,REPLACED,
100721,REAR R/H BAFFLE BRACKET RIVETS SHEARED.,OK,REAR R/H,BAFFLE BRACKET RIVETS,SHEARED,,"REMOVED BAFFLE, REPLACED RIVETS, REINSTALLED BAFFLE.",,,"BAFFLE,RIVETS,BAFFLE","REMOVED,REPLACED,REINSTALLED",
100722,#2 INTAKE IS LEAKING.,OK,#2,INTAKE,LEAKING,,REMOVED & REPLACED #2 INTAKE GASKET.,,,INTAKE GASKET,REMOVED & REPLACED,
100723,BACK R/H BAFFLE BACK BRACKET RIVET HEAD IS SHEARED OFF.,OK,"BACK R/H, HEAD ",BAFFLE BRACKET RIVET ,SHEARED,,"REMOVED R/H BACK BAFFLE, INSTALLED BRACKET WITH SCREWS. I",,,"R/H BACK BAFFLE, BRACKET, SCREWS","REMOVED, INSTALLED",
100724,"SCREW MISSING, AFT BAFFLE BRACKET.",OK,AFT,BAFFLE BRACKET SCREW,MISSING,,INSTALLED SCREW.,,,SCREW,INSTALLED,
100725,SCREW MISSING ON BAFFLE ABOVE #3 CYL.,OK,ABOVE #3 CYL,BAFFLE SCREW,MISSING,,INSTALLED SCREW.,,,SCREW,INSTALLED,
100726,BAFFLE CRACKED ABOVE #1 CYL.,OK,ABOVE #1 CYL,BAFFLE,CRACKED,,"REMOVED BAFFLE, STOP DRILLED CRACK. FABRICATED PATCH, P",,,"BAFFLE, CRACK, PATCH","REMOVED, STOP , FABRICATED",
100727,REAR BAFFLE PLUGS WORN OUT.,OK,REAR,BAFFLE PLUGS,WORN,,REPLACED BOTH PLUGS WITH NEW.,,NEW,PLUGS,REPLACED,
100728,STAND OFF NEEDED FOR FUEL LINE ON TOP OF ENG.,OK,TOP OF ENG,FUEL LINE,NEED PROBLEM,,CLAMPED STAND OFF @ PUSH ROD TUBE.,,,STAND OFF,CLAMPED,
100729,R/H BAFFLE MISSING RIVET ON AFT SUPPORT BRACKET.,OK,R/H ON AFT SUPPORT BRACKET,BAFFLE RIVET,MISSING,,"REMOVED BAFFLE, REPAIRED BRACKET & STRIPPED OIL COOLER",,,"BAFFLE, BRACKET, OIL COOLER","REMOVED , REPAIRED & STRIPPED",
100730,R/H ENGINE #4 INTAKE GASKET LEAKING.,OK,R/H ENGINE #4,INTAKE GASKET,LEAKING,,REPLACED R/H #4 INTAKE GASKET.,,,INTAKE GASKET,REPLACED,
100731,R/H ENGINE #3 INDUCTION TUBE GASKET LEAKING.,OK,R/H ENGINE #3,INDUCTION TUBE GASKET,LEAKING,,REPLACED R/H #3 INTAKE GASKET.,,,INTAKE GASKET,REPLACED,
100732,L/H ENGINE #3 INDUCTION TUBE GASKET LEAKING.,OK,L/H ENGINE #3,INDUCTION TUBE GASKET,LEAKING,,"REPLACED INTAKE TUBE GASKET, L/H #3.",,,INTAKE TUBE GASKET,REPLACED,
100733,"R/H ENG, L/H FORWARD BAFFLE & L/H AFT BAFFLE MISSING SCREWS.",OK,"R/H ENG, L/H FORWARD, L/H AFT",BAFFLE SCREWS,MISSING,,"REPLACED R/H ENG, L/H FORWARD & L/H AFT BAFFLE SCREWS.",,,BAFFLE SCREWS,REPLACED,
100734,CYLINDER #1 INTAKE LEAKS.,OK,CYLINDER #1,INTAKE,LEAKS,,REMOVED & REPLACED CYLINDER #1 INTAKE GASKET.,,,INTAKE GASKET,REMOVED & REPLACED,
100735,"L/H BAFFLE, SPARK PLUG ACCESS PLUG WORN TABS.",OK,L/H,"BAFFLE, SPARK PLUG ACCESS PLUG TABS",WORN,,REMOVED & REPLACED BROKEN BAFFLE PLUG.,,,BAFFLE PLUG,REMOVED & REPLACED,
100736,CYLINDER #2 INTAKE IS LEAKING.,OK,CYLINDER #2,INTAKE,LEAKING,,REPLACED INTAKE GASKET.,,,INTAKE GASKET,REPLACED,
100737,#3 & 4 ROCKER GASKETS ARE LEAKING.,OK,#3 & 4,ROCKER GASKETS,LEAKING,,REPLACED GASKETS.,,,GASKETS,REPLACED,
100738,A/C WON'T START.,OK,A/C,,WON'T START,,"ATTEMPTED TO START A/C FOR PILOT. BATTERY WAS DEAD,",,,A/C,ATTEMPTED TO START,
100739,A/C WON'T START.,OK,A/C,,WON'T START,,"ATTEMPTED TO START A/C FOR PILOT, BATTERY WAS DEAD.",,,A/C,ATTEMPTED TO START,
100740,A/C WON'T START.,OK,A/C,,WON'T START,,"ATTEMPTED TO START A/C FOR PILOT, BATTERY WAS DEAD.",,,A/C,ATTEMPTED TO START,
100741,A/C WON'T START.,OK,A/C,,WON'T START,,"ATTEMPT TO START A/C FOR PILOT, BATTERY WAS DEAD. LINE",,,A/C,ATTEMPT TO START,
100742,INTAKE 3 & 4 LEAKING ON R/H ENGINE.,OK,3 & 4 ON R/H ENGINE ,INTAKE,LEAKING,,REPLACED #3 & 4 R/H INTAKE GASKETS.,,,INTAKE GASKETS,REPLACED,
100743,INTAKES 3 & 4 LEAKING ON L/H ENGINE.,OK,3 & 4 ON L/H ENGINE,INTAKES,LEAKING,,REPLACED L/H ENGINE #3 & 4 INTAKE GASKETS.,,,INTAKE GASKETS,REPLACED,
100744,R/H SIDE ENGINE BAFFLE HARDWARE MISSING.,OK,R/H SIDE ENGINE,BAFFLE HARDWARE,MISSING,,INSTALLED NEW HARDWARE ON R/H BAFFLE.,,NEW,HARDWARE,INSTALLED,
100745,FRONT BAFFLE ON L/H SIDE HAS A CRACK.,OK,FRONT BAFFLE ON L/H SIDE,BAFFLE,CRACK,,STOP DRILLED CRACK.,,,DRILLED CRACK,STOP,
100746,R/H BACK BAFFLE BRACKET IS MISSING A RIVET & BAFFLE IS CRACK,OK,R/H BACK,"BAFFLE BRACKET, BAFFLE","MISSING , CRACK",,"FABRICATED PATCH, INSTALLED & RIVETED IAW SRM 51",,FABRICATED,"PATCH, RIVET",INSTALLED & RIVETED,
100747,#4 CYLINDER INTAKE GASKET LEAKING.,OK,#4 CYLINDER,INTAKE GASKET,LEAKING,,REPLACED CYLINDER #4 INTAKE GASKET.,,,INTAKE GASKET,REPLACED,
100748,#2 INTAKE GASKET LEAKING.,OK,#2,INTAKE GASKET,LEAKING,,REMOVED & REPLACED INTAKE GASKET WITH NEW.,,NEW,INTAKE GASKET,REMOVED & REPLACED,
100749,L/H #4 AFT BAFFLE CRACKED.,OK,L/H #4 AFT,BAFFLE,CRACKED,,STOP DRILLED CRACK.,,,DRILLED CRACK,STOP,
100750,L/H #2 SIDE BAFFLE SEAL TORN.,OK,L/H #2 SIDE,BAFFLE SEAL,TORN,,REMOVED & REPLACED SEAL.,,,SEAL,REMOVED & REPLACED,
100751,L/H #1 SIDE BAFFLE SEAL LOOSE.,OK,L/H #1 SIDE,BAFFLE SEAL,LOOSE,,REMOVED & REPLACED SEAL.,,,SEAL,REMOVED & REPLACED,
100752,L/H #3 INTAKE GASKET IS LEAKING.,OK,L/H #3,INTAKE GASKET,LEAKING,,REPLACED INTAKE GASKET.,,,INTAKE GASKET,REPLACED,
100753,L/H ROCKER GASKETS ARE LEAKING.,OK,L/H,ROCKER GASKETS,LEAKING,,REPLACED ALL ROCKER GASKETS ON L/H ENGINE.,,,ROCKER GASKETS,REPLACED,
100754,L/H #1 INTAKE I/B PUSH ROD TUBE SEAL IS LEAKING.,OK,L/H #1 INTAKE I/B,PUSH ROD TUBE SEAL,LEAKING,,REPLACED PUSH ROD SEALS ON #1 INTAKE TUBE.,,,PUSH ROD SEALS,REPLACED,
100755,ROCKER BOX COVER SCREW LOOSE ON ALL CYLS.,OK,ALL CYLS,ROCKER BOX COVER SCREW,LOOSE,,TIGHTENED ROCKER BOX COVER SCREWS.,,,ROCKER BOX COVER SCREWS,TIGHTENED,
100756,"#2, 3 & 4 INDUCTION TUBE GASKETS LEAKING.",OK,"#2, 3 & 4",INDUCTION TUBE GASKETS,LEAKING,,INSTALLED NEW INDUCTION TUBE GASKETS.,,NEW,INDUCTION TUBE GASKETS,INSTALLED,
100757,INTAKE GASKET CYLINDER #3 & 4 LEAKING.,OK,CYLINDER #3 & 4,INTAKE GASKET,LEAKING,,REMOVED & REPLACED INTAKE GASKETS.,,,INTAKE GASKETS,REMOVED & REPLACED,
100758,#4 INDUCTION TUBE GASKET LEAKING.,OK,#4,INDUCTION TUBE GASKET,LEAKING,,REPLACED GASKET.,,,GASKET,REPLACED,
100759,ENGINE BAFFLES NEED NEW BUTTON PLUGS.,OK,ENGINE,BAFFLES,NEED PROBLEM,,REPLACED BUTTON PLUGS.,,NEW,BUTTON PLUGS,REPLACED,
100760,R/H ENGINE CYLINDER #1 INTAKE LEAKING.,OK,R/H ENGINE CYLINDER #1,INTAKE,LEAKING,,REMOVED & REPLACED INTAKE GASKET WITH NEW.,,NEW,INTAKE GASKET,REMOVED & REPLACED,
100761,CYLINDER #3 INTAKE IS LEAKING ON L/H ENG.,OK,CYLINDER #3 ON  L/H ENG,INTAKE,LEAKING,,REMOVED & REPLACED INTAKE GASKET WITH NEW.,,NEW,INTAKE GASKET,REMOVED & REPLACED,
100762,"CLIMB OUT 1 OR BOTH ENGINES RAN VERY ROUGH, TRIED LEANING &",OK,BOTH ENGINES,,ROUGH,,"INSPECTED L/H & R/H ENGINES, NO DEFECTS NOTED. RAN ENGI",,,ENGINES,INSPECTED & RAN,
100763,INTAKES 2 & 4 LEAKING.,OK,2 & 4,INTAKES,LEAKING,,REMOVED & REPLACED INTAKE GASKETS.,,,INTAKE GASKETS,REMOVED & REPLACED,
100764,FORWARD ENGINE HOIST LOOP BOLT IS LOOSE.,OK,FORWARD ENGINE HOIST LOOP,BOLT,LOOSE,,"REMOVED, CLEANED, SEALED, INSTALLED & TORQUED BOLT WITH N",,N,BOLT,"REMOVED , CLEANED, SEALED, INSTALLED & TORQUED",
100765,CYLINDER #2 INTAKE GASKET LEAKING.,OK,CYLINDER #2,INTAKE GASKET,LEAKING,,REPLACED CYLINDER #2 INTAKE GASKET.,,,INTAKE GASKET,REPLACED,
100766,"CYLINDER #1, 2, 3 & 4 ROCKER COVER GASKETS LEAKING.",OK,"CYLINDER #1, 2, 3 & 4",ROCKER COVER GASKETS,LEAKING,,REPLACED ROCKER COVER GASKETS.,,,ROCKER COVER GASKETS,REPLACED,
100767,OIL COOLER NEEDS TO BE REPLACED.,OK,,OIL COOLER,NEED PROBLEM,,REMOVED & REPLACED OIL COOLER,,,OIL COOLER,REMOVED & REPLACED,
100768,#2 INDUCTION TUBE HOSE CLAMP BROKEN.,OK,#2,INDUCTION TUBE HOSE CLAMP,BROKEN,,REMOVED & REPLACED CLAMP.,,,CLAMP,REMOVED & REPLACED,
100769,CYLINDER #2 & 4 ROCKER COVER GASKETS LEAKING.,OK,CYLINDER #2 & 4,ROCKER COVER GASKETS,LEAKING,,TIGHTENED ROCKER COVER SCREWS.,,,ROCKER COVER SCREWS,TIGHTENED,
100770,R/H ENGINE #3 INDUCTION TUBE GASKET LEAKING.,OK,R/H ENGINE #3,INDUCTION TUBE GASKET,LEAKING,,REMOVED & REPLACED INTAKE GASKET.,,,INTAKE GASKET,REMOVED & REPLACED,
100771,#3 INTAKE I/B TO ENGINE THREAD STRIPPED.,OK,#3,INTAKE I/B TO ENGINE THREAD,STRIPPED,,"DRILLED STRIPPED HOLE, TAPPED & INSERTED HELICOIL.",,,"HOLE, HELICOIL","DRILLED , TAPPED & INSERTED",
100772,L/H ENGINE #3 INDUCTION TUBE GASKET LEAKING.,OK,L/H ENGINE #3,INDUCTION TUBE GASKET,LEAKING,,"REMOVED & REPLACED GASKET. RAN A/C, LEAK CHECK GOOD.",,,"GASKET, A/C, LEAK","REMOVED & REPLACED, RAN, CHECK",
100773,#2 INTAKE IS LEAKING.,OK,#2,INTAKE,LEAKING,,REMOVED & REPLACED #2 INTAKE GASKET.,,,INTAKE GASKET,REMOVED & REPLACED,
100774,#1 CYLINDER INTAKE GASKET IS LEAKING.,OK,#1 CYLINDER,INTAKE GASKET,LEAKING,,REPLACED GASKET.,,,GASKET,REPLACED,
100775,#3 CYLINDER ROCKER GASKET IS LEAKING.,OK,#3 CYLINDER,ROCKER GASKET,LEAKING,,REPLACED GASKET.,,,GASKET,REPLACED,
100776,R/H BAFFLE SPRING BROKEN.,OK,R/H,BAFFLE SPRING,BROKEN,,REMOVED & REPLACED BAFFLE SPRING WITH NEW.,,NEW,BAFFLE SPRING,REMOVED & REPLACED,
100777,AFT BAFFLE BRACKET RIVETS PULLING THROUGH.,OK,AFT,BAFFLE BRACKET RIVETS,PULLING,,"REMOVED BAFFLE FROM A/C, REMOVED & REPLACED LOOSE RIVET",,,"BAFFLE, RIVET","REMOVED , REMOVED & REPLACED",
100778,ENGINE TOP SPINE IS LEAKING.,OK,ENGINE TOP,SPINE,LEAKING,,LEAK CHECK GOOD.,,,LEAK,CHECK,
100779,ENGINE TOP SPINE IS LEAKING.,OK,ENGINE TOP,SPINE,LEAKING,,"REMOVED BOLT, CLEANED, REINSTALLED BOLT & TORQUED TO SP",,,BOLT,"REMOVED , CLEANED, REINSTALLED & TORQUED",
100780,ALL ROCKER COVERS NEED TIGHTENING.,OK,ALL,ROCKER COVERS,NEED PROBLEM,,TIGHTENED ALL COVERS.,,,COVERS,TIGHTENED,
100781,#3 ROCKER COVER GASKET LEAKING.,OK,#3,ROCKER COVER GASKET,LEAKING,,REMOVED & REPLACED GASKET.,,,GASKET,REMOVED & REPLACED,
100782,L/H ENGINE #2 INTAKE LEAKING.,OK,L/H ENGINE #2,INTAKE,LEAKING,,REMOVED & REPLACED INTAKE GASKET.,,,INTAKE GASKET,REMOVED & REPLACED,
100783,R/H ENGINE #2 INTAKE LEAKING.,OK,R/H ENGINE #2,INTAKE,LEAKING,,REMOVED & REPLACED INTAKE GASKET.,,,INTAKE GASKET,REMOVED & REPLACED,
100784,CYLINDER #1 BAFFLE IS CRACKED.,OK,CYLINDER #1,BAFFLE,CRACKED,,STOP DRILLED CRACK.,,,DRILLED CRACK,STOP,
100785,R/H AFT ENGINE BAFFLE CRACKED.,OK,R/H AFT ENGINE,BAFFLE,CRACKED,,"REMOVED R/H AFT ENGINE BAFFLE, STOP DRILLED CRACK, FABRICA",,,"BAFFLE, CRACK","REMOVED, STOP",
100786,OVERBOARD BATTERY & ENGINE OVERBOARD VENT TUBES CHAFED.,OK,,OVERBOARD BATTERY & ENGINE OVERBOARD VENT TUBES,CHAFED,,REMOVED DAMAGED PORTION OF TUBES.,,,TUBES,REMOVED,
100787,ALL ROCKER COVER SCREWS LOOSE.,OK,ALL,ROCKER COVER SCREWS,LOOSE,,TIGHTENED SCREWS.,,,SCREWS,TIGHTENED,
100788,L/H ENGINE #3 ROCKER SHAFT PLUG WORN.,OK,L/H ENGINE #3,ROCKER SHAFT PLUG,WORN,,REPLACED PLUGS.,,,PLUGS,REPLACED,
100789,R/H ENGINE #3 INTAKE IS LEAKING.,OK,R/H ENGINE #3,INTAKE,LEAKING,,REMOVED & REPLACED INTAKE GASKET.,,,INTAKE GASKET,REMOVED & REPLACED,
100790,L/H ENGINE #3 ROCKER COVER GASKET LEAKING.,OK,L/H ENGINE #3,ROCKER COVER GASKET,LEAKING,,REMOVED & REPLACED GASKET.,,,GASKET,REMOVED & REPLACED,
100791,CYLINDER #2 INTAKE IS LEAKING.,OK,CYLINDER #2,INTAKE,LEAKING,,REMOVED & REPLACED INTAKE GASKET WITH NEW.,,NEW,INTAKE GASKET,REMOVED & REPLACED,
100792,CYLINDER #2 INTAKE VALVE PUSH ROD I/B SEAL IS LEAKING.,OK,CYLINDER #2,INTAKE VALVE PUSH ROD I/B SEAL,LEAKING,,LEAK CHECK GOOD.,,,LEAK,CHECK,
100793,L/H AFT BAFFLE CRACKED PAST STOP DRILL.,OK,L/H AFT,BAFFLE,CRACKED,,"REMOVED OLD PATCH, STOP DRILLED CRACK. FABRICATED PATCH",,OLD,"PATCH, CRACK, PATCH","REMOVED, STOP , FABRICATED",
100794,CYLINDER #2 INTAKE VALVE PUSH ROD I/B SEAL IS LEAKING.,OK,CYLINDER #2,INTAKE VALVE PUSH ROD I/B SEAL,LEAKING,,"ROTATED PUSH ROD TUBE TO RESEAT SEAL, TORQUED STUD NUT.",,,"PUSH ROD TUBE, STUD NUT","ROTATED, TORQUED",
100795,#2 INTAKE GASKET LEAKING.,OK,#2,INTAKE GASKET,LEAKING,,REMOVED & REPLACED GASKET.,,,GASKET,REMOVED & REPLACED,
100796,#4 VALVE COVER GASKET LEAKING.,OK,#4,VALVE COVER GASKET,LEAKING,,REMOVED & REPLACED GASKET WITH NEW.,,NEW,GASKET,REMOVED & REPLACED,
100797,ALL ROCKER COVERS ON BOTH ENGINE SCREWS LOOSE.,OK,ALL ROCKER COVERS ON BOTH ENGINE,SCREWS,LOOSE,,TIGHTENED ALL SCREWS.,,,SCREWS,TIGHTENED,
100798,#2 ROCKER COVER LEAKING.,OK,#2,ROCKER COVER,LEAKING,,REMOVED & REPLACED GASKET WITH NEW.,,NEW,GASKET,REMOVED & REPLACED,
100799,#2 INTAKE GASKET LEAKING.,OK,#2,INTAKE GASKET,LEAKING,,REMOVED & REPLACED GASKET WITH NEW.,,NEW,GASKET,REMOVED & REPLACED,
100800,"#2, 3 & 4 INDUCTION TUBE GASKETS LEAKING.",OK,"#2, 3 & 4",INDUCTION TUBE GASKETS,LEAKING,,INSTALLED NEW INDICATION TUBE GASKETS.,,NEW,INDUCTION TUBE GASKETS,INSTALLED,
100801,CYLINDER #2 & 3 ROCKER COVER GASKETS LEAKING.,OK,CYLINDER #2 & 3,ROCKER COVER GASKETS,LEAKING,,REPLACED CYLINDER #2 & 3 ROCKER COVER GASKETS.,,,ROCKER COVER GASKETS,REPLACED,
100802,L/H REAR ENGINE BAFFLE CRACKED.,OK,L/H REAR ENGINE,BAFFLE,CRACKED,,FABRICATED PATCH OF LIKE MATERIAL & RIVETED IAW,,LIKE MATERIAL,PATCH,FABRICATED & RIVETED,
100803,ALL EXHAUST GAS TEMPERATURE WIRE PROBE STANDOFFS ARE BROKEN.,OK,ALL,EXHAUST GAS TEMPERATURE WIRE PROBE STANDOFFS,BROKEN,,REMOVED & REPLACED STANDOFFS.,,,STANDOFFS,REMOVED & REPLACED,
100804,CYLINDER #4 INTAKE IS LEAKING.,OK,CYLINDER #4,INTAKE,LEAKING,,REMOVED & REPLACED GASKET.,,,GASKET,REMOVED & REPLACED,
100805,CYLINDER #3 INTAKE GASKET LEAKING.,OK,CYLINDER #3,INTAKE GASKET,LEAKING,,REPLACED CYLINDER #3 INTAKE GASKET.,,,INTAKE GASKET,REPLACED,
100806,FRONT ENGINE BAFFLE SCREWS CHAFING MUFFLER SHROUD.,OK,FRONT ENGINE,BAFFLE SCREWS,CHAFING,,INSTALLED PROPER LENGTH SCREWS.,,PROPER LENGTH,SCREWS,INSTALLED,
100807,LOWER OIL COOLER LINE NEEDS TO BE REPOSITIONED.,OK,LOWER,OIL COOLER LINE,NEED PROBLEM,,"LOOSENED LINE, REPOSITIONED LINE & RETIGHTENED. LEAK CHANNEL",,,"LINE, LEAK","LOOSENED & REPOSITIONED & RETIGHTENED , CHECK",
100808,CYLINDER #2 INTAKE GASKET LEAKING.,OK,CYLINDER #2,INTAKE GASKET,LEAKING,,REPLACED CYLINDER #2 INTAKE GASKET.,,,INTAKE GASKET,REPLACED,
100809,#3 ROCKER COVER IS LEAKING.,OK,#3,ROCKER COVER,LEAKING,,REMOVED & REPLACED #3 ROCKER GASKET.,,,ROCKER GASKET,REMOVED & REPLACED,
100810,CYLINDER #4 ROCKER COVER GASKET LEAKING.,OK,CYLINDER #4,ROCKER COVER GASKET,LEAKING,,REMOVED & REPLACED COVER GASKET.,,,COVER GASKET,REMOVED & REPLACED,
100811,REAR R/H ENGINE BAFFLE MOUNT BRACKET RIVETS SHEARED.,OK,REAR R/H ENGINE,BAFFLE MOUNT BRACKET RIVETS,SHEARED,,"DRILLED OUT SHEARED RIVET, INSTALLED NEW, REPAIR DONE I",,NEW,RIVET,DRILLED OUT & INSTALLED,
100812,SLIGHT POWER LOSS ON TAKE OFF,OK,,,POWER PROBLEM,,"COMPLETED DIFFERENTIAL COMPRESSION TEST (#1-76, #2-75,",,,DIFFERENTIAL COMPRESSION TEST,COMPLETED,
100813,SLIGHT POWER LOSS ON TAKE OFF,OK,,,POWER PROBLEM,,FOR BILLING PURPOSES ONLY,,,,,
100814,#2 INTAKE LEAKING.,OK,#2,INTAKE,LEAKING,,REMOVED & REPLACED #2 INTAKE GASKET.,,,INTAKE GASKET,REMOVED & REPLACED,
100815,R/H BAFFLE #3 CYLINDER NEEDS BAFFLE SCREW.,OK,R/H BAFFLE #3 CYLINDER,BAFFLE SCREW,NEED PROBLEM,,INSTALLED NEW FASTENER ON BAFFLE.,,NEW,FASTENER,INSTALLED,
100816,#2 CYLINDER INTAKE GASKET LEAKING.,OK,#2 CYLINDER,INTAKE GASKET,LEAKING,,REMOVED & REPLACED INTAKE GASKET. CLEANED EXISTING LEAK,,,"INTAKE GASKET, LEAK","REMOVED & REPLACED , CLEANED",
100817,#3 & 4 CYLINDER ROCKER COVER GASKETS LEAKING.,OK,#3 & 4 CYLINDER,ROCKER COVER GASKETS,LEAKING,,"REMOVED & REPLACED ROCKER COVER GASKETS, CLEANED AREA O",,,"ROCKER COVER GASKETS, AREA","REMOVED & REPLACED , CLEANED",
100818,L/H REAR ENGINE BAFFLE CRACKED.,OK,L/H REAR ENGINE,BAFFLE,CRACKED,,STOP DRILLED CRACK.,,,DRILLED CRACK,STOP,
100819,#2 INDUCTION TUBE GASKET LEAKING.,OK,#2,INDUCTION TUBE GASKET,LEAKING,,INSTALLED NEW #2 INDUCTION TUBE GASKET.,,NEW,INDUCTION TUBE GASKET,INSTALLED,
100820,#2 CYLINDER ROCKER COVER GASKET LEAKING.,OK,#2 CYLINDER,ROCKER COVER GASKET,LEAKING,,REMOVED & REPLACED ROCKER COVER GASKET. CLEARED INITIAL,,,"ROCKER COVER GASKET, INITIAL","REMOVED & REPLACED , CLEARED",
100821,#2 INTAKE IS LEAKING.,OK,#2,INTAKE,LEAKING,,REMOVED & REPLACED INTAKE GASKET.,,,INTAKE GASKET,REMOVED & REPLACED,
100822,#1 ROCKER COVER IS LEAKING.,OK,#1,ROCKER COVER,LEAKING,,REMOVED & REPLACED ROCKER COVER GASKETS.,,,ROCKER COVER GASKETS,REMOVED & REPLACED,
100823,TOP & BOTTOM RUDDER COVERS ARE CRACKED.,OK,TOP & BOTTOM,RUDDER COVERS,CRACKED,,STOP DRILLED CRACKS & FILLED WITH 2 PART EPOXY.,,,"DRILLED CRACK , EPOXY",STOP & FILLED,
100824,#4 INDUCTION TUBE GASKET LEAKING.,OK,#4,INDUCTION TUBE GASKET,LEAKING,,REMOVED & REPLACED CYLINDER #4 INTAKE TUBE GASKET.,,,INTAKE TUBE GASKET,REMOVED & REPLACED,
100825,"FRONT BAFFLE BY INTAKE HEAT, AROUND MUFFLER SHROUD, IS CRACK",OK,"FRONT BAFFLE BY INTAKE HEAT, AROUND MUFFLER SHROUD",BAFFLE,CRACK,,REMOVED MUFFLER TO GAIN ACCESS. BEGAN FABRICATING PATCH,,,"MUFFLER, PATCH","REMOVED, FABRICATING",
100826,CYLINDER #2 ROCKER COVER IS LEAKING.,OK,CYLINDER #2,ROCKER COVER,LEAKING,,REPLACED ROCKER COVER GASKET.,,,ROCKER COVER GASKET,REPLACED,
100827,FORWARD BAFFLE CENTER SECTION IS WORN THROUGH.,OK,FORWARD CENTER SECTION,BAFFLE,WORN,,REMOVED WORN SECTION OF BAFFLE. FABRICATED NEW SECTION,,NEW,"SECTION, SECTION","REMOVED, FABRICATED",
100828,L/H ENGINE #2 INTAKE IS LEAKING.,OK,L/H ENGINE #2,INTAKE,LEAKING,,REMOVED & REPLACED INTAKE GASKET.,,,INTAKE GASKET,REMOVED & REPLACED,
100829,L/H ENGINE #3 INTAKE GASKET LEAKING.,OK,L/H ENGINE #3,INTAKE GASKET,LEAKING,,REMOVED & REPLACED L/H ENGINE #3 INTAKE GASKET.,,,INTAKE GASKET,REMOVED & REPLACED,
100830,"L/H ENGINE #2, 3 ROCKER COVERS ARE LEAKING.",OK,"L/H ENGINE #2, 3",ROCKER COVERS,LEAKING,,REMOVED & REPLACED ROCKER COVER GASKETS.,,,ROCKER COVER GASKETS,REMOVED & REPLACED,
100831,"#3 ROCKER COVER, ROCKER SHAFT PLUGS ARE BROKEN.",OK,#3,"ROCKER COVER, ROCKER SHAFT PLUGS",BROKEN,,REMOVED & REPLACED ROCKER SHAFT PLUGS.,,,ROCKER SHAFT PLUGS,REMOVED & REPLACED,
100832,CYLINDER #2 INTAKE IS LEAKING.,OK,CYLINDER #2,INTAKE,LEAKING,,REPLACED INTAKE GASKET.,,,INTAKE GASKET,REPLACED,
100833,CYLINDER #2 & 4 ROCKER COVERS ARE LEAKING.,OK,CYLINDER #2 & 4,ROCKER COVERS,LEAKING,,REPLACED ROCKER COVER GASKET.,,,ROCKER COVER GASKET,REPLACED,
100834,#2 INTAKE IS LEAKING.,OK,#2,INTAKE,LEAKING,,REMOVED & REPLACED GASKET.,,,GASKET,REMOVED & REPLACED,
100835,ENGINE IS DIRTY.,OK,ENGINE,,DIRTY,,WASHED ENGINE.,,,ENGINE,WASHED,
100836,#1 & 3 INTAKES ARE LEAKING.,OK,#1 & 3,INTAKES,LEAKING,,REMOVED & REPLACED INTAKE GASKET.,,,INTAKE GASKET,REMOVED & REPLACED,
100837,R/H BACK BAFFLE IS MISSING A SCREW.,OK,R/H BACK,BAFFLE SCREW,MISSING,,INSTALLED NEW BAFFLE SCREW.,,NEW,BAFFLE SCREW,INSTALLED,
100838,R/H FRONT BAFFLE SEAL RIVET IS BROKEN.,OK,R/H FRONT,BAFFLE SEAL RIVET,BROKEN,,REMOVED RIVET & REPLACED WITH A SCREW.,,SCREW,RIVET,REMOVED & REPLACED,
100839,CYLINDER #2 INTAKE PUSH ROD TUBE INNER SEAL IS WEEPING.,OK,CYLINDER #2,INTAKE PUSH ROD TUBE INNER SEAL,WEEPING,,LEAK CHECK GOOD.,,,LEAK,CHECK,
100840,CYLINDER #2 INTAKE PUSH ROD TUBE INNER SEAL IS WEEPING.,OK,CYLINDER #2,INTAKE PUSH ROD TUBE INNER SEAL,WEEPING,,ROTATED PUSH ROD TUBE TO RESEAT SEAL.,,,PUSH ROD TUBE SEAL,ROTATED,
100841,FORWARD BAFFLE IS CRACKED UNDER HEAT SHROUD AIR INTAKE.,OK,"FORWARD, UNDER HEAT SHROUD AIR INTAKE",BAFFLE,CRACKED,,"STOP DRILLED CRACKS, FABRICATED PATCH OUT OF LIKE MATER",,LIKE MATER,"DRILLED CRACKS , PATCH","STOP , FABRICATED",
100842,R/H SIDE OF BAFFLE IS CRACKED.,OK,R/H SIDE,BAFFLE,CRACKED,,STOP DRILLED CRACK.,,,DRILLED CRACK,STOP,
100843,#4 ROCKER COVER IS LEAKING.,OK,#4,ROCKER COVER,LEAKING,,REMOVED & REPLACED ROCKER COVER.,,,ROCKER COVER,REMOVED & REPLACED,
100844,R/H ENGINE ROCKER COVER SCREWS LOOSE.,OK,R/H ENGINE,ROCKER COVER SCREWS,LOOSE,,TIGHTENED SCREWS.,,,SCREWS,TIGHTENED,
100845,R/H ENGINE CYLINDER #3 INTAKE IS LEAKING.,OK,R/H ENGINE CYLINDER #3,INTAKE,LEAKING,,REMOVED & REPLACED R/H #3 INTAKE GASKET.,,,INTAKE GASKET,REMOVED & REPLACED,
100846,"#2, 3 ROCKER COVER GASKETS LEAKING.",OK,"#2, 3",ROCKER COVER GASKETS,LEAKING,,"REMOVED & REPLACED #2, 3 ROCKER COVER GASKETS. REPLACED",,,ROCKER COVER GASKETS,"REMOVED & REPLACED , REPLACED",
100847,#2 INTAKE GASKET LEAKING.,OK,#2,INTAKE GASKET,LEAKING,,REMOVED & REPLACED INTAKE GASKET WITH NEW.,,NEW,INTAKE GASKET,REMOVED & REPLACED,
100848,OIL COOLER HOSE REQUIRES REPOSITIONING.,OK,,OIL COOLER HOSE,REQUIRE PROBLEM,,REPOSITIONED & TIGHTENED OIL HOSE.,,,OIL HOSE,REPOSITIONED & TIGHTENED,
100849,#1 & 2 ROCKER COVERS MISSING 2 SCREWS.,OK,#1 & 2,ROCKER COVERS SCREWS,MISSING,,REPLACED SCREWS.,,,SCREWS,REPLACED,
100850,"#2, 3 & 4 ROCKER COVERS LEAK.",OK,"#2, 3 & 4",ROCKER COVERS,LEAK,,REMOVED & REPLACED ROCKER COVER GASKETS.,,,ROCKER COVER GASKETS,REMOVED & REPLACED,
100851,L/H BAFFLE O/B TIE ROD IS BROKEN.,OK,L/H ,BAFFLE O/B TIE ROD,BROKEN,,REMOVED & REPLACED L/H BAFFLE TIE ROD.,,,TIE ROD,REMOVED & REPLACED,
100852,L/H REAR BAFFLE MOUNT IS LOOSE.,OK,L/H REAR,BAFFLE MOUNT,LOOSE,,"SECURED HARDWARE, BAFFLE CHECKS GOOD FOR SECURITY.",,,"HARDWARE, BAFFLE","SECURED, CHECK",
100853,ENGINE IDLES VERY IRRATICALLY BELOW 1150 RPM.,OK,ENGINE,,RPM,,TRIED MAKING SEVERAL IDLE MIXTURE ADJUSTMENTS. REPLACED,,,,,
100854,ENGINE IDLES VERY IRRATICALLY BELOW 1150 RPM.,OK,ENGINE,,RPM,,REPLACED FUEL PUMP. PROBLEM PERSISTED,,,FUEL PUMP,REPLACED,
100855,ENGINE IDLES VERY IRRATICALLY BELOW 1150 RPM.,OK,ENGINE,,RPM,,RETIMED BOTH MAGS. BEGAN REPLACEMENT OF FUEL INJECTOR S,,,"MAGS,FUEL INJECTOR","RETIMED,REPLACEMENT",
100856,ENGINE IDLES VERY IRRATICALLY BELOW 1150 RPM.,OK,ENGINE,,RPM,,"STARTED ENGINE IN HANGAR, OPS CHECK GOOD AT & BELOW 100",,,ENGINE,STARTED & CHECK,
100857,TOP CENTER BAFFEL SCREW IS HITTING MOUNT,OK,TOP CENTER,BAFFEL SCREW,HITTING,,INSPECTED & DETERMINED SCRATCH WAS NEGLIGIBLE. BLENDED,,,SCRATCH,"INSPECTED & DETERMINED, BLENDED",
100858,R/H ENGINE #2 & 3 INTAKE GASKETS ARE LEAKING.,OK,R/H ENGINE #2 & 3,INTAKE GASKETS,LEAKING,,INSTALLED NEW GASKETS.,,NEW,GASKETS,INSTALLED,
100859,#2 & 3 ROCKER COVER GASKETS LEAKING.,OK,#2 & 3,ROCKER COVER GASKETS,LEAKING,,REMOVED & REPLACED #2 & 3 ROCKER COVER GASKETS.,,,ROCKER COVER GASKETS,REMOVED & REPLACED,
100860,#3 BAFFLE IS MISSING SCREW ON BRACKET.,OK,#3,BAFFLE SCREW,MISSING,,INSTALLED NEW SCREW.,,NEW,SCREW,INSTALLED,
100861,"#2, 3 & 4 ROCKER COVERS ARE LEAKING.",OK,"#2, 3 & 4",ROCKER COVERS,LEAKING,,REMOVED & REPLACED ROCKER COVER GASKETS.,,,ROCKER COVER GASKETS,REMOVED & REPLACED,
100862,#2 INTAKE GASKET LEAKS.,OK,#2,INTAKE GASKET,LEAKS,,REMOVED & REPLACED INTAKE GASKET.,,,INTAKE GASKET,REMOVED & REPLACED,
100863,"#1, 3, 4 ROCKER COVER GASKETS LEAKING.",OK,"#1, 3, 4",ROCKER COVER GASKETS,LEAKING,,REMOVED & REPLACED ROCKER COVER GASKETS.,,,ROCKER COVER GASKETS,REMOVED & REPLACED,
100864,INTAKE TUBE #2 LEAKING.,OK,#2,INTAKE TUBE,LEAKING,,REMOVED & REPLACED INTAKE GASKET #2.,,,INTAKE GASKET,REMOVED & REPLACED,
100865,REAR R/H ENGINE BAFFLE BRACKET RIVETS LOOSE.,OK,REAR R/H ENGINE,BAFFLE BRACKET RIVETS,LOOSE,,"REMOVED BAFFLE, INSTALLED NEW BRACKET HARDWARE. REINSTA",,NEW,"BAFFLE, BRACKET HARDWARE","REMOVED, INSTALLED",
100866,#1 INTAKE HAS EVIDENCE OF LEAKING.,OK,#1,INTAKE,LEAKING,,REPLACED GASKET.,,,GASKET,REPLACED,
100867,#4 INTAKE GASKET IS LEAKING.,OK,#4,INTAKE GASKET,LEAKING,,REPLACED GASKET.,,,GASKET,REPLACED,
100868,CYLINDER #2 & 4 INTAKES ARE LEAKING.,OK,CYLINDER #2 & 4,INTAKES,LEAKING,,REMOVED & REPLACED INTAKE GASKETS.,,,INTAKE GASKETS,REMOVED & REPLACED,
100869,#2 INDUCTION TUBE GASKET LEAKING.,OK,#2,INDUCTION TUBE GASKET,LEAKING,,INSTALLED NEW INDUCTION TUBE GASKET.,,NEW,INDUCTION TUBE GASKET,INSTALLED,
100870,#2 & 1 ROCKER COVERS LEAKING.,OK,#2 & 1,ROCKER COVERS,LEAKING,,REMOVED & REPLACED ROCKER COVER GASKETS WITH NEW.,,NEW,ROCKER COVER GASKETS,REMOVED & REPLACED,
100871,R/H BAFFLE SPRING BROKEN.,OK,R/H,BAFFLE SPRING,BROKEN,,REMOVED & REPLACED BAFFLE SPRING WITH NEW.,,NEW,BAFFLE SPRING,REMOVED & REPLACED,
100872,R/H AFT BAFFLE CRACKED.,OK,R/H AFT,BAFFLE,CRACKED,,INSPECTED & FOUND CRACK TO HAVE BEEN PREVIOUSLY REPAIRE,,,DRILLED CRACK,INSPECTED & FOUND,CRACK TO HAVE BEEN PREVIOUSLY REPAIRE
100873,FELT VIBRATION LIKE STUCK VALVE IN FLIGHT.,OK,,VALVE,STUCK,VIBERATION,STARTED DISASSEMBLY FOR VALVE REAMING.,,,VALVE,STARTED DISASSEMBLY,
100874,FELT VIBRATION LIKE STUCK VALVE IN FLIGHT.,OK,,VALVE,STUCK,VIBERATION,FINISHED DISASSEMBLY & BEGAN REAMING EXHAUST VALVES.,,,EXHAUST VALVES,DISASSEMBLED & REAMED,
100875,FELT VIBRATION LIKE STUCK VALVE IN FLIGHT.,OK,,VALVE,STUCK,VIBERATION,FINISHED REAMING ALL 4 EXHAUST VALVE GUIDES. BEGAN REAS,,,EXHAUST VALVE GUIDES,REAMING,
100876,FELT VIBRATION LIKE STUCK VALVE IN FLIGHT.,OK,,VALVE,STUCK,VIBERATION,"COMPLETED ASSEMBLY OF BAFFLES, CLAMPS, FUEL SUPPLY HOSE, OI",,,"BAFFLES, CLAMPS, FUEL SUPPLY HOSE, OI",COMPLETED ASSEMBLY,
100877,#2 INTAKE ON R/H ENGINE LEAKING.,OK,#2 ON R/H ENGINE,INTAKE,LEAKING,,REPLACED GASKET.,,,GASKET,REPLACED,
100878,#2 & 4 INTAKES LEAKING ON L/H ENGINE.,OK,#2 & 4 ON L/H ENGINE,INTAKES,LEAKING,,REMOVED & REPLACED GASKETS.,,,GASKETS,REMOVED & REPLACED,
100879,#2 ROCKER COVER LEAKING ON R/H ENGINE.,OK,#2 ON R/H ENGINE,ROCKER COVER,LEAKING,,REMOVED & REPLACED GASKET.,,,GASKET,REMOVED & REPLACED,
100880,R/H BAFFLE SPRING BROKEN.,OK,R/H,BAFFLE SPRING,BROKEN,,REMOVED & REPLACED BAFFLE SPRING WITH NEW.,,NEW,BAFFLE SPRING,REMOVED & REPLACED,
100881,AFT BAFFLE BRACKET MISSING RIVETS.,OK,AFT,BAFFLE BRACKET RIVETS,MISSING,,INSTALLED NEW RIVETS IN BRACKET IAW STRUCTURAL R,,NEW,RIVETS,INSTALLED,
100882,L/H ENGINE CYLINDER #2 INTAKE IS LEAKING.,OK,L/H ENGINE CYLINDER #2,INTAKE,LEAKING,,REPLACED INTAKE GASKET.,,,INTAKE GASKET,REPLACED,
100883,R/H ENGINE #3 CYLINDER INTAKE IS LEAKING.,OK,R/H ENGINE #3 CYLINDER,INTAKE,LEAKING,,REPLACED INTAKE GASKET.,,,INTAKE GASKET,REPLACED,
100884,L/H ENGINE #4 INTAKE TUBE GASKET LEAKING.,OK,L/H ENGINE #4,INTAKE TUBE GASKET,LEAKING,,REPLACED INTAKE GASKET.,,,INTAKE GASKET,REPLACED,
100885,R/H ENGINE CYLINDER #1 PRIMER LINE SLEEVE IS TORN.,OK,R/H ENGINE CYLINDER #1,PRIMER LINE SLEEVE,TORN,,REPLACED TORN PRIMER LINE SLEEVE.,,,PRIMER LINE SLEEVE,REPLACED,
100886,R/H ENGINE #2 INTAKE IS LEAKING.,OK,R/H ENGINE #2,INTAKE,LEAKING,,REMOVED & REPLACED GASKET.,,,GASKET,REMOVED & REPLACED,
100887,L/H ENGINE #2 INTAKE IS LEAKING.,OK,L/H ENGINE #2,INTAKE,LEAKING,,REMOVED & REPLACED #2 INTAKE GASKET.,,,INTAKE GASKET,REMOVED & REPLACED,
100888,R/H ENGINE BAFFLE SEAL UNDER PROP GOVERNOR IS LOOSE.,OK,R/H ENGINE UNDER PROP GOVERNOR,BAFFLE SEAL,LOOSE,,RESECURED BAFFLE SEAL.,,,BAFFLE SEAL,RESECURED,
100889,L/H ENGINE #2 ROCKER COVER IS LEAKING.,OK,L/H ENGINE #2,ROCKER COVER,LEAKING,,REMOVED & REPLACED L/H ENGINE #2 ROCKER COVER GASKET.,,,ROCKER COVER GASKET,REMOVED & REPLACED,
100890,"SCREW MISSING, L/H AFT BAFFLING, ON ENGINE (BEHIND DIPSTICK TUB",OK,L/H AFT BAFFLING ON ENGINE,BAFFLING SCREW,MISSING,,INSTALLED SCREW.,,,SCREW,INSTALLED,
100891,#2 EXHAUST GAS TEMPERATURE READ HIGH 100 - 150 DEGREES ABOVE OTHER CYLS.,OK,#2,EXHAUST GAS,TEMPERATURE,,REMOVED OBSTRUCTION FROM #2 CYLINDER INJECTOR NOZZLE. REINST,,,INJECTOR NOZZLE,REMOVED,
100892,"L/H ENGINE, L/H MAGNETO HAD DROP OF 300 RPM ON RUN UP. LEANE",OK,L/H ENGINE L/H MAGNETO,MAGNETO,DROP,,"RAN UP A/C, LEANED MIXTURE TO CLEAR FOULED PLUG. MAGNETOS DR",,,"A/C, MIXTURE, MAGNETOS","RAN , LEANED",
100893,"LEAKING INTAKE GASKETS, CYLINDER #2 & 3.",OK,CYLINDER #2 & 3,INTAKE GASKETS,LEAKING,,REMOVED & REPLACED INTAKE GASKETS.,,,INTAKE GASKETS,REMOVED & REPLACED,
100894,#2 & 1 ROCKER COVERS ARE LEAKING.,OK,#2 & 1,ROCKER COVERS,LEAKING,,REOMVED & REPLACED ROCKER GASKETS.,,,ROCKER GASKETS,REMOVED & REPLACED,
100895,"R/H ENGINE, L/H SIDE FORWARD COWL SEAL IS LOOSE.",OK,"R/H ENGINE, L/H SIDE FORWARD",COWL SEAL,LOOSE,,SECURED SEAL.,,,SEAL,SECURED,
100896,L/H ENGINE #3 & 4 ROCKER COVERS ARE LEAKING.,OK,L/H ENGINE #3 & 4,ROCKER COVERS,LEAKING,,REMOVED & REPLACED L/H ENGINE #3 & 4 ROCKER COVER GASKE,,,ROCKER COVER GASKET,REMOVED & REPLACED,
100897,R/H ENGINE #3 & 4 ROCKER COVERS ARE LEAKING.,OK,R/H ENGINE #3 & 4,ROCKER COVERS,LEAKING,,REMOVED & REPLACED R/H ENGINE #3 & 4 ROCKER COVER GASKE,,,ROCKER COVER GASKET,REMOVED & REPLACED,
100898,CYLINDER #2 & 4 INTAKE GASKETS LEAKING.,OK,CYLINDER #2 & 4,INTAKE GASKETS,LEAKING,,REMOVED & REPLACED GASKETS.,,,GASKETS,REMOVED & REPLACED,
100899,CYLINDER #3 ROCKER COVER GASKET LEAKING.,OK,CYLINDER #3,ROCKER COVER GASKET,LEAKING,,REMOVED & REPLACED GASKET.,,,GASKET,REMOVED & REPLACED,
100900,#1 & 2 ROCKER COVERS LEAKING.,OK,#1 & 2,ROCKER COVERS,LEAKING,,REMOVED & REPLACED 1 & 2 ROCKER COVER GASKETS.,,,ROCKER COVER GASKETS,REMOVED & REPLACED,
100901,CYLINDER #1 INTAKE IS LEAKING.,OK,CYLINDER #1,INTAKE,LEAKING,,REPLACED GASKET.,,,GASKET,REPLACED,
100902,R/H FORWARD BAFFLE SEAL NEEDS TO BE SECURED.,OK,R/H FORWARD,BAFFLE SEAL,NEED PROBLEM,,"REPLACED BAFFLE SEAL, FOUND UNSERVICEABLE.",,,BAFFLE SEAL,REPLACED,
100903,BACK L/H BAFFLE HAS A CRACK.,OK,BACK L/H,BAFFLE,CRACK,,STOP DRILLED CRACK.,,,DRILLED CRACK,STOP,
100904,#2 INTAKE IS LEAKING.,OK,#2,INTAKE,LEAKING,,REMOVED & REPLACED INTAKE GASKET.,,,INTAKE GASKET,REMOVED & REPLACED,
100905,#2 ROCKER COVER LEAKING.,OK,#2,ROCKER COVER,LEAKING,,REMOVED & REPLACED #2 ROCKER COVER GASKET.,,,ROCKER COVER GASKET,REMOVED & REPLACED,
100906,#4 INTAKE LEAKING.,OK,#4,INTAKE,LEAKING,,REMOVED & REPLACED #4 INTAKE GASKET.,,,INTAKE GASKET,REMOVED & REPLACED,
100907,#4 ROCKER COVER LEAKING.,OK,#4,ROCKER COVER,LEAKING,,REMOVED & REPLACED #4 ROCKER COVER GASKET.,,,ROCKER COVER GASKET,REMOVED & REPLACED,
100908,TEST FLIGHT NEEDED FOR UNUSUAL VIBRATION.,OK,,,NEED PROBLEM,,FOR TEST FLIGHT.,,,,,
100909,TEST FLIGHT NEEDED FOR UNUSUAL VIBRATION.,OK,,,NEED PROBLEM,,"REMOVED, CLEANED & INSTALLED #1 & 3 FUEL INJ NOZZLES.",,,FUEL INJ NOZZLES,"REMOVED , CLEANED & INSTALLED",
100910,TEST FLIGHT NEEDED FOR UNUSUAL VIBRATION.,OK,,,NEED PROBLEM,,"REMOVED SPARK PLUGS, LEADS, SIDE BAFFLES, LOWER COUPLIN",,,"SPARK PLUGS, LEADS, SIDE BAFFLES, LOWER COUPLIN",REMOVED,
100911,TEST FLIGHT NEEDED FOR UNUSUAL VIBRATION.,OK,,,NEED PROBLEM,,"REMOVED, CLEANED, REINSTALLED #2, 4 FUEL INJ NOZZLES. O",,,FUEL INJ NOZZLES,"REMOVED , CLEANED & REINSTALLED",
100912,CYLINDER #2 INTAKE IS LEAKING.,OK,CYLINDER #2,INTAKE,LEAKING,,REMOVED & REPLACED GASKET WITH NEW.,,NEW,GASKET,REMOVED & REPLACED,
100913,NO COMPRESSION ON #4 CYLINDER.,OK,#4 CYLINDER,,COMPRESSION,,"RAN UP A/C 2ND TIME, COMPRESSIONS ABOUT 20 PSI.",,,A/C,RAN,
100914,NO COMPRESSION ON #4 CYLINDER.,OK,#4 CYLINDER,,COMPRESSION,,STAKED VALVES. COMPRESSION ROSE TO 76/80 AFTER STAKING,,,"VALVES, COMPRESSION","STAKED, ROSE",
100915,CYLINDER #1 EXTERNAL VALVE IS STICKING (40/80).,OK,CYLINDER #1,EXTERNAL VALVE,STICKING,,ATTEMPTED TO STAKE VALVE BUT COMPRESSION REMAINS AT 40/,,,"VALVE, COMPRESSION","ATTEMPTED TO STAKE, REMAINS",
100916,CYLINDER #1 EXTERNAL VALVE IS STICKING (40/80).,OK,CYLINDER #1,EXTERNAL VALVE,STICKING,,"RAN A/C, COMPRESSIONS REMAINS LOW. DISASSEMBLED AS REQU",,,"A/C, COMPRESSIONS","RAN, REMAINS LOW & DISASSEMBLED",
100917,CYLINDER #1 EXTERNAL VALVE IS STICKING (40/80).,OK,CYLINDER #1,EXTERNAL VALVE,STICKING,,COMPLETED CYLINDER INSTALLATION IAW LYCOMING OVERHAUL M,,,CYLINDER,COMPLETED INSTALLATION,
100918,#3 CYLINDER BAFFLE BRACKET RIVETS ARE LOOSE ON BACK SIDE OF BAFFL,OK,#3 CYLINDER BACK SIDE OF BAFFL,BAFFLE BRACKET RIVETS,LOOSE,,"REMOVED BAFFLE, REINSTALLED BRACKET. REINSTALLED BAFFLE",,,"BAFFLE, BRACKET, BAFFLE","REMOVED, REINSTALLED, REINSTALLED",
100919,CYLINDER #3 ROCKER COVER GASKET LEAKING.,OK,CYLINDER #3,ROCKER COVER GASKET,LEAKING,,REMOVED & REPLACED ROCKER COVER GASKET. CLEANED LEAKS.,,,"ROCKER COVER GASKET, LEAKS","REMOVED & REPLACED , CLEANED",
100920,FRONT RUBBER BAFFLE CHAFING ON STARTER GROUND WIRE.,OK,FRONT,RUBBER BAFFLE,CHAFING,,"REMOVED RUBBER BAFFLE, TRIMMED AS NECESSARY & REINSTALL",,,RUBBER BAFFLE,REMOVED & TRIMMED & REINSTALLED,
100921,OVERSPEED OF 3300 IN FLT.,OK,FLT,,OVERSPEED,,"COMPRESSIONS: #1-79, #2-74, #3-77, #4-73. C/W REQUIREME",,,COMPRESSION,REQUIRE,
100922,"#2, 4 ROCKER COVER GASKETS LEAKING.",OK,"#2, 4",ROCKER COVER GASKETS,LEAKING,,"REMOVED & REPLACED #2, 4 ROCKER COVER GASKETS.",,,ROCKER COVER GASKETS,REMOVED & REPLACED,
100923,L/H ENGINE #4 INTAKE LEAKING.,OK,L/H ENGINE #4,INTAKE,LEAKING,,REPLACED GASKET.,,,GASKET,REPLACED,
100924,L/H ENGINE #4 ROCKER COVER LEAKING.,OK,L/H ENGINE #4,ROCKER COVER,LEAKING,,REPLACED GASKET.,,,GASKET,REPLACED,
100925,R/H ENGINE #4 INTAKE LEAKING.,OK,R/H ENGINE #4,INTAKE,LEAKING,,REMOVED & REPLACED #4 INTAKE GASKET ON R/H ENGINE.,,,INTAKE GASKET,REMOVED & REPLACED,
100926,R/H ENGINE IGNITION LEAD LACING CORE BROKEN TO OIL RIGGED LI,OK,R/H ENGINE,IGNITION LEAD LACING CORE,BROKEN,,REMOVED DAMAGED LACING CORD.,,,LACING CORD,REMOVED,
100927,CYLINDER #2 INTAKE IS LEAKING.,OK,CYLINDER #2,INTAKE,LEAKING,,REPLACED INTAKE GASKET.,,,INTAKE GASKET,REPLACED,
100928,CYLINDER #2 INTAKE GASKET LEAKING.,OK,CYLINDER #2,INTAKE GASKET,LEAKING,,REMOVED & REPLACED GASKET WITH NEW.,,NEW,GASKET,REMOVED & REPLACED,
100929,RING GEAR TEETH APPEAR TO BE DAMAGED.,OK,,RING GEAR TEETH,DAMAGED,,DRESSED RING GEAR TEETH.,,,RING GEAR TEETH,DRESSED,
100930,"CYLINDER #4, 1 ROCKER COVER GASKET LEAKING.",OK,"CYLINDER #4, 1",ROCKER COVER GASKET,LEAKING,,"REMOVED & REPLACED CYLINDER #1, 4 ROCKER COVER GASKETS.",,,ROCKER COVER GASKETS,REMOVED & REPLACED,
100931,#2 CYLINDER INTAKE GASKET LEAKING.,OK,#2 CYLINDER,INTAKE GASKET,LEAKING,,REMOVED & REPLACED GASKET.,,,GASKET,REMOVED & REPLACED,
100932,ROCKER COVER FOR CYLINDER #2 IS LEAKING.,OK,CYLINDER #2,ROCKER COVER,LEAKING,,REMOVED & REPLACED ROCKER COVER GASKET.,,,ROCKER COVER GASKET,REMOVED & REPLACED,
100933,#3 INTAKE GASKET LEAKING.,OK,#3,INTAKE GASKET,LEAKING,,REMOVED & REPLACED #3 INTAKE GASKET.,,,INTAKE GASKET,REMOVED & REPLACED,
100934,#4 ROCKER COVER GASKET LEAKING.,OK,#4,ROCKER COVER GASKET,LEAKING,,REMOVED & REPLACED #4 ROCKER COVER GASKET.,,,ROCKER COVER GASKET,REMOVED & REPLACED,
100935,"REAR BAFFLE MOUNT SCREW IS LOOSE, BEHIND DIPSTICK TUBE.",OK,REAR,BAFFLE MOUNT SCREW,LOOSE,,"REMOVED DIPSTICK TUBE TO GAIN ACCESS. REMOVED SCREW, IN",,,"DIPSTICK TUBE, SCREW","REMOVED, REMOVED",
100936,#2 CYLILNDER ROCKER COVER LEAKING.,OK,#2 CYLILNDER,ROCKER COVER,LEAKING,,REMOVED & REPLACED GASKET.,,,GASKET,REMOVED & REPLACED,
100937,#2 CYLINDER INTAKE GASKET LEAKING.,OK,#2 CYLINDER,INTAKE GASKET,LEAKING,,REMOVED & REPLACED GASKET.,,,GASKET,REMOVED & REPLACED,
100938,#3 ROCKER COVER LEAKING.,OK,#3,ROCKER COVER,LEAKING,,REMOVED & REPLACED #3 ROCKER COVER GASKET.,,,ROCKER COVER GASKET,REMOVED & REPLACED,
100939,FRONT R/H BAFFLE SEAL IS NOT ATTACHED.,OK,FRONT R/H,BAFFLE SEAL,NOT ATTACHED,,FOUND SEAL TORN. REMOVED & REPLACED BAFFLE SEAL.,,,"SEAL, BAFFLE SEAL","FOUND , REMOVED & REPLACED",SEAL TORN
100940,ENGINE RAN ROUGH. AFTER RPM'S WERE STAB,OK,ENGINE,,ROUGH,,"PERFORMED GROUND RUN, OPS CHECKED GOOD. DECOWLED, REMOV",,,OPS,"GROUND RUN, CHECKED, DECOWLED , REMOV",
100941,ENGINE RAN ROUGH. AFTER RPM'S WERE STAB,OK,ENGINE,,ROUGH,,REMOVED & REPLACED #4 PISTON & CYLINDER ASSEMBLY IAW LYCOMING DI,,,PISTON & CYLINDER ASSEMBLY,REMOVED & REPLACED,
100942,ENGINE RAN ROUGH. AFTER RPM'S WERE STAB,OK,ENGINE,,ROUGH,,"RAN UP A/C, OPS & LEAK CHECK GOOD.",,,"A/C, OPS & LEAK","RAN , CHECK",
100943,SCREW MISSING BEHIND #3 BAFFLE.,OK,BEHIND #3,BAFFLE SCREW,MISSING,,REPLACED SCREW.,,,SCREW,REPLACED,
100944,"#2, 4 INTAKES LEAKING.",OK,"#2, 4",INTAKES,LEAKING,,REMOVED & REPLACED INTAKE GASKETS.,,,INTAKE GASKETS,REMOVED & REPLACED,
100945,FORWARD R/H BAFFLE SEAL IS TORN.,OK,FORWARD R/H,BAFFLE SEAL,TORN,,REMOVED & REPLACED BAFFLE SEAL.,,,BAFFLE SEAL,REMOVED & REPLACED,
100946,#3 CYLINDER INTAKE GASKET IS LEAKING.,OK,#3 CYLINDER,INTAKE GASKET,LEAKING,,REMOVED & REPLACED GASKET.,,,GASKET,REMOVED & REPLACED,
100947,OIL COOLER STAND OFFS NEED ADJUSTMENT.,OK,,OIL COOLER STAND OFFS,NEED PROBLEM,,ADJUSTED OIL COOLER STAND OFFS.,,,OIL COOLER STAND OFFS,ADJUSTED,
100948,"ENGINE L/H SIDE BAFFLE, MIDDLE MOUNT RIVETS ARE LOOSE.",OK,ENGINE L/H SIDE BAFFLE MIDDLE MOUNT,RIVETS,LOOSE,,REPLACED LOOSE RIVETS.,,,RIVETS,REPLACED,
100949,L/H AFT BAFFLE CRACKED PAST STOP DRILL.,OK,L/H AFT,BAFFLE,CRACKED,,"STOP DRILLED CRACK, CRACK WAS PREVIOUSLY PATCHED.",,,DRILLED CRACK,STOP,
100950,"ROCKER COVER GASKETS #2, 3 LEAKING.",OK,"#2, 3",ROCKER COVER GASKETS,LEAKING,,REMOVED & REPLACED ROCKER COVER GASKETS.,,,ROCKER COVER GASKETS,REMOVED & REPLACED,
100951,#2 CYLINDER ROCKER COVER GASKET LEAKING.,OK,#2 CYLINDER,ROCKER COVER GASKET,LEAKING,,REMOVED & REPLACED ROCKER COVER GASKET.,,,ROCKER COVER GASKET,REMOVED & REPLACED,
100952,FULL POWER ONLY RESULTS IN 2640 RPM ON L/H ENGINE & 2600 RPM,OK,L/H ENGINE,,RPM,,"RAN UP A/C, COULD NOT DUPLICATE DISCREPANCY. NO DEFECTS",,,A/C,RAN,
100953,L/H ENGINE CYLINDER #4 INTAKE IS LEAKING.,OK,L/H ENGINE CYLINDER #4,INTAKE,LEAKING,,REMOVED & REPLACED GASKET.,,,GASKET,REMOVED & REPLACED,
100954,R/H ENGINE CYLINDER #3 & 4 BAFFLE SEALS NEED TO BE INSTALLED CORRECT,OK,R/H ENGINE CYLINDER #3 & 4,BAFFLE SEALS,NEED PROBLEM,,REINSTALLED R/H ENGINE CYLINDER #3 & 4 BAFFLE SEALS PROPERLY.,,,BAFFLE SEALS,REINSTALLED,
100955,L/H ENGINE CYLINDER #4 AFT & #2 SIDE BAFFLE SEAL NEEDS TO BE REATTAC,OK,L/H ENGINE CYLINDER #4 AFT & #2 SIDE,BAFFLE SEAL,NEED PROBLEM,,REINSTALLED L/H ENGINE CYLINDER #4 AFT & 2 SIDE BAFFLE SEALS,,,BAFFLE SEALS,REINSTALLED,
100956,#2 ROCKER COVER LEAKING.,OK,#2,ROCKER COVER,LEAKING,,REMOVED & REPLACED #2 ROCKER COVER GASKET.,,,ROCKER COVER GASKET,REMOVED & REPLACED,
100957,AFT R/H BAFFLE SCREW LOOSE.,OK,AFT R/H,BAFFLE SCREW,LOOSE,,RESECURED LOOSE BAFFLE SCREW. REMOVED & REPLACED SCREW.,,,"BAFFLE SCREW, SCREW","RESECURED , REMOVED & REPLACED",
100958,#4 ROCKER COVER SCREWS LOOSE.,OK,#4,ROCKER COVER SCREWS,LOOSE,,TIGHTENED ALL ROCKER COVER SCREWS.,,,ROCKER COVER SCREWS,TIGHTENED,
100959,#2 INTAKE GASKET IS LEAKING.,OK,#2,INTAKE GASKET,LEAKING,,REMOVED & REPLACED GASKET.,,,GASKET,REMOVED & REPLACED,
100960,#2 CYLINDER ROCKER COVER IS MISSING A SCREW.,OK,#2 CYLINDER,ROCKER COVER SCREW,MISSING,,INSTALLED NEW SCREW.,,NEW,SCREW,INSTALLED,
100961,R/H ENGINE #2 ROCKER COVER LEAKING.,OK,R/H ENGINE #2,ROCKER COVER,LEAKING,,REPLACED GASKET.,,,GASKET,REPLACED,
100962,L/H ENGINE #4 ROCKER COVER IS LEAKING.,OK,L/H ENGINE #4,ROCKER COVER,LEAKING,,REPLACED GASKET.,,,GASKET,REPLACED,
100963,"R/H ENGINE, #2 & 3 INTAKES ARE LEAKING.",OK,"R/H ENGINE, #2 & 3",INTAKES,LEAKING,,REPLACED #2 & 3 GASKETS.,,,GASKETS,REPLACED,
100964,L/H ENGINE #3 & 4 INTAKES ARE LEAKING.,OK,L/H ENGINE #3 & 4,INTAKES,LEAKING,,REPLACED GASKETS ON #3 & 4 INTAKES.,,,"GASKETS, INTAKES",REPLACED,
100965,R/H ENGINE O/B TOP CENTER BAFFLE SEAL IS LOOSE.,OK,R/H ENGINE O/B TOP CENTER,BAFFLE SEAL,LOOSE,,TIGHTENED BAFFLE SEAL WITH POP RIVETS.,,,BAFFLE SEAL,TIGHTENED,
100966,"L/H ENG, #4 CYLINDER SIDE BAFFLE SEAL IS COMING LOOSE.",OK,L/H ENG #4 CYLINDER SIDE ,BAFFLE SEAL,LOOSE,,RESECURED BAFFLE SEAL.,,,BAFFLE SEAL,RESECURED,
100967,"R/H ENG, #3 CYLINDER ROCKER COVER GASKET IS LEAKING.",OK,"R/H ENG, #3 CYLINDER",ROCKER COVER GASKET,LEAKING,,REMOVED & REPLACED GASKET.,,,GASKET,REMOVED & REPLACED,
100968,"R/H ENG, #3 CYLINDER INTAKE GASKET IS LEAKING.",OK,"R/H ENG, #3 CYLINDER",INTAKE GASKET,LEAKING,,REMOVED & REPLACED INTAKE GASKET.,,,INTAKE GASKET,REMOVED & REPLACED,
100969,"R/H ENGINE #3 CYLINDER SIDE BAFFLE, BOTH BOLTS MISSING.",OK,R/H ENGINE #3 CYLINDER SIDE,BAFFLE BOLTS,MISSING,,INSTALLED NEW BOLTS & WASHERS.,,NEW,"BOLTS, WASHERS",INSTALLED,
100970,R/H REAR BAFFLE MOUNTING SCREW LOOSE.,OK,R/H REAR,BAFFLE MOUNTING SCREW,LOOSE,,REMOVED & REPLACED SCREW.,,,SCREW,REMOVED & REPLACED,
100971,#1 ROCKER COVER LEAKING.,OK,#1,ROCKER COVER,LEAKING,,REMOVED & REPLACED #1 ROCKER COVER GASKET.,,,ROCKER COVER GASKET,REMOVED & REPLACED,
100972,#4 INTAKE IS LEAKING.,OK,#4,INTAKE,LEAKING,,REMOVED & REPLACED GASKET.,,,GASKET,REMOVED & REPLACED,
100973,#2 ROCKER COVER LEAKING.,OK,#2,ROCKER COVER,LEAKING,,REMOVED & REPLACED GASKET.,,,GASKET,REMOVED & REPLACED,
100974,L/H O/B LOWER BAFFLE TIE ROD BROKEN.,OK,L/H O/B LOWER,BAFFLE TIE ROD,BROKEN,,REMOVED & REPLACED TIE ROD.,,,TIE ROD,REMOVED & REPLACED,
100975,L/H FORWARD FRONT BAFFLE MISSING RUBBER PLUG.,OK,L/H FORWARD FRONT,BAFFLE RUBBER PLUG,MISSING,,REPLACED MISSING PLUG.,,,PLUG,REPLACED,
100976,MIXTURE CONTROL NOT HITTING FULL RICH.,OK,MIXTURE CONTROL,,NOT HITTING FULL RICH,,"ADJUSTED MIXTURE, OPS CHECK GOOD.",,,"MIXTURE , OPS","ADJUSTED , CHECK",
100977,#1 INTAKE TUBE GASKET LEAKING.,OK,#1,INTAKE TUBE GASKET,LEAKING,,REPLACED #1 INTAKE GASKET.,,,INTAKE GASKET,REPLACED,
100978,"1, 2 & 3 INTAKES LEAKING ON L/H ENG.",OK,"1, 2 & 3 ON L/H ENG",INTAKES,LEAKING,,REMOVED & REPLACED INTAKE GASKETS.,,,INTAKE GASKETS,REMOVED & REPLACED,
100979,"R/H ENGINE BAFFLE TIE ROD IS LOOSE, L/H SIDE.",OK,R/H ENGINE L/H SIDE,BAFFLE TIE ROD,LOOSE,,TIGHTENED BAFFLE SUPPORT ROD.,,,BAFFLE SUPPORT ROD,TIGHTENED,
100980,"R/H ENG, CYLINDER #2, 3, 4 INTAKES ARE LEAKING.",OK,"R/H ENG, CYLINDER #2, 3, 4",INTAKES,LEAKING,,REMOVED & REPLACED INTAKE GASKETS.,,,INTAKE GASKETS,REMOVED & REPLACED,
100981,"R/H ENGINE CYLINDER #2, 3, 4 ROCKER COVERS ARE LEAKING.",OK,"R/H ENGINE CYLINDER #2, 3, 4",ROCKER COVERS,LEAKING,,REPLACED ROCKER COVER GASKETS.,,,ROCKER COVER GASKETS,REPLACED,
100982,L/H ENGINE CYLINDER #3 ROCKER COVER IS LEAKING.,OK,L/H ENGINE CYLINDER #3,ROCKER COVER,LEAKING,,REMOVED & REPLACED ROCKER COVER GASKET.,,,ROCKER COVER GASKET,REMOVED & REPLACED,
100983,"R/H ENGINE, CYLINDER #3 INTAKE GASKET IS LEAKING.",OK,"R/H ENGINE, CYLINDER #3",INTAKE GASKET,LEAKING,,REMOVED & REPLACED INTAKE GASKET WITH NEW.,,NEW,INTAKE GASKET,REMOVED & REPLACED,
100984,"L/H ENGINE, CYLINDER #2, 3 & 4 INTAKE GASKETS ARE LEAKING.",OK,"L/H ENGINE, CYLINDER #2, 3 & 4",INTAKE GASKETS,LEAKING,,REMOVED & REPLACED INTAKE GASKETS.,,,INTAKE GASKETS,REMOVED & REPLACED,
100985,"L/H ENGINE, CYLINDER #2 & 3 ROCKER COVER GASKETS ARE LEAKING.",OK,"L/H ENGINE, CYLINDER #2 & 3",ROCKER COVER GASKETS,LEAKING,,REMOVED & REPLACED GASKETS WITH NEW.,,NEW,GASKETS,REMOVED & REPLACED,
100986,R/H ENGINE CYLINDER #2 & 3 ROCKER COVER GASKETS ARE LEAKING.,OK,R/H ENGINE CYLINDER #2 & 3,ROCKER COVER GASKETS,LEAKING,,REMOVED & REPLACED ROCKER COVER GASKETS WITH NEW.,,NEW,ROCKER COVER GASKETS,REMOVED & REPLACED,
100987,CYLINDER #4 ROCKER COVER GASKET LEAKING.,OK,CYLINDER #4,ROCKER COVER GASKET,LEAKING,,REMOVED & REPLACED CYLINDER #4 ROCKER COVER GASKET.,,,ROCKER COVER GASKET,REMOVED & REPLACED,
100988,ROCKER COVER GASKET CYLINDER #3 LEAKING.,OK,CYLINDER #3,ROCKER COVER GASKET,LEAKING,,REMOVED & REPLACED ROCKER COVER GASKET.,,,ROCKER COVER GASKET,REMOVED & REPLACED,
100989,STARTER INOP.,OK,,STARTER,INOP,,REMOVED & REPLACED STARTER,,,STARTER,REMOVED & REPLACED,
100990,#2 & 4 ROCKER COVER GASKETS LEAKING.,OK,#2 & 4,ROCKER COVER GASKETS,LEAKING,,REMOVED & REPLACED GASKETS WITH NEW.,,NEW,GASKETS,REMOVED & REPLACED,
100991,#2 INDUCTION TUBE GASKET LEAKING.,OK,#2,INDUCTION TUBE GASKET,LEAKING,,INSTALLED NEW #2 INDUCTION TUBE GASKET.,,NEW,INDUCTION TUBE GASKET,INSTALLED,
100992,"LOWEST PART OF ENGINE, RUBBING DIAGONAL.",OK,LOWEST PART OF ENGINE,,RUBBING,,"INSP, NO DEFECTS FOUND. ENGINE IS NOT RUBBING ON DIAGON",,,,INSP,
100993,#4 ROCKER GASKET IS LEAKING.,OK,#4,ROCKER GASKET,LEAKING,,REPLACED GASKET.,,,GASKET,REPLACED,
100994,#3 INNER EXHAUST PUSH ROD SEAL IS LEAKING.,OK,#3,INNER EXHAUST PUSH ROD SEAL,LEAKING,,REPLACED SEALS & LOCK WASHER.,,,"SEALS, LOCK WASHER",REPLACED,
100995,A/C WILL NOT MAKE POWER.,OK,A/C,,POWER PROBLEM,,"RAN A/C, FOUND A/C RAN NORMALLY. STATIC 2340 AT 12.1 GP",,,A/C,RAN,
100996,#1 INTAKE IS LEAKING.,OK,#1,INTAKE,LEAKING,,REMOVED & REPLACED GASKET.,,,GASKET,REMOVED & REPLACED,
100997,#4 INTAKE GASKET LEAKING.,OK,#4,INTAKE GASKET,LEAKING,,REPLACED GASKET.,,,GASKET,REPLACED,
100998,A/C DIED DURING IDLE CK.,OK,A/C,,DIED,,"RAN A/C, ATTEMPTED TO ADJUST IDLE MIXTURE TO CORRECT 30",,,"A/C, IDLE MIXTURE","RAN, ATTEMPTED TO ADJUST",
100999,#3 INTAKE LEAKING.,OK,#3,INTAKE,LEAKING,,REMOVED & REPLACED #3 INTAKE GASKET.,,,INTAKE GASKET,REMOVED & REPLACED,
101000,"L/H ENGINE, #2 INTAKE IS LEAKING.",OK,"L/H ENGINE, #2",INTAKE,LEAKING,,REMOVED & REPLACED INTAKE GASKETS.,,,INTAKE GASKETS,REMOVED & REPLACED,
101001,#2 & 3 ROCKER COVERS ON L/H ENGINE ARE LEAKING.,OK,#2 & 3 ON L/H ENGINE,ROCKER COVERS,LEAKING,,REMOVED & REPLACED GASKETS.,,,GASKETS,REMOVED & REPLACED,
101002,"L/H ENGINE, LEFT AFT BAFFLE BRACKET IS CRACKED.",OK,L/H ENGINE LEFT AFT,BAFFLE BRACKET,CRACKED,,REMOVED & REPLACED BRACKET.,,,BRACKET,REMOVED & REPLACED,
101003,"R/H ENGINE, #2 & 4 ROCKER COVERS ARE LEAKING.",OK,"R/H ENGINE, #2 & 4",ROCKER COVERS,LEAKING,,INSTALLED NEW ROCKER BOX COVER GASKETS.,,NEW,ROCKER BOX COVER GASKETS,INSTALLED,
101004,ROCKER GASKETS ARE LEAKING (ALL 4).,OK,ALL 4,ROCKER GASKETS,LEAKING,,REMOVED & REPLACED ALL 4 ROCKER COVER GASKETS.,,,ROCKER COVER GASKETS,REMOVED & REPLACED,
101005,"L/H ENGINE, CYLINDER #3 INTAKE GASKET LEAKING.",OK,L/H ENGINE CYLINDER #3,INTAKE GASKET,LEAKING,,REMOVED & REPLACED L/H ENGINE #3 INTAKE GASKET.,,,INTAKE GASKET,REMOVED & REPLACED,
101006,#3 INTAKE GASKET ON R/H ENGINE LEAKING.,OK,#3 ON R/H ENGINE,INTAKE GASKET,LEAKING,,REMOVED & REPLACED #3 INTAKE GASKET ON R/H ENGINE.,,,INTAKE GASKET,REMOVED & REPLACED,
101007,ENGINE SHUTDOWN WHEN THROTTLE WAS PULLED TO IDLE,OK,ENGINE,MIXTURE CONTROL,SHUTDOWN,,"ADJUSTED IDLE SETTING TO 690 RPM, MIXTURE IDLE CHECK GO",,,"IDLE SETTING , MIXTURE IDLE","ADJUSTED,CHECK",
101008,#2 INTAKE IS LEAKING.,OK,#2,INTAKE,LEAKING,,REMOVED & REPLACED GASKET.,,,GASKET,REMOVED & REPLACED,
101009,R/H ENGINE BAFFLE PLUG BROKEN.,OK,R/H ENGINE,BAFFLE PLUG,BROKEN,,INSTALLED NEW BAFFLE PLUG.,,NEW,BAFFLE PLUG,INSTALLED,
101010,CYLINDER #2 INTAKE IS LEAKING.,OK,CYLINDER #2,INTAKE,LEAKING,,REPALCED INTAKE GASKET.,,,INTAKE GASKET,REPLACED,
101011,R/H REAR BAFFLE MOUNT SCREW IS MISSING.,OK,R/H REAR,BAFFLE MOUNT SCREW,MISSING,,INSTALLED NEW SCREW.,,NEW,SCREW,INSTALLED,
101012,FORWARD BAFFLE IS CRACKED UNDER HEAT SHROUD AIR INTAKE.,OK,"FORWARD, UNDER HEAT SHROUD AIR INTAKE",BAFFLE,CRACKED,,STOP DRILLED CRACK.,,,DRILLED CRACK,STOP,
101013,#4 ROCKER COVER IS LEAKING.,OK,#4,ROCKER COVER,LEAKING,,REMOVED & REPLACED ROCKER GASKET.,,,ROCKER GASKET,REMOVED & REPLACED,
101014,CYLINDER #4 ROCKER COVER GASKET LEAKING.,OK,CYLINDER #4,ROCKER COVER GASKET,LEAKING,,REMOVED & REPLACED ROCKER COVER GASKET.,,,ROCKER COVER GASKET,REMOVED & REPLACED,
101015,BAFFLE PLUG IS MISSING.,OK,,BAFFLE PLUG,MISSING,,INSTALLED NEW PLUG.,,NEW,PLUG,INSTALLED,
101016,"WHILE ADJUSTING MIXTURE, A/C WOULD START TO QUIT @ 1450.",OK,A/C,,QUIT,,PERFORMED ENGINE RUN. COULD NOT DUPLICATE. NO DEFECTS N,,,ENGINE,RUN,
101017,#1 & 3 SIDE BAFFLE CRACKED.,OK,#1 & 3 SIDE,BAFFLE,CRACKED,,REPLACED BAFFLE.,,,BAFFLE,REPLACED,
101018,BAFFLE SCREW MISSING AT FRONT OF #2 CYL.,OK,FRONT OF #2 CYL,BAFFLE SCREW,MISSING,,REPLACED SCREW & BARREL NUT.,,,"SCREW, BARREL NUT",REPLACED,
101019,#2 INTAKE GASKET LEAKS.,OK,#2,INTAKE GASKET,LEAKS,,REPLACED GASKET.,,,GASKET,REPLACED,
101020,CYLINDER #2 INTAKE IS LEAKING.,OK,CYLINDER #2,INTAKE,LEAKING,,REMOVED & REPLACED GASKET.,,,GASKET,REMOVED & REPLACED,
101021,#2 & 4 INTAKE GASKETS ARE LEAKING.,OK,#2 & 4,INTAKE GASKETS,LEAKING,,REMOVED & REPLACED INTAKE GASKETS WITH NEW.,,NEW,INTAKE GASKETS,REMOVED & REPLACED,
101022,#4 INTAKE IS LEAKING.,OK,#4,INTAKE,LEAKING,,REMOVED & REPLACED GASKET.,,,GASKET,REMOVED & REPLACED,
101023,L/H ENGINE #1 ROCKER COVER HAS DAMAGE.,OK,L/H ENGINE #1,ROCKER COVER,DAMAGE,,REMOVED COVER,,,COVER,REMOVED,
101024,"#1 L/H ENG, ROCKER COVER HAS DAMAGE.",OK,#1 L/H ENG,ROCKER COVER,DAMAGE,,OPS & LEAK CHECK GOOD.,,,OPS & LEAK,CHECK,
101025,L/H ENGINE #1 ROCKER COVER HAS DAMAGE.,OK,L/H ENGINE #1,ROCKER COVER,DAMAGE,,"REMOVED COVER FROM CORE ENGINE, INSP & FOUND TO BE SERV",,,COVER,REMOVED & INSPECTED,
101026,"#1 L/H ENG, ROCKER COVER HAS DAMAGE.",OK,#1 L/H ENG,ROCKER COVER,DAMAGE,,FOUND PART OF VALVE TUBE KEEPER BROKEN OFF & PART MISSI,,,VALVE TUBE KEEPER,BROKEN OFF & MISSING,
101027,"#1 L/H ENG, ROCKER COVER HAS DAMAGE.",OK,#1 L/H ENG,ROCKER COVER,DAMAGE,,"RETRIEVED MISSING PIECE OF TUBE KEEPER, INSPECTED ROCKE",,,"TUBE KEEPER, ROCKER","RETRIEVED, INSPECTED",
101028,ENGINE BAFFLE PLUGS WORN.,OK,ENGINE,BAFFLE PLUGS,WORN,,REMOVED & REPLACED BAFFLE PLUGS.,,,BAFFLE PLUGS,REMOVED & REPLACED,
101029,#4 INTAKE GASKET IS LEAKING.,OK,#4,INTAKE GASKET,LEAKING,,REMOVED & REPLACED #4 INTAKE GASKET.,,,INTAKE GASKET,REMOVED & REPLACED,
101030,L/H BAFFLE SPRING IS BROKEN.,OK,L/H,BAFFLE SPRING,BROKEN,,REMOVED & REPLACED BAFFLE SPRING WITH NEW.,,NEW,BAFFLE SPRING,REMOVED & REPLACED,
101031,A/C REQUIRES RUN UP.,OK,A/C,,REQUIRE PROBLEM,,"RAN UP A/C, SET MIXTURE, OPS CHECK GOOD ON MAGNETOS DROP.",,,"A/C,  MIXTURE, OPS","RAN , SET, CHECK",
101032,R/H ENGINE #3 INTAKE TUBE GASKET LEAKING.,OK,R/H ENGINE #3,INTAKE TUBE GASKET,LEAKING,,INSTALLED NEW INTAKE TUBE GASKET.,,NEW,INTAKE TUBE GASKET,INSTALLED,
101033,"ROCKER COVER 2, 3 & 4 LEAKING ON L/H ENGINE.",OK,"2, 3 & 4 ON L/H ENGINE",ROCKER COVER,LEAKING,,"REMOVED & REPLACED ROCKER COVER GASKETS 2, 3 & 4 ON L/H",,,ROCKER COVER GASKETS,REMOVED & REPLACED,
101034,CYLINDER #1 BAFFLE IS CRACKED.,OK,CYLINDER #1,BAFFLE,CRACKED,,STOP DRILLED CRACK.,,,DRILLED CRACK,STOP,
101035,BAFFLE SEAL LOOSE OVER CYLINDER #3.,OK,CYLINDER #3,BAFFLE SEAL,LOOSE,,RESECURED BAFFLE SEAL.,,,BAFFLE SEAL,RESECURED,
101036,FORWARD BAFFLE IS CRACKED BY MUFFLER SHROUD OPENING.,OK,FORWARD,BAFFLE,CRACKED,,FABRICATED PATCH OUT OF LIKE MATERIAL & INSTALLED. RIVE,,LIKE MATERIAL,PATCH,FABRICATED & INSTALLED,
101037,LEFT ENGINE BACK FIRED WHEN BROUGHT TO 1800 RPM. RIGHT MAGNETOS DROP,OK,"LEFT ENGINE, RIGHT MAGNETOS",,DROP,BACK FIRED,PULLED TOP & BOTTOM PLUGS NOTING NO SIGNIFICANT OIL OR,,,TOP PLUGS & BOTTOM PLUGS,PULLED,
101038,LEFT ENGINE BACK FIRED WHEN BROUGHT TO 1800 RPM. RIGHT MAGNETOS DROP,OK,"LEFT ENGINE, RIGHT MAGNETOS",,DROP,BACK FIRED,SERVICED LEFT ENGINE WITH 8 QTS MINERAL OIL. PERFORMED GROUN,,,"ENGINE, OIL",SERVICED,
101039,LEFT ENGINE BACK FIRED WHEN BROUGHT TO 1800 RPM. RIGHT MAGNETOS DROP,OK,"LEFT ENGINE, RIGHT MAGNETOS",,DROP,BACK FIRED,INSPECTED ROCKER BOX NOTING NO DISCREPANCIES. CLEANED &,,,ROCKER BOX,INSPECTED & CLEANED,
101040,LEFT ENGINE BACK FIRED WHEN BROUGHT TO 1800 RPM. RIGHT MAGNETOS DROP,OK,"LEFT ENGINE, RIGHT MAGNETOS",,DROP,BACK FIRED,RAN LEFT ENGINE NOTING NO #4 EXHAUST GAS TEMPERATURE & SIGNIFICANT VIBRATIO,,,LEFT ENGINE,RAN,
101041,LEFT ENGINE BACK FIRED WHEN BROUGHT TO 1800 RPM. RIGHT MAGNETOS DROP,OK,"LEFT ENGINE, RIGHT MAGNETOS",,DROP,BACK FIRED,"REMOVED #4 CYLINDER ASSY, INSTALLED SERVICEABLE CYLINDER ASSY. DR",,SERVICEABLE,#4 CYLINDER ASSY,"REMOVED, INSTALLED",
101042,MIXTURE CONTROL NOT HITTING FULL RICH.,OK,,,NOT HITTING FULL RICH,,ADJUSTED MIXTURE CABLE RIGGING. CHECKS GOOD.,,,MIXTURE CABLE,ADJUSTED & CHECK,
101043,#2 INTAKE IS LEAKING.,OK,#2,INTAKE,LEAKING,,REMOVED & REPLACED INTAKE GASKET.,,,INTAKE GASKET,REMOVED & REPLACED,
101044,CYLINDER #2 ROCKER COVER GASKET LEAKING.,OK,CYLINDER #2,ROCKER COVER GASKET,LEAKING,,REMOVED & REPLACED ROCKER COVER GASKET.,,,ROCKER COVER GASKET,REMOVED & REPLACED,
101045,#2 ROCKER COVER GASKET LEAKING.,OK,#2,ROCKER COVER GASKET,LEAKING,,REPLACED #2 ROCKER COVER GASKET.,,,ROCKER COVER GASKET,REPLACED,
101046,"R/H ENGINE VIBRATION WITH INCREASING POWER, NO EXHAUST GAS TEMPERATURE IND ON #3 C",OK,"R/H ENGINE , #3",EXHAUST GAS,"VIBRATION , TEMPERATURE",,"REMOVED R/H #3 CYL, INSTALLED REPAIRED CYLINDER ASSY. DRY TA",,REPAIRED,CYLINDER ASSY,REMOVED & INSTALLED,
101047,#2 INTAKE LEAKING.,OK,#2,INTAKE,LEAKING,,REMOVED & REPLACED #2 INTAKE GASKET.,,,INTAKE GASKET,REMOVED & REPLACED,
101048,R/H REAR ENGINE BAFFLE SCREW MISSING.,OK,R/H REAR ENGINE,BAFFLE SCREW,MISSING,,INSTALLED NEW BAFFLE SCREW.,,NEW,BAFFLE  SCREW,INSTALLED,
101049,#2 INTAKE IS LEAKING.,OK,#2,INTAKE,LEAKING,,REMOVED & REPLACED GASKET.,,,GASKET,REMOVED & REPLACED,
101050,#2 INTAKE I/B BOLT HOLE HAS DAMAGED THREADS.,OK,#2,INTAKE I/B BOLT HOLE,DAMAGED,,REPAIRED THREADS WITH TAP.,,,THREADS,REPAIRED,
101051,#2 & 4 ROCKER GASKETS ARE LEAKING.,OK,#2 & 4,ROCKER GASKETS,LEAKING,,INSTALLED NEW ROCKER BOX COVER GASKETS.,,NEW,ROCKER BOX COVER GASKETS,INSTALLED,
101052,#4 ROCKER COVER GASKET LEAKING.,OK,#4,ROCKER COVER GASKET,LEAKING,,REMOVED & REPLACED GASKET.,,,GASKET,REMOVED & REPLACED,
101053,R/H ENGINE OIL COOLER BAFFLE CRACKED.,OK,R/H ENGINE,OIL COOLER BAFFLE,CRACKED,,LEAK CHECK GOOD.,,,LEAK,CHECK,
101054,L/H ENGINE #2 ROCKER COVER IS LEAKING.,OK,L/H ENGINE #2,ROCKER COVER,LEAKING,,REMOVED & REPLACED ROCKER GASKET.,,,ROCKER GASKET,REMOVED & REPLACED,
101055,L/H & R/H OIL DIPSTICK TUBES ARE LOOSE.,OK,L/H & R/H,OIL DIPSTICK TUBES,LOOSE,,SECURED & SAFETIED DIPSTICK TUBES.,,,DIPSTICK TUBES,SECURED & SAFETIED,
101056,L/H ENGINE #4 BAFFLE HAS A CRACKED REINFORCING BRACE.,OK,L/H ENGINE #4,BAFFLE REINFORCING BRACE,CRACKED,,REMOVED & REPLACED BRACE.,,,BRACE,REMOVED & REPLACED,
101057,R/H ENGINE #1 FORWARD BAFFLE IS MISSING A BOLT.,OK,R/H ENGINE #1 FORWARD,BAFFLE BOLT,MISSING,,INSTALLED BOLT & SELF LOCKING STAR WASHER.,,,BOLT & STAR WASHER,INSTALLED,
101058,R/H ENGINE OIL COOLER BAFFLE CRACKED.,OK,R/H ENGINE,OIL COOLER BAFFLE,CRACKED,,REMOVED CABLES & LINES TO REMOVE BAFFLE ASSY. INSTALLED,,,"CABLES, LINES, BAFFLE ASSY","REMOVED, INSTALLED",
101059,FORWARD BAFFLE UNDER HEAT SHROUD INTAKE IS CRACKED.,OK,FORWARD BAFFLE UNDER HEAT SHROUD INTAKE,BAFFLE,CRACKED,,"STOP DRILLED CRACK, FABRICATED PATCH OUT OF LIKE MATERI",,LIKE MATERI,"DRILLED CRACK , PATCH","STOP , FABRICATED",
101060,ENGINE BAFFLE PLUGS TANGS BROKEN.,OK,ENGINE,BAFFLE PLUGS TANGS,BROKEN,,INSTALLED NEW ENGINE BAFFLE PLUGS.,,NEW,BAFFLE PLUGS,INSTALLED,
101061,#4 CYLINDER INTAKE GASKET IS LEAKING.,OK,#4 CYLINDER,INTAKE GASKET,LEAKING,,REMOVED & REPLACED GASKET.,,,GASKET,REMOVED & REPLACED,
101062,OIL SUMP SCREEN DAMAGED.,OK,,OIL SUMP SCREEN,DAMAGED,,REMOVED & REPLACED OIL SUMP SCREEN.,,,OIL SUMP SCREEN,REMOVED & REPLACED,
101063,"FORWARD BAFFLE, DIRECTLY BELOW ALTERNATOR MOUNT IS CRACKED.",OK,"FORWARD BAFFLE, DIRECTLY BELOW ALTERNATOR MOUNT",BAFFLE,CRACKED,,STOP DRILLED CRACK.,,,DRILLED CRACK,STOP,
101064,R/H BAFFLE IS CRACKED.,OK,R/H,BAFFLE,CRACKED,,"STOP DRILLED CRACK, FABRICATED PATCH & INSTALLED.",,,"DRILLED CRACK, PATCH","STOP , FABRICATED & INSTALLED",
101065,R/H ENGINE #2 CYLINDER ROCKER COVER GASKET IS LEAKING.,OK,R/H ENGINE #2 CYLINDER,ROCKER COVER GASKET,LEAKING,,REPLACED GASKET.,,,GASKET,REPLACED,
101066,#3 INTAKE LEAKING ON R/H ENGINE.,OK,#3 ON R/H ENGINE,INTAKE,LEAKING,,REMOVED & REPLACED #3 INTAKE GASKET ON R/H ENGINE.,,,INTAKE GASKET,REMOVED & REPLACED,
101067,R/H REAR ENGINE BAFFLE RIVET BROKEN.,OK,R/H REAR ENGINE,BAFFLE RIVET,BROKEN,,INSTALLED NEW RIVETS IAW,,NEW,RIVETS,INSTALLED,
101068,#4 CYLINDER AFT BAFFLE HAS 2 RIVETS SHEARED.,OK,#4 CYLINDER AFT,BAFFLE RIVETS,SHEARED,,REMOVED RIVETS & INSTALLED SCREWS & NUTS. TIGHTENED.,,,"RIVETS, SCREWS & NUTS","REMOVED , INSTALLED & TIGHTENED",
101069,OIL FILLER TUBE LOOSE.,OK,,OIL FILLER TUBE,LOOSE,,TIGHTENED OIL FILLER TUBE & RESAFETIED.,,,OIL FILLER TUBE,TIGHTENED & RESAFETIED,
101070,CORNER PATCH ON L/H REAR ENGINE BAFFLE CRACKED.,OK,L/H REAR ENGINE,BAFFLE PATCH,CRACKED,,FABRICATED & INSTALLED NEW PATCH.,,NEW,PATCH,FABRICATED & INSTALLED,
101071,ALTERNATOR BELT LOOSE.,OK,,ALTERNATOR BELT,LOOSE,,TIGHTENED & SAFETIED ALTERNATOR BRACKET BOLTS. TENSION,,,ALTERNATOR BRACKET BOLTS,TIGHTENED & SAFETIED,
101072,#4 INTAKE IS LEAKING.,OK,#4,INTAKE,LEAKING,,REMOVED & REPLACED GASKETS.,,,GASKETS,REMOVED & REPLACED,
101073,SPARK PLUG BAFFLE HOLE PLUGS ARE WORN.,OK,,SPARK PLUG BAFFLE HOLE PLUGS,WORN,,REMOVED & REPLACED PLUGS.,,,PLUGS,REMOVED & REPLACED,
101074,BAFFLE SPARK PLUG HOLE COVERS ARE WORN.,OK,,BAFFLE SPARK PLUG HOLE COVERS,WORN,,REMOVED & REPLACED COVERS.,,,COVERS,REMOVED & REPLACED,
101075,CYLINDER #1 & 3 INTAKES ARE LEAKING.,OK,CYLINDER #1 & 3,INTAKES,LEAKING,,REMOVED & REPLACED CYLINDER #1 & 3 INTAKE GASKETS.,,,INTAKE GASKETS,REMOVED & REPLACED,
101076,CYLINDER #2 ROCKER COVER GASKET IS LEAKING.,OK,CYLINDER #2,ROCKER COVER GASKET,LEAKING,,REMOVED & REPLACED CYLINDER #2 ROCKER COVER GASKET.,,,ROCKER COVER GASKET,REMOVED & REPLACED,
101077,RIGHT ENGINE #4 INTAKE IS LEAKING.,OK,RIGHT ENGINE #4,INTAKE,LEAKING,,REMOVED & REPLACED INTAKE GASKET.,,,INTAKE GASKET,REMOVED & REPLACED,
101078,"PROP RPM REACHED 2720, NOTICED & REDUCED IT.",OK,,PROP,RPM,,"C/W , NO DEFECTS NOTED. NO FURTHER ACTION REQUIR",,,,,
101079,"ON DESCENT, EXCEEDED MAX RPM, WENT UP TO 2800.",OK,,RPM,EXCEEDED,,"C/W , NO DEFECTS NOTED. NO FURTHER ACTION REQUIR",,,,,
101080,L/H SIDE BAFFLE CRACKED IN 2 PLACES.,OK,L/H SIDE,BAFFLE,CRACKED,,REMOVED & REPLACED BAFFLE.,,,BAFFLE,REMOVED & REPLACED,
101081,IDLE OVERRIDE SPEED WAS 1300.,DIFFICULT,,,,,"RAN A/C, ADJUSTED IDLE SPEED. CHECKS GOOD.",,,"A/C, IDLE SPEED","RAN, ADJUSTED, CHECK",
101082,"L/H ENGINE, #4 INTAKE LEAKING.",OK,L/H ENGINE #4,INTAKE,LEAKING,,REMOVED & REPLACED GASKET.,,,GASKET,REMOVED & REPLACED,
101083,R/H ENGINE #4 CYLINDER COMPRESSION CHECK LOW.,OK,R/H ENGINE #4 CYLINDER,,COMPRESSION,,"STAKED #4 EX VALVE, COMPRESSION",,,"EX VALVE, COMPRESSION",STAKED,
101084,R/H ALL ROCKER COVERS LEAKING.,OK,R/H ALL,ROCKER COVERS,LEAKING,,REMOVED & REPLACED ALL ROCKER COVER GASKETS.,,,ROCKER COVER GASKETS,REMOVED & REPLACED,
101085,"L/H ENG, CYLINDER 1 & 3 ROCKER COVERS ARE LEAKING.",OK,"L/H ENG, CYLINDER 1 & 3",ROCKER COVERS,LEAKING,,REPLACED ROCKER COVER GASKETS.,,,ROCKER COVER GASKETS,REPLACED,
101086,R/H ENGINE CYLINDER #3 INTAKE IS LEAKING.,OK,R/H ENGINE CYLINDER #3,INTAKE,LEAKING,,REMOVED & REPLACED GASKET. SECURED PRIMER LINE.,,,"GASKET, PRIMER LINE","REMOVED & REPLACED , SECURED",
101087,SNIFFLER VALVES ARE DIRTY.,OK,,SNIFFLER VALVES,DIRTY,,CLEANED SNIFFLER VALVES.,,,SNIFFLER VALVES,CLEANED,
101088,#3 CYLINDER AFT BAFFLE INNER MOST BAFFLE SEAL RIVET IS PULLED THR,OK,#3 CYLINDER AFT,BAFFLE INNER MOST BAFFLE SEAL RIVET,PULLED,,REFASTENED BAFFLE.,,,BAFFLE,REFASTENED,
101089,#4 INTAKE IS LEAKING.,OK,#4,INTAKE,LEAKING,,REMOVED & REPLACED INTAKE GASKET WITH NEW.,,NEW,INTAKE GASKET,REMOVED & REPLACED,
101090,"AFTER PERFORMING SIMULATED ENGINE FAILURE, SMOOTHLY APPLIED",DIFFICULT,,,,,"RAN UP A/C ENGINE. ENGINE RUNS SMOOTH. MAGNETOS DROPS, IDLE",,,ENGINE,RAN,
101091,CYLINDER #4 ROCKER COVER GASKET IS LEAKING.,OK,CYLINDER #4,ROCKER COVER GASKET,LEAKING,,REPLACED GASKET.,,,GASKET,REPLACED,
101092,CYLINDER #2 INTAKE GASKET IS LEAKING.,OK,CYLINDER #2,INTAKE GASKET,LEAKING,,REMOVED & REPLACED CYLINDER #2 INTAKE GASKET.,,,INTAKE GASKET,REMOVED & REPLACED,
101093,CYLINDER #4 COMPRESSION IS 30/80.,OK,CYLINDER #4,,COMPRESSION,,"STAKED EXHAUST VALVE, COMPRESSOR CHECK. CHECKED GOOD.",,,"EXHAUST VALVE, COMPRESSOR, LEAK","STAKED, CHECK, CHECK",
101094,EXPERIENCED PARTIAL POWER LOSS DURING CLIMB.,OK,DURING CLIMB,,POWER PROBLEM,,FOR BILLING PURPOSES ONLY,,,,,
101095,EXPERIENCED PARTIAL POWER LOSS DURING CLIMB.,OK,,,POWER PROBLEM,,GROUND RUN & STATIC FULL RPM CHECKED 2300 - 2330 RPM. F,,,STATIC FULL RPM,"GROUND RUN , CHECKED",
101096,CYLINDER #1 ROCKER COVER GASKET LEAKING.,OK,CYLINDER #1,ROCKER COVER GASKET,LEAKING,,REMOVED & REPLACED ROCKER COVER GASKET.,,,ROCKER COVER GASKET,REMOVED & REPLACED,
101097,#2 INTAKE IS LEAKING.,OK,#2,INTAKE,LEAKING,,REMOVED & REPLACED GASKET.,,,GASKET,REMOVED & REPLACED,
101098,BAFFLE PLUGS ARE WORN.,OK,,BAFFLE PLUGS,WORN,,REMOVED & REPLACED PLUGS.,,,PLUGS,REMOVED & REPLACED,
101099,#4 ROCKER COVER IS LEAKING.,OK,#4,ROCKER COVER,LEAKING,,REMOVED & REPLACED ROCKER COVER GASKET.,,,ROCKER COVER GASKET,REMOVED & REPLACED,
101100,OIL LEAK EVIDENCE ON R/H SIDE OF ENGINE.,OK,R/H SIDE OF ENGINE,OIL,LEAK,,"RAN A/C, FOUND #3 CYLINDER EXHAUST VALVE PUSH ROD TUBE",,,A/C,RAN,
101101,OIL LEAK EVIDENCE ON R/H SIDE OF ENGINE.,OK,R/H SIDE OF ENGINE,OIL,LEAK,,"WASHED ENGINE, FOUND CYLINDER OIL RETURN LINE CLAMPS LO",,,"ENGINE , CYLINDER OIL RETURN LINE CLAMPS","WASHED , FOUND",CYLINDER OIL RETURN LINE CLAMPS LO
101102,FORWARD R/H BAFFLE SEAL NEEDS TO BE REATTACHED.,OK,FORWARD R/H,BAFFLE SEAL,NEED PROBLEM,,REMOVED & REPLACED BAFFLE SEAL.,,,BAFFLE SEAL,REMOVED & REPLACED,
101103,R/H REAR BAFFLE BRACKET RIVETS SHEARED.,OK,R/H REAR,BAFFLE BRACKET RIVETS,SHEARED,,"REMOVED BAFFLE, REATTACHED AFT BRACKET. REINSTALLED BAF",,,"BAFFLE,AFT BRACKET,BAFF","REMOVED,REATTACHED,REINSTALLED",
101104,"INTAKE GASKET, CYLINDER #4, LEAKING.",OK,CYLINDER #4,INTAKE GASKET,LEAKING,,REMOVED & REPLACED GASKET.,,,GASKET,REMOVED & REPLACED,
101105,"L/H ENGINE, L/H AFT ENGINE BAFFLE CHAFED ON CYLINDER.",OK,"L/H ENGINE, L/H AFT ENGINE",BAFFLE,CHAFED,,REMOVED & REPLACED L/H ENGINE CYLINDER #4 AFT BAFFLE.,,,CYLINDER BAFFLE,REMOVED & REPLACED,
101106,ENGINE BAFFLE SNAP PLUG TAB BROKEN OFF.,OK,ENGINE,BAFFLE SNAP PLUG TAB,BROKEN,,INSTALLED NEW ENGINE BAFFLE PLUGS.,,NEW,BAFFLE PLUGS,INSTALLED,
101107,#1 ROCKER COVER LEAKING.,OK,#1,ROCKER COVER,LEAKING,,REMOVED & REPLACED #1 ROCKER COVER GASKET.,,,ROCKER COVER GASKET,REMOVED & REPLACED,
101108,L/H ENGINE #3 & 4 ROCKER COVER GASKETS LEAKING.,OK,L/H ENGINE #3 & 4,ROCKER COVER GASKETS,LEAKING,,REMOVED & REPLACED ROCKER GASKETS WITH NEW.,,NEW,ROCKER GASKETS,REMOVED & REPLACED,
101109,R/H ENGNIE CYLINDER #3 INTAKE GASKET LEAKING.,OK,R/H ENGINE CYLINDER #3,INTAKE GASKET,LEAKING,,"REMOVED & REPLACED CYLINDER #3 INTAKE GASKET, R/H ENGINE.",,,INTAKE GASKET,REMOVED & REPLACED,
101110,"ROCKER COVER GASKETS #1, 2, 4 ON R/H ENGINE LEAKING.",OK,"#1, 2, 4 ON R/H ENGINE",ROCKER COVER GASKETS,LEAKING,,REMOVED & REPLACED R/H ENGINE ROCKER COVER GASKETS.,,,ROCKER COVER GASKETS,REMOVED & REPLACED,
101111,#3 INTAKE LEAKING ON L/H ENGINE.,OK,#3 ON L/H ENGINE,INTAKE,LEAKING,,REMOVED & REPLACED INTAKE GASKET.,,,INTAKE GASKET,REMOVED & REPLACED,
101112,L/H ENGINE #2 INTAKE LEAKS.,OK,L/H ENGINE #2,INTAKE,LEAKS,,REPLACED GASKET.,,,GASKET,REPLACED,
101113,R/H ENGINE CYLINDER #4 ROCKER COVER GASKET LEAKING.,OK,R/H ENGINE CYLINDER #4,ROCKER COVER GASKET,LEAKING,,REMOVED & REPLACED GASKET.,,,GASKET,REMOVED & REPLACED,
101114,ENGINE RPM REACHED 2760 FOR APPROX 2 SECONDS.,OK,ENGINE,,RPM,,C/W LYCOMING NO DEFECTS NOTED. NO FURTHER ACTI,,,,,
101115,CYLINDER #2 INTAKE IS LEAKING.,OK,CYLINDER #2,INTAKE,LEAKING,,REPLACED INTAKE GASKETS.,,,INTAKE GASKETS,REPLACED,
101116,"L/H ENG, #4 INDUCTION TUBE GASKET LEAKING.",OK,L/H ENG #4,INDUCTION TUBE GASKET,LEAKING,,REMOVED & REPLACED INTAKE GASKET.,,,INTAKE GASKET,REMOVED & REPLACED,
101117,R/H ENGINE #3 CYLINDER INTAKE GASKET LEAKS.,OK,R/H ENGINE #3 CYLINDER,INTAKE GASKET,LEAKS,,REMOVED & REPLACED #3 CYLINDER INTAKE GASKET.,,,INTAKE GASKET,REMOVED & REPLACED,
101118,L/H ENGINE #2 INTAKE GASKET LEAKING.,OK,L/H ENGINE #2,INTAKE GASKET,LEAKING,,REMOVED & REPLACED INTAKE GASKET WITH NEW.,,NEW,INTAKE GASKET,REMOVED & REPLACED,
101119,IDLE MIXTURE NEEDS ADJUSTMENT.,OK,,IDLE MIXTURE,NEED PROBLEM,,RERIGGED MIXTURE ARM IAW HMI.,,,MIXTURE ARM,RERIGGED,
101120,IDLE MIXTURE NEEDS ADJUSTMENT.,OK,,IDLE MIXTURE,NEED PROBLEM,,REMOVED MIXTURE ARM & REINDEXED AGAIN. A/C WAS STARTED,,,"MIXTURE ARM, A/C","REMOVED & REINDEXED , STARTED",
101121,IDLE MIXTURE NEEDS ADJUSTMENT.,OK,,IDLE MIXTURE,NEED PROBLEM,,"REINDEXED MIXTURE CONTROL. RAN UP A/C, MIXTURE RISE STI",,,"MIXTURE CONTROL,A/C","REINDEXED , RAN",
101122,IDLE MIXTURE NEEDS ADJUSTMENT.,OK,,IDLE MIXTURE,NEED PROBLEM,,"A/C WAS GROUND RAN BY PILOT, IDLE MIXTURE & SPEED NOW C",,,"A/C, IDLE MIXTURE & SPEED",GROUND RAN,
101123,IDLE MIXTURE NEEDS ADJUSTMENT.,OK,,IDLE MIXTURE,NEED PROBLEM,,"A/C/ WAS STARTED, BUT WOULD ONLY RUN A FEW SECONDS. ALL",,,A/C,STARTED,
101124,CYLINDER #2 INTAKE PIPE GASKET LEAKING.,OK,CYLINDER #2,INTAKE PIPE GASKET,LEAKING,,REMOVED & REPLACED INTAKE GASKET.,,,INTAKE GASKET,REMOVED & REPLACED,
101125,#2 ROCKER COVER LEAKING.,OK,#2,ROCKER COVER,LEAKING,,REMOVED & REPLACED #2 ROCKER COVER GASKET.,,,ROCKER COVER GASKET,REMOVED & REPLACED,
101126,#2 INTAKE LEAKING.,OK,#2,INTAKE,LEAKING,,REPLACED GASKET.,,,GASKET,REPLACED,
101127,#4 INTAKE LEAKING.,OK,#4,INTAKE,LEAKING,,REPLACED GASKET.,,,GASKET,REPLACED,
101128,#3 INTAKE LEAKING ON R/H ENGINE.,OK,#3 ON R/H ENGINE,INTAKE,LEAKING,,REPLACED GASKET.,,,GASKET,REPLACED,
101129,#3 INTAKE LEAKING ON L/H ENGINE.,OK,#3 ON L/H ENGINE,INTAKE,LEAKING,,"REMOVED & REPLACED INTAKE GASKET, CYLINDER #3.",,,"INTAKE GASKET,CYLINDER",REMOVED & REPLACED,
101130,#2 & 3 ROCKER COVER LEAKING ON L/H ENGINE.,OK,#2 & 3 ON L/H ENGINE,ROCKER COVER,LEAKING,,REMOVED & REPLACED ROCKER COVER GASKETS.,,,ROCKER COVER GASKETS,REMOVED & REPLACED,
101131,#2 & 3 ROCKER COVER GASKETS LEAKING ON R/H ENGINE.,OK,#2 & 3 ON R/H ENGINE,ROCKER COVER GASKETS,LEAKING,,"REPLACED #2 & 3 ROCKER COVER GASKETS, R/H.",,,ROCKER COVER GASKETS,REPLACED,
101132,"WORN OUT THRUST BUTTON, ROCKER SHAFT CYLINDER #3, L/H ENGINE.",OK,CYLINDER #3 L/H ENGINE,"THRUST BUTTON,, ROCKER SHAFT",WORN,,REMOVED & REPLACED THRUST BUTTONS ON CYLINDER #3.,,,THRUST BUTTONS,REMOVED & REPLACED,
101133,CYLINDER #1 ROCKER COVER GASKET IS LEAKING.,OK,CYLINDER #1,ROCKER COVER GASKET,LEAKING,,REMOVED & REPLACED ROCKER COVER GASKET.,,,ROCKER COVER GASKET,REMOVED & REPLACED,
101134,CYLINDER #2 INTAKE GASKET IS LEAKING.,OK,CYLINDER #2,INTAKE GASKET,LEAKING,,REMOVED & REPLACED GASKET.,,,GASKET,REMOVED & REPLACED,
101135,"L/H ENGINE #1, 2 & 4 INTAKES LEAKING.",OK,"L/H ENGINE #1, 2 & 4",INTAKES,LEAKING,,REMOVED & REPLACED #1 & 2 GASKETS.,,,GASKETS,REMOVED & REPLACED,
101136,R/H ENGINE #2 CYLINDER COMPRESSION IS LOW.,OK,R/H ENGINE #2 CYLINDER,,COMPRESSION,,INSTALLED ROCKER COVER & GASKET.,,,"ROCKER COVER, GASKET",INSTALLED,
101137,"L/H ENGINE #1, 2 & 4 INTAKES LEAKING.",OK,"L/H ENGINE #1, 2 & 4",INTAKES,LEAKING,,REMOVED & REPLACED CYLINDER #4 INTAKE GASKET.,,,INTAKE GASKET,REMOVED & REPLACED,
101138,R/H ENGINE #2 CYLINDER COMPRESSION IS LOW.,OK,R/H ENGINE #2 CYLINDER,,COMPRESSION,,STAKED EXHAUST VALVE. PRESSURE CAME UP TO 65/80 PSI.,,,EXHAUST VALVE,STAKED,
101139,#2 FORWARD BAFFLE CRACKED.,OK,#2 FORWARD,BAFFLE,CRACKED,,STOP DRILLED CRACK.,,,DRILLED CRACK,STOP,
101140,#4 ROCKER BOX COVER GASKET LEAKING.,OK,#4,ROCKER BOX COVER GASKET,LEAKING,,INSTALLED #4 ROCKER BOX COVER GASKET.,,,ROCKER BOX COVER GASKET,INSTALLED,
101141,BAFFLE CRACKED AFT OF #4 CYL.,OK,AFT OF #4 CYL,BAFFLE,CRACKED,,FABRICATED PATCH & DOUBLER OF LIKE MATERIAL.,,LIKE MATERIAL,PATCH & DOUBLER,FABRICATED,
101142,BAFFLE CRACKED AFT OF #4 CYL.,OK,AFT OF #4 CYL,BAFFLE,CRACKED,,INSTALLED PATCH & DOUBLER IAW,,,"PATCH, DOUBLER",INSTALLED,
101143,BACK L/H BAFFLE IS CRACKED.,OK,BACK L/H,BAFFLE,CRACKED,,STOP DRILLED CRACK.,,,DRILLED CRACK,STOP,
101144,#4 INTAKE IS LEAKING.,OK,#4,INTAKE,LEAKING,,REMOVED & REPLACED CYLINDER #4 INTAKE GASKET.,,,INTAKE GASKET,REMOVED & REPLACED,
101145,L/H BAFFLE PLUG NEEDS TO BE REPLACED.,OK,L/H,BAFFLE PLUG,NEED PROBLEM,,REMOVED & REPLACED BAFFLE PLUG.,,,BAFFLE PLUG,REMOVED & REPLACED,
101146,R/H BAFFLE SPARK PLUG ACCESS BUTTON WORN.,OK,R/H,BAFFLE SPARK PLUG ACCESS BUTTON,WORN,,REMOVED & REPLACED BAFFLE BUTTON.,,,BAFFLE BUTTON,REMOVED & REPLACED,
101147,ROCKER COVER GASKET CYLINDER #2 & 3 LEAKING.,OK,CYLINDER #2 & 3,ROCKER COVER GASKET,LEAKING,,REPLACED BOTH ROCKER COVER GASKETS.,,,ROCKER COVER GASKETS,REPLACED,
101148,CYLINDER #3 AFT BAFFLE SCREW LOOSE.,OK,CYLINDER #3 AFT,BAFFLE SCREW,LOOSE,,"REMOVED DIPSTICK HOUSING, REMOVED OIL COOLER FROM BAFFL",,,"DIPSTICK HOUSING, OIL COOLER","REMOVED, REMOVED",
101149,CYLINDER #4 ROCKER COVER IS LEAKING.,OK,CYLINDER #4,ROCKER COVER,LEAKING,,REPLACED ROCKER COVER GASKET.,,,ROCKER COVER GASKET,REPLACED,
101150,DIPSTICK TUBE LOOSE.,OK,,DIPSTICK TUBE,LOOSE,,"TIGHTENED DIPSTICK TUBE, RESAFETIED.",,,DIPSTICK TUBE,"TIGHTENED, RESAFETIED",
101151,R/H SIDE BAFFLE IS MISSING A SCREW.,OK,R/H SIDE,BAFFLE SCREW,MISSING,,INSTALLED NEW SCREW ON BAFFLE.,,NEW,SCREW,INSTALLED,
101152,#2 ROCKER COVER IS LEAKING.,OK,#2,ROCKER COVER,LEAKING,,REMOVED & REPLACED ROCKER COVER GASKET.,,,ROCKER COVER GASKET,REMOVED & REPLACED,
101153,R/H BACK BAFFLE BRACKET RIVET HEAD IS MISSING.,OK,"R/H BACK, HEAD",BAFFLE BRACKET RIVET,MISSING,,REMOVED BACK BAFFLE TO GAIN ACCESS. REMVOED RIVETS & RE,,,"BACK BAFFLE, RIVETS","REMOVED, REMOVED",
101154,#3 CYLINDER ROCKER COVER GASKET IS LEAKING.,OK,#3 CYLINDER,ROCKER COVER GASKET,LEAKING,,REMOVED GASKET. DURING INSTALLATION TORE NEW GASKET. RE,,NEW,GASKET,"REMOVED , TORE & RE",
101155,"1, 2, & 4 ROCKER COVERS ARE LEAKING.",OK,"1, 2, & 4",ROCKER COVERS,LEAKING,,REMOVED & REPLACED ROCKER GASKETS.,,,ROCKER GASKETS,REMOVED & REPLACED,
101156,BOTH SPARK PLUG BAFFLE PLUGS ARE WORN.,OK,BOTH,SPARK PLUG BAFFLE PLUGS,WORN,,REMOVED & REPLACED SPARK PLUG BAFFLE PLUGS.,,,SPARK PLUG BAFFLE PLUGS,REMOVED & REPLACED,
101157,#3 INTAKE LEAKING ON R/H ENGINE.,OK,#3 ON R/H ENGINE,INTAKE,LEAKING,,REMOVED & REPLACED #3 INTAKE GASKET ON R/H ENGINE.,,,INTAKE GASKET,REMOVED & REPLACED,
101158,#4 INTAKE LEAKING ON L/H ENIGNE.,OK,#4 ON L/H ENGINE,INTAKE,LEAKING,,REMOVED & REPLACED #4 INTAKE GASKET ON L/H ENGINE.,,,INTAKE GASKET,REMOVED & REPLACED,
101159,L/H INNER BAFFLE SPRING IS BROKEN.,OK,L/H INNER,BAFFLE SPRING,BROKEN,,REMOVED & REPLACED BAFFLE SPRING WITH NEW.,,NEW,BAFFLE SPRING,REMOVED & REPLACED,
101160,L/H BAFFLE REQUIRES PATCH.,OK,L/H,BAFFLE,REQUIRE PROBLEM,,"FABRICATED PATCH OF LIKE MATERIAL, RIVETED & INSTALLED",,LIKE MATERIAL,PATCH,"FABRICATED , RIVETED & INSTALLED",
101161,AFT ALTERNATOR MOUNTING BOLT EATING INTO SCROLL MOUNT.,OK,AFT,ALTERNATOR MOUNTING BOLT,EATING,,"INSPECTED MOUNT, NO DEFECTS NOTED.",,,MOUNT,INSPECTED,
101162,EXCESSIVE END PLAY AT THROTTLE CABLE ATTACHMENT.,OK,,THROTTLE CABLE ATTACHMENT,EXCESSIVE END PLAY,,INSPECTED THROTTLE CABLE ATTACHMENT. NO DEFECTS NOTED.,,,THROTTLE CABLE ATTACHMENT,INSPECTED,
101163,#1 INTAKE IS LEAKING.,OK,#1,INTAKE,LEAKING,,REMOVED & REPLACED GASKET.,,,GASKET,REMOVED & REPLACED,
101164,#2 & 4 ROCKER COVERS ARE LEAKING.,OK,#2 & 4,ROCKER COVERS,LEAKING,,REMOVED & REPLACED GASKETS.,,,GASKETS,REMOVED & REPLACED,
101165,CYLINDER #2 ROCKER COVER LEAKING.,OK,CYLINDER #2,ROCKER COVER,LEAKING,,REMOVED & REPLACED CYLINDER #2 ROCKER COVER GASKET.,,,ROCKER COVER GASKET,REMOVED & REPLACED,
101166,#3 INDUCTION TUBE GASKET LEAKING.,OK,#3,INDUCTION TUBE GASKET,LEAKING,,INSTALLED NEW INDUCTION TUBE GASKET.,,NEW,INDUCTION TUBE GASKET,INSTALLED,
101167,#2 INDUCTION TUBE GASKET LEAKING.,OK,#2,INDUCTION TUBE GASKET,LEAKING,,INSTALLED NEW INDUCTION TUBE GASKET,,NEW,INDUCTION TUBE GASKET,INSTALLED,
101168,#1 INTAKE LEAKING ON L/H ENGINE.,OK,#1 ON L/H ENGINE,INTAKE,LEAKING,,REMOVED & REPLACED INTAKE GASKET.,,,INTAKE GASKET,REMOVED & REPLACED,
101169,#1 & 2 INTAKES LEAKING ON R/H ENGINE.,OK,#1 & 2 ON R/H ENGINE,INTAKES,LEAKING,,REMOVED & REPLACED INTAKE GASKETS.,,,INTAKE GASKETS,REMOVED & REPLACED,
101170,#2 INDUCTION TUBE GASKET LEAKING.,OK,#2,INDUCTION TUBE GASKET,LEAKING,,INSTALLED NEW INDUCTION TUBE GASKET.,,NEW,INDUCTION TUBE GASKET,INSTALLED,
101171,#2 & 4 BAFFLE OUTER TIE & SPRING BROKEN.,OK,#2 & 4,BAFFLE OUTER TIE & SPRING,BROKEN,,INSTALLED NEW OUTER BAFFLE TIE.,,NEW,OUTER BAFFLE TIE,INSTALLED,
101172,#2 & 4 BAFFLE INNER TIE & SPRING OUT OF PLACE.,OK,#2 & 4,BAFFLE INNER TIE & SPRING,OUT OF PLACE,,REINSTALLED BAFFLE TIE IN CORRECT POSITION.,,,BAFFLE TIE,REINSTALLED,
101173,#2 ROCKER COVER LEAKING.,OK,#2,ROCKER COVER,LEAKING,,REMOVED & REPLACED #2 ROCKER COVER GASKET.,,,ROCKER COVER GASKET,REMOVED & REPLACED,
101174,OIL LEAK FROM L/H ENGINE.,OK,L/H ENGINE,OIL,LEAK,,"RAN A/C, LEAK CHECK GOOD.",,,"A/C, LEAK","RAN, CHECK",
101175,OIL LEAK FROM L/H ENGINE.,OK,L/H ENGINE,OIL,LEAK,,TIGHTENED TOP BOLTS ON TOP OF CASE. WASHED ENGINE.,,,"BOLTS, ENGINE","TIGHTENED, WASHED",
101176,#2 ROCKER COVER IS LEAKING ON L/H ENGINE.,OK,#2 ON L/H ENGINE,ROCKER COVER,LEAKING,,REMOVED & REPLACED ROCKER COVER GASKET.,,,ROCKER COVER GASKET,REMOVED & REPLACED,
101177,#2 ROCKER COVER IS LEAKING ON R/H ENGINE.,OK,#2 ON  R/H ENGINE,ROCKER COVER,LEAKING,,REMOVED & REPLACED ROCKER COVER GASKET.,,,ROCKER COVER GASKET,REMOVED & REPLACED,
101178,#2 ROCKER COVER THRUST BUTTON ON R/H ENGINE IS BROKEN.,OK,#2 ON R/H ENGINE,ROCKER COVER THRUST BUTTON,BROKEN,,REMOVED & REPLACED THRUST BUTTON.,,,THRUST BUTTON,REMOVED & REPLACED,
101179,#2 ROCKER COVER THRUST BUTTONS ON L/H ENGINE ARE BROKEN.,OK,#2 ON L/H ENGINE,THRUST BUTTONS,BROKEN,,REMOVED & REPLACED THRUST BUTTONS.,,,THRUST BUTTONS,REMOVED & REPLACED,
101180,CYLINDER #3 BAFFLE SCREW SECURED TO CRANKCASE MISSING.,OK,CYLINDER #3,BAFFLE SCREW,MISSING,,INSTALLED NEW SCREW.,,NEW,SCREW,INSTALLED,
101181,ROCKER COVER GASKET CYLINDER #3 LEAKING.,OK,CYLINDER #3,ROCKER COVER GASKET,LEAKING,,REMOVED & REPLACED #2 ROCKER COVER GASKET.,,,ROCKER COVER GASKET,REMOVED & REPLACED,
101182,BAFFLE SUPPORT ON AFT COPILOT SIDE ENGINE BAFFLE LOOSE.,OK,AFT COPILOT SIDE ENGINE,BAFFLE SUPPORT,LOOSE,,REMOVED COPILOT SIDE AFT ENGINE BAFFLE. RESECURED BAFFL,,,ENGINE BAFFLE,"REMOVED, RESECURED",
101183,"AFTER COMPLETING STEEP SPIRALS AT POWER IDLE, SMOOTHLY APPLI",DIFFICULT,,,,,MX FLIGHT IS REQUIRED,,,,,
101184,"AFTER COMPLETING STEEP SPIRALS AT POWER IDLE, SMOOTHLY APPLI",DIFFICULT,,,,,"PERFORMED GROUND RUN OF A/C, UNABLE TO DUPLICATE DISCRE",,,A/C,GROUND RUN & UNABLE TO DUPLICATE,
101185,R/H ENGINE #3 CYLINDER LOOSE BAFFLE RUBBING ON OIL RETURN LINE CY,OK,R/H ENGINE #3 CYLINDER,BAFFLE,LOOSE,,ADJUSTED BAFFLE SUPPORT ROD. TIGHTENED LOCK NUTS AFTER,,,"BAFFLE SUPPORT ROD, LOCK NUTS","ADJUSTED, TIGHTENED",
101186,CYLINDER #2 INTAKE IS LEAKING.,OK,CYLINDER #2,INTAKE,LEAKING,,REPLACED INTAKE GASKET.,,,INTAKE GASKET,REPLACED,
101187,R/H ENGINE #3 INTAKE IS LEAKING.,OK,R/H ENGINE #3,INTAKE,LEAKING,,REPLACED WITH NEW GASKET.,,NEW,GASKET,REPLACED,
101188,"R/H ENGINE, L/H FORWARD BAFFLE SEAL IS GONE.",OK,"R/H ENGINE, L/H FORWARD",BAFFLE SEAL,GONE,,INSTALLED NEW BAFFLE SEAL.,,NEW,BAFFLE SEAL,INSTALLED,
101189,L/H SIDE BAFFLE IS CRACKED.,OK,L/H SIDE,BAFFLE,CRACKED,,REPLACED L/H SIDE BAFFLE WITH SERVICEABLE PART.,,SERVICEABLE,BAFFLE,REPLACED,
101190,PLUGS FOR ENGINE BAFFLING WORN.,OK,ENGINE,BAFFLING PLUGS,WORN,,REPLACED BOTH PLUGS.,,,PLUGS,REPLACED,
101191,#3 & 4 ROCKER COVERS LEAKING.,OK,#3 & 4,ROCKER COVERS,LEAKING,,"REMOVED & REPLACED #3 ROCKER COVER GASKET, TIGHTENED SC",,,"ROCKER COVER GASKET, SCREW","REMOVED & REPLACED , TIGHTENED",
101192,R/H ENGINE #2 BAFFLE IS MISSING A BOLT.,OK,R/H ENGINE #2,BAFFLE BOLT,MISSING,,INSTALLED NEW SCREW.,,NEW,SCREW,INSTALLED,
101193,R/H #4 AFT BAFFLE CRACKED.,OK,R/H #4 AFT,BAFFLE,CRACKED,,STOP DRILLED CRACK.,,,DRILLED CRACK,STOP,
101194,ROCKER BOX COVER SCREWS LOOSE.,OK,,ROCKER BOX COVER SCREWS,LOOSE,,RETORQUED SCREWS.,,,SCREWS,RETORQUED,
101195,SIDE BAFFLE PLUGS HAVE MANY MISSING FINGERS.,OK,SIDE,BAFFLE PLUGS FINGERS,MISSING,,REMOVED & REPLACED PLUGS.,,,PLUGS,REMOVED & REPLACED,
101196,#2 ROCKER COVER IS LEAKING.,OK,#2,ROCKER COVER,LEAKING,,REMOVED & REPLACED GASKET.,,,GASKET,REMOVED & REPLACED,
101197,"BAFFLE SCREW, BEHIND DIPSTICK, IS LOOSE.",OK,BEHIND DIPSTICK,BAFFLE SCREW,LOOSE,,"REMOVED DIPSTICK, INSTALLED NEW SCREW. REINSTALLED DIPS",,NEW,"DIPSTICK, SCREW, DIPS","REMOVED, INSTALLED, REINSTALLED",
101198,#2 & 4 CYLINDER ROCKER COVER GASKETS ARE LEAKING ON R/H ENGINE.,OK,R/H ENGINE #2 & 4 CYLINDER,ROCKER COVER GASKETS,LEAKING,,REMOVED & REPLACED #2 & 4 CYLINDER ROCKER COVER GASKETS ON R,,,ROCKER COVER GASKETS,REMOVED & REPLACED,
101199,#2 ROCKER COVER LEAKING.,OK,#2,ROCKER COVER,LEAKING,,REMOVED & REPLACED ROCKER COVER GASKET.,,,ROCKER COVER GASKET,REMOVED & REPLACED,
101200,L/H ENGINE BAFFLE SEAL ABOVE #4 CYLINDER IS TORN.,OK,L/H ENGINE ABOVE #4 CYLINDER,BAFFLE SEAL,TORN,,INSTALLED NEW SEAL.,,NEW,SEAL,INSTALLED,
101201,"ROCKER COVER GASKET CYLINDER #2, R/H ENGINE, LEAKING.",OK,"CYLINDER #2, R/H ENGINE",ROCKER COVER GASKET,LEAKING,,REMOVED & REPLACED GASKET.,,,GASKET,REMOVED & REPLACED,
101202,"INTAKE GASKET CYLINDER #3, R/H ENGINE, LEAKING.",OK,"CYLINDER #3, R/H ENGINE",INTAKE GASKET,LEAKING,,REMOVED & REPLACED INTAKE GASKET.,,,INTAKE GASKET,REMOVED & REPLACED,
101203,"CYLINDER #3, 4 ROCKER COVER GASKETS LEAKING ON L/H ENG.",OK,"CYLINDER #3, 4 L/H ENG",ROCKER COVER GASKETS,LEAKING,,REMOVED & REPLACED ROCKER COVER GASKETS.,,,ROCKER COVER GASKETS,REMOVED & REPLACED,
101204,CYLINDER #3 AFT UPPER BAFFLE SEAL IS LOOSE.,OK,CYLINDER #3 AFT,BAFFLE SEAL,LOOSE,,RESECURED BAFFLE SEAL.,,,BAFFLE SEAL,RESECURED,
101205,BOTH BAFFLE PLUGS ARE MISSING TOO MANY TABS.,OK,BOTH,BAFFLE PLUGS TABS,MISSING,,INSTALLED BAFFLE PLUGS.,,,BAFFLE PLUGS,INSTALLED,
101206,#4 INTAKE GASKET LEAKING.,OK,#4,INTAKE GASKET,LEAKING,,REPLACED WITH NEW GASKET.,,NEW,GASKET,REPLACED,
101207,#4 ROCKER COVER GASKET LEAKING.,OK,#4,ROCKER COVER GASKET,LEAKING,,REPLACED WITH NEW GASKET.,,NEW,GASKET,REPLACED,
101208,SIDE BAFFLE PLUGS ARE MISSING FINGERS.,OK,SIDE,BAFFLE PLUGS FINGERS,MISSING,,REPLACED WITH NEW PLUGS.,,NEW,PLUGS,REPLACED,
101209,#2 & 4 ROCKER COVER GASKETS ARE LEAKING.,OK,#2 & 4,ROCKER COVER GASKETS,LEAKING,,REMOVED & REPLACED ROCKER COVER GASKETS.,,,ROCKER COVER GASKETS,REMOVED & REPLACED,
101210,"L/H #1, 2 & 3 ROCKER GASKETS ARE LEAKING.",OK,"L/H #1, 2 & 3",ROCKER GASKETS,LEAKING,,REPLACED ROCKER GASKETS.,,,ROCKER GASKETS,REPLACED,
101211,L/H #4 INTAKE GASKET LEAKING.,OK,L/H #4,INTAKE GASKET,LEAKING,,REMOVED & REPLACED #4 INTAKE GASKET.,,,INTAKE GASKET,REMOVED & REPLACED,
101212,L/H #3 CYLINDER ROCKER SHAFT THRUST BUTTONS DETERIORATED.,OK,L/H #3 CYLINDER,ROCKER SHAFT THRUST BUTTONS,DETERIORATED,,REPLACED BUTTONS.,,,BUTTONS,REPLACED,
101213,"R/H ENG, R/H REAR ENGINE BAFFLE SEAL LOOSE.",OK,"R/H ENG, R/H REAR ENGINE",BAFFLE SEAL,LOOSE,,REATTACHED R/H REAR BAFFLE.,,,BAFFLE,REATTACHED,
101214,#4 INTAKE IS LEAKING.,OK,#4,INTAKE,LEAKING,,REMOVED & REPLACED GASKET.,,,GASKET,REMOVED & REPLACED,
101215,#3 ROCKER COVER LEAKING.,OK,#3,ROCKER COVER,LEAKING,,REMOVED & REPLACED #3 ROCKER GASKET.,,,ROCKER GASKET,REMOVED & REPLACED,
101216,#2 & 4 ROCKER COVER LEAKING.,OK,#2 & 4,ROCKER COVER,LEAKING,,REMOVED & REPLACED #2 & 4 ROCKER COVER GASKETS.,,,ROCKER COVER GASKETS,REMOVED & REPLACED,
101217,RIVETS MISSING ON ENGINE DATA PLATE.,OK,ENGINE DATA PLATE,RIVETS,MISSING,,INSTALLED RIVETS.,,,RIVETS,INSTALLED,
101218,#3 & 4 INTAKES LEAKING ON L/H ENGINE.,OK,#3 & 4 ON L/H ENGINE,INTAKES,LEAKING,,REPLACED GASKETS.,,,GASKETS,REPLACED,
101219,#2 & 3 INTAKES LEAKING ON R/H ENGINE.,OK,#2 & 3 ON R/H ENGINE,INTAKES,LEAKING,,REPLACED GASKETS ON 2 & 3.,,,GASKETS,REPLACED,
101220,#2 ROCKER COVER LEAKING ON R/H ENGINE.,OK,#2 ON R/H ENGINE,ROCKER COVER,LEAKING,,REMOVED & REPLACED ROCKER COVER GASKET.,,,ROCKER COVER GASKET,REMOVED & REPLACED,
101221,"#2, 3 & 4 ROCKER COVERS LEAKING ON L/H ENGINE.",OK,"#2, 3 & 4 ON L/H ENGINE",ROCKER COVERS,LEAKING,,REMOVED & REPLACED ROCKER COVER GASKETS.,,,ROCKER COVER GASKETS,REMOVED & REPLACED,
101222,ROCKER COVER GASKET CYLINDER #2 LEAKING.,OK,CYLINDER #2,ROCKER COVER GASKET,LEAKING,,REMOVED & REPLACED ROCKER COVER GASKET.,,,ROCKER COVER GASKET,REMOVED & REPLACED,
101223,#2 & 4 ROCKER COVERS LEAKING ON R/H ENGINE.,OK,#2 & 4 ON R/H ENGINE,ROCKER COVERS,LEAKING,,TIGHTENED ALL ROCKER COVERS.,,,ROCKER COVER,TIGHTENED,
101224,"CRACK ON ENGINE BAFFLE, LEFT SIDE, BY #3 CYLINDER.",OK,ENGINE BAFFLE LEFT SIDE BY #3 CYLINDER,BAFFLE,CRACK,,INSTALLED BAFFLE.,,,BAFFLE,INSTALLED,
101225,"CRACK ON ENGINE BAFFLE, LEFT SIDE, BY #3 CYLINDER.",OK,ENGINE BAFFLE LEFT SIDE BY #3 CYLINDER,BAFFLE,CRACK,,"REMOVED BAFFLE, FABRICATED PATCH OF LIKE MATERIAL, RIVE",,LIKE MATERIAL,"BAFFLE, PATCH","REMOVED, FABRICATED, RIVED",
101226,L/H BAFFLE SEAL REQUIRES REPLACEMENT.,OK,L/H,BAFFLE SEAL,REQUIRE PROBLEM,,REMOVED & REPLACED BAFFLE SEAL WITH NEW.,,NEW,BAFFLE SEAL,REMOVED & REPLACED,
101227,R/H ENGINE #4 ROCKER COVER LEAKS.,OK,R/H ENGINE #4,ROCKER COVER,LEAKS,,REMOVED & REPLACED R/H ENGINE #4 ROCKER COVER GASKET.,,,ROCKER COVER GASKET,REMOVED & REPLACED,
101228,R/H ENGINE #1 & 4 INTAKES ARE LEAKING.,OK,R/H ENGINE #1 & 4,INTAKES,LEAKING,,REMOVED & REPLACED R/H ENGINE #1 & 4 INTAKE GASKETS.,,,INTAKE GASKETS,REMOVED & REPLACED,
101229,L/H ENGINE CYLINDER #3 ROCKER GASKET IS LEAKING.,OK,L/H ENGINE CYLINDER #3,ROCKER GASKET,LEAKING,,REMOVED & REPLACED L/H ENGINE #3 ROCKER COVER GASKET.,,,ROCKER COVER GASKET,REMOVED & REPLACED,
101230,R/H ENGINE #2 & 3 ROCKER COVERS ARE LEAKING.,OK,R/H ENGINE #2 & 3,ROCKER COVERS,LEAKING,,REMOVED & REPLACED R/H ENGINE #2 & 3 ROCKER COVER GASKE,,,ROCKER COVER GASKE,REMOVED & REPLACED,
101231,R/H ENGINE #4 CYLINDER HAS LOW COMPRESSION (20/80 PSI).,OK,R/H ENGINE #4 CYLINDER,,COMPRESSION,,COMPRESSION 20/80. STAKED EXHAUST VALVE WITH NO AFFECT. C,,,EXHAUST VALVE,STAKED,
101232,R/H ENGINE #4 CYLINDER HAS LOW COMPRESSION (20/80 PSI).,OK,R/H ENGINE #4 CYLINDER,,COMPRESSION,,REMOVED & REPLACED #4 CYLINDER IAW DIRECT DRIVE OVERHAU,,,CYLINDER,REMOVED & REPLACED,
101233,R/H #3 AFT BAFFLE SEAL IS LOOSE.,OK,R/H #3 AFT,BAFFLE SEAL,LOOSE,,RESECURED BAFFLE SEAL.,,,BAFFLE SEAL,RESECURED,
101234,L/H #2 INTAKE GASKET IS LEAKING.,OK,L/H #2,INTAKE GASKET,LEAKING,,REMOVED & REPLACED GASKET.,,,GASKET,REMOVED & REPLACED,
101235,L/H ENGINE O/B BAFFLE TIE ROD BROKEN.,OK,L/H ENGINE O/B,BAFFLE TIE ROD,BROKEN,,REPLACED BAFFLE TIE ROD.,,,BAFFLE TIE ROD,REPLACED,
101236,"#4 INTAKE GASKET LEAKING, R/H ENGINE.",OK,"#4, R/H ENGINE",INTAKE GASKET,LEAKING,,REMOVED & REPLACED GASKET.,,,GASKET,REMOVED & REPLACED,
101237,R/H #2 SIDE BAFFLE SEAL IS LOOSE.,OK,R/H #2 SIDE,BAFFLE SEAL,LOOSE,,REMOVED & REPLACED BAFFLE SEAL.,,,BAFFLE SEAL,REMOVED & REPLACED,
101238,#2 & 4 INTAKES ARE LEAKING.,OK,#2 & 4,INTAKES,LEAKING,,REMOVED & REPLACED INTAKE GASKETS.,,,INTAKE GASKETS,REMOVED & REPLACED,
101239,ENGINE BAFFLE CYLINDER #3 MOUNT BRACKET SHEARED RIVET.,OK,"CYLINDER #3, ENGINE ",BAFFLE MOUNT BRACKET RIVET,SHEARED,,REMOVED & REPLACED RIVETS BY REMOVING BAFFLE & REINSTAL,,,"RIVETS, BAFFLE","REMOVED & REPLACED , REMOVED & REINSTAL",
101240,L/H BAFFLE PLUG HOLE IS TOO LARGE.,OK,L/H,BAFFLE PLUG HOLE,LARGE,,INSTALLED BAFFLE PATCH MADE OUT OF LIKE MATERIAL.,,LIKE MATERIAL,BAFFLE PATCH,INSTALLED,
101241,#3 & 4 INTAKE LEAKING.,OK,#3 & 4,INTAKE,LEAKING,,REMOVED & REPLACED GASKETS.,,,GASKETS,REMOVED & REPLACED,
101242,"#2, 3 & 4 ROCKER COVERS LEAKING.",OK,"#2, 3 & 4",ROCKER COVERS,LEAKING,,REMOVED & REPLACED GASKETS.,,,GASKETS,REMOVED & REPLACED,
101243,RIVET SHEARED @ R/H AFT BAFFLE.,OK,R/H AFT,BAFFLE RIVET,SHEARED,,REMOVED BAFFLE FROM A/C. REMOVED & REPLACED DAMAGED RIV,,,"BAFFLE, RIV","REMOVED , REMOVED & REPLACED",
101244,R/H ENGINE OIL RETURN LINES ARE LEAKING.,OK,R/H ENGINE,OIL RETURN LINES,LEAKING,,LEAK CHECK GOOD.,,,LEAK,CHECK,
101245,R/H ENGINE OIL RETURN LINES ARE LEAKING.,OK,R/H ENGINE,OIL RETURN LINES,LEAKING,,TIGHTENED CLAMPS.,,,CLAMPS,TIGHTENED,
101246,R/H ENGINE #3 INTAKE IS LEAKING.,OK,R/H ENGINE #3,INTAKE,LEAKING,,REMOVED & REPLACED GASKET.,,,GASKET,REMOVED & REPLACED,
101247,L/H ENGINE #4 INTAKE IS LEAKING.,OK,L/H ENGINE #4,INTAKE,LEAKING,,REMOVED & REPLACED GASKET WITH NEW.,,NEW,GASKET,REMOVED & REPLACED,
101248,L/H ENGINE #3 ROCKER COVER IS LEAKING.,OK,L/H ENGINE #3,ROCKER COVER,LEAKING,,REMOVED & REPLACED GASKET WITH NEW.,,NEW,GASKET,REMOVED & REPLACED,
101249,R/H ENGINE #2 & 3 ROCKER COVERS ARE LEAKING.,OK,R/H ENGINE #2 & 3,ROCKER COVERS,LEAKING,,REMOVED & REPLACED GASKETS.,,,GASKETS,REMOVED & REPLACED,
101250,#3 ROCKER COVER IS LEAKING.,OK,#3,ROCKER COVER,LEAKING,,REMOVED & REPLACED GASKET.,,,GASKET,REMOVED & REPLACED,
101251,#3 INTAKE IS LEAKING.,OK,#3,INTAKE,LEAKING,,REMOVED & REPLACED INTAKE GASKET WITH NEW.,,NEW,INTAKE GASKET,REMOVED & REPLACED,
101252,CYLINDER #1 ROCKER COVER GASKET LEAKING.,OK,CYLINDER #1,ROCKER COVER GASKET,LEAKING,,REMOVED & REPLACED ROCKER COVER GASKET.,,,ROCKER COVER GASKET,REMOVED & REPLACED,
101253,L/H BUTTON PLUG IS WORN.,OK,L/H,BUTTON PLUG,WORN,,REMOVED & REPLACED BUTTON PLUG WITH NEW.,,NEW,BUTTON PLUG,REMOVED & REPLACED,
101254,"WHILE TAXING, ENGINE COUGHED & SPUTTERED ANYTIME RPMS WERE B",OK,ENGINE,,COUGHED & SPUTTERED,,ENGINE RAN SMOOTH AT DIFFERENT SETTINGS.,,,ENGINE,RAN,
101255,"WHILE TAXING, ENGINE COUGHED & SPUTTERED ANYTIME RPMS WERE B",OK,ENGINE,,COUGHED & SPUTTERED,,"RAN ENGINE. NOTED DISCREPANCY, ROUGH ENGINE BELOW 1000",,,ENGINE,RAN,
101256,CYLINDER #2 INTAKE PIPE GASKET LEAKING.,OK,CYLINDER #2,INTAKE PIPE GASKET,LEAKING,,REMOVED & REPLACED INTAKE GASKET.,,,INTAKE GASKET,REMOVED & REPLACED,
101257,#2 CYLINDER ROCKER COVER GASKET LEAKING.,OK,#2 CYLINDER,ROCKER COVER GASKET,LEAKING,,REMOVED & REPLACED ROCKER GASKET WITH NEW.,,NEW,ROCKER GASKET,REMOVED & REPLACED,
101258,R/H ENGINE OIL COOLER BAFFLE CRACKED.,OK,R/H ENGINE,OIL COOLER BAFFLE,CRACKED,,REPLACED CRACKED BAFFLE WITH SERVICEABLE BAFFLE.,,SERVICEABLE,BAFFLE,REPLACED,
101259,ROCKER COVER GASKET CYLINDER #2 & 3 LEAKING.,OK,CYLINDER #2 & 3,ROCKER COVER GASKET,LEAKING,,REMOVED & REPLACED ROCKER COVER GASKETS.,,,ROCKER COVER GASKETS,REMOVED & REPLACED,
101260,INTERCYLINDER BAFFLE SUPPORT ROD BROKEN.,OK,INTERCYLINDER, BAFFLE SUPPORT ROD,BROKEN,,REMOVED & REPLACED INTERCYLINDER BAFFLE ROD.,,,INTERCYLINDER BAFFLE ROD,REMOVED & REPLACED,
101261,R/H ENGINE OIL RETURN LIKE CLAMPS ARE LOOSE.,OK,R/H ENGINE,OIL RETURN LIKE CLAMPS,LOOSE,,TIGHTENED CLAMPS.,,,CLAMPS,TIGHTENED,
101262,R/H ENGINE BAFFLE CRACKED BY OIL COOLER.,OK,R/H ENGINE,BAFFLE,CRACKED,,"REMOVED OIL COOLER, CLEANED AREA - NO CRACKING NOTED. R",,,"OIL COOLER, AREA","REMOVED, CLEANED",
101263,"L/H ENG, CYLINDER #3 ROCKER COVER GASKET IS LEAKING.",OK,L/H ENG CYLINDER #3,ROCKER COVER GASKET,LEAKING,,REMOVED & REPLACED L/H ENGINE CYLINDER #3 ROCKER COVER GASKET.,,,ROCKER COVER GASKET,REMOVED & REPLACED,
101264,CYLINDER #3 ROCKER COVER IS MISSING A SCREW.,OK,CYLINDER #3,ROCKER COVER SCREW,MISSING,,INSTALLED NEW SCREW.,,NEW,SCREW,INSTALLED,
101265,#2 ROCKER COVER IS LEAKING.,OK,#2,ROCKER COVER,LEAKING,,REMOVED & REPLACED GASKET.,,,GASKET,REMOVED & REPLACED,
101266,CYLINDER #2 INTAKE IS LEAKING.,OK,CYLINDER #2,INTAKE,LEAKING,,REMOVED & REPLACED #2 INTAKE GASKET.,,,INTAKE GASKET,REMOVED & REPLACED,
101267,WIRING HOLDER BROKEN ON CYLINDER #1.,OK,CYLINDER #1,WIRING HOLDER,BROKEN,,REMOVED & REPLACED ANCHOR STAND ASSY.,,,ANCHOR STAND ASSY,REMOVED & REPLACED,
101268,#3 ROCKER COVER GASKET LEAKING.,OK,#3,ROCKER COVER GASKET,LEAKING,,REMOVED & REPLACED GASKET.,,,GASKET,REMOVED & REPLACED,
101269,#4 INTAKE GASKET LEAKING.,OK,#4,INTAKE GASKET,LEAKING,,REPLACED WITH NEW GASKET.,,NEW,GASKET,REPLACED,
101270,#2 INDUCTION TUBE GASKET LEAKING.,OK,#2,INDUCTION TUBE GASKET,LEAKING,,REPLACED GASKET.,,,GASKET,REPLACED,
101271,HIDDEN DAMAGE INSP REQUIRED FOR ENGINE FIRE.,DIFFICULT,,,,,"PERFORMED HIDDEN DAMAGE ON AFFECTED AREA, NO DAMAGE NOT",,,,,
101272,#2 INTAKE IS LEAKING.,OK,#2,INTAKE,LEAKING,,REMOVED & REPLACED GASKET WITH NEW.,,NEW,GASKET,REMOVED & REPLACED,
101273,CYLINDER #3 ROCKER COVER IS LEAKING.,OK,CYLINDER #3,ROCKER COVER,LEAKING,,REPLACED ROCKER COVER GASKET.,,,ROCKER COVER GASKET,REPLACED,
101274,"#2 & 1 INTAKE, R/H ENGINE, LEAKING.",OK,"#2 & 1 INTAKE, R/H ENGINE",INTAKE,LEAKING,,REMOVED & REPLACED GASKETS.,,,GASKETS,REMOVED & REPLACED,
101275,#2 ROCKER COVER IS LEAKING.,OK,#2,ROCKER COVER,LEAKING,,REMOVED & REPLACED ROCKER COVER GASKET.,,,ROCKER COVER GASKET,REMOVED & REPLACED,
101276,"L/H ENGINE INTAKE GASKET, CYLINDER #2, LEAKING.",OK,L/H ENGINE CYLINDER #2,INTAKE GASKET,LEAKING,,REMOVED & REPLACED GASKET FOR L/H ENGINE CYLINDER #2 INTAKE.,,,GASKET,REMOVED & REPLACED,
101277,"L/H ENGINE CYLINDER #1, 2 & 3 ROCKER COVER GASKETS LEAKING.",OK,"L/H ENGINE CYLINDER #1, 2 & 3",ROCKER COVER GASKETS,LEAKING,,"REMOVED & REPLACED L/H ENGINE CYLINDER #1, 2, 3 ROCKER COVER GA",,,ROCKER COVER GASKETS,REMOVED & REPLACED,
101278,#2 ROCKER COVER IS LEAKING.,OK,#2,ROCKER COVER,LEAKING,,REMOVED & REPLACED ROCKER COVER GASKETS ON CYLINDER #1 & 2.,,,ROCKER COVER GASKETS,REMOVED & REPLACED,
101279,#2 ROCKER COVER IS LEAKING.,OK,#2,ROCKER COVER,LEAKING,,REMOVED & REPLACED GASKET.,,,GASKET,REMOVED & REPLACED,
101280,#4 ROCKER COVER IS LEAKING.,OK,#4,ROCKER COVER,LEAKING,,REMOVED & REPLACED GASKET.,,,GASKET,REMOVED & REPLACED,
101281,#6 COWL SHOCK MOUNT TORN.,OK,#6,COWL SHOCK MOUNT,TORN,,REMOVED & REPLACED COWL SHOCK MOUNT.,,,COWL SHOCK MOUNT,REMOVED & REPLACED,
101282,#2 INTAKE LEAKING ON L/H ENGINE.,OK,#2 ON L/H ENGINE,INTAKE,LEAKING,,REMOVED & REPLACED #2 INTAKE GASKET.,,,INTAKE GASKET,REMOVED & REPLACED,
101283,#3 ROCKER COVER LEAKING ON L/H ENGINE.,OK,#3 ON L/H ENGINE,ROCKER COVER,LEAKING,,REMOVED & REPLACED #3 ROCKER GASKET.,,,ROCKER GASKET,REMOVED & REPLACED,
101284,ROCKER COVERS 1 & 3 LEAKING ON R/H ENGINE.,OK,1 & 3 ON R/H ENGINE,ROCKER COVERS,LEAKING,,REMOVED & REPLACED ROCKER GASKETS.,,,ROCKER GASKETS,REMOVED & REPLACED,
101285,ROCKER COVER GASKET #3 TORN.,OK,#3,ROCKER COVER GASKET,TORN,,REMOVED & REPLACED ROCKER COVER GASKET.,,,ROCKER COVER GASKET,REMOVED & REPLACED,
101286,L/H & R/H ENGINE BAFFLE PLUGS DAMAGED.,OK,L/H & R/H ENGINE,BAFFLE PLUGS,DAMAGED,,REMOVED & REPLACED L/H & R/H ENGINE BAFFLE PLUGS.,,,BAFFLE PLUGS,REMOVED & REPLACED,
101287,L/H ENGINE #4 CYLINDER INTAKE GASKET IS LEAKING.,OK,L/H ENGINE #4 CYLINDER,INTAKE GASKET,LEAKING,,REMOVED & REPLACED GASKET.,,,GASKET,REMOVED & REPLACED,
101288,L/H ENGINE #3 CYLINDER ROCKER COVER GASKET IS LEAKING.,OK,L/H ENGINE #3 CYLINDER,ROCKER COVER GASKET,LEAKING,,REMOVED & REPLACED GASKET.,,,GASKET,REMOVED & REPLACED,
101289,#3 INTAKE TUBE RUBBING ON BAFFLE.,OK,#3,INTAKE TUBE,RUBBING,,ADJUSTED BAFFLE.,,,BAFFLE,ADJUSTED,
101290,#2 INTAKE TUBE LEAKS AT CYLINDER.,OK,#2 CYLINDER,INTAKE TUBE,LEAKS,,REMOVED & REPLACED INTAKE TUBE GASKET & SEAL.,,,INTAKE TUBE GASKET & SEAL,REMOVED & REPLACED,
101291,LOOSE ENGINE GROUND.,OK,ENGINE,GROUND,LOOSE,,TIGHTENED ENGINE GROUND CABLE.,,,GROUND CABLE,TIGHTENED,
101292,INTAKE GASKET CYLINDER #4 LEAKING.,OK,CYLINDER #4,INTAKE GASKET,LEAKING,,REMOVED & REPLACED INTAKE GASKET.,,,INTAKE GASKET,REMOVED & REPLACED,
101293,ROCKER COVER GASKET CYLINDER #4 LEAKING.,OK,CYLINDER #4,ROCKER COVER GASKET,LEAKING,,REMOVED & REPLACED ROCKER COVER GASKET.,,,ROCKER COVER GASKET,REMOVED & REPLACED,
101294,BAFFLE SUPPORT STEEL ROD CYLINDER #2 & 4 MISSING.,OK,CYLINDER #2 & 4,BAFFLE SUPPORT STEEL ROD,MISSING,,INSTALLED NEW BAFFLE FASTENER FOR CYLINDER #2 & 4.,,NEW,BAFFLE FASTENER,INSTALLED,
101295,INTAKE GASKETS CYLINDER #2 & #4 LEAKING.,OK,CYLINDER #2 & #4,INTAKE GASKETS,LEAKING,,REMOVED & REPLACED INTAKE GASKETS.,,,INTAKE GASKETS,REMOVED & REPLACED,
101296,"ROCKER COVER GASKETS, CYLINDER #2 & 4 LEAKING.",OK,CYLINDER #2 & 4,ROCKER COVER GASKETS,LEAKING,,REMOVED & REPLACED ROCKER COVER GASKETS.,,,ROCKER COVER GASKETS,REMOVED & REPLACED,
101297,#3 CYLINDER AFT BAFFLE BRACKET LOOSE. BRACKET SECURED TO ENGINE C,OK,#3 CYLINDER AFT,BAFFLE BRACKET,LOOSE,,"REMOVED #3 AFT BAFFLE, REPLACED SCREWS IN BRACKET. REIN",,,"AFT BAFFLE, SCREWS","REMOVED, REPLACED",
101298,R/H BAFFLE PLUG NEEDS TO BE REPLACED.,OK,R/H,BAFFLE PLUG,NEED PROBLEM,,INSTALLED NEW BAFFLE PLUG.,,NEW,BAFFLE PLUG,INSTALLED,
101299,#3 ROCKER COVER GASKET IS TORN.,OK,#3,ROCKER COVER GASKET,TORN,,INSTALLED NEW #3 ROCKER BOX COVER GASKET.,,NEW,ROCKER BOX COVER GASKET,INSTALLED,
101300,#2 ROCKER COVER LEAKING.,OK,#2,ROCKER COVER,LEAKING,,REMOVED & REPLACED #2 ROCKER COVER GASKET.,,,ROCKER COVER GASKET,REMOVED & REPLACED,
101301,#3 INTAKE IS LEAKING.,OK,#3,INTAKE,LEAKING,,REMOVED & REPLACED GASKET.,,,GASKET,REMOVED & REPLACED,
101302,#3 ROCKER COVER IS LEAKING.,OK,#3,ROCKER COVER,LEAKING,,REMOVED & REPLACED GASKET.,,,GASKET,REMOVED & REPLACED,
101303,ROCKER COVER GASKET #3 TORN.,OK,#3,ROCKER COVER GASKET,TORN,,REMOVED & REPLACED ROCKER COVER GASKET.,,,ROCKER COVER GASKET,REMOVED & REPLACED,
101304,SIDE BAFFLE PLUGS ARE MISSING FINGERS.,OK,SIDE,BAFFLE PLUGS FINGERS,MISSING,,REPLACED WITH NEW PLUGS.,,NEW,PLUGS,REPLACED,
101305,L/H ENGINE #2 & 4 ROCKER COVERS ARE LEAKING.,OK,L/H ENGINE #2 & 4,ROCKER COVERS,LEAKING,,REMOVED & REPLACED ROCKER COVER GASKETS.,,,ROCKER COVER GASKETS,REMOVED & REPLACED,
101306,ROCKER COVER GASKETS CYLINDER #2 & 3 LEAKING.,OK,CYLINDER #2 & 3,ROCKER COVER GASKETS,LEAKING,,REMOVED & REPLACED ROCKER COVER GASKET.,,,ROCKER COVER GASKET,REMOVED & REPLACED,
101307,INTAKE TUBE LEAKING AT CONNECTION POINT WITH OIL SUMP CYLINDER #4.,OK,CYLINDER #4,INTAKE TUBE,LEAKING,,"CLEANED & PERFORMED ENGINE RUN UP, CONFIRMED DISCREPANC",,,ENGINE,CLEANED & RUN,
101308,INTAKE TUBE LEAKING AT CONNECTION POINT WITH OIL SUMP CYLINDER #4.,OK,CYLINDER #4,INTAKE TUBE,LEAKING,,RESWAGED INTAKE PIPE IAW LYCOMING OVERHAUL MANUAL & INS,,,INTAKE PIPE,RESWAGED,
101309,UPPER R/H BAFFLE SEAL LOOSE.,OK,UPPER R/H,BAFFLE SEAL,LOOSE,,RESECURED BAFFLE SEAL.,,,BAFFLE SEAL,RESECURED,
101310,"R/H ENGINE RUNNING ROUGH. ENGINE WAS FINE @ LOW ALTITUDES, O",OK,R/H ENGINE,,ROUGH,,"RAN UP A/C, NO ENGINE ROUGHNESS NOTED. CHECKED GOOD AT",,,"A/C , ENGINE","RAN , CHECKED",
101311,CYLINDER #4 AFT BAFFLE CRACKED.,OK,CYLINDER #4 AFT,BAFFLE,CRACKED,,STOP DRILLED CRACK ON BAFFLE.,,,DRILLED CRACK,STOP,
101312,CYLINDER #4 & 2 ROCKER COVER GASKETS LEAKING.,OK,CYLINDER #4 & 2,ROCKER COVER GASKETS,LEAKING,,REMOVED & REPLACED ROCKER COVER GASKETS.,,,ROCKER COVER GASKETS,REMOVED & REPLACED,
101313,INTAKE #2 LEAKING ON L/H ENGINE.,OK,#2 ON L/H ENGINE,INTAKE,LEAKING,,INSTALLED NEW INTAKE GASKET.,,NEW,INTAKE GASKET,INSTALLED,
101314,#2 ROCKER SHAFT THRUST PLUG BROKEN.,OK,#2,ROCKER SHAFT THRUST PLUG,BROKEN,,INSTALLED NEW ROCKER SHAFT THRUST BUTTON.,,NEW,ROCKER SHAFT THRUST BUTTON,INSTALLED,
101315,"ROCKER COVERS 2, 3 & 4 LEAKING ON L/H ENGINE.",OK,"2, 3 & 4 ON L/H ENGINE",ROCKER COVERS,LEAKING,,INSTALLED NEW ROCKER BOX COVER GASKETS.,,NEW,ROCKER BOX COVER GASKETS,INSTALLED,
101316,LEFT REAR BAFFLE CRACKED ON R/H ENGINE.,OK,LEFT REAR ON R/H ENGINE,BAFFLE,CRACKED,,REMOVED & REPLACED LEFT REAR BAFFLE ON R/H ENGINE.,,,BAFFLE,REMOVED & REPLACED,
101317,#2 INTAKE GASKET LEAKING.,OK,#2,INTAKE GASKET,LEAKING,,REPLACED GASKET.,,,GASKET,REPLACED,
101318,#3 ROCKER GASKET IS LEAKING.,OK,#3,ROCKER GASKET,LEAKING,,REPLACED ROCKER GASKET.,,,ROCKER GASKET,REPLACED,
101319,L/H ENGINE CYLINDER #2 & 3 INTAKE GASKETS LEAKING.,OK,L/H ENGINE CYLINDER #2 & 3,INTAKE GASKETS,LEAKING,,REMOVED & REPLACED INTAKE GASKETS.,,,INTAKE GASKETS,REMOVED & REPLACED,
101320,L/H ENGINE CYLINDER #3 ROCKER COVER GASKET LEAKING.,OK,L/H ENGINE CYLINDER #3,ROCKER COVER GASKET,LEAKING,,REMOVED & REPLACED #3 ROCKER COVER GASKET.,,,ROCKER COVER GASKET,REMOVED & REPLACED,
101321,"R/H ENGINE, CYLINDER #3 ROCKER COVER GASKET LEAKING.",OK,"R/H ENGINE, CYLINDER #3",ROCKER COVER GASKET,LEAKING,,REMOVED & REPLACED #3 ROCKER COVER GASKET.,,,ROCKER COVER GASKET,REMOVED & REPLACED,
101322,#1 INTAKE GASKET LEAKING.,OK,#1,INTAKE GASKET,LEAKING,,REPLACED GASKET.,,,GASKET,REPLACED,
101323,#3 ROCKER COVER GASKET IS LEAKING.,OK,#3,ROCKER COVER GASKET,LEAKING,,REMOVED & REPLACED GASKET.,,,GASKET,REMOVED & REPLACED,
101324,ROCKER COVER GASKET ON CYLINDER #2 LEAKING.,OK,CYLINDER #2,ROCKER COVER GASKET,LEAKING,,REMOVED & REPLACED ROCKER COVER GASKET.,,,ROCKER COVER GASKET,REMOVED & REPLACED,
101325,"SHEARED RIVET ON CYLINDER #3 BAFFLE, AFT.",OK,"CYLINDER #3, AFT",BAFFLE RIVET,SHEARED,,REPLACED RIVETS WITH SCREWS/WASHERS/NUTS.,,,"RIVETS, SCREWS, WASHERS, NUTS",REPLACED,
101326,#2 & 4 CYLINDER ROCKER COVER GASKETS LEAKING.,OK,#2 & 4 CYLINDER,ROCKER COVER GASKETS,LEAKING,,REMOVED & REPLACED ROCKER COVER GASKETS.,,,ROCKER COVER GASKETS,REMOVED & REPLACED,
101327,"CYLINDER #3 INTAKE TUBE FLANGE LEAKING FUEL, CONNECTION BETWEEN T",OK,CYLINDER #3,INTAKE TUBE FLANGE FUEL,LEAKING,,RESWAGED INTAKE TUBE IAW LYCOMING OVERHAUL,,,INTAKE TUBE,RESWAGED,
101328,#1 ROCKER COVER IS LEAKING.,OK,#1,ROCKER COVER,LEAKING,,REMOVED & REPLACED ROCKER COVER BRACKET.,,,ROCKER COVER BRACKET,REMOVED & REPLACED,
101329,TOP BAFFLE BACK SIDE RIVETS MISSING.,OK,TOP BACK SIDE,BAFFLE RIVETS,MISSING,,INSTALLED SCREWS WHERE RIVETS MISSING.,,,SCREWS,INSTALLED,
101330,#1 CYLINDER STAND OFF IS BROKEN.,OK,#1 CYLINDER,STAND OFF,BROKEN,,REMOVED & REPLACED PLASTIC HOLDER ON STAND OFF & RESECU,,,"PLASTIC HOLDER, STAND OFF","REMOVED & REPLACED , RESECU",
101331,#2 & 3 ROCKER COVERS ARE LEAKING.,OK,#2 & 3,ROCKER COVERS,LEAKING,,REMOVED & REPLACED ROCKER COVER GASKETS.,,,ROCKER COVER GASKETS,REMOVED & REPLACED,
101332,FORWARD R/H SIDE ENGINE BAFFLE CRACKED.,OK,FORWARD R/H SIDE ENGINE,BAFFLE,CRACKED,,STOP DRILLED CRACK IN FORWARD R/H ENGINE BAFFLE.,,,BAFFLE,STOP DRILLED,
101333,"CYLINDER #1, 2 INTAKE GASKETS ARE LEAKING.",OK,"CYLINDER #1, 2",INTAKE GASKETS,LEAKING,,"REMOVED & REPLACED CYLINDER #1, 2 INTAKE GASKETS.",,,INTAKE GASKETS,REMOVED & REPLACED,
101334,INTAKE GASKET CYLINDER #4 LEAKING.,OK,CYLINDER #4,INTAKE GASKET,LEAKING,,REMOVED & REPLACED INTAKE GASKET.,,,INTAKE GASKET,REMOVED & REPLACED,
101335,ROCKER COVER GASKET CYLINDER #2 LEAKING.,OK,CYLINDER #2,ROCKER COVER GASKET,LEAKING,,REMOVED & REPLACED ROCKER COVER GASKET.,,,ROCKER COVER GASKET,REMOVED & REPLACED,
101336,#3 INTAKE LEAKING ON L/H ENGINE.,OK,#3 ON L/H ENGINE,INTAKE,LEAKING,,REPLACED GASKET.,,,GASKET,REPLACED,
101337,BAFFLE CORNER BY CYLINDER #4 CRACKED.,OK,CORNER BY CYLINDER #4,BAFFLE,CRACKED,,STOP DRILLED CRACK.,,,DRILLED CRACK,STOP,
101338,"CYLINDER #1, 3, 2 ROCKER COVER GASKETS LEAKING.",OK,"CYLINDER #1, 3, 2",ROCKER COVER GASKETS,LEAKING,,REMOVED & REPLACED ROCKER COVER GASKETS.,,,ROCKER COVER GASKETS,REMOVED & REPLACED,
101339,REAR ENGINE BAFFLE BRACKET LOOSE.,OK,REAR ENGINE,BAFFLE BRACKET,LOOSE,,"REMOVED BAFFLE, INSTALLED NEW RIVETS TO HOLD BRACKET. R",,NEW,"BAFFLE,RIVETS,BRACKET","REMOVED,INSTALLED",
101340,ENGINE OVERSPEED TO 3300 RPM.,OK,ENGINE,,OVERSPEED,,"CHANGED OIL FILTER, CHECKED SUMP SCREEN, CHANGED OIL &",,,"OIL FILTER,SUMP SCREEN,OIL","CHANGED,CHECKED,CHANGED",
101341,R/H ENGINE BAFFLE SCREW MISSING.,OK,R/H ENGINE,BAFFLE SCREW,MISSING,,REPLACED SCREW.,,,SCREW,REPLACED,
101342,A/C WOULDN'T START.,OK,A/C,,WOULDN'T START,,"STARTED A/C, CHECKED OK.",,,A/C,STARTED & CHECKED,
101343,#3 INTAKE LEAKING ON R/H ENGINE.,OK,#3 ON R/H ENGINE,INTAKE,LEAKING,,REMOVED & REPLACED #3 INTAKE GASKET ON R/H ENGINE.,,,INTAKE GASKET,REMOVED & REPLACED,
101344,#2 INTAKE IS LEAKING.,OK,#2,INTAKE,LEAKING,,REPLACED GASKET.,,,GASKET,REPLACED,
101345,#2 ROCKER COVER IS LEAKING.,OK,#2,ROCKER COVER,LEAKING,,REMOVED & REPLACED GASKET.,,,GASKET,REMOVED & REPLACED,
101346,R/H BACK BAFFLE RIVET HEAD IS SHEARED.,OK,"R/H BACK, HEAD",BAFFLE RIVET,SHEARED,,COMPLETED REASSEMBLY.,,,REASSEMBLY,COMPLETED,
101347,R/H BACK BAFFLE RIVET HEAD IS SHEARED.,OK,"R/H BACK, HEAD",BAFFLE RIVET,SHEARED,,"REMOVED BACK BAFFLE, INSTALLED SCREWS WHERE RIVETS WHER",,,"BACK BAFFLE, SCREWS","REMOVED, INSTALLED",
101348,"R/H, L/H ENGINE BAFFLE SEAL LOOSE.",OK,"R/H, L/H ENGINE",BAFFLE SEAL,LOOSE,,RESECURED R/H & L/H BAFFLE SEAL.,,,BAFFLE SEAL,RESECURED,
101349,"#2, 3 & 4 CYLINDER ROCKER COVER GASKETS LEAKING.",OK,"#2, 3 & 4 CYLINDER",ROCKER COVER GASKETS,LEAKING,,REMOVED & REPLACED ROCKER COVER GASKETS.,,,ROCKER COVER GASKETS,REMOVED & REPLACED,
101350,L/H #2 & 3 ROCKER GASKETS LEAKING.,OK,L/H #2 & 3,ROCKER GASKETS,LEAKING,,REMOVED & REPLACED ROCKER COVER GASKETS.,,,ROCKER COVER GASKETS,REMOVED & REPLACED,
101351,R/H #2 & 4 ROCKER GASKETS LEAKING.,OK,R/H #2 & 4,ROCKER GASKETS,LEAKING,,REMOVED & REPLACED ROCKER COVER GASKETS.,,,ROCKER COVER GASKETS,REMOVED & REPLACED,
101352,#2 ROCKER COVER GASKET LEAKING.,OK,#2,ROCKER COVER GASKET,LEAKING,,REMOVED & REPLACED ROCKER COVER GASKET.,,,ROCKER COVER GASKET,REMOVED & REPLACED,
101353,#3 ROCKER COVER GASKET LEAKING.,OK,#3,ROCKER COVER GASKET,LEAKING,,REMOVED & REPLACED ROCKER COVER GASKET.,,,ROCKER COVER GASKET,REMOVED & REPLACED,
101354,#3 ROCKER COVER LEAKING ON L/H ENGINE.,OK,#3 ON L/H ENGINE,ROCKER COVER,LEAKING,,REMOVED & REPLACED GASKET.,,,GASKET,REMOVED & REPLACED,
101355,#2 INTAKE LEAKING ON L/H ENGINE.,OK,#2 ON L/H ENGINE,INTAKE,LEAKING,,REMOVED & REPLACED INTAKE GASKET.,,,INTAKE GASKET,REMOVED & REPLACED,
101356,R/H ENGINE #2 & 4 CYLINDER ROCKER COVER GASKETS ARE LEAKING.,OK,R/H ENGINE #2 & 4 CYLINDER,ROCKER COVER GASKETS,LEAKING,,REMOVED & REPLACED GASKETS.,,,GASKETS,REMOVED & REPLACED,
101357,R/H ENGINE #1 & 3 INTAKE GASKETS ARE LEAKING.,OK,R/H ENGINE #1 & 3,INTAKE GASKETS,LEAKING,,REMOVED & REPLACED INTAKE GASKETS ON R/H ENGINE.,,,INTAKE GASKETS,REMOVED & REPLACED,
101358,ALL 4 ROCKER GASKETS ARE LEAKING.,OK,ALL 4,ROCKER GASKETS,LEAKING,,REPLACED WITH NEW ROCKER GASKETS. LEAK CHECK GOOD.,,NEW,"ROCKER GASKETS, LEAK","REPLACED, CHECK",
101359,#2 & 3 INTAKE GASKETS ARE LEAKING.,OK,#2 & 3,INTAKE GASKETS,LEAKING,,REPLACED WITH NEW INTAKE GASKETS. LEAK CHECK GOOD.,,NEW,"INTAKE GASKETS, LEAK","REPLACED, CHECK",
101360,"#1, 2, 3 & 4 ROCKER COVER GASKETS LEAKING.",OK,ALL 4,ROCKER COVER GASKETS,LEAKING,,REMOVED & REPLACED ROCKER COVER GASKETS.,,,ROCKER COVER GASKETS,REMOVED & REPLACED,
101361,#3 ROCKER COVER IS LEAKING.,OK,#3,ROCKER COVER,LEAKING,,REMOVED & REPLACED #3 ROCKER COVER GASKET.,,,ROCKER COVER GASKET,REMOVED & REPLACED,
101362,#2 & 3 INTAKES LEAKING ON L/H ENGINE.,OK,#2 & 3 ON L/H ENGINE,INTAKES,LEAKING,,REMOVED & REPLACED GASKETS.,,,GASKETS,REMOVED & REPLACED,
101363,R/H ENGINE #2 ROCKER COVER GASKET LEAKING.,OK,R/H ENGINE #2,ROCKER COVER GASKET,LEAKING,,REMOVED & REPLACED GASKET.,,,GASKET,REMOVED & REPLACED,
101364,#2 & 3 ROCKER COVERS LEAKING ON L/H ENGINE.,OK,#2 & 3 ON L/H ENGINE,ROCKER COVERS,LEAKING,,REMOVED & REPLACED GASKETS.,,,GASKETS,REMOVED & REPLACED,
101365,L/H CARBURETOR HEAT BRACKET LOOSE.,OK,L/H,CARBURETOR HEAT BRACKET,LOOSE,,REMOVED & REPLACED LOOSE RIVETS.,,,RIVETS,REMOVED & REPLACED,
101366,R/H #4 INTAKE GASKET IS LEAKING.,OK,R/H #4,INTAKE GASKET,LEAKING,,REMOVED & REPLACED INTAKE GASKET.,,,INTAKE GASKET,REMOVED & REPLACED,
101367,#3 ROCKER COVER LEAKING.,OK,#3,ROCKER COVER,LEAKING,,REOVED & REPLACED #3 ROCKER COVER GASKET.,,,ROCKER COVER GASKET,REMOVED & REPLACED,
101368,#1 ROCKER COVER GASKET LEAKING.,OK,#1,ROCKER COVER GASKET,LEAKING,,REMOVED & REPLACED ROCKER COVER GASKET.,,,ROCKER COVER GASKET,REMOVED & REPLACED,
101369,MIXTURE CHECK FAILS - RPM 200 RISE.,OK,,MIXTURE,FAILS,,"RAN A/C, ADJUSTED IDLE MIXTURE IAW HMI, CHECKS GOOD.",,,"A/C, IDLE MIXTURE","RAN, ADJUSTED, CHECK",
101370,#4 INTAKE GASKET IS LEAKING.,OK,#4,INTAKE GASKET,LEAKING,,REMOVED & REPLACED INTAKE GASKET.,,,INTAKE GASKET,REMOVED & REPLACED,
101371,AFT BAFFLE BRACKET MISSING SCREW.,OK,AFT,BAFFLE BRACKET SCREW,MISSING,,INSTALLED NEW SCREW ON BAFFLE.,,NEW,SCREW,INSTALLED,
101372,#3 & 4 INTAKE GASKETS ARE LEAKING.,OK,#3 & 4,INTAKE GASKETS,LEAKING,,REPLACED GASKETS.,,,GASKETS,REPLACED,
101373,#2 INTAKE GASKET IS LEAKING.,OK,#2,INTAKE GASKET,LEAKING,,REMOVED & REPLACED GASKET WITH NEW.,,NEW,GASKET,REMOVED & REPLACED,
101374,L/H AFT BAFFLE CRACKED.,OK,L/H AFT,BAFFLE,CRACKED,,STOP DRILLED CRACK ON AFT BAFFLE.,,,BAFFLE,STOP DRILLED,
101375,"ROCKER COVER GASKETS CYLINDER #2, 3 & 4 LEAKING.",OK,"CYLINDER #2, 3 & 4",ROCKER COVER GASKETS,LEAKING,,REMOVED & REPLACED ROCKER COVER GASKETS.,,,ROCKER COVER GASKETS,REMOVED & REPLACED,
101376,R/H AFT BAFFLE SUPPORT RIVETS SHEARED.,OK,R/H AFT,BAFFLE SUPPORT RIVETS,SHEARED,,REMOVED BAFFLE. DRILLED OUT SHEARED RIVETS. INSTALLED S,,,"BAFFLE, RIVETS","REMOVED, DRILLED OUT, INSTALLED",
101377,TOP BAFFLE IS CRACKED.,OK,TOP,BAFFLE,CRACKED,,FABRICATED PATCHES OUT OF LIKE MATERIAL & INSTALLED. RI,,LIKE MATERIAL,PATCHES,FABRICATED & INSTALLED,
101378,L/H AFT BAFFLE IS CRACKED.,OK,L/H AFT,BAFFLE,CRACKED,,FABRICATED PATCH OUT OF LIKE MATERIAL & INSTALLED. RIVE,,LIKE MATERIAL,PATCH,FABRICATED & INSTALLED,
101379,L/H SIDE BAFFLE IS CRACKED.,OK,L/H SIDE,BAFFLE,CRACKED,,PROCURED SERVICEABLE SIDE BAFFLE - INSTALLED ON PD #2.,,SERVICEABLE,SIDE BAFFLE,"PROCURED, INSTALLED",
101380,R/H SIDE BAFFLE IS CRACKED.,OK,R/H SIDE,BAFFLE,CRACKED,,PATCHED R/H SIDE BAFFLE WITH LIKE MATERIAL. RIVETING IAW,,LIKE MATERIAL,BAFFLE,PATCHED & RIVETING,
101381,INDUCTION AIR FILTER CAN BE REPLACED.,OK,,INDUCTION AIR FILTER,NEED PROBLEM,,INSTALLED NEW FILTER. NEXT DUE @ 3961.3 TACH.,,NEW,FILTER,INSTALLED,
101382,BOTH LOWER DEFLECTORS CRACKED.,OK,BOTH LOWER,DEFLECTORS,CRACKED,,PATCHED DEFLECTORS WITH LIKE MATERIAL.,,LIKE MATERIAL,DEFLECTORS,PATCHED,
101383,FORWARD L/H BAFFLE ANTI-CHAFE STRIP FELL OFF.,OK,FORWARD L/H,BAFFLE ANTI-CHAFE STRIP,FELL OFF,,CLEANED BAFFLE & REINSTALLED ANTI-CHAFE STRIP.,,,"BAFFLE, ANTI-CHAFE STRIP",CLEANED & REINSTALLED,
101384,#3 INTAKE LEAKING.,OK,#3,INTAKE,LEAKING,,REMOVED & REPLACED INTAKE GASKET.,,,INTAKE GASKET,REMOVED & REPLACED,
101385,R/H #3 AFT BAFFLE CRACKED.,OK,R/H #3 AFT,BAFFLE,CRACKED,,STOP DRILLED CRACK.,,,DRILLED CRACK,STOP,
101386,L/H #3 INTAKE GASKET LEAKING.,OK,L/H #3,INTAKE GASKET,LEAKING,,REMOVED & REPLACED INTAKE GASKET.,,,INTAKE GASKET,REMOVED & REPLACED,
101387,R/H #2 & 4 INTAKE GASKETS LEAKING.,OK,R/H #2 & 4,INTAKE GASKETS,LEAKING,,REMOVED & REPLACED INTAKE GASKETS.,,,INTAKE GASKETS,REMOVED & REPLACED,
101388,L/H ALL 4 ROCKER GASKETS ARE LEAKING.,OK,L/H ALL 4,ROCKER GASKETS,LEAKING,,REMOVED & REPLACED ALL ROCKER COVER GASKETS.,,,ROCKER COVER GASKETS,REMOVED & REPLACED,
101389,R/H ENGINE ALL 4 ROCKER GASKETS ARE LEAKING.,OK,R/H ENGINE ALL 4,ROCKER GASKETS,LEAKING,,REMOVED & REPLACED ALL ROCKER COVER GASKETS.,,,ROCKER COVER GASKETS,REMOVED & REPLACED,
101390,ENGINE IS DIRTY.,OK,ENGINE,,DIRTY,,WASHED ENGINE.,,,ENGINE,WASHED,
101391,#2 ROCKER COVER IS LEAKING.,OK,#2,ROCKER COVER,LEAKING,,REMOVED & REPLACED ROCKER COVER GASKET.,,,ROCKER COVER GASKET,REMOVED & REPLACED,
101392,"#1, 3, 4 ROCKER COVERS ARE LEAKING.",OK,"#1, 3, 4",ROCKER COVERS,LEAKING,,REMOVED & REPLACED GASKETS.,,,GASKETS,REMOVED & REPLACED,
101393,"CYLINDER #2, 1 ROCKER COVER GASKETS LEAKING.",OK,"CYLINDER #2, 1",ROCKER COVER GASKETS,LEAKING,,REPLACED ROCKER COVER GASKETS.,,,ROCKER COVER GASKETS,REPLACED,
101394,ROCKER COVER GASKET FROM #3 CYLINDER TORN.,OK,#3 CYLINDER,ROCKER COVER GASKET,TORN,,REMOVED & REPLACED WITH NEW GASKET.,,NEW,GASKET,REMOVED & REPLACED,
101395,REAR R/H ENGINE BAFFLE BRACKET RIVETS SHEARED.,OK,REAR R/H ENGINE,BAFFLE BRACKET RIVETS,SHEARED,,"REMOVED REAR R/H ENGINE BAFFLE, INSTALLED NEW RIVETS TO",,NEW,"BAFFLE,RIVETS","REMOVED,INSTALLED",
101396,#3 INTAKE LEAKING.,OK,#3,INTAKE,LEAKING,,REMOVED & REPLACED #3 INTAKE GASKET.,,,INTAKE GASKET,REMOVED & REPLACED,
101397,R/H REAR ENGINE BAFFLE SCREW LOOSE.,OK,R/H REAR ENGINE,BAFFLE SCREW,LOOSE,,TIGHTENED SCREW.,,,SCREW,TIGHTENED,
101398,ENGINE IS DIRTY.,OK,ENGINE,,DIRTY,,CLEANED ENGINE.,,,ENGINE,CLEANED,
101399,#2 INTAKE IS LEAKING.,OK,#2,INTAKE,LEAKING,,REMOVED & REPLACED GASKET.,,,GASKET,REMOVED & REPLACED,
101400,MISSING SCREW FRONT BAFFLE ON R/H SIDE.,OK,FRONT R/H SIDE,BAFFLE SCREW,MISSING,,INSTALLED NEW SCREW.,,NEW,SCREW,INSTALLED,
101401,"#1, 2 & 4 ROCKER COVERS ARE LEAKING.",OK,"#1, 2 & 4",ROCKER COVERS,LEAKING,,REMOVED & REPLACED GASKETS.,,,GASKETS,REMOVED & REPLACED,
101402,#3 INTAKE GASKET IS LEAKING.,OK,#3,INTAKE GASKET,LEAKING,,REPLACED GASKET.,,,GASKET,REPLACED,
101403,#2 & 3 ROCKER GASKET LEAKING.,OK,#2 & 3,ROCKER GASKET,LEAKING,,REMOVED & REPLACED GASKET.,,,GASKET,REMOVED & REPLACED,
101404,ROCKER COVER GASKET #3 CYLINDER LEAKING.,OK,#3 CYLINDER,ROCKER COVER GASKET,LEAKING,,REMOVED & REPLACED ROCKER COVER GASKET.,,,ROCKER COVER GASKET,REMOVED & REPLACED,
101405,"AFT ENGINE BAFFLE BY CYLINDER #3, SUPPORT SECURED TO ENGINE CASE",DIFFICULT,,,,,REMOVED & REPLACED RIVETS FOR ENGINE BAFFLE BRACKET BY,,,RIVETS ENGINE BAFFLE BRACKET,REMOVED & REPLACED,
101406,#3 ROCKER COVER LEAKING ON L/H ENGINE.,OK,#3 ON L/H ENGINE,ROCKER COVER,LEAKING,,REPLACED GASKET.,,,GASKET,REPLACED,
101407,#2 ROCKER COVER LEAKING ON R/H ENGINE.,OK,#2 ON R/H ENGINE,ROCKER COVER,LEAKING,,REMOVED & REPLACED ROCKER COVER GASKET.,,,ROCKER COVER GASKET,REMOVED & REPLACED,
101408,CYLINDER #2 INTAKE GASKET LEAKING.,OK,CYLINDER #2,INTAKE GASKET,LEAKING,,REMOVED & REPLACED GASKET.,,,GASKET,REMOVED & REPLACED,
101409,CYLINDER #1 ROCKER COVER GASKET LEAKING.,OK,CYLINDER #1,ROCKER COVER GASKET,LEAKING,,REMOVED & REPLACED ROCKER COVER GASKET.,,,ROCKER COVER GASKET,REMOVED & REPLACED,
101410,REAR R/H ENGINE BAFFLE BRACKET CRACKED.,OK,REAR R/H ENGINE,BAFFLE BRACKET,CRACKED,,REMOVED REAR R/H ENGINE BAFFLE. FABRICATED NEW BRACKET,,NEW,"BAFFLE, BRACKET","REMOVED, FABRICATED",
101411,R/H REAR ENGINE BAFFLE MOUNTING SCREW MISSING.,OK,R/H REAR ENGINE,BAFFLE MOUNTING SCREW,MISSING,,INSTALLED NEW SCREW.,,NEW,SCREW,INSTALLED,
101412,#2 & 4 ROCKER COVER IS LEAKING.,OK,#2 & 4,ROCKER COVER,LEAKING,,REMOVED & REPLACED ROCKER COVER GASKETS.,,,ROCKER COVER GASKETS,REMOVED & REPLACED,
101413,ENGINE IS DIRTY.,OK,ENGINE,,DIRTY,,WASHED ENGINE.,,,ENGINE,WASHED,
101414,CYLINDER #1 FORWARD BAFFLE IS CRACKED.,OK,CYLINDER #1 FORWARD,BAFFLE,CRACKED,,STOP DRILLED CYLINDER #1 FORWARD BAFFLE.,,,BAFFLE,STOP DRILLED,
101415,#3 ROCKER COVER IS LEAKING.,OK,#3,ROCKER COVER,LEAKING,,REMOVED & REPLACED #3 ROCKER COVER GASKET.,,,ROCKER COVER GASKET,REMOVED & REPLACED,
101416,STUDENT COULDN'T START A/C.,OK,A/C,,COULDN'T START,,STARTED A/C.,,,A/C,STARTED,
101417,ENGINE RUNNING ROUGH AT IDLE.,OK,ENGINE,,ROUGH,,RAN A/C & CONFIRMED DISCREPANCY.,,,A/C,RAN & CONFIRMED,
101418,L/H ENGINE CYLINDER #3 AFT BAFFLE CRACKED.,OK,L/H ENGINE CYLINDER #3 AFT,BAFFLE,CRACKED,,STOP DRILLED CRACK.,,,DRILLED CRACK,STOP,
101419,R/H ENGINE #3 INTAKE TUBE LEAKING.,OK,R/H ENGINE #3,INTAKE TUBE,LEAKING,,REPLACED GASKET.,,,GASKET,REPLACED,
101420,"L/H ENGINE #2, 3 & 4 ROCKER BOX COVERS LEAKING.",OK,"L/H ENGINE #2, 3 & 4",ROCKER BOX COVERS,LEAKING,,REMOVED & REPLACED GASKETS.,,,GASKETS,REMOVED & REPLACED,
101421,IMPELLER MAKING CONTACT WITH SCROLL.,OK,,IMPELLER,CONTACT,,CLEARANCED IMPELLER TO SCROLL BY REMOVING SHIM IN LOWER,,,"IMPELLER, SCROLL, SHIM","CLEARANCED, REMOVING",
101422,R/H ENGINE #2 CYLINDER INTAKE GASKET IS LEAKING.,OK,R/H ENGINE #2 CYLINDER,INTAKE GASKET,LEAKING,,REMOVED & REPLACED GASKET.,,,GASKET,REMOVED & REPLACED,
101423,L/H ENGINE CYLINDER # ROCKER COVER GASKET LEAKING.,OK,L/H ENGINE CYLINDER #,ROCKER COVER GASKET,LEAKING,,REMOVED & REPLACED GASKET.,,,GASKET,REMOVED & REPLACED,
101424,"L/H ENGINE #4 CYL, AFT UPPER SUPPORT BRACKET CRACKED ON BAFFLE.",OK,"L/H ENGINE #4 CYL, AFT UPPER",BAFFLE SUPPORT BRACKET,CRACKED,,REMOVED & REPLACED BRACKET.,,,BRACKET,REMOVED & REPLACED,
101425,"R/H ENGINE CYLINDER #3, 1 ROCKER COVER GASKETS LEAKING.",OK,"R/H ENGINE CYLINDER #3, 1",ROCKER COVER GASKETS,LEAKING,,"REMOVED & REPLACED R/H ENGINE CYLINDER #1, 3 ROCKER COVER GASKE",,,ROCKER COVER GASKETS,REMOVED & REPLACED,
101426,#2 & 4 ROCKER COVERS ARE LEAKING.,OK,#2 & 4,ROCKER COVERS,LEAKING,,REMOVED & REPLACED GASKET.,,,GASKET,REMOVED & REPLACED,
101427,#3 ROCKER COVER GASKET LEAKING.,OK,#3,ROCKER COVER GASKET,LEAKING,,REMOVED & REPLACED GASKET WITH NEW.,,NEW,GASKET,REMOVED & REPLACED,
101428,"ON CLIMB OUT, ENGINE LOST ABOUT 250 RPM",OK,ENGINE,,RPM,,"RAN A/C, COULD NOT DUPLICATE PROBLEM.",,,A/C,RAN,
101429,ROCKER COVER GASKETS CYLINDER #2 & 4 LEAKING.,OK,CYLINDER #2 & 4,ROCKER COVER GASKETS,LEAKING,,REMOVED & REPLACED ROCKER COVER GASKETS.,,,ROCKER COVER GASKETS,REMOVED & REPLACED,
101430,ENGINE OVER RIDE SPEED WAS 1225 RPM.,OK,ENGINE,,RPM,,"RAN A/C, ADJUSTED IDLE SPEED, CHECKS GOOD.",,,"A/C, IDLE SPEED","RAN, ADJUSTED, CHECK",
101431,#1 ROCKER COVER IS LEAKING.,OK,#1,ROCKER COVER,LEAKING,,REMOVED & REPLACED GASKET.,,,GASKET,REMOVED & REPLACED,
101432,CYLINDER #3 EXTERNAL GASKET IS 1/2 GONE.,OK,CYLINDER #3,EXTERNAL GASKET,GONE,,REPLACED EXTERNAL GASKET.,,,EXTERNAL GASKET,REPLACED,
101433,OIL COOLER LINES LACING CORD IS FALLLING APART.,OK,OIL COOLER LINES,LACING CORD,FALLLING APART,,REPLACED LANCING CORD.,,,LACING CORD,REPLACED,
101434,"R/H ENGINE CYLINDER #4, 3 INTAKE GASKETS LEAKING.",OK,"R/H ENGINE CYLINDER #4, 3",INTAKE GASKETS,LEAKING,,REMOVED & REPLACED GASKETS.,,,GASKETS,REMOVED & REPLACED,
101435,"L/H ENGINE CYLINDER #1, 3 INTAKE GASKETS LEAKING.",OK,"L/H ENGINE CYLINDER #1, 3",INTAKE GASKETS,LEAKING,,"REMOVED & REPLACED L/H ENGINE CYLINDER #1, 3 INTAKE GASKETS.",,,INTAKE GASKETS,REMOVED & REPLACED,
101436,"L/H ENGINE CYLINDER #2, 3, 4 ROCKER COVER GASKETS LEAKING.",OK,"L/H ENGINE CYLINDER #2, 3, 4",ROCKER COVER GASKETS,LEAKING,,REMOVED & REPLACED LH/ ENGINE ROCKER COVER GASKETS.,,,ROCKER COVER GASKETS,REMOVED & REPLACED,
101437,R/H ENGINE ALL CYLINDER ROCKER COVER GASKETS LEAKING.,OK,R/H ENGINE ALL CYLINDER,ROCKER COVER GASKETS,LEAKING,,REMOVED & REPLACED ALL CYLINDER ROCKER COVER GASKETS ON R/H,,,ROCKER COVER GASKETS,REMOVED & REPLACED,
101438,CYLINDER #4 INTAKE GASKET LEAKING.,OK,CYLINDER #4,INTAKE GASKET,LEAKING,,REMOVED & REPLACED INTAKE GASKET WITH NEW.,,NEW,INTAKE GASKET,REMOVED & REPLACED,
101439,R/H ENGINE #3 CYLINDER HAS LOW COMPRESSION (54/80).,OK,R/H ENGINE #3 CYLINDER,,COMPRESSION,,"RAN A/C, RECHECKED COMPRESSION - NOW 65/80.",,,"A/C, COMPRESSION","RAN, RECHECKED",
101440,R/H ENGINE #2 & 3 ROCKER COVERS ARE LEAKING.,OK,R/H ENGINE #2 & 3,ROCKER COVERS,LEAKING,,REMOVED & REPLACED #2 & 3 ROCKER COVER GASKETS ON R/H E,,,ROCKER COVER GASKETS,REMOVED & REPLACED,
101441,L/H ENGINE #1 & 3 ROCKER COVERS ARE LEAKING.,OK,L/H ENGINE #1 & 3,ROCKER COVERS,LEAKING,,REMOVED & REPLACED L/H ENGINE #1 & 3 ROCKER COVER GASKETS.,,,ROCKER COVER GASKETS,REMOVED & REPLACED,
101442,R/H ENGINE #4 CYLINDER AFT BAFFLE WIRE HARNESS TAB IS CRACKE,OK,R/H ENGINE #4 CYLINDER AFT,BAFFLE WIRE HARNESS TAB,CRACKED,,"REMOVED CRACKED PART, FABRICATED PART WITH SIMILAR MATERI",,SIMILAR MATERIAL,PART,"REMOVED, FABRICATED",
101443,#2 ROCKER COVER IS LEAKING.,OK,#2,ROCKER COVER,LEAKING,,REMOVED & REPLACED ROCKER COVER WITH NEW.,,NEW,ROCKER COVER,REMOVED & REPLACED,
101444,#4 ROCKER COVER LEAKING.,OK,#4,ROCKER COVER,LEAKING,,REMOVED & REPLACED ROCKER COVER GASKET.,,,ROCKER COVER GASKET,REMOVED & REPLACED,
101445,#2 INTAKE GASKET IS LEAKING.,OK,#2,INTAKE GASKET,LEAKING,,"REPLACED WITH NEW GASKET, LEAK CHECK GOOD.",,NEW,"GASKET, LEAK","REPLACED, CHECK",
101446,#1 CYLINDER IS MISSING A ROCKER COVER SCREW.,OK,#1 CYLINDER,ROCKER COVER SCREW,MISSING,,INSTALLED SCREW & CHECKED ALL OTHER SCREWS - OK.,,,SCREW,INSTALLED & CHECKED,
101447,INTAKE GASKET CYLINDER #2 LEAKING.,OK,CYLINDER #2,INTAKE GASKET,LEAKING,,REMOVED & REPLACED INTAKE GASKET.,,,INTAKE GASKET,REMOVED & REPLACED,
101448,ROCKER COVER GASKET CYLINDER #4 LEAKING.,OK,CYLINDER #4,ROCKER COVER GASKET,LEAKING,,REMOVED & REPLACED ROCKER COVER GASKET.,,,ROCKER COVER GASKET,REMOVED & REPLACED,
101449,CYLINDER #2 & 3 ROCKER COVERS ARE LEAKING.,OK,CYLINDER #2 & 3,ROCKER COVERS,LEAKING,,REMOVED & REPLACED ROCKER COVER GASKETS.,,,ROCKER COVER GASKETS,REMOVED & REPLACED,
101450,#3 CYLINDER EXHAUST VALVE PUSH ROD TUBE APPEARS TO BE LEAKIN,OK,#3 CYLINDER,EXHAUST VALVE PUSH ROD TUBE,LEAKING,,CLEANED AREA.,,,AREA,CLEANED,
101451,#3 CYLINDER EXHAUST VALVE PUSH ROD TUBE APPEARS TO BE LEAKIN,OK,#3 CYLINDER,EXHAUST VALVE PUSH ROD TUBE,LEAKING,,LEAK CHECK GOOD.,,,LEAK,CHECK,
101452,"INTAKES 2, 3 & 4 LEAKING ON R/H ENGINE.",OK,"2, 3 & 4 ON R/H ENGINE",INTAKES,LEAKING,,REMOVED & REPLACED GASKETS.,,,GASKETS,REMOVED & REPLACED,
101453,INTAKES 2 & 4 LEAKING ON L/H ENGINE.,OK,2 & 4 ON L/H ENGINE,INTAKES,LEAKING,,REMOVED & REPLACED INTAKE GASKETS.,,,INTAKE GASKETS,REMOVED & REPLACED,
101454,"ROCKER COVERS 1, 2 & 4 LEAKING ON L/H ENGINE.",OK,"1, 2 & 4 ON L/H ENGINE",ROCKER COVERS,LEAKING,,REMOVED & REPLACED ROCKER COVER GASKETS.,,,ROCKER COVER GASKETS,REMOVED & REPLACED,
101455,#3 CYLINDER ON R/H ENGINE HAS LOW COMPRESSION.,OK,#3 CYLINDER ON R/H ENGINE,,COMPRESSION,,RUN UP & LEAK CHECK GOOD (COMPRESSION 75/80).,,,"LEAK, COMPRESSION","RUN , CHECK",
101456,#3 CYLINDER ON R/H ENGINE HAS LOW COMPRESSION.,OK,#3 CYLINDER ON R/H ENGINE,,COMPRESSION,,"STAKED VALVES, REINSTALL COVER WITH NEW GASKET.",,NEW,"VALVES,COVER,GASKET","STAKED,REINSTALLED,REPLACED",
101457,#3 CYLINDER ON R/H ENGINE HAS LOW COMPRESSION.,OK,#3 CYLINDER ON R/H ENGINE,,COMPRESSION,,#3 CYLINDER PRESSURE LOW EVEN AFTER ENGINE RUN UP. REMOVED R/H,,,"CYLINDER, ENGINE","LOW, REMOVED",
101458,#3 CYLINDER ON R/H ENGINE HAS LOW COMPRESSION.,OK,#3 CYLINDER ON R/H ENGINE,,COMPRESSION,,"FOUND LEAKY INTAKE VALVE. DISASSEMBLED CYLINDER, DRESSE",,,"INTAKE VALVE , CYLINDER","FOUND , DISASSEMBLED, DRESSED",LEAKY INTAKE VALVE
101459,#3 CYLINDER ON R/H ENGINE HAS LOW COMPRESSION.,OK,#3 CYLINDER ON R/H ENGINE,,COMPRESSION,,DRY TAPPET CLEARANCE CHECK GOOD WITH SHORTER PUSH ROD ON INT,,,"TAPPET CLEARANCE, PUSH ROD",CHECK,
101460,#3 CYLINDER ON R/H ENGINE HAS LOW COMPRESSION.,OK,#3 CYLINDER ON R/H ENGINE,,COMPRESSION,,"HONED CYL, MEASURED BORE - CHECK OK. CLEANED PISTON, FI",,,"CYL, BORE, PISTON","HONED, MEASURED, CLEANED",
101461,"R/H ENG, #1 INTAKE IS LEAKING.",OK,"R/H ENG, #1",INTAKE,LEAKING,,REMOVED & REPLACED INTAKE GASKET.,,,INTAKE GASKET,REMOVED & REPLACED,
101462,"L/H ENG, #2 INTAKE TUBE GASKET LEAKING.",OK,L/H ENG #2,INTAKE TUBE GASKET,LEAKING,,INSTALLED NEW INTAKE TUBE GASKET.,,NEW,INTAKE TUBE GASKET,INSTALLED,
101463,A/C WOULD NOT START.,OK,A/C,,WILL NOT START,,STARTED A/C.,,,A/C,STARTED,
101464,"CYLINDER #2, L/H ENG, INTAKE GASKET LEAKING.",OK,"CYLINDER #2, L/H ENG",INTAKE GASKET,LEAKING,,REMOVED & REPLACED L/H ENGINE CYLINDER #2 INTAKE GASKET.,,,INTAKE GASKET,REMOVED & REPLACED,
101465,"R/H ENGINE CYLINDER #1, 2, 3 & 4 ROCKER COVERS LEAKING.",OK,"R/H ENGINE CYLINDER #1, 2, 3 & 4",ROCKER COVERS,LEAKING,,REMOVED & REPLACED R/H ENGINE ROCKER COVER GASKETS.,,,ROCKER COVER GASKETS,REMOVED & REPLACED,
101466,"L/H ENG, CYLINDER #1, 3, 4 ROCKER COVER GASKETS LEAKING.",OK,"L/H ENG CYLINDER #1, 3, 4",ROCKER COVER GASKETS,LEAKING,,"REMOVED & REPLACED L/H ENGINE CYLINDER #1, 3 & 4 ROCKER COVER G",,,ROCKER COVER GASKETS,REMOVED & REPLACED,
101467,#1 CYLINDER LOWER INTAKE CLAMPS ARE LOOSE.,OK,#1 CYLINDER LOWER,INTAKE CLAMPS,LOOSE,,ADJUSTED BOTH CLAMPS TO ACCESS BETTER & TIGHTENED.,,,CLAMPS,ADJUSTED & TIGHTENED,
101468,#2 & 3 ROCKER COVERS LEAKING.,OK,#2 & 3,ROCKER COVERS,LEAKING,,REMOVED & REPLACED GASKETS.,,,GASKETS,REMOVED & REPLACED,
101469,CRACK IN AFT ENGINE BAFFLE @ OIL COOLER ON R/H ENGINE.,OK,AFT ENGINE @ OIL COOLER ON R/H ENGINE,BAFFLE,CRACK,,STOP DRILLED CRACK.,,,DRILLED CRACK,STOP,
101470,#3 INTAKE LEAKING ON R/H ENGINE.,OK,#3 ON R/H ENGINE,INTAKE,LEAKING,,REMOVED & REPLACED #3 INTAKE GASKET ON R/H ENGINE.,,,INTAKE GASKET,REMOVED & REPLACED,
101471,IDLE OVERRIDE LOW.,OK,,IDLE,OVERRIDE,,"PILOT RAN A/C, ADJUSTED IDLE SPEED. CHECKS GOOD.",,,"A/C, IDLE SPEED","RAN , ADJUSTED , CHECK",
101472,"#1, 3 & 4 CYLINDER ROCKER COVERS ARE LEAKING.",OK,"#1, 3 & 4 CYLINDER",ROCKER COVERS,LEAKING,,"REPLACED ROCKER COVER GASKETS, CYLINDER #3 HOLES HAD TO BE T",,,"ROCKER COVER GASKETS, HOLES","REPLACED, HAD TO BE",
101473,CYLINDER #2 ROCKER COVER GASKET LEAKING.,OK,CYLINDER #2,ROCKER COVER GASKET,LEAKING,,REMOVED & REPLACED ROCKER COVER GASKET.,,,ROCKER COVER GASKET,REMOVED & REPLACED,
101474,CYLINDER #2 ROCKER COVER GASKET LEAKING.,OK,CYLINDER #2,ROCKER COVER GASKET,LEAKING,,REMOVED & REPLACED CYLINDER #2 ROCKER COVER GASKET.,,,ROCKER COVER GASKET,REMOVED & REPLACED,
101475,SPARK PLUG ACCESS HOLE ON BAFFLE CYLINDER #4 ELONGATED.,OK,CYLINDER #4,SPARK PLUG ACCESS HOLE,ELONGATED,,FABRICATED PATCH AROUND ACCESS HOLE & RIVETED,,,"PATCH, RIVET",FABRICATED & RIVETED,
101476,#2 ROCKER COVER IS LEAKING.,OK,#2,ROCKER COVER,LEAKING,,REMOVED & REPLACED ROCKER COVER GASKET.,,,ROCKER COVER GASKET,REMOVED & REPLACED,
101477,CYLINDER #2 INTAKE GASKET LEAKING.,OK,CYLINDER #2,INTAKE GASKET,LEAKING,,REMOVED & REPLACED INTAKE GASKET.,,,INTAKE GASKET,REMOVED & REPLACED,
101478,"#2, 4 ROCKER COVER GASKETS LEAKING.",OK,"#2, 4",ROCKER COVER GASKETS,LEAKING,,"REMOVED & REPLACED #2, 4 ROCKER COVER GASKETS.",,,ROCKER COVER GASKETS,REMOVED & REPLACED,
101479,INTAKE GASKET CYLINDER #2 LEAKING.,OK,CYLINDER #2,INTAKE GASKET,LEAKING,,REMOVED & REPLACED INTAKE GASKET.,,,INTAKE GASKET,REMOVED & REPLACED,
101480,"ROCKER COVER GASKETS CYLINDER #1, 2 & 3 LEAKING.",OK,"CYLINDER #1, 2 & 3",ROCKER COVER GASKETS,LEAKING,,REMOVED & REPLACED ROCKER COVER GASKETS.,,,ROCKER COVER GASKETS,REMOVED & REPLACED,
101481,"FRONT RUBBER BAFFLE ON ENGINE, R/H SIDE, RIPPED FROM MOUNTIN",OK,FRONT R/H SIDE ENGINE,RUBBER BAFFLE,RIPPED,,INSTALLED NEW RIVET ON BAFFLE.,,NEW,RIVET,INSTALLED,
101482,R/H BAFFLE HAS A CRACK.,OK,R/H,BAFFLE,CRACKED,,STOP DRILLED CRACK.,,,DRILLED CRACK,STOP,
101483,CYLINDER #4 INTAKE IS LEAKING.,OK,CYLINDER #4,INTAKE,LEAKING,,REMOVED & REPLACED CYLINDER #4 INTAKE.,,,INTAKE,REMOVED & REPLACED,
101484,CYLINDER #3 ROCKER COVER IS LEAKING.,OK,CYLINDER #3,ROCKER COVER,LEAKING,,REMOVED & REPLACED CYLINDER #3 ROCKER COVER GASKET.,,,ROCKER COVER GASKET,REMOVED & REPLACED,
101485,CYLINDER #1 ROCKER COVER GASKET TORN.,OK,CYLINDER #1,ROCKER COVER GASKET,TORN,,REMOVED & REPLACED ROCKER COVER GASKET.,,,ROCKER COVER GASKET,REMOVED & REPLACED,
101486,CYLINDER #4 INTAKE GASKET LEAKING.,OK,CYLINDER #4,INTAKE GASKET,LEAKING,,REMOVED & REPLACED INTAKE GASKET.,,,INTAKE GASKET,REMOVED & REPLACED,
101487,CYLINDER #1 & 3 ROCKER COVER GASKETS LEAKING.,OK,CYLINDER #1 & 3,ROCKER COVER GASKETS,LEAKING,,REMOVED & REPLACED ROCKER COVER GASKETS.,,,ROCKER COVER GASKETS,REMOVED & REPLACED,
101488,#4 INTAKE LEAKING ON L/H ENGINE.,OK,#4 ON L/H ENGINE,INTAKE,LEAKING,,REPLACED GASKET.,,,GASKET,REPLACED,
101489,#1 & 4 INTAKES LEAKING ON R/H ENGINE.,OK,#1 & 4 ON R/H ENGINE,INTAKES,LEAKING,,REMOVED & REPLACED GASKETS.,,,GASKETS,REMOVED & REPLACED,
101490,ALL ROCKER COVER SCREWS LOOSE.,OK,ALL,ROCKER COVER SCREWS,LOOSE,,TIGHTENED ALL SCREWS.,,,SCREWS,TIGHTENED,
101491,L/H ENGINE CYLINDER #3 AFT BAFFLE IS CRACKED.,OK,L/H ENGINE CYLINDER #3 AFT,BAFFLE,CRACKED,,STOP DRILLED CRACK.,,,DRILLED CRACK,STOP,
101492,L/H ENGINE CYLINDER #1 & 3 INNER CYLINDER BAFFLE TIE ROD AFT NUT IS MI,OK,L/H ENGINE CYLINDER #1 & 3 INNER CYLINDER,BAFFLE TIE ROD NUT,MISSING,,INSTALLED NEW NUT.,,NEW,NUT,INSTALLED,
101493,"CYLINDER #2, 3 & 4 INTAKE GASKETS ARE LEAKING ON L/H ENG.",OK,"CYLINDER #2, 3 & 4 ON L/H ENG",INTAKE GASKETS,LEAKING,,REMOVED & REPLACED GASKETS.,,,GASKETS,REMOVED & REPLACED,
101494,CYLINDER #1 & 3 ROCKER COVER GASKETS ARE LEAKING ON L/H ENG.,OK,CYLINDER #1 & 3 ON L/H ENG,ROCKER COVER GASKETS,LEAKING,,REMOVED & REPLACED CYLINDER #3 ROCKER COVER GASKETS.,,,ROCKER COVER GASKETS,REMOVED & REPLACED,
101495,R/H ENGINE CYLINDER 1 & 3 ROCKER COVER GASKETS ARE LEAKING.,OK,R/H ENGINE CYLINDER 1 & 3,ROCKER COVER GASKETS,LEAKING,,REMOVED & REPLACED R/H ENGINE CYLINDER #1 & 3 ROCKER COVER GASK,,,ROCKER COVER GASKETS,REMOVED & REPLACED,
101496,CYLINDER #3 INTAKE PIPE NEEDS TO BE RESWEDGED INTO SUMP.,OK,CYLINDER #3,INTAKE PIPE,NEED PROBLEM,,RESWEDGED INTAKE TUBE IAW LYCOMING OVERHAUL,,,INTAKE TUBE,RESWEDGED,
101497,R/H REAR BAFFLE MOUNTING SCREW LOOSE.,OK,R/H REAR,BAFFLE MOUNTING SCREW,LOOSE,,TIGHTENED SCREW.,,,SCREW,TIGHTENED,
101498,#2 INTAKE TUBE GASKET LEAKING.,OK,#2,INTAKE TUBE GASKET,LEAKING,,INSTALLED NEW #2 INTAKE TUBE GASKET.,,NEW,INTAKE TUBE GASKET,INSTALLED,
101499,#1 INTAKE LEAKING.,OK,#1,INTAKE,LEAKING,,REPLACED GASKET.,,,GASKET,REPLACED,
101500,#2 INTAKE GASKET IS LEAKING.,OK,#2,INTAKE GASKET,LEAKING,,REPLACED GASKET.,,,GASKET,REPLACED,
101501,"#2, 3, 4 ROCKER GASKETS ARE LEAKING.",OK,"#2, 3, 4",ROCKER GASKETS,LEAKING,,REPLACED GASKETS.,,,GASKETS,REPLACED,
101502,R/H SIDE BAFFLE IS CRACKED.,OK,R/H SIDE,BAFFLE,CRACKED,,FABRICATED PATCH WITH LIKE MATERIALS. RIVETED IAW,,LIKE MATERIALS,PATCH,"FABRICATED , RIVETED",
101503,#1 ROCKER COVER IS LEAKING.,OK,#1,ROCKER COVER,LEAKING,,REMOVED & REPLACED ROCKER COVER GASKET.,,,ROCKER COVER GASKET,REMOVED & REPLACED,
101504,#2 FORWARD LOWER BAFFLE HAS CRACK.,OK,#2 FORWARD LOWER,BAFFLE,CRACK,,STOP DRILLED CRACK.,,,DRILLED CRACK,STOP,
101505,#4 INTAKE LEAKING.,OK,#4,INTAKE,LEAKING,,REMOVED & REPLACED GASKETS.,,,GASKETS,REMOVED & REPLACED,
101506,#2 INTAKE LEAKING.,OK,#2,INTAKE,LEAKING,,REMOVED & REPLACED #2 INTAKE GASKET.,,,INTAKE GASKET,REMOVED & REPLACED,
101507,#2 ROCKER COVER LEAKING.,OK,#2,ROCKER COVER,LEAKING,,REMOVED & REPLACED #2 ROCKER COVER GASKET.,,,ROCKER COVER GASKET,REMOVED & REPLACED,
101508,#3 ROCKER COVER LEAKING.,OK,#3,ROCKER COVER,LEAKING,,REMOVED & REPLACED #3 ROCKER COVER GASKET.,,,ROCKER COVER GASKET,REMOVED & REPLACED,
101509,CYLINDER #4 ROCKER COVER GASKET IS LEAKING.,OK,CYLINDER #4,ROCKER COVER GASKET,LEAKING,,REMOVED & REPLACED ROCKER COVER GASKET.,,,ROCKER COVER GASKET,REMOVED & REPLACED,
101510,#2 & 4 INTAKE GASKETS LEAKING.,OK,#2 & 4,INTAKE GASKETS,LEAKING,,REMOVED & REPLACED GASKETS WITH NEW.,,NEW,GASKETS,REMOVED & REPLACED,
101511,L/H INTER-CYLINDER BAFFLE IS LOOSE.,OK,L/H INTER-CYLINDER,BAFFLE,LOOSE,,TIGHTENED TIE ROD.,,,TIE ROD,TIGHTENED,
101512,L/H SIDE OF ENGINE BAFFLE WIRE LOOSE.,OK,L/H SIDE OF ENGINE,BAFFLE WIRE,LOOSE,,INSTALLED NEW TIE WIRE.,,NEW,TIE WIRE,INSTALLED,
101513,L/H ENGINE CYLINDER #2 INTAKE GASKET LEAKING.,OK,L/H ENGINE CYLINDER #2,INTAKE GASKET,LEAKING,,REMOVED & REPLACED INTAKE GASKET.,,,INTAKE GASKET,REMOVED & REPLACED,
101514,R/H ENGINE CYLINDER #3 INTAKE GASKET LEAKING.,OK,R/H ENGINE CYLINDER #3,INTAKE GASKET,LEAKING,,REMOVED & REPLACED INTAKE GASKET.,,,INTAKE GASKET,REMOVED & REPLACED,
101515,"L/H ENGINE, R/H BACK BAFFLE IS CRACKED.",OK,"L/H ENGINE, R/H BACK",BAFFLE,CRACKED,,STOP DRILLED CRACK.,,,DRILLED CRACK,STOP,
101516,L/H ENGINE #2 INTAKE LEAKING.,OK,L/H ENGINE #2,INTAKE,LEAKING,,REMOVED & REPLACED #2 INTAKE GASKET.,,,INTAKE GASKET,REMOVED & REPLACED,
101517,L/H ENGINE #3 ROCKER COVER LEAKING.,OK,L/H ENGINE #3,ROCKER COVER,LEAKING,,REMOVED & REPLACED ROCKER COVER GASKET.,,,ROCKER COVER GASKET,REMOVED & REPLACED,
101518,ENGINE BAFFLE BEHIND ALTERNATOR CRACKED.,OK,ENGINE BEHIND ALTERNATOR,BAFFLE,CRACKED,,STOP DRILLED CRACK.,,,DRILLED CRACK,STOP,
101519,ROCKER COVER GASKETS #2 & 4 LEAKING.,OK,#2 & 4,ROCKER COVER GASKETS,LEAKING,,REMOVED & REPLACED ROCKER COVER GASKETS.,,,ROCKER COVER GASKETS,REMOVED & REPLACED,
101520,R/H FORWARD BAFFLE IS CRACKED.,OK,R/H FORWARD,BAFFLE,CRACKED,,STOP DRILLED CRACK.,,,DRILLED CRACK,STOP,
101521,#3 ROCKER COVER IS LEAKING.,OK,#3,ROCKER COVER,LEAKING,,REMOVED & REPLACED GASKET WITH NEW.,,NEW,GASKET,REMOVED & REPLACED,
101522,R/H ENGINE BAFFLE SCREW MISSING.,OK,R/H ENGINE,BAFFLE SCREW,MISSING,,INSTALLED NEW SCREW.,,NEW,SCREW,INSTALLED,
101523,#4 INTAKE LEAKING ON R/H ENGINE.,OK,#4 ON R/H ENGINE,INTAKE,LEAKING,,REMOVED & REPLACED #4 INTAKE GASKET ON R/H ENGINE.,,,INTAKE GASKET,REMOVED & REPLACED,
101524,FORWARD BAFFLE CHAFING ON MUFFLER SHROUD.,OK,FORWARD,BAFFLE,CHAFING,,REPOSITIONED BAFFLE.,,,BAFFLE,REPOSITIONED,
101525,CYLINDER #4 INTAKE IS LEAKING.,OK,CYLINDER #4,INTAKE,LEAKING,,REMOVED & REPLACED INTAKE GASKET.,,,INTAKE GASKET,REMOVED & REPLACED,
101526,#1 ROCKER COVER LEAKING.,OK,#1,ROCKER COVER,LEAKING,,REMOVED & REPLACED #1 ROCKER COVER GASKET.,,,ROCKER COVER GASKET,REMOVED & REPLACED,
101527,#3 ROCKER COVER LEAKING.,OK,#3,ROCKER COVER,LEAKING,,REMOVED & REPLACED #3 ROCKER COVER GASKET.,,,ROCKER COVER GASKET,REMOVED & REPLACED,
101528,#3 INTAKE GASKET LEAKING.,OK,#3,INTAKE GASKET,LEAKING,,REMOVED & REPLACED #3 INTAKE GASKET.,,,INTAKE GASKET,REMOVED & REPLACED,
101529,CYLINDER #4 ROCKER COVER GASKET LEAKING.,OK,CYLINDER #4,ROCKER COVER GASKET,LEAKING,,REMOVED & REPLACED CYLINDER #4 ROCKER COVER GASKET.,,,ROCKER COVER GASKET,REMOVED & REPLACED,
101530,R/H ENGINE #4 BAFFLE SEAL TORN.,OK,R/H ENGINE #4,BAFFLE SEAL,TORN,,REMOVED & REPLACED BAFFLE SEAL.,,,BAFFLE SEAL,REMOVED & REPLACED,
101531,R/H ENGINE #3 INTAKE TUBE GASKET LEAKING.,OK,R/H ENGINE #3,INTAKE TUBE GASKET,LEAKING,,REMOVED & REPLACED GASKET.,,,GASKET,REMOVED & REPLACED,
101532,R/H ENGINE #1 & 3 BAFFLE TIE ROD SPACER LOOSE.,OK,R/H ENGINE #1 & 3,BAFFLE TIE ROD SPACER,LOOSE,,RESECURED BAFFLE TIE ROD.,,,BAFFLE TIE ROD,RESECURED,
101533,CYLINDER #3 L/H ENGINE INTAKE GASKET LEAKING.,OK,CYLINDER #3 L/H ENGINE,INTAKE GASKET,LEAKING,,REMOVED & REPLACED CYLINDER #3 L/H ENGINE INTAKE GASKET.,,,INTAKE GASKET,REMOVED & REPLACED,
101534,R/H ENGINE CYLINDER #2 INTAKE GASKET LEAKING.,OK,R/H ENGINE CYLINDER #2,INTAKE GASKET,LEAKING,,REMOVED & REPLACED R/H ENGINE CYLINDER #2 INTAKE GASKET.,,,INTAKE GASKET,REMOVED & REPLACED,
101535,CYLINDER #3 AFT BAFFLE I/B MOUNT RIVETS ARE SHEARED.,OK,CYLINDER #3 AFT,BAFFLE I/B MOUNT RIVETS,SHEARED,,"REMOVED BAFFLE, REPLACED 2 MOUNT RIVETS. REINSTALLED BA",,2,"BAFFLE, MOUNT RIVETS","REMOVED, REPLACED, REINSTALLED",
101536,L/H ENGINE CYLINDER #4 INTAKE IS LEAKING.,OK,L/H ENGINE CYLINDER #4,INTAKE,LEAKING,,REMOVED & REPLACED INTAKE GASKET.,,,INTAKE GASKET,REMOVED & REPLACED,
101537,L/H ENGINE CYLINDER #2 FORWARD BAFFLE SEAL IS TORN.,OK,L/H ENGINE CYLINDER #2 FORWARD,BAFFLE SEAL,TORN,,REMOVED & REPLACED BAFFLE SEAL WITH NEW.,,NEW,BAFFLE SEAL,REMOVED & REPLACED,
101538,R/H ENGINE FORWARD CYLINDER #2 BAFFLE SEAL IS TORN.,OK,R/H ENGINE FORWARD CYLINDER #2,BAFFLE SEAL,TORN,,REMOVED & REPLACED BAFFLE SEAL WITH NEW.,,NEW,BAFFLE SEAL,REMOVED & REPLACED,
101539,L/H ENGINE SNIFFLER VALVE HOSE ADEL CLAMP RUBBER IS WORN OUT.,OK,L/H ENGINE SNIFFLER VALVE HOSE,SNIFFLER VALVE HOSE ADEL CLAMP RUBBER,WORN,,REMOVED & REPLACED ADEL CLAMP.,,,ADEL CLAMP,REMOVED & REPLACED,
101540,"L/H ENGINE CYLINDER #1, 2 & 3 ROCKER COVERS ARE LEAKING.",OK,"L/H ENGINE CYLINDER #1, 2 & 3",ROCKER COVERS,LEAKING,,REMOVED & REPLACED ROCKER COVER GASKETS.,,,ROCKER COVER GASKETS,REMOVED & REPLACED,
101541,"IMMEDIATELY AFTER ENGINE START, HIGH PITCHED WHINE/SQUEAL/WH",OK,ENGINE,,HIGH PITCHED WHINE,,"RAN A/C, ENGINE FUNCTION NORMAL. NO UNUSUAL NOISE NOTED",,,"A/C, ENGINE",RAN,
101542,"CYLINDER #4, 3 ROCKER COVER GASKETS LEAKING.",OK,"CYLINDER #4, 3",ROCKER COVER GASKETS,LEAKING,,REMOVED & REPLACED ROCKER COVER GASKETS.,,,ROCKER COVER GASKETS,REMOVED & REPLACED,
101543,R/H BACK BAFFLE BRACKET RIVET SHEARED OFF.,OK,R/H BACK,BAFFLE BRACKET RIVET,SHEARED,,INSTALLED NEW RIVETS.,,NEW,RIVETS,INSTALLED,
101544,L/H BACK BAFFLE HAS A CRACK.,OK,L/H BACK,BAFFLE,CRACKED,,STOP DRILLED CRACK.,,,DRILLED CRACK,STOP,
101545,#1 INTAKE IS LEAKING.,OK,#1,INTAKE,LEAKING,,REMOVED & REPLACED INTAKE GASKET.,,,INTAKE GASKET,REMOVED & REPLACED,
101546,ALL ROCKER COVER SCREWS LOOSE.,OK,ALL,ROCKER COVER SCREWS,LOOSE,,TIGHTENED SCREWS.,,,SCREWS,TIGHTENED,
101547,ADEL CLAMP TORN BY R/H ENGINE MOUNT.,OK,BY R/H ENGINE MOUNT,ADEL CLAMP,TORN,,REMOVED & REPLACED CLAMP.,,,CLAMP,REMOVED & REPLACED,
101548,RIVNUT STRIPPED OUT ON FIREWALL FOR A/F FUEL FILTER.,OK,A/F FUEL FILTER,RIVNUT,STRIPPED OUT,,REMOVED & REPLACED RIVNUT.,,,RIVNUT,REMOVED & REPLACED,
101549,LEFT ENGINE N1 RPM HAS 3 TO 4% UNCOMMANDED INCREASE WHEN ENGINE,OK,LEFT ENGINE,,UNCOMMANDED INCREASE,,"INSPECTED EXTERNAL LINKAGE, NO PROBLEMS NOTED.",,,EXTERNAL LINKAGE,INSPECTED,
101550,"TABS ARE BROKEN OFF BAFFLE PLUGS, L/H & R/H SIDES.",OK,L/H & R/H SIDES,BAFFLE PLUGS TABS,BROKEN,,REPLACED L/H & R/H BAFFLE PLUGS.,,,BAFFLE PLUGS,REPLACED,
101551,ENGINE QUIT WHEN THROTTLE WAS CLOSED DURING SHUT DOWN PRIOR,OK,ENGINE,,QUIT,,"RAN UP A/C, NO DEFECTS NOTED.",,,A/C,RAN,
101552,"L/H ENG, L/H BAFFLE TIE ROD PULLED THROUGH BAFFLE.",OK,"L/H ENG, L/H ",BAFFLE TIE ROD,PULLED THROUGH,,REMOVED & REPLACED BAFFLE.,,,BAFFLE,REMOVED & REPLACED,
101553,L/H ENGINE #2 INTAKE GASKET LEAKING.,OK,L/H ENGINE #2,INTAKE GASKET,LEAKING,,REMOVED & REPLACED L/H ENGINE #2 INTAKE GASKET.,,,INTAKE GASKET,REMOVED & REPLACED,
101554,"BAFFLE SEAL LOOSE ON LH/ ENG, #4 AFT BAFFLE.",OK,"LH/ ENG, #4 AFT",BAFFLE SEAL,LOOSE,,SECURED BAFFLE SEAL BACK ON ENGINE BAFFLE.,,,BAFFLE SEAL,SECURED,
101555,BAFFLE SEAL LOOSE ON R/H ENGINE #1 SIDE BAFFLE.,OK,R/H ENGINE #1 SIDE,BAFFLE SEAL,LOOSE,,SECURED BAFFLE SEAL BACK ON ENGINE BAFFLE.,,,BAFFLE SEAL,SECURED,
101556,#2 & 4 CYLINDER ROCKER COVER GASKETS ARE LEAKING.,OK,#2 & 4 CYLINDER,ROCKER COVER GASKETS,LEAKING,,REMOVED & REPLACED GASKETS.,,,GASKETS,REMOVED & REPLACED,
101557,"R/H ENGINE BURNER CAN DRAIN, RIGID LINE IS CONTACTING BOTTOM CO",OK,R/H ENGINE,"BURNER CAN DRAIN, RIGID LINE",CONTACTING,,LEAK CHECK GOOD.,,,LEAK,CHECK,
101558,"R/H ENGINE BURNER CAN DRAIN, RIGID LINE IS CONTACTING BOTTOM CO",OK,R/H ENGINE,"BURNER CAN DRAIN, RIGID LINE",CONTACTING,,LOOSEN & ADJ LINES; PNEUMATIC & DRAIN LINES. REMOVED CA,,,"LINES, PNEUMATIC, DRAIN LINES, CA","LOOSEN & ADJ , REMOVED",
101559,R/H ENGINE FORWARD BAFFLE SEAL LOOSE.,OK,R/H ENGINE FORWARD,BAFFLE SEAL,LOOSE,,RESCURED BAFFLE SEAL.,,,BAFFLE SEAL,RESCURED,
101560,RIVETS MISSING ON ENGINE DATA PLATE.,OK,ENGINE DATA PLATE,RIVETS,MISSING,,REPLACED RIVETS.,,,RIVETS,REPLACED,
101561,"AFTER TAKEOFF, RPM'S WERE FLUCTUATING & ENGINE STARTED TO RU",OK,ENGINE,,RPM,,"RAN A/C, COULD NOT DUPLICATE. REMOVED COWLING & INSPECT",,,"A/C,COWLING","RAN,REMOVED & INSPECTED",
101562,OIL LEAK NOTED ON FRONT ENGINE SECTION.,OK,FRONT ENGINE SECTION,OIL,LEAK,,NO LEAK NOTED ON RUN UP.,,,LEAK,CHECK,
101563,OIL LEAK NOTED ON FRONT ENGINE SECTION.,OK,FRONT ENGINE SECTION,OIL,LEAK,,CHECKED TORQUE ON FRONT MAIN BEARING NUTS & CRANKCASE B,,,"TORQUE, MAIN BEARING NUTS, CRANKCASE B",CHECKED,
101564,CYLINDER #1 INTAKE GASKET LEAKING.,OK,CYLINDER #1,INTAKE GASKET,LEAKING,,REMOVED & REPLACED INTAKE GASKET.,,,INTAKE GASKET,REMOVED & REPLACED,
101565,"CYLINDER #2, 3 & 4 ROCKER COVERS ARE LEAKING.",OK,"CYLINDER #2, 3 & 4",ROCKER COVERS,LEAKING,,REMOVED & REPLACED GASKETS.,,,GASKETS,REMOVED & REPLACED,
101566,FORWARD BAFFLE IS CHAFING ON EXTERNAL SHROUD.,OK,FORWARD,BAFFLE,CHAFING,,REPOSITIONED BAFFLE TO CLEAR MUFFLER SHROUD.,,,BAFFLE,REPOSITIONED,
101567,CYLINDER #4 INTAKE GASKET LEAKING.,OK,CYLINDER #4,INTAKE GASKET,LEAKING,,REMOVED & REPLACED CYLINDER #4 INTAKE GASKET.,,,INTAKE GASKET,REMOVED & REPLACED,
101568,FORWARD ENGINE BAFFLE CRACKED BEHIND ALTERNATOR.,OK,FORWARD ENGINE,BAFFLE,CRACKED,,STOP DRILLED CRACK.,,,DRILLED CRACK,STOP,
101569,"CYLINDER #1, 2 ROCKER COVER GASKETS LEAKING.",OK,"CYLINDER #1, 2",ROCKER COVER GASKETS,LEAKING,,REMOVED & REPLACED GASKETS.,,,GASKETS,REMOVED & REPLACED,
101570,R/H REAR ENGINE BAFFLE SCREW LOOSE.,OK,R/H REAR ENGINE,BAFFLE SCREW,LOOSE,,TIGHTENED SCREW.,,,SCREW,TIGHTENED,
101571,INTAKES #2 & 4 LEAKING ON L/H ENGINE.,OK,#2 & 4 ON L/H ENGINE,INTAKES,LEAKING,,REMOVED & REPLACED INTAKE GASKETS.,,,INTAKE GASKETS,REMOVED & REPLACED,
101572,INTAKE GASKET CYLINDER #2 LEAKING.,OK,CYLINDER #2,INTAKE GASKET,LEAKING,,REMOVED & REPLACED INTAKE GASKET. TORQUED BOLTS TO SPEC,,,"INTAKE GASKET,BOLTS","REMOVED & REPLACED ,TORQUED",
101573,ROCKER COVER GASKET CYLINDER #2 LEAKING.,OK,CYLINDER #2,ROCKER COVER GASKET,LEAKING,,REMOVED & REPLACED ROCKER COVER GASKET. TIGHTENED SCREW,,,"ROCKER COVER GASKET, SCREW","REMOVED & REPLACED , TIGHTENED",
101574,CYLINDER #4 INTAKE IS LEAKING.,OK,CYLINDER #4,INTAKE,LEAKING,,REPLACED INTAKE GASKET.,,,INTAKE GASKET,REPLACED,
101575,FORWARD BAFFLE IS CHAFING ON MUFFLER HEAT SHROUD.,OK,FORWARD,BAFFLE,CHAFING,,REPOSITIONED BAFFLE.,,,BAFFLE,REPOSITIONED,
101576,#2 ROCKER COVER GASKET LEAKING.,OK,#2,ROCKER COVER GASKET,LEAKING,,REMOVED & REPLACED #2 ROCKER COVER GASKET.,,,ROCKER COVER GASKET,REMOVED & REPLACED,
101577,CYLINDER #1 GOV BAFFLE SEAL IS COMING OFF.,OK,CYLINDER #1,GOV BAFFLE SEAL,COMING OFF,,REFASTENED BAFFLE SEAL.,,,BAFFLE SEAL,REFASTENED,
101578,#1 INTAKE LEAKING.,OK,#1,INTAKE,LEAKING,,REPLACED INTAKE GASKET.,,,INTAKE GASKET,REPLACED,
101579,"ON RUN UP, L/H MAGNETOS DROPPED 350 RPM.",OK,L/H,MAGNETOS,DROPPED,,"REMOVED PISTON, CLEANED & PRESERVED #2 CYL. ROCKER OIL",,,"PISTON, ROCKER OIL","REMOVED, CLEANED & PRESERVED",
101580,"ON RUN UP, L/H MAGNETOS DROPPED 350 RPM.",OK,L/H,MAGNETOS,DROPPED,,"REMOVED #4 CYL, FOUND OIL CONTROL RING GAP FACING DOWN.",,,"#4 CYL , OIL CONTROL RING GAP","REMOVED, FOUND",OIL CONTROL RING GAP FACING DOWN
101581,"ON RUN UP, L/H MAGNETOS DROPPED 350 RPM.",OK,L/H,MAGNETOS,DROPPED,,COMPLETED REASSY OF ENGINE. ADDED 8 QTS OF MINERAL OIL.,,,"ENGINE,OIL","COMPLETED REASSY,ADDED",
101582,"ON RUN UP, L/H MAGNETOS DROPPED 350 RPM.",OK,L/H,MAGNETOS,DROPPED,,"LEAK CHECK VALVES, HONED CYLINDER, BORE MEASURE GOOD. F",,,"LEAK VALVES, CYLINDER, BORE","CHECK , HONED, MEASURE",
101583,CYLINDER #1 INTAKE TUBE IS LOOSE.,OK,CYLINDER #1,INTAKE TUBE,LOOSE,,"REPLACED INTAKE GASKETS FOR CYLINDER #1, INTAKE IS SECURE.",,,"INTAKE GASKETS, INTAKE","REPLACED, SECURE",
101584,ALL 4 ROCKER COVERS HAVE LOOSE SCREWS.,OK,ALL 4,ROCKER COVERS SCREWS,LOOSE,,TIGHTENED SCREWS.,,,SCREWS,TIGHTENED,
101585,CYLINDER #4 BAFFLE PLUG HOLE IS ENLARGED.,OK,CYLINDER #4,BAFFLE PLUG HOLE,ENLARGED,,INSTALLED PATCH FABRICATED OUT OF LIKE MATERIAL.,,FABRICATED OUT OF LIKE MATERIAL,PATCH,INSTALLED,
101586,CYLINDER #2 ROCKER COVER GASKET LEAKING.,OK,CYLINDER #2,ROCKER COVER GASKET,LEAKING,,REMOVED & REPLACED CYLINDER #2 ROCKER COVER GASKET.,,,ROCKER COVER GASKET,REMOVED & REPLACED,
101587,CYLINDER #4 INTAKE IS LEAKING.,OK,CYLINDER #4,INTAKE,LEAKING,,REPLACED INTAKE GASKET.,,,INTAKE GASKET,REPLACED,
101588,CYLINDER 32 INTAKE GASKET IS LEAKING.,OK,CYLINDER 32,INTAKE GASKET,LEAKING,,REMOVED & REPLACED GASKET WITH NEW.,,NEW,GASKET,REMOVED & REPLACED,
101589,#3 CYLINDER ROCKER COVER GASKET IS LEAKING.,OK,#3 CYLINDER,ROCKER COVER GASKET,LEAKING,,REMOVED & REPLACED GASKET.,,,GASKET,REMOVED & REPLACED,
101590,FORWARD BAFFLE IS CRACKED @ HEAT SHROUD AIR INTAKE.,OK,FORWARD,BAFFLE,CRACKED,,"STOP DRILLED CRACKS, FABRICATED PATCH OUT OF LIKE MATER",,LIKE MATER,"DRILLED CRACKS , PATCH","STOP , FABRICATED",
101591,CYLINDER #2 INTAKE GASKET IS LEAKING.,OK,CYLINDER #2,INTAKE GASKET,LEAKING,,REMOVED & REPLACED INTAKE GASKET.,,,INTAKE GASKET,REMOVED & REPLACED,
101592,ROCKER COVER GASKET #3 LEAKING.,OK,#3,ROCKER COVER GASKET,LEAKING,,REMOVED & REPLACED ROCKER COVER GASKET.,,,ROCKER COVER GASKET,REMOVED & REPLACED,
101593,#3 CYLINDER AFT BAFFLE SCREW IS LOOSE.,OK,#3 CYLINDER AFT,BAFFLE SCREW,LOOSE,,TIGHTENED SCREW.,,,SCREW,TIGHTENED,
101594,FORWARD R/H ENGINE BAFFLE SEAL LOOSE.,OK,FORWARD R/H ENGINE,BAFFLE SEAL,LOOSE,,RESECURED BAFFLE SEAL.,,,BAFFLE SEAL,RESECURED,
101595,#4 ROCKER COVER GASKET IS LEAKING.,OK,#4,ROCKER COVER GASKET,LEAKING,,REMOVED & REPLACED ROCKER COVER GASKET WITH NEW.,,NEW,ROCKER COVER GASKET,REMOVED & REPLACED,
101596,OIL LINE 90 DEGREE ADEL CLAMP BRACKET IS BROKEN.,OK,90 DEGREE,OIL LINE ADEL CLAMP BRACKET,BROKEN,,REMOVED & REPLACED BROKEN BRACKET.,,,BRACKET,REMOVED & REPLACED,
101597,CYLINDER #4 ROCKER COVER GASKET NEEDS TO BE REPLACED.,OK,CYLINDER #4,ROCKER COVER GASKET,NEED PROBLEM,,REMOVED & REPLACED CYLINDER #4 ROCKER COVER GASKET & RETAPPE,,,ROCKER COVER GASKET,REMOVED & REPLACED,
101598,CYLINDER #2 & 3 INTAKES ARE LEAKING.,OK,CYLINDER #2 & 3,INTAKES,LEAKING,,REMOVED & REPLACED INTAKE GASKETS.,,,INTAKE GASKETS,REMOVED & REPLACED,
101599,BOTH BAFFLE PLUGS HAVE TOO MANY TABS MISSING.,OK,BOTH,BAFFLE PLUGS TABS ,MISSING,,REMOVED & REPLACED BAFFLE PLUGS.,,,BAFFLE PLUGS,REMOVED & REPLACED,
101600,CYLINDER #2 & 4 ROCKER COVERS ARE LEAKING.,OK,CYLINDER #2 & 4,ROCKER COVERS,LEAKING,,REMOVED & REPLACED ROCKER COVER GASKETS.,,,ROCKER COVER GASKETS,REMOVED & REPLACED,
101601,CYLINDER #3 AFT BAFFLE I/B MOUNT RIVETS SHEARED.,OK,CYLINDER #3 AFT,BAFFLE I/B MOUNT RIVETS,SHEARED,,"REMOVED BAFFLE, REPLACED RIVETS & REINSTALLED BAFFLE.",,,"BAFFLE,RIVETS,BAFFLE","REMOVED,REPLACED & REINSTALLED",
101602,#3 & 4 INTAKES LEAKING.,OK,#3 & 4,INTAKES,LEAKING,,REMOVED & REPLACED INTAKE GASKETS.,,,INTAKE GASKETS,REMOVED & REPLACED,
101603,CYLINDER #2 INTAKE TUBE AT SUMP HAS POSSIBLE FUEL LEAK.,OK,CYLINDER #2,INTAKE TUBE,LEAK,,"CLEANED TUBE, GROUND RUN LEAK CHECK GOOD.",,,"TUBE, LEAK","CLEANED, GROUND RUN, CHECK",
101604,#4 INTAKE LEAKING.,OK,#4,INTAKE,LEAKING,,REMOVED & REPLACED #4 INTAKE GASKET.,,,INTAKE GASKET,REMOVED & REPLACED,
101605,#1 ROCKER COVER LEAKING.,OK,#1,ROCKER COVER,LEAKING,,REMOVED & REPLACED #1 ROCKER COVER GASKET.,,,ROCKER COVER GASKET,REMOVED & REPLACED,
101606,"ROCKER COVERS 1, 2 & 4 LEAKING.",OK,"1, 2 & 4",ROCKER COVERS,LEAKING,,REMOVED & REPLACED ROCKER COVER GASKETS.,,,ROCKER COVER GASKETS,REMOVED & REPLACED,
101607,R/H FORWARD BAFFLE SEAL LOOSE.,OK,R/H FORWARD,BAFFLE SEAL,LOOSE,,RESECURED BAFFLE SEAL.,,,BAFFLE SEAL,RESECURED,
101608,#4 INTAKE LEAKING.,OK,#4,INTAKE,LEAKING,,REPLACED GASKET.,,,GASKET,REPLACED,
101609,#4 INTAKE GASKET LEAKING.,OK,#4,INTAKE GASKET,LEAKING,,REMOVED & REPLACED GASKET.,,,GASKET,REMOVED & REPLACED,
101610,CYLINDER #2 ROCKER COVER LEAKING.,OK,CYLINDER #2,ROCKER COVER,LEAKING,,REMOVED & REPLACED ROCKER COVER GASKET.,,,ROCKER COVER GASKET,REMOVED & REPLACED,
101611,"CYLINDER #1, 3 ROCKER COVER GASKETS LEAKING.",OK,"CYLINDER #1, 3",ROCKER COVER GASKETS,LEAKING,,REMOVED & REPLACED ROCKER COVER GASKETS.,,,ROCKER COVER GASKETS,REMOVED & REPLACED,
101612,"POWER AT IDLE, ENGINE QUIT. RESTARTED & TESTED IDLE WITH FULL",OK,ENGINE,POWER,QUIT,,RAN UP A/C ENGINE. ADJUSTED IDLE SPEED. IDLE MIXTURE CHANNEL,,,"A/C ENGINE, IDLE SPEED, IDLE MIXTURE CHANNEL","RAN , ADJUSTED",
101613,"DURING FLIGHT, R/H COWL FLAP WOULD NOT STAY OPEN.",OK,R/H,COWL FLAP,NOT STAY OPEN,,TIGHTENED BOLT THAT ATTACHES COWL FLAP LEVERS & ADJUSTE,,,"BOLT, COWL FLAP LEVERS",TIGHTENED & ADJUSTED,
101614,R/H BAFFLE TIE ROD BROKEN.,OK,R/H,BAFFLE TIE ROD,BROKEN,,REMOVED & REPLACED BAFFLE TIE ROD.,,,BAFFLE TIE ROD,REMOVED & REPLACED,
101615,#2 INTAKE LEAKING.,OK,#2,INTAKE,LEAKING,,REPLACED GASKET.,,,GASKET,REPLACED,
101616,L/H ENGINE #2 INTAKE GASKET LEAKING.,OK,L/H ENGINE #2,INTAKE GASKET,LEAKING,,REMOVED & REPLACED GASKET.,,,GASKET,REMOVED & REPLACED,
101617,"#1 CYLINDER EXHAUST STACK IS MISSING NUT, R/H.",OK,#1 CYLINDER R/H,EXHAUST STACK NUT,MISSING,,INSTALLED NUT & WASHERS.,,,NUT & WASHERS,INSTALLED,
101618,R/H ENGINE #4 CYLINDER BAFFLE SEAL IS TEARING OFF.,OK,R/H ENGINE #4 CYLINDER,BAFFLE SEAL,TORN,,INSTALLED NEW BAFFLE SEAL.,,NEW,BAFFLE SEAL,INSTALLED,
101619,R/H ENGINE TOP CRANKCASE HALF BOLT WITH ENGINE HOIST LOOP IS LEAKING,OK,R/H ENGINE TOP,CRANKCASE HALF BOLT WITH ENGINE HOIST LOOP,LEAKING,,"REMOVED BOLT, CLEANED, RESEALED WITH HI-TEMP SILICONE & T",,,BOLT,"REMOVED, CLEANED & RESEALED",
101620,SUPPORT FROM #4 CYLINDER AFT BAFFLE TO CRANKCASE HALF IS BROKEN O,OK,#4 CYLINDER AFT,BAFFLE SUPPORT,BROKEN,,"REMOVED ROD, REPAIRED IAW , CHANNEL 4, SEC 5. REI",,,ROD,REMOVED & REPAIRED,
101621,BAFFLE PLUG TANGS BROKEN OFF.,OK,,BAFFLE PLUG TANGS,BROKEN,,INSTALLED NEW BAFFLE PLUG.,,NEW,BAFFLE PLUG,INSTALLED,
101622,#2 INTAKE CYLINDER GASKET LEAKING.,OK,#2 CYLINDER,INTAKE GASKET,LEAKING,,REMOVED & REPLACED INTAKE GASKET.,,,INTAKE GASKET,REMOVED & REPLACED,
101623,FORWARD R/H BAFFLE SEAL LOOSE.,OK,FORWARD R/H,BAFFLE SEAL,LOOSE,,RESECURED BAFFLE SEAL.,,,BAFFLE SEAL,RESECURED,
101624,CYLINDER #3 INTAKE GASKET LEAKING.,OK,CYLINDER #3,INTAKE GASKET,LEAKING,,REMOVED & REPLACED INTAKE GASKET.,,,INTAKE GASKET,REMOVED & REPLACED,
101625,R/H BAFFLE PLUG NEEDS TO BE REPLACED.,OK,R/H,BAFFLE PLUG,NEED PROBLEM,,REMOVED & REPLACED BAFFLE PLUG.,,,BAFFLE PLUG,REMOVED & REPLACED,
101626,CYLINDER #4 & 2 INTAKE GASKETS LEAKING.,OK,CYLINDER #4 & 2,INTAKE GASKETS,LEAKING,,REMOVED & REPLACED CYLINDER #2 & 4 INTAKE GASKETS.,,,INTAKE GASKETS,REMOVED & REPLACED,
101627,#2 INDUCTION TUBE GASKET LEAKING.,OK,#2,INDUCTION TUBE GASKET,LEAKING,,INSTALLED NEW INDUCTION TUBE GASKET.,,NEW,INDUCTION TUBE GASKET,INSTALLED,
101628,R/H FORWARD BAFFLE SEAL IS LOOSE.,OK,R/H FORWARD,BAFFLE SEAL,LOOSE,,RESECURED R/H BAFFLE SEAL.,,,BAFFLE SEAL,RESECURED,
101629,"ON ENGINE START, ENGINE WAS UNUSUALLY ROUGH. ATTEMPTED TO LE",OK,ENGINE,,ROUGH,,MAINTENANCE FLIGHT REQUIRED,,,,,
101630,"ON ENGINE START, ENGINE WAS UNUSUALLY ROUGH. ATTEMPTED TO LE",OK,ENGINE,,ROUGH,,MAGNETOS DROPS CHECK GOOD. COMPRESSIONS CHECK GOOD.,,,"MAGNETOS, COMPRESSIONS",CHECK,
101631,"ON ENGINE START, ENGINE WAS UNUSUALLY ROUGH. ATTEMPTED TO LE",OK,ENGINE,,ROUGH,,"STARTED A/C, ENGINE RAN VERY ROUGH, THEN SMOOTHED OUT.",,,"A/C, ENGINE","STARTED, RAN, SMOOTHED OUT",
101632,"ON ENGINE START, ENGINE WAS UNUSUALLY ROUGH. ATTEMPTED TO LE",OK,ENGINE,,ROUGH,,"INSTALLED OIL & FUEL LINES, INSTALLED INDUCTION ELBOW.",,,"OIL LINES, FUEL LINES, INDUCTION ELBOW","INSTALLED, INSTALLED",
101633,"ON ENGINE START, ENGINE WAS UNUSUALLY ROUGH. ATTEMPTED TO LE",OK,ENGINE,,ROUGH,,INSTALLED FUEL FLOW TRANSDUCER & BEGAN TO ROUTE FUEL LI,,,"FUEL FLOW TRANSDUCER,FUEL",INSTALLED & BEGAN TO ROUTE,
101634,"ON ENGINE START, ENGINE WAS UNUSUALLY ROUGH. ATTEMPTED TO LE",OK,ENGINE,,ROUGH,,REMOVED ENGINE. BEGAN INSTALL OF ENGINE,,,ENGINE,REMOVED & INSTALL,
101635,"ON ENGINE START, ENGINE WAS UNUSUALLY ROUGH. ATTEMPTED TO LE",OK,ENGINE,,ROUGH,,ROUTED IGNITION LEADS. ADJUSTED THROTTLE & MIXTURE CABL,,,"IGNITION LEADS, THROTTLE & MIXTURE CABLE","ROUTED, ADJUSTED",
101636,R/H FORWARD BAFFLE SEAL IS LOOSE.,OK,R/H FORWARD,BAFFLE SEAL,LOOSE,,RESECURED BAFFLE SEAL.,,,BAFFLE SEAL,RESECURED,
101637,"AFT BAFFLE SEAL LOOSE, R/H SIDE.",OK,"AFT, R/H SIDE",BAFFLE SEAL,LOOSE,,RESECURED BAFFLE SEAL.,,,BAFFLE SEAL,RESECURED,
101638,CYLINDER #2 & 4 ROCKER COVERS ARE LEAKING.,OK,CYLINDER #2 & 4,ROCKER COVERS,LEAKING,,REMOVED & REPLACED ROCKER COVER GASKETS.,,,ROCKER COVER GASKETS,REMOVED & REPLACED,
101639,"#1, 2, 3 & 4 ROCKER COVER GASKETS LEAKING.",OK,ALL 4,ROCKER COVER GASKETS,LEAKING,,REMOVED & REPLACED ROCKER COVER GASKETS.,,,ROCKER COVER GASKETS,REMOVED & REPLACED,
101640,CYLINDER #3 INTAKE GASKET LEAKING.,OK,CYLINDER #3,INTAKE GASKET,LEAKING,,REMOVED & REPLACED INTAKE GASKET.,,,INTAKE GASKET,REMOVED & REPLACED,
101641,#4 INTAKE LEAKING.,OK,#4,INTAKE,LEAKING,,INSTALLED NEW #4 INDUCTION TUBE GASKET.,,NEW,INDUCTION TUBE GASKET,INSTALLED,
101642,#1 ROCKER COVER IS LEAKING.,OK,#1,ROCKER COVER,LEAKING,,REMOVED & REPLACED GASKET.,,,GASKET,REMOVED & REPLACED,
101643,#2 INDUCTION TUBE GASKET LEAKING.,OK,#2,INDUCTION TUBE GASKET,LEAKING,,INSTALLED NEW #2 INDUCTION TUBE GASKET.,,NEW,INDUCTION TUBE GASKET,INSTALLED,
101644,#4 CYLINDER COMPRESSION TEST WAS 35/80.,OK,#4 CYLINDER,,COMPRESSION,,STAKED VALVES - NO CHANGE IN COMPRESSION.,,,VALVES,STAKED,
101645,#4 CYLINDER COMPRESSION TEST WAS 35/80.,OK,#4 CYLINDER,,COMPRESSION,,RAN UP & LEAK CHECK - CHECK GOOD. COMPRESSION CHECK 79/80.,,,"LEAK, COMPRESSION","CHECK, CHECK",
101646,#4 CYLINDER COMPRESSION TEST WAS 35/80.,OK,#4 CYLINDER,,COMPRESSION,,#2 & 4 OIL DRAINS CONNECTED. #4 FUEL INJECTOR LINE INST,,,"OIL DRAINS, FUEL INJECTOR LINE","CONNECTED, INST",
101647,#4 CYLINDER COMPRESSION TEST WAS 35/80.,OK,#4 CYLINDER,,COMPRESSION,,"REMOVED #4 CYL, INCLUDED #4 FUEL INJ LINE AND #2 & 4 OI",,,"#4 CYL, #4 FUEL INJ LINE, #2 OI, #4 OI","REMOVED, INCLUDED",
101648,R/H FORWARD BAFFLE SEAL IS LOOSE.,OK,R/H FORWARD,BAFFLE SEAL,LOOSE,,RESECURED.,,,BAFFLE SEAL,RESECURED,
101649,"LEAKING INTAKE TUBE CYLINDER #4, LEAK AT ATTACH POINT TO OIL SUMP",OK,CYLINDER #4,INTAKE TUBE,LEAKING,,REMOVED ENGINE COWLING.,,,ENGINE COWLING,REMOVED,
101650,"LEAKING INTAKE TUBE CYLINDER #4, LEAK AT ATTACH POINT TO OIL SUMP",OK,CYLINDER #4,INTAKE TUBE,LEAKING,,RESWEDGED INTAKE CONNECTOR INTO SUMP. REINSTALLED COWLI,,,"INTAKE CONNECTOR, COWLING","RESWEDGED, REINSTALLED",
101651,#4 INTAKE LEAKING.,OK,#4,INTAKE,LEAKING,,REPLACED INTAKE GASKET.,,,INTAKE GASKET,REPLACED,
101652,"R/H ENGINE WIRING CLAMP, FORWARD I/B, NOT ATTACHED.",OK,R/H ENGINE FORWARD I/B,WIRING CLAMP,NOT ATTACHED,,REMOVED UNUSED CLAMP FROM WIRE BUNDLE.,,,CLAMP,REMOVED,
101653,"OIL SEEP, R/H ENGINE TACH GEN",OK,R/H ENGINE,TACH GEN OIL,SEEP,,REMOVED TACH GENERATOR. FABRICATED EXTRACTION TOOL. REM,,,"TACH GENERATOR, EXTRACTION TOOL","REMOVED, FABRICATED",
101654,CYLINDER #2 OIL RETURN LINE WAS DISCONNECTED & FITTING REMOVED.,OK,CYLINDER #2,OIL RETURN LINE,DISCONNECTED,,LEAK CHECK GOOD.,,,LEAK,CHECK,
101655,#1 - 3 O/B BAFFLE TIE WORN THRU AFT BAFFLE.,OK,#1 - 3 O/B AFT BAFFLE,BAFFLE TIE,WORN,,REPOSITIONED #1 & 3 O/B BAFFLE TIE.,,,BAFFLE TIE,REPOSITIONED,
101656,#2 OIL DRAIN TUBE CHAFING ON BAFFLE.,OK,#2,OIL DRAIN TUBE,CHAFING,,"REMOVED #2 OIL RETURN LINE FROM CYLINDER HEAD, REMOVED ROCKE",,,"OIL RETURN LINE, ROCKER","REMOVED, REMOVED",
101657,#2 FORWARD BAFFLE CRACKED BEYOND STOP DRILL.,OK,#2 FORWARD,BAFFLE,CRACKED,,"STOP DRILLED CRACK, FABRICATED PATCH OF LIKE MATERIAL &",,LIKE MATERIAL,"DRILLED CRACK , PATCH","STOP , FABRICATED",
101658,REAR BAFFLE BRACKET AT ENGINE CENTER BROKEN AT BOLT.,OK,REAR BAFFLE BRACKET AT ENGINE CENTER,BAFFLE BRACKET,BROKEN,,"REMOVED CRACKED BRACKET, FABRICATED NEW BRACKET FROM LI",,NEW,BRACKET,REMOVED & FABRICATED,
101659,CYLINDER #2 OIL RETURN LINE WAS DISCONNECTED & FITTING REMOVED.,OK,CYLINDER #2,OIL RETURN LINE,DISCONNECTED,,REINSTALLED 45 DEGREE FITTING & REATTACHED CYLINDER HEAD END,,,"FITTING,CYLINDER HEAD END",REINSTALLED & REATTACHED,
101660,#2 ROCKER COVER LEAKING.,OK,#2,ROCKER COVER,LEAKING,,REMOVED & REPLACED ROCKER COVER GASKET.,,,ROCKER COVER GASKET,REMOVED & REPLACED,
101661,R/H REAR ENGINE BAFFLE SCREW LOOSE.,OK,R/H REAR ENGINE,BAFFLE SCREW,LOOSE,,TIGHTENED SCREW.,,,SCREW,TIGHTENED,
101662,#3 INTAKE LEAKING.,OK,#3,INTAKE,LEAKING,,REPLACED GASKET.,,,GASKET,REPLACED,
101663,R/H FORWARD ENGINE BAFFLE MISSING PLUG.,OK,R/H FORWARD ENGINE,BAFFLE PLUG,MISSING,,REPLACED PLUG.,,,PLUG,REPLACED,
101664,#4 INTAKE LEAKING.,OK,#4,INTAKE,LEAKING,,REMOVED & REPLACED INTAKE GASKET.,,,INTAKE GASKET,REMOVED & REPLACED,
101665,#1 ROCKER COVER LEAKING.,OK,#1,ROCKER COVER,LEAKING,,REMOVED & REPLACED ROCKER COVER GASKET.,,,ROCKER COVER GASKET,REMOVED & REPLACED,
101666,"CYLINDER #2, 3 & 4 ROCKER COVER GASKETS LEAKING.",OK,"CYLINDER #2, 3 & 4",ROCKER COVER GASKETS,LEAKING,,REMOVED & REPLACED ROCKER COVER GASKETS.,,,ROCKER COVER GASKETS,REMOVED & REPLACED,
101667,"FAILED OVERRIDE SPEED CHECK, RPM DROPPED TO 800 RPM & STABIL",OK,,,RPM,,"ADJUSTED IDLE SPEED, RAN UP A/C, OPS CHECK GOOD.",,,"IDLE SPEED, A/C","ADJUSTED , RAN",
101668,"ROCKER COVER GASKETS #2, 3 TORN.",OK,"#2, 3",ROCKER COVER GASKETS,TORN,,REMOVED & REPLACED ROCKER COVER GASKETS.,,,ROCKER COVER GASKETS,REMOVED & REPLACED,
101669,CYLINDER #2 INTAKE GASKET LEAKING.,OK,CYLINDER #2,INTAKE GASKET,LEAKING,,REMOVED & REPLACED INTAKE GASKET.,,,INTAKE GASKET,REMOVED & REPLACED,
101670,ENGINE RPM WAS 1700.,OK,ENGINE,,RPM,,"RAN UP A/C, ADJUSTED IDLE SPEED. OPS CHECK GOOD.",,,"A/C, IDLE SPEED","RAN , ADJUSTED, CHECK",
101671,R/H BAFFLE SUPPORT ROD FOR CYLINDER 1 & 3 BROKEN.,OK,R/H BAFFLE SUPPORT ROD FOR CYLINDER 1 & 3,BAFFLE SUPPORT ROD,BROKEN,,REMOVED & REPLACED ROD.,,,ROD,REMOVED & REPLACED,
101672,CYLINDER #3 AFT BAFFLE HAS SHEARED RIVET.,OK,CYLINDER #3 AFT,BAFFLE RIVET,SHEARED,,REMOVED AFT BAFFLE & OIL PSI LINE. REPLACED RIVET. INST,,,"AFT BAFFLE, OIL PSI LINE, RIVET","REMOVED, REPLACED, INST",
101673,#2 & 4 ROCKER COVER GASKETS LEAKING.,OK,#2 & 4,ROCKER COVER GASKETS,LEAKING,,REMOVED & REPLACED ROCKER COVER GASKETS & SAFETIED BOLT,,,"ROCKER COVER GASKETS, BOLT","REMOVED & REPLACED, SAFETIED",
101674,"BAFFLE SEAL IS TORN, FORWARD OF #2 CYLINDER ON L/H & R/H ENGINES.",OK,FORWARD OF #2 CYLINDER ON L/H & R/H ENGINES,BAFFLE SEAL,TORN,,REMOVED & REPLACED #2 BAFFLES SEALS ON BOTH ENGINES.,,,BAFFLE SEALS,REMOVED & REPLACED,
101675,#3 CYLINDER RIGHT ENGINE SHOWS NO EGT.,OK,#3 CYLINDER RIGHT ENGINE,,NO EGT,,"CLEANED PLUGS #3 CYL, RAN, CHECK OK.",,,"PLUGS, CYL, A/C","CLEANED, RAN, CHECK",
101676,#3 CYLINDER AFT BAFFLE ON L/H ENGINE IS CRACKED.,OK,#3 CYLINDER AFT ON L/H ENGINE,BAFFLE,CRACKED,,"FABRICATED & INSTALLED PATCH IAW , PAR 4-53",,,PATCH,FABRICATED & INSTALLED,
101677,#4 INTAKE GASKET LEAKING.,OK,#4,INTAKE GASKET,LEAKING,,REMOVED & REPLACED #4 INTAKE GASKET.,,,INTAKE GASKET,REMOVED & REPLACED,
101678,#2 ROCKER COVER LEAKING.,OK,#2,ROCKER COVER,LEAKING,,REMOVED & REPLACED #2 ROCKER COVER GASKET.,,,ROCKER COVER GASKET,REMOVED & REPLACED,
101679,CYLINDER #2 INTAKE GASKET LEAKING.,OK,CYLINDER #2,INTAKE GASKET,LEAKING,,REMOVED & REPLACED INTAKE GASKET.,,,INTAKE GASKET,REMOVED & REPLACED,
101680,R/H ENGINE #2 INDUCTION TUBE GASKET LEAKING.,OK,R/H ENGINE #2,INDUCTION TUBE GASKET,LEAKING,,INSTALLED NEW #2 INDUCTION TUBE GASKET.,,NEW,INDUCTION TUBE GASKET,INSTALLED,
101681,"ROCKER COVERS #2, 3 & 4 LEAKING ON R/H ENGINE.",OK,"#2, 3 & 4 ON R/H ENGINE",ROCKER COVERS,LEAKING,,INSTALLED NEW ROCKER BOX COVER GASKETS.,,NEW,ROCKER BOX COVER GASKETS,INSTALLED,
101682,#1 & 4 ROCKER COVERS LEAKING ON L/H ENGINE.,OK,#1 & 4 ON L/H ENGINE,ROCKER COVERS,LEAKING,,INSTALLED NEW #1 & 4 ROCKER BOX COVER GASKETS.,,NEW,ROCKER BOX COVER GASKETS,INSTALLED,
101683,#2 INTAKE LEAKING ON L/H ENGINE.,OK,#2 ON L/H ENGINE,INTAKE,LEAKING,,INSTALLED NEW #2 INTAKE GASKET.,,NEW,INTAKE GASKET,INSTALLED,
101684,#2 & 4 ROCKER COVERS LEAKING ON L/H ENGINE.,OK,#2 & 4 ON L/H ENGINE,ROCKER COVERS,LEAKING,,INSTALLED NEW ROCKER BOX COVER GASKETS.,,NEW,ROCKER BOX COVER GASKETS,INSTALLED,
101685,ROCKER COVERS #2 & 4 LEAKING ON R/H ENGINE.,OK,#2 & 4 ON R/H ENGINE,ROCKER COVERS,LEAKING,,INSTALLED NEW ROCKER BOX COVER GASKETS.,,NEW,ROCKER BOX COVER GASKETS,INSTALLED,
101686,#3 CYLINDER ON R/H ENGINE HAS LOW COMPRESSION.,OK,#3 CYLINDER ON R/H ENGINE,,COMPRESSION,,"BORESCOPED CYLINDER, FOUND EXHAUST VALVE TO APPEAR BURN",,,"CYLINDER , EXHAUST VALVE","BORESCOPED, FOUND",EXHAUST VALVE TO APPEAR BURN
101687,#3 CYLINDER ON R/H ENGINE HAS LOW COMPRESSION.,OK,#3 CYLINDER ON R/H ENGINE,,COMPRESSION,,REMOVED CYLINDER ASSY. INSTALLED REPAIRED CYLINDER ASSEMBLY & PE,,REPAIRED,CYLINDER ASSY,REMOVED & INSTALLED,
101688,#3 CYLINDER ON R/H ENGINE HAS LOW COMPRESSION.,OK,#3 CYLINDER ON R/H ENGINE,,COMPRESSION,,"TORQUED BASE NUTS TO SPECS. REINSTALLED EXHAUST, INTAKE",,,"BASE NUTS, EXHAUST, INTAKE","TORQUED, REINSTALLED",
101689,CYLINDER #3 LEAKING INTAKE TUBE AT OIL SUMP.,OK,CYLINDER #3,INTAKE TUBE,LEAKING,,REMOVED ENGINE COWLING.,,,ENGINE COWLING,REMOVED,
101690,CYLINDER #3 LEAKING INTAKE TUBE AT OIL SUMP.,OK,CYLINDER #3,INTAKE TUBE,LEAKING,,RESWEDGED #3 INTAKE TUBE IAW LYCOMING OVERHAUL MANUAL.,,,INTAKE TUBE,RESWEDGED,
101691,"ROCKER COVER GASKETS CYLINDER #2, 3 & 4 LEAKING.",OK,"CYLINDER #2, 3 & 4",ROCKER COVER GASKETS,LEAKING,,"REMOVED & REPLACED ROCKER COVER GASKETS, CLEANED LEAKS.",,,"ROCKER COVER GASKETS, LEAKS","REMOVED & REPLACED , CLEANED",
101692,#2 INTAKE LEAKING.,OK,#2,INTAKE,LEAKING,,REMOVED & REPLACED #2 INTAKE GASKET.,,,INTAKE GASKET,REMOVED & REPLACED,
101693,#4 INTAKE LEAKING.,OK,#4,INTAKE,LEAKING,,REMOVED & REPLACED INTAKE GASKET.,,,INTAKE GASKET,REMOVED & REPLACED,
101694,INTAKE GASKET #4 LEAKING.,OK,#4,INTAKE GASKET,LEAKING,,REMOVED & REPLACED INTAKE GASKET #4.,,,INTAKE GASKET,REMOVED & REPLACED,
101695,FOREIGN OBJECT DAMAGE ON TOP OF ENGINE,OK,TOP OF ENGINE,FOREIGN OBJECT,DAMAGE,,REMOVED FOREIGN OBJECT DAMAGE,,,FOREIGN OBJECT DAMAGE,REMOVED,
101696,#1 INTAKE IS LEAKING.,OK,#1,INTAKE,LEAKING,,REMOVED & REPLACED GASKET.,,,GASKET,REMOVED & REPLACED,
101697,BAFFLE SPARK PLUG ACCESS PLUG WORN.,OK,,BAFFLE SPARK PLUG ACCESS PLUG,WORN,,REPLACED PLUGS.,,,PLUGS,REPLACED,
101698,#4 INTAKE TUBE LOOSE.,OK,#4,INTAKE TUBE,LOOSE,,REMOVED & REPLACED #4 INTAKE GASKET.,,,INTAKE GASKET,REMOVED & REPLACED,
101699,CYLINDER #2 INTAKE GASKET LEAKING.,OK,CYLINDER #2,INTAKE GASKET,LEAKING,,REMOVED & REPLACED GASKET.,,,GASKET,REMOVED & REPLACED,
101700,CYLINDER #2 & 4 ROCKER COVER GASKETS LEAKING.,OK,CYLINDER #2 & 4,ROCKER COVER GASKETS,LEAKING,,REMOVED & REPLACED GASKETS.,,,GASKETS,REMOVED & REPLACED,
101701,ALTERANATE AIR DOOR IS WORN.,OK,,ALTERANATE AIR DOOR,WORN,,REMOVED & REPLACED AIR FILTER BOX WITH SERVICEABLE ONE.,,SERVICEABLE,AIR FILTER BOX,REMOVED & REPLACED,
101702,CYLINDER #1 BAFFLE IS CRACKED.,OK,CYLINDER #1,BAFFLE,CRACKED,,"STOP DRILLED CRACK, FABRICATED PATCH OUT OF LIKE MATERI",,LIKE MATERIAL,"DRILLED CRACK , PATCH","STOP , FABRICATED",
101703,#4 INTAKE IS LEAKING.,OK,#4,INTAKE,LEAKING,,REMOVED & REPLACED GASKET.,,,GASKET,REMOVED & REPLACED,
101704,CYLINDER #2 & 3 ROCKER COVER GASKETS LEAKING.,OK,CYLINDER #2 & 3,ROCKER COVER GASKETS,LEAKING,,REMOVED & REPLACED ROCKER COVER GASKETS.,,,ROCKER COVER GASKETS,REMOVED & REPLACED,
101705,ROCKER COVER GASKET CYLINDER #2 LEAKING.,OK,CYLINDER #2,ROCKER COVER GASKET,LEAKING,,REMOVED & REPLACED ROCKER COVER GASKET.,,,ROCKER COVER GASKET,REMOVED & REPLACED,
101706,R/H AFT BAFFLE IS CRACKED BY ENGINE MOUNT BOLT HOLE.,OK,R/H AFT,BAFFLE,CRACKED,,STOP DRILLED CRACK.,,,DRILLED CRACK,STOP,
101707,CENTER TOP BAFFLE BRACKET IS CRACKED.,OK,CENTER TOP,BAFFLE BRACKET,CRACKED,,FABRICATED BAFFLE BRACKET OUT OF LIKE MATERIAL & INSTAL,,LIKE MATERIAL,BAFFLE BRACKET,FABRICATED & INSTAL,
101708,#2 INTAKE LEAKING.,OK,#2,INTAKE,LEAKING,,REMOVED & REPLACED GASKET.,,,GASKET,REMOVED & REPLACED,
101709,ALL ENGINE ROCKER COVER SCREWS LOOSE.,OK,ALL ENGINE,ROCKER COVER SCREWS,LOOSE,,TIGHTENED ALL SCREWS.,,,SCREWS,TIGHTENED,
101710,"STARTER WOULD TURN TWICE, THEN CUT OFF DURING START UP.",OK,,STARTER,CUT OFF,,"STARTED A/C, STARTER FUNCTION NORMAL.",,,"A/C, STARTER","STARTED, FUNCTION",
101711,#4 INTAKE GASKET IS LEAKING.,OK,#4,INTAKE GASKET,LEAKING,,REPLACED GASKET.,,,GASKET,REPLACED,
101712,#4 ROCKER GASKET IS LEAKING.,OK,#4,ROCKER GASKET,LEAKING,,REPLACED GASKET.,,,GASKET,REPLACED,
101713,WORN BAFFLE PLUGS.,OK,,BAFFLE PLUGS,WORN,,REMOVED & REPLACED BAFFLE PLUGS.,,,BAFFLE PLUGS,REMOVED & REPLACED,
101714,ROCKER COVER GASKETS CYLINDER #2 & 4 LEAKING.,OK,CYLINDER #2 & 4,ROCKER COVER GASKETS,LEAKING,,REMOVED & REPLACED ROCKER COVER GASKETS.,,,ROCKER COVER GASKETS,REMOVED & REPLACED,
101715,#2 ROCKER COVER GASKET LEAKING.,OK,#2,ROCKER COVER GASKET,LEAKING,,REMOVED & REPLACED #2 ROCKER COVER GASKET.,,,ROCKER COVER GASKET,REMOVED & REPLACED,
101716,"DURING GO AROUND FROM A SIMULATED ENGINE FAILURE, ENGINE RAN ROUGH",OK,ENGINE,,ROUGH,,"RAN A/C, MAGNETOS DROP, IDLE & IDLE MIXTURE RISE CHECK GOOD. A/",,,"A/C, IDLE & IDLE MIXTURE","RAN , CHECK",
101717,L/H ENGINE #4 CYLINDER HAS BAD EXHAUST VALVE.,OK,L/H ENGINE #4 CYLINDER,EXHAUST VALVE,BAD,,OPS CHECK GOOD ON PROP GOV.,,,PROP GOV,CHECK,
101718,#3 INTAKE LEAKING ON R/H ENGINE.,OK,#3 ON R/H ENGINE,INTAKE,LEAKING,,REMOVED & REPLACED #3 INTAKE GASKET ON R/H ENGINE.,,,INTAKE GASKET,REMOVED & REPLACED,
101719,#1 & 3 ROCKER COVERS LEAKING ON L/H ENGINE.,OK,#1 & 3 ON L/H ENGINE,ROCKER COVERS,LEAKING,,REMOVED & REPLACED ROCKER COVER GASKETS ON L/H ENGINE.,,,ROCKER COVER GASKETS,REMOVED & REPLACED,
101720,L/H ENGINE #4 CYLINDER HAS BAD EXHAUST VALVE.,OK,L/H ENGINE #4 CYLINDER,EXHAUST VALVE,BAD,,"RECONNECTED ALL CONNECTIONS, ATTACHED PROP GOV CABLE (1",,,"CONNECTIONS, PROP GOV CABLE","RECONNECTED, ATTACHED",
101721,L/H ENGINE #4 CYLINDER HAS BAD EXHAUST VALVE.,OK,L/H ENGINE #4 CYLINDER,EXHAUST VALVE,BAD,,"REMOVED #4 CYLINDER, INSTALLLED SERVICEABLE CYLINDER ASSY. T",,SERVICEABLE,CYLINDER ASSY,REMOVED & INSTALLLED,
101722,"L/H ENG, FIRST STAGE COMPRESSOR ROTOR HAS 1",DIFFICULT,,,,,"INSPECTED, FOUND TO REQUIRE REPAIR. PERFORMED REPAIR IA",,,FIRST STAGE COMPRESSOR ROTOR,INSPECTED & REPAIR,
101723,CYLINDER #2 TOP BAFFLE SEAL IS LOOSE.,OK,CYLINDER #2 TOP ,BAFFLE SEAL,LOOSE,,RESECURED BAFFLE SEAL.,,,BAFFLE SEAL,RESECURED,
101724,INTAKE GASKET CYLINDER #3 LEAKING.,OK,CYLINDER #3,INTAKE GASKET,LEAKING,,REMOVED & REPLACED INTAKE GASKET.,,,INTAKE GASKET,REMOVED & REPLACED,
101725,ROCKER COVER GASKET CYLINDER #3 LEAKING.,OK,CYLINDER #3,ROCKER COVER GASKET,LEAKING,,REMOVED & REPLACED ROCKER COVER GASKET.,,,ROCKER COVER GASKET,REMOVED & REPLACED,
101726,INTAKE TUBE CYLINDER #1 LEAKING AROUND OIL SUMP CONNECTION AREA.,OK,CYLINDER #1,INTAKE TUBE,LEAKING,,REMOVED ENGINE COWLING.,,,ENGINE COWLING,REMOVED,
101727,INTAKE TUBE CYLINDER #1 LEAKING AROUND OIL SUMP CONNECTION AREA.,OK,CYLINDER #1,INTAKE TUBE,LEAKING,,SWEDGED INTAKE TUBE IAW LYCOMING OVERHAUL,,,INTAKE TUBE,SWEDGED,
101728,#4 INTAKE GASKET LEAKING.,OK,#4,INTAKE GASKET,LEAKING,,REPLACED GASKET.,,,GASKET,REPLACED,
101729,#3 & 4 ROCKER GASKETS LEAKING.,OK,#3 & 4,ROCKER GASKETS,LEAKING,,REMOVED & REPLACED GASKETS.,,,GASKETS,REMOVED & REPLACED,
101730,ENGINE OVERSPEED TO 2730 RPM FOR 1 SECOND.,OK,ENGINE,,OVERSPEED,,"REMOVED SD CARD, DOWNLOADED DATA WHICH INDICATED MAX RP",,,"SD CARD, DATA","REMOVED, DOWNLOADED",
101731,#2 ROCKER COVER GASKET IS LEAKING.,OK,#2,ROCKER COVER GASKET,LEAKING,,REPLACED GASKET WITH NEW.,,NEW,GASKET,REPLACED,
101732,#2 INTAKE TUBE LEAKING AT SUMP & CYLINDER.,OK,#2,INTAKE TUBE,LEAKING,,REMOVED & REPLACED INTAKE GASKET WITH NEW. TIGHTENED SUMP,,NEW,"INTAKE GASKET,SUMP","REMOVED & REPLACED,TIGHTENED",
101733,CYLINDER #4 ROCKER COVER GASKET LEAKING.,OK,CYLINDER #4,ROCKER COVER GASKET,LEAKING,,REMOVED & REPLACED CYLINDER #4 ROCKER COVER GASKET.,,,ROCKER COVER GASKET,REMOVED & REPLACED,
101734,CYLINDER #4 ROCKER COVER GASKET LEAKING.,OK,CYLINDER #4,ROCKER COVER GASKET,LEAKING,,REMOVED & REPLACED CYLINDER #4 ROCKER COVER GASKET.,,,ROCKER COVER GASKET,REMOVED & REPLACED,
101735,"CYLINDER #2, 4 INTAKE GASKETS APPEAR TO BE LEAKING.",OK,"CYLINDER #2, 4",INTAKE GASKETS,LEAKING,,"REMOVED & REPLACED CYLINDER #2, 4 INTAKE GASKETS.",,,INTAKE GASKETS,REMOVED & REPLACED,
101736,#4 INTAKE IS LEAKING.,OK,#4,INTAKE,LEAKING,,REMOVED & REPLACED GASKET.,,,GASKET,REMOVED & REPLACED,
101737,#3 & 2 ROCKER COVERS ARE LEAKING.,OK,#3 & 2,ROCKER COVERS,LEAKING,,REMOVED & REPLACED #2 & 3 ROCKER COVER GASKETS.,,,ROCKER COVER GASKETS,REMOVED & REPLACED,
101738,HIGH PITCHED SQUEALING NOISE HEARD DURING FLIGHT.,OK,,,NOISE,,"RAN UP A/C, NO SQUEALING NOISE NOTED. OPS CHECK GOOD.",,,"A/C, SQUEAL","RAN , CHECK",
101739,LOW POWER AVAILABLE. HELO REQUIRED LMP TO HOVER,OK,,,POWER PROBLEM,,INSPECTED & FOUND NO DEFECTS. MX FLIGHT REQUIRED,,,,,
101740,CYLINDER #4 & 2 ROCKER COVER GASKETS LEAKING.,OK,CYLINDER #4 & 2,ROCKER COVER GASKETS,LEAKING,,REMOVED & REPLACED ROCKER COVER GASKETS.,,,ROCKER COVER GASKETS,REMOVED & REPLACED,
101741,#1 CYLINDER ROCKER OIL RETURN LINE IS CHAFING.,OK,#1 CYLINDER,ROCKER OIL RETURN LINE,CHAFING,,LEAK CHECK GOOD.,,,LEAK,CHECK,
101742,#1 CYLINDER ROCKER OIL RETURN LINE IS CHAFING.,OK,#1 CYLINDER,ROCKER OIL RETURN LINE,CHAFING,,REMOVED & REPLACED OIL LINE WITH NEW.,,NEW,OIL LINE,REMOVED & REPLACED,
101743,#2 & 4 ROCKER COVER GASKETS LEAKING.,OK,#2 & 4,ROCKER COVER GASKETS,LEAKING,,REMOVED & REPLACED GASKETS WITH NEW.,,NEW,GASKETS,REMOVED & REPLACED,
101744,BAFFLE BUTTON PLUG IS WORN.,OK,,BAFFLE BUTTON PLUG,WORN,,REMOVED & REPLACED PLUG WITH NEW.,,NEW,PLUG,REMOVED & REPLACED,
101745,#3 ROCKER COVER GASKET IS TORN.,OK,#3,ROCKER COVER GASKET,TORN,,REMOVED & REPLACED GASKET WITH NEW.,,NEW,GASKET,REMOVED & REPLACED,
101746,CYLINDER #2 INTAKE GASKET LEAKING.,OK,CYLINDER #2,INTAKE GASKET,LEAKING,,REMOVED & REPLACED INTAKE GASKET.,,,INTAKE GASKET,REMOVED & REPLACED,
101747,FORWARD BOTTOM ENGINE BAFFLE SEAL HAS HOLES IN IT.,OK,FORWARD BOTTOM ENGINE,BAFFLE SEAL,HOLES,,REMOVED & REPLACED BAFFLE.,,,BAFFLE,REMOVED & REPLACED,
101748,CYLINDER #3 ROCKER COVER GASKET LEAKING.,OK,CYLINDER #3,ROCKER COVER GASKET,LEAKING,,REMOVED & REPLACED ROCKER COVER GASKET.,,,ROCKER COVER GASKET,REMOVED & REPLACED,
101749,#4 ROCKER COVER GASKET LEAKING.,OK,#4,ROCKER COVER GASKET,LEAKING,,REMOVED & REPLACED #4 ROCKER COVER GASKET.,,,ROCKER COVER GASKET,REMOVED & REPLACED,
101750,OIL COOLER LOWER BAFFLE SEAL IS MISSING.,OK,LOWER,OIL COOLER BAFFLE SEAL,MISSING,,APPLIED HIGH TEMPERATURE SILICONE.,,HIGH TEMPERATURE,SILICONE,APPLIED,
101751,#2 ROCKER COVER IS LEAKING.,OK,#2,ROCKER COVER,LEAKING,,REMOVED & REPLACED CYLINDER #2 ROCKER COVER GASKET.,,,ROCKER COVER GASKET,REMOVED & REPLACED,
101752,L/H ENGINE WILL NOT START.,OK,L/H ENGINE,,WILL NOT START,,STARTED L/H ENGINE & PERFORMED MAGNETOS DROP & RUN UP PROCED,,,"ENGINE, MAGNETOS",STARTED & PERFORMED & RUN,
101753,CYLINDER #1 ROCKER COVER GASKET LEAKING.,OK,CYLINDER #1,ROCKER COVER GASKET,LEAKING,,REMOVED & REPLACED ROCKER COVER GASKET.,,,ROCKER COVER GASKET,REMOVED & REPLACED,
101754,#2 INTAKE LEAKING.,OK,#2,INTAKE,LEAKING,,REPLACED GASKET.,,,GASKET,REPLACED,
101755,#1 & 2 ROCKER COVERS LEAKING.,OK,#1 & 2,ROCKER COVERS,LEAKING,,REMOVED & REPLACED ROCKER COVER GASKETS.,,,ROCKER COVER GASKETS,REMOVED & REPLACED,
101756,ENGINE DIED AFTER LANDING.,OK,ENGINE,,DIED,,STARTED A/C USING FLOODED START PROCEDURE. A/C RAN NORM,,,A/C,STARTED & RAN,
101757,ENGINE HAD MOMENTARY OVERSPEED TO 2770 RPM.,OK,ENGINE,,OVERSPEED,,"PER LYCOMING , NO FURTHER ACTION REQUIRED AS OVE",,,,REQUIRED,
101758,#2 CYLINDER ROCKER COVER SCREW IS MISSING.,OK,#2 CYLINDER,ROCKER COVER SCREW,MISSING,,INSTALLED NEW SCREW.,,NEW,SCREW,INSTALLED,
101759,#1 ROCKER COVER GASKET LEAKING.,OK,#1,ROCKER COVER GASKET,LEAKING,,INSTALLED NEW #1 ROCKER BOX COVER GASKET.,,NEW,ROCKER BOX COVER GASKET,INSTALLED,
101760,INTAKE GASKET CYLINDER #2 LEAKING.,OK,CYLINDER #2,INTAKE GASKET,LEAKING,,REMOVED & REPLACED INTAKE GASKET.,,,INTAKE GASKET,REMOVED & REPLACED,
101761,ROCKER COVER GASKET CYLINDER #2 LEAKING.,OK,CYLINDER #2,ROCKER COVER GASKET,LEAKING,,REMOVED & REPLACED ROCKER COVER GASKET.,,,ROCKER COVER GASKET,REMOVED & REPLACED,
101762,#3 INTAKE GASKET LEAKING.,OK,#3,INTAKE GASKET,LEAKING,,REMOVED & REPLACED GASKET.,,,GASKET,REMOVED & REPLACED,
101763,#3 INTAKE LEAKING.,OK,#3,INTAKE,LEAKING,,REMOVED & REPLACED #3 INTAKE GASKET.,,,INTAKE GASKET,REMOVED & REPLACED,
101764,R/H BAFFLE SAFETY WIRE BROKEN.,OK,R/H,BAFFLE SAFETY WIRE,BROKEN,,SECURED WITH NEW SAFETY WIRE & SPIRAL WRAP.,,NEW,"SAFETY WIRE, SPIRAL WRAP",SECURED,
101765,L/H BAFFLE BUTTON PLUG IS BROKEN.,OK,L/H,BAFFLE BUTTON PLUG,BROKEN,,INSTALLED NEW PLUG.,,NEW,PLUG,INSTALLED,
101766,#2 INTAKE LEAKING.,OK,#2,INTAKE,LEAKING,,REMOVED & REPLACED INTAKE GASKET.,,,INTAKE GASKET,REMOVED & REPLACED,
101767,"CYLINDER #1, 3, 4 ROCKER COVERS ARE LEAKING.",OK,"CYLINDER #1, 3, 4",ROCKER COVERS,LEAKING,,REMOVED & REPLACED ROCKER COVER GASKETS.,,,ROCKER COVER GASKETS,REMOVED & REPLACED,
101768,CASE HALVES LEAKING ON BOTTOM FORWARD PORTION.,OK,BOTTOM FORWARD PORTION,CASE HALVES,LEAKING,,"CLEANED ENGINE, RAN A/C, INSPECTED & DETECTED NO LEAKS.",,,"ENGINE, A/C","CLEANED, RAN, INSPECTED",
101769,#1 INTAKE IS LEAKING.,OK,#1,INTAKE,LEAKING,,REMOVED & REPLACED GASKET.,,,GASKET,REMOVED & REPLACED,
101770,L/H I/B BAFFLE SPRING IS BRKOEN.,OK,L/H I/B,BAFFLE SPRING,BROKEN,,INSTALLED NEW SPRING.,,NEW,SPRING,INSTALLED,
101771,ROCKER COVER GASKET CYLINDER #2 LEAKING.,OK,CYLINDER #2,ROCKER COVER GASKET,LEAKING,,DRESSED PROP.,,,PROP,DRESSED,
101772,"INTAKE GASKET, CYLINDER #2, LEAKING.",OK,CYLINDER #2,INTAKE GASKET,LEAKING,,REMOVED & REPLACED INTAKE GASKET.,,,INTAKE GASKET,REMOVED & REPLACED,
101773,CYLINDER #4 INTAKE GASKET IS LEAKING.,OK,CYLINDER #4,INTAKE GASKET,LEAKING,,REMOVED & REPLACED GASKET WITH NEW.,,NEW,GASKET,REMOVED & REPLACED,
101774,#2 & 4 INTAKES ARE LEAKING ON L/H ENGINE.,OK,#2 & 4 ON L/H ENGINE,INTAKES,LEAKING,,REPLACED GASKETS ON 2 & 4 INTAKES.,,,GASKETS,REPLACED,
101775,R/H ENGINE CYLINDER #4 AFT BAFFLE BRACKET CRACKED.,OK,R/H ENGINE CYLINDER #4 AFT,BAFFLE BRACKET,CRACKED,,STOP DRILLED CRACK.,,,DRILLED CRACK,STOP,
101776,R/H ENGINE CYLINDER #3 INTAKE GASKET LEAKING.,OK,R/H ENGINE CYLINDER #3,INTAKE GASKET,LEAKING,,REMOVED & REPLACED CYLINDER #3 INTAKE GASKET.,,,INTAKE GASKET,REMOVED & REPLACED,
101777,"L/H ENG, CYLINDER #2 ROCKER COVER LEAKING.",OK,"L/H ENG, CYLINDER #2",ROCKER COVER,LEAKING,,REMOVED & REPLACED L/H ENGINE CYLINDER #2 ROCKER COVER GASKET.,,,ROCKER COVER GASKET,REMOVED & REPLACED,
101778,"L/H ENGINE ROCKER COVER GASKETS, CYLINDER 3, LEAKING.",OK,L/H ENGINE CYLINDER 3,ROCKER COVER GASKETS,LEAKING,,REMOVED & REPLACED L/H ENGINE ROCKER COVER GASKET.,,,ROCKER COVER GASKET,REMOVED & REPLACED,
101779,R/H ENGINE CYLINDER #3 ROCKER COVER GASKET LEAKING.,OK,R/H ENGINE CYLINDER #3,ROCKER COVER GASKET,LEAKING,,REMOVED & REPLACED R/H ENGINE CYLINDER #3 ROCKER COVER GASKET.,,,ROCKER COVER GASKET,REMOVED & REPLACED,
101780,#2 INDUCTION TUBE GASKET LEAKING.,OK,#2,INDUCTION TUBE GASKET,LEAKING,,INSTALLED NEW INDUCTION TUBE GASKET.,,NEW,INDUCTION TUBE GASKET,INSTALLED,
101781,PARTICLE SEPERATOR HAS GRASS IN IT.,OK,,PARTICLE SEPERATOR,GRASS,,CLEANED GRASS OUT OF PARTICLE SEPERATOR.,,,"GRASS, PARTICLE SEPERATOR",CLEANED,
101782,CYLINDER #4 INTAKE IS LEAKING.,OK,CYLINDER #4,INTAKE,LEAKING,,INSTALLED NEW INDUCTION TUBE GASKET.,,NEW,INDUCTION TUBE GASKET,INSTALLED,
101783,FORWARD LOWER ENGINE BAFFLE CRACKED.,OK,FORWARD LOWER ENGINE,BAFFLE,CRACKED,,"REMOVED ENGINE BAFFLE, STOP DRILLED CRACK, FABRICATED P",,,"ENGINE BAFFLE, DRILLED CRACK","REMOVED, STOP",
101784,R/H ENGINE SIDE BAFFLE CRACKED.,OK,R/H ENGINE SIDE,BAFFLE,CRACKED,,STOP DRILLED CRACK.,,,DRILLED CRACK,STOP,
101785,CYLINDER #2 ROCKER COVER GASKET LEAKING.,OK,CYLINDER #2,ROCKER COVER GASKET,LEAKING,,REMOVED & REPLACED CYLINDER #2 ROCKER COVER GASKET.,,,ROCKER COVER GASKET,REMOVED & REPLACED,
101786,FORWARD BAFFLE NEAR ALTERNATOR IS CRACKED.,OK,FORWARD NEAR ALTERNATOR,BAFFLE,CRACKED,,STOP DRILLED CRACK.,,,DRILLED CRACK,STOP,
101787,BOTH ENGINE BAFFLE BUTTONS WORN.,OK,BOTH ENGINE,BAFFLE BUTTONS,WORN,,REPLACED & INSTALLED 2 BUTTONS.,,,BUTTONS,REPLACED & INSTALLED,
101788,ALL ROCKER COVER SCREWS LOOSE & 1 MISSING.,OK,ALL &1,ROCKER COVER SCREWS,LOOSE & MISSING,,REPLACED MISSING SCREW & TIGHTENED ALL SCREWS.,,,"SCREW, SCREWS",REPLACED & TIGHTENED,
101789,CYLINDER #4 INTAKE IS LEAKING.,OK,CYLINDER #4,INTAKE,LEAKING,,INSTALLED NEW INDUCTION TUBE GASKET.,,NEW,INDUCTION TUBE GASKET,INSTALLED,
101790,"DURING CRUISE, ENGINE BECAME INCREDIBLY ROUGH. ENGINE CONTIN",OK,ENGINE,,ROUGH,,RAN A/C & CYLINDER LEAK & OPS CHECK GOOD.,,,"A/C, CYLINDER, LEAK","RAN, CHECK & CHECK",
101791,"DURING CRUISE, ENGINE BECAME INCREDIBLY ROUGH. ENGINE CONTIN",OK,ENGINE,,ROUGH,,REMOVED #2 CYL. FOUND #2 EXHAUST VALVE & GUIDE GALLED.,,,#2 CYL EXHAUST VALVE & GUIDE,REMOVED & FOUND,2 EXHAUST VALVE & GUIDE GALLED
101792,"DURING CRUISE, ENGINE BECAME INCREDIBLY ROUGH. ENGINE CONTIN",OK,ENGINE,,ROUGH,,COMPLETED INSTALLATION OF #2 CYL. SERVICED ENGINE WITH 8,,,"#2 CYL, ENGINE","INSTALLED, SERVICED",
101793,#3 INTAKE LEAKING.,OK,#3,INTAKE,LEAKING,,REPLACED INTAKE GASKET.,,,INTAKE GASKET,REPLACED,
101794,BOTH BAFFLE PLUGS WORN.,OK,BOTH,BAFFLE PLUGS,WORN,,REMOVED & REPLACED PLUGS.,,,PLUGS,REMOVED & REPLACED,
101795,R/H AFT BAFFLE CRACKED.,OK,R/H AFT,BAFFLE,CRACKED,,"DISCONNECTED OIL PRESSURE LINE, DISPLACED OIL COOLER. F",,,"OIL PRESSURE LINE, OIL COOLER","DISCONNECTED, DISPLACED",
101796,ROCKER COVER GASKET CYLINDER #1 LEAKING.,OK,CYLINDER #1,ROCKER COVER GASKET,LEAKING,,REMOVED & REPLACED ROCKER COVER GASKET.,,,ROCKER COVER GASKET,REMOVED & REPLACED,
101797,#4 ROCKER COVER GASKET LEAKING.,OK,#4,ROCKER COVER GASKET,LEAKING,,REMOVED & REPLACED #4 ROCKER COVER GASKET.,,,ROCKER COVER GASKET,REMOVED & REPLACED,
101798,#4 ROCKER COVER GASKET LEAKING.,OK,#4,ROCKER COVER GASKET,LEAKING,,REPLACED GASKET.,,,GASKET,REPLACED,
101799,SCREW MISSING ON #4 ROCKER COVER.,OK,#4,ROCKER COVER SCREW,MISSING,,INSTALLED NEW SCREW.,,NEW,SCREW,INSTALLED,
101800,#4 INTAKE LEAKING.,OK,#4,INTAKE,LEAKING,,REMOVED & REPLACED #4 INTAKE GASKET.,,,INTAKE GASKET,REMOVED & REPLACED,
101801,L/H BAFFLE PLUG LOCK TABS MISSING.,OK,L/H,BAFFLE PLUG LOCK TABS,MISSING,,INSTALLED NEW BAFFLE PLUG.,,NEW,BAFFLE PLUG,INSTALLED,
101802,#3 ROCKER COVER IS LEAKING.,OK,#3,ROCKER COVER,LEAKING,,REMOVED & REPLACED GASKET.,,,GASKET,REMOVED & REPLACED,
101803,#2 INTAKE LEAKING.,OK,#2,INTAKE,LEAKING,,REPLACED CYLINDER #2 INTAKE GASKET.,,,INTAKE GASKET,REPLACED,
101804,R/H FORWARD ENGINE BAFFLE SEAL LOOSE.,OK,R/H FORWARD ENGINE,BAFFLE SEAL,LOOSE,,REATTACHED BAFFLE SEAL.,,,BAFFLE SEAL,REATTACHED,
101805,#2 INDUCTION TUBE GASKET LEAKING.,OK,#2,INDUCTION TUBE GASKET,LEAKING,,INSTALLED NEW #2 INDUCTION TUBE GASKET.,,NEW,INDUCTION TUBE GASKET,INSTALLED,
101806,R/H REAR ENGINE BAFFLE SUPPORT BRACKET RIVETS BROKEN.,OK,R/H REAR ENGINE,BAFFLE SUPPORT BRACKET RIVETS,BROKEN,,"LOOSENED OIL COOLER, OIL PRESSURE LINE. RE-RIVETED BAFF",,,"OIL COOLER, OIL PRESSURE LINE, BAFFLE SUPPORT BRACKET RIVETS","LOOSENED, RE-RIVETED",
101807,#2 & 4 INTAKES LEAKING.,OK,#2 & 4,INTAKES,LEAKING,,REPLACED GASKETS ON #2 & 4 INTAKES.,,,GASKETS,REPLACED,
101808,#3 INTAKE LEAKING ON R/H ENGINE.,OK,#3 ON R/H ENGINE,INTAKE,LEAKING,,REMOVED & REPLACED INTAKE GASKET.,,,INTAKE GASKET,REMOVED & REPLACED,
101809,"INTAKES 2, 3 & 4 LEAKING ON L/H ENGINE.",OK,"2, 3 & 4 ON L/H ENGINE",INTAKES,LEAKING,,REMOVED & REPLACED INTAKE GASKETS.,,,INTAKE GASKETS,REMOVED & REPLACED,
101810,LOWER L/H FORWARD BAFFLE SEAL IS LOOSE.,OK,LOWER L/H FORWARD,BAFFLE SEAL,LOOSE,,REPAIRED BAFFLE SEAL & SECURED.,,,BAFFLE SEAL,REPAIRED & SECURED,
101811,"CLIMBING AFTER TAKEOFF, ENGINE CHOKED & BACK FIRED.",OK,ENGINE,,CHOKED & BACK FIRED,,"PERFORMED ENGINE RUN UP, CHECK FOR NORMAL OPERATION AT",,,ENGINE,"RUN , CHECK",
101812,LOWER FRONT ENGINE CASE HALF SEAM IS LEAKING.,OK,LOWER FRONT ENGINE,CASE HALF SEAM,LEAKING,,"REINSTALLED FLYWHEEL. REINSTALLED, TORQUED & SAFETIED P",,,"FLYWHEEL, P","REINSTALLED , REINSTALLED & TORQUED & SAFETIED",
101813,LOWER FRONT ENGINE CASE HALF SEAM IS LEAKING.,OK,LOWER FRONT ENGINE,CASE HALF SEAM,LEAKING,,REMOVED PROP & FLYWHEEL TO GAIN ACCESS. CLEANED FORWARD CAS,,,"PROP, FLYWHEEL, FORWARD CAS","REMOVED, CLEANED",
101814,#4 INTAKE TUBE LEAKING.,OK,#4,INTAKE TUBE,LEAKING,,REMOVED & REPLACED INTAKE GASKET.,,,INTAKE GASKET,REMOVED & REPLACED,
101815,#1 ROCKER COVER LEAKING.,OK,#1,ROCKER COVER,LEAKING,,REMOVED & REPLACED #4 ROCKER COVER GASKET.,,,ROCKER COVER GASKET,REMOVED & REPLACED,
101816,LEFT IDLER GEAR HAS SPALLING ON FUEL PUMP CAM.,OK,LEFT,IDLER GEAR,SPALLING,,INSTALLED SERVICEABLE GEAR.,,SERVICEABLE,GEAR,INSTALLED,
101817,LEFT IDLER GEAR HAS SPALLING ON FUEL PUMP CAM.,OK,LEFT,IDLER GEAR,SPALLING,,"INSPECTED, FOUND TO BE SERVICEABLE.",,,,INSPECTED & FOUND,TO BE SERVICEABLE
101818,CYLINDER #2 ROCKER COVER GASKET LEAKING.,OK,CYLINDER #2,ROCKER COVER GASKET,LEAKING,,REMOVED & REPLACED ROCKER COVER GASKET.,,,ROCKER COVER GASKET,REMOVED & REPLACED,
101819,#4 INTAKE LEAKING.,OK,#4,INTAKE,LEAKING,,REMOVED & REPLACED GASKET.,,,GASKET,REMOVED & REPLACED,
101820,#2 ROCKER COVER LEAKING.,OK,#2,ROCKER COVER,LEAKING,,REMOVED & REPLACED ROCKER COVER GASKET.,,,ROCKER COVER GASKET,REMOVED & REPLACED,
101821,#2 INTAKE LEAKING.,OK,#2,INTAKE,LEAKING,,LEAK CHECK GOOD.,,,LEAK,CHECK,
101822,#2 INTAKE LEAKING.,OK,#2,INTAKE,LEAKING,,REMOVED & REPLACED INTAKE GASKET.,,,INTAKE GASKET,REMOVED & REPLACED,
101823,#1 ROCKER COVER LEAKING.,OK,#1,ROCKER COVER,LEAKING,,REMOVED & REPLACED #1 ROCKER COVER GASKET.,,,ROCKER COVER GASKET,REMOVED & REPLACED,
101824,ROCKER COVER GASKETS #3 & 2 ARE LEAKING.,OK,#3 & 2,ROCKER COVER GASKETS,LEAKING,,REMOVED & REPLACED ROCKER COVER GASKETS.,,,ROCKER COVER GASKETS,REMOVED & REPLACED,
101825,CYLINDER #4 AFT BAFFLE CRACKED.,OK,CYLINDER #4 AFT,BAFFLE,CRACKED,,"REMOVED & REPLACED AFT BAFFLE, INSTALLED NEW BAFFLE SPR",,NEW,"AFT BAFFLE, BAFFLE SPR","REMOVED & REPLACED , INSTALLED",
101826,L/H ENGINE BAFFLE PLUG DAMAGED.,OK,L/H ENGINE,BAFFLE PLUG,DAMAGED,,"REMOVED & REPLACED L/H BAFFLE PLUG, NEW CYLINDER #4 AFT BAFF",,NEW,"BAFFLE PLUG, CYLINDER #4 AFT BAFF",REMOVED & REPLACED,
101827,R/H #4 INTAKE GASKET IS LEAKING.,OK,R/H #4,INTAKE GASKET,LEAKING,,REMOVED & REPLACED GASKET.,,,GASKET,REMOVED & REPLACED,
101828,"CYLINDER #2, 3, & 4 ROCKER COVER GASKETS LEAKING.",OK,"CYLINDER #2, 3, & 4",ROCKER COVER GASKETS,LEAKING,,REMOVED & REPLACED ROCKER COVER GASKETS.,,,ROCKER COVER GASKETS,REMOVED & REPLACED,
101829,CYLINDER #2 INTAKE GASKET LEAKING.,OK,CYLINDER #2,INTAKE GASKET,LEAKING,,REMOVED & REPLACED CYLINDER #2 INTAKE GASKET.,,,INTAKE GASKET,REMOVED & REPLACED,
101830,ROCKER COVER GASKET CYLINDER #4 LEAKING.,OK,CYLINDER #4,ROCKER COVER GASKET,LEAKING,,REMOVED & REPLACED ROCKER COVER GASKET.,,,ROCKER COVER GASKET,REMOVED & REPLACED,
101831,#1 & 3 ROCKER COVERS LEAKING.,OK,#1 & 3,ROCKER COVERS,LEAKING,,REMOVED & REPLACED ROCKER COVER GASKETS.,,,ROCKER COVER GASKETS,REMOVED & REPLACED,
101832,#2 & 4 ROCKER COVERS LEAKING.,OK,#2 & 4,ROCKER COVERS,LEAKING,,REMOVED & REPLACED ROCKER COVER GASKETS.,,,ROCKER COVER GASKETS,REMOVED & REPLACED,
101833,BOLT MISSING FROM #4 CYLINDER HEAD.,OK,#4 CYLINDER HEAD,BOLT,MISSING,,INSTALLED NEW SCREW.,,NEW,SCREW,INSTALLED,
101834,BOLT MISSING FROM #4 CYLINDER HEAD.,OK,#4 CYLINDER HEAD,BOLT,MISSING,,"INSPECTED, FOUND NO BOLTS MISSING FROM CYLINDER #4 HEAD. FOU",,,BOLTS,INSPECTED & FOUND, NO BOLTS MISSING FROM CYLINDER #4 
101835,#2 & 3 INTAKE LEAKING.,OK,#2 & 3,INTAKE,LEAKING,,REMOVED & REPLACED #2 & 3 INTAKE GASKETS.,,,INTAKE GASKETS,REMOVED & REPLACED,
101836,#2 ROCKER COVER LEAKING.,OK,#2,ROCKER COVER,LEAKING,,REMOVED & REPLACED #2 ROCKER COVER GASKET.,,,ROCKER COVER GASKET,REMOVED & REPLACED,
101837,#2 INDUCTION TUBE GASKET LEAKING.,OK,#2,INDUCTION TUBE GASKET,LEAKING,,INSTALLED NEW INDUCTION TUBE GASKET.,,NEW,INDUCTION TUBE GASKET,INSTALLED,
101838,#4 INDUCTION TUBE GASKET LEAKING.,OK,#4,INDUCTION TUBE GASKET,LEAKING,,INSTALLED NEW INDUCTION TUBE GASKET.,,NEW,INDUCTION TUBE GASKET,INSTALLED,
101839,R/H ENGINE REACHED 2770 RPM ON TAKE OFF.,OK,R/H ENGINE,,RPM,,2770 RPM IS BELOW LYCOMING OVERSPEED THRESHOLD.,,,RPM,CHECK,
101840,#4 INTAKE GASKET LEAKING.,OK,#4,INTAKE GASKET,LEAKING,,REPLACED GASKET.,,,GASKET,REPLACED,
101841,SCREW MISSING ON #2 ROCKER COVER.,OK,#2,ROCKER COVER SCREW,MISSING,,REPLACED SCREW.,,,SCREW,REPLACED,
101842,#3 & 4 ROCKER COVER LEAKING.,OK,#3 & 4,ROCKER COVER,LEAKING,,REMOVED & REPLACED ROCKER COVER GASKETS.,,,ROCKER COVER GASKETS,REMOVED & REPLACED,
101843,#3 & 1 CYLINDER INTAKE GASKETS LEAKING.,OK,#3 & 1 CYLINDER,INTAKE GASKETS,LEAKING,,REPLACED INTAKE GASKETS.,,,INTAKE GASKETS,REPLACED,
101844,CRACK IN FORWARD BAFFLE CENTER.,OK,FORWARD,BAFFLE CENTER,CRACK,,STOP DRILLED CRACK.,,,DRILLED CRACK,STOP,
101845,FORWARD LOWER BAFFLE SEAL LOOSE.,OK,FORWARD LOWER,BAFFLE SEAL,LOOSE,,RESECURED BAFFLE SEAL.,,,BAFFLE SEAL,RESECURED,
101846,CYLINDER #2 INTAKE GASKET LEAKING.,OK,CYLINDER #2,INTAKE GASKET,LEAKING,,REMOVED & REPLACED INTAKE GASKET.,,,INTAKE GASKET,REMOVED & REPLACED,
101847,ROCKER COVER GASKETS CYLINDER #1 & 2 LEAKING.,OK,CYLINDER #1 & 2,ROCKER COVER GASKETS,LEAKING,,REMOVED & REPLACED ROCKER COVER GASKETS.,,,ROCKER COVER GASKETS,REMOVED & REPLACED,
101848,FORWARD L/H ENGINE BAFFLE CRACKED FROM HEAT AIR INTAKE DOWN.,OK,FORWARD L/H ENGINE,BAFFLE,CRACKED,,"REMOVED BAFFLE, FABRICATED PATCH OF LIKE MATERIAL. RIVE",,LIKE MATERIAL,"BAFFLE, PATCH","REMOVED, FABRICATED, RIVE",
101849,#2 ROCKER COVER GASKET LEAKING.,OK,#2,ROCKER COVER GASKET,LEAKING,,TIGHTENED ROCKER SCREWS.,,,ROCKER SCREWS,TIGHTENED,
101850,ROCKER COVER GASKET FROM CYLINDER #2 LEAKING.,OK,CYLINDER #2,ROCKER COVER GASKET,LEAKING,,REMOVED & REPLACED GASKET.,,,GASKET,REMOVED & REPLACED,
101851,OIL COOLER HAS A GAP FROM COWLING & BOX ON BOTTOM.,OK,BOTTOM,OIL COOLER,GAP,,APPLIED HIGH TEMPERATURE SILICONE SEALANT.,,HIGH TEMPERATURE,SILICONE SEALANT,APPLIED,
101852,EXHAUST GAS TEMPERATURE CYLINDER #1 CLAMP LOOSE.,OK,EXHAUST GAS TEMPERATURE CYLINDER #1,CLAMP,LOOSE,,TIGHTENED CLAMP & SECURED WITH SAFETY WIRE.,,,CLAMP,TIGHTENED & SECURED,
101853,#3 ROCKER COVER LEAKING.,OK,#3,ROCKER COVER,LEAKING,,REMOVED & REPLACED #3 ROCKER COVER GASKET.,,,ROCKER COVER GASKET,REMOVED & REPLACED,
101854,#2 & 4 ROCKER COVER LEAKING.,OK,#2 & 4,ROCKER COVER,LEAKING,,REMOVED & REPLACED ROCKER COVER GASKETS.,,,ROCKER COVER GASKETS,REMOVED & REPLACED,
101855,#4 ROCKER COVER GASKET TORN.,OK,#4,ROCKER COVER GASKET,TORN,,REMOVED & REPLACED ROCKER COVER GASKET.,,,ROCKER COVER GASKET,REMOVED & REPLACED,
101856,#4 INTAKE LEAKING.,OK,#4,INTAKE,LEAKING,,REMOVED & REPLACED #4 INTAKE GASKET.,,,INTAKE GASKET,REMOVED & REPLACED,
101857,L/H ENGINE BAFFLE SEAL RIVETS LOOSE.,OK,L/H ENGINE,BAFFLE SEAL RIVETS,LOOSE,,REMOVED RIVETS & REINSTALLED NEW.,,NEW,RIVETS,REMOVED & REINSTALLED,
101858,R/H REAR ENGINE BAFFLE MOUNTING SCREW MISSING & BRACKET RIVE,OK,R/H REAR ENGINE,"BAFFLE MOUNTING SCREW, BRACKET RIVE",MISSING,,REMOVED BAFFLE & REATTACHED BRACKET. REPLACED MISSING S,,,"BAFFLE, BRACKET, SCREW","REMOVED & REATTACHED , REPLACED",
101859,INTAKE GASKETS #1 & 3 LEAKING.,OK,#1 & 3,INTAKE GASKETS,LEAKING,,REMOVED & REPLACED GASKETS.,,,GASKETS,REMOVED & REPLACED,
101860,CYLINDER #4 BAFFLE PLUG TEETH ARE BROKEN.,OK,CYLINDER #4,BAFFLE PLUG TEETH,BROKEN,,REMOVED & REPLACED BAFFLE PLUG.,,,BAFFLE PLUG,REMOVED & REPLACED,
101861,"ROCKER COVER GASKETS ON CYLINDER #3, 4 LEAKING.",OK,"CYLINDER #3, 4",ROCKER COVER GASKETS,LEAKING,,REMOVED & REPLACED ROCKER COVER GASKETS.,,,ROCKER COVER GASKETS,REMOVED & REPLACED,
101862,#3 INTAKE GASKET IS LEAKING.,OK,#3,INTAKE GASKET,LEAKING,,REPLACED GASKET.,,,GASKET,REPLACED,
101863,#1 SIDE BAFFLE CRACKED.,OK,#1 SIDE,BAFFLE,CRACKED,,REPAIRED WITH RIVETED PATCH.,,,PATCH,REPAIRED,
101864,#3 & 4 ROCKER GASKETS LEAKING.,OK,#3 & 4,ROCKER GASKETS,LEAKING,,REMOVED & REPLACED ROCKER COVER GASKETS.,,,ROCKER COVER GASKETS,REMOVED & REPLACED,
101865,#4 INTAKE TUBE LEAKING.,OK,#4,INTAKE TUBE,LEAKING,,REMOVED & REPLACED INTAKE GASKET.,,,INTAKE GASKET,REMOVED & REPLACED,
101866,#3 INTAKE LEAKING ON R/H ENGINE.,OK,#3 ON R/H ENGINE,INTAKE,LEAKING,,REMOVED & REPLACED GASKET.,,,GASKET,REMOVED & REPLACED,
101867,HARDWARE MISSING ON L/H ENGINE #2 CYLINDER.,OK,L/H ENGINE #2 CYLINDER,HARDWARE,MISSING,,INSTALLED NEW HARDWARE.,,NEW,HARDWARE,INSTALLED,
101868,INTAKES 2 & 4 LEAKING ON R/H ENGINE.,OK,2 & 4 ON R/H ENGINE,INTAKES,LEAKING,,REMOVED & REPLACED #2 & 4 INTAKE GASKETS.,,,INTAKE GASKETS,REMOVED & REPLACED,
101869,MUFFLER HEAT MUFF CRACKED.,OK,MUFFLER,HEAT MUFF,CRACKED,,STOP DRILLED CRACK & REINSTALLED.,,,DRILLED CRACK,STOP & REINSTALLED,
101870,FAILS MIXTURE CHECK - NO RPM RISE.,OK,,MIXTURE,FAILS,,ADJUSTED IDLE SPEED & MIXTURE TO SPECS. OPS CHECK GOOD.,,,"IDLE SPEED & MIXTURE , OPS","ADJUSTED , CHECK",
101871,INTAKE GASKETS CYLINDER #2 & 4 LEAKING.,OK,CYLINDER #2 & 4,INTAKE GASKETS,LEAKING,,REMOVED & REPLACED INTAKE GASKETS.,,,INTAKE GASKETS,REMOVED & REPLACED,
101872,#4 INTAKE GASKET LEAKING.,OK,#4,INTAKE GASKET,LEAKING,,REMOVED & REPLACED INTAKE GASKET.,,,INTAKE GASKET,REMOVED & REPLACED,
101873,#2 INDUCTION TUBE GASKET LEAKING.,OK,#2,INDUCTION TUBE GASKET,LEAKING,,INSTALLED NEW INDUCTION TUBE GASKET.,,NEW,INDUCTION TUBE GASKET,INSTALLED,
101874,BOTH BAFFLE PLUGS BAD.,OK,BOTH,BAFFLE PLUGS,BAD,,REMOVED & REPLACED BAFFLE PLUGS.,,,BAFFLE PLUGS,REMOVED & REPLACED,
101875,#3 ROCKER COVER LEAKING.,OK,#3,ROCKER COVER,LEAKING,,REMOVED & REPLACED ROCKER COVER GASKET.,,,ROCKER COVER GASKET,REMOVED & REPLACED,
101876,ROCKER COVER GASKET FROM CYLINDER #2 LEAKING.,OK,CYLINDER #2,ROCKER COVER GASKET,LEAKING,,REMOVED & REPLACED ROCKER COVER GASKETS.,,,ROCKER COVER GASKETS,REMOVED & REPLACED,
101877,#3 INDUCTION TUBE GASKET LEAKING.,OK,#3,INDUCTION TUBE GASKET,LEAKING,,REPLACED INTAKE GASKET.,,,INTAKE GASKET,REPLACED,
101878,R/H REAR ENGINE BAFFLE MOUNTING SCREW MISSING.,OK,R/H REAR ENGINE,BAFFLE MOUNTING SCREW,MISSING,,INSTALLED NEW SCREW.,,NEW,SCREW,INSTALLED,
101879,"RAN SMOOTHLY AFTER ENGINE START LEAN PROCEDURE, THEN RAN VER",DIFFICULT,,,,,"RAN A/C & FOUND ENGINE RUNNING EXTREMELY ROUGH, INTERMI",,,"A/C, ENGINE","RAN , FOUND",ENGINE RUNNING EXTREMELY ROUGH
101880,"RAN SMOOTHLY AFTER ENGINE START LEAN PROCEDURE, THEN RAN VER",DIFFICULT,,,,,"INSTALLED NEW GASKETS & SEALS, AS WELL AS, #2 CYLINDER VALVE",,NEW,"GASKETS, SEALS, VALVE",INSTALLED,
101881,"RAN SMOOTHLY AFTER ENGINE START LEAN PROCEDURE, THEN RAN VER",DIFFICULT,,,,,"REMOVED INJECTOR NOZZLES, CLEANED & REINSTALLED. PERFOR",,,INJECTOR NOZZLES,"REMOVED, CLEANED & REINSTALLED",
101882,#3 AFT BAFFLE CRACKED.,OK,#3 AFT,BAFFLE,CRACKED,,STOP DRILLED CRACK.,,,DRILLED CRACK,STOP,
101883,#2 & 3 INTAKE GASKETS LEAKING.,OK,#2 & 3,INTAKE GASKETS,LEAKING,,REPLACED GASKETS.,,,GASKETS,REPLACED,
101884,R/H & L/H VALVE COVERS LEAKING.,OK,R/H & L/H,VALVE COVERS,LEAKING,,"INSTALLED ALL NEW VALVE COVERS, BOTH ENGINES.",,NEW,VALVE COVERS,INSTALLED,
101885,L/H ENGINE OIL COOLER TO ENGINE LIFTING EYE BRACKET BROKEN.,OK,L/H ENGINE,OIL COOLER TO ENGINE LIFTING EYE BRACKET,BROKEN,,INSTALLED SERVICEABLE BRACKET.,,SERVICEABLE,BRACKET,INSTALLED,
101886,R/H ENGINE LIFTING EYE BOLT LEAKING OIL.,OK,R/H ENGINE,LIFTING EYE BOLT,LEAKING,,"REMOVED BOLT, CLEAN & SEALANT APPLIED. REASSEMBLED.",,,"BOLT, SEALANT","REMOVED, CLEAN & APPLIED, REASSEMBLED",
101887,#2 INTAKE LEAKING.,OK,#2,INTAKE,LEAKING,,REMOVED & REPLACED INTAKE GASKET.,,,INTAKE GASKET,REMOVED & REPLACED,
101888,R/H ENGINE #4 CYLINDER BAFFLE BRACE NEEDS TO BE REMOVED FOR CAN O,OK,R/H ENGINE #4 CYLINDER,BAFFLE BRACE,NEED PROBLEM,,INSTALLED NEW BRACE.,,NEW,BRACE,INSTALLED,
101889,R/H ENGINE #4 CYLINDER BAFFLE BRACE NEEDS TO BE REMOVED FOR CAN O,OK,R/H ENGINE #4 CYLINDER,BAFFLE BRACE,NEED PROBLEM,,REMOVED BRACE AS SERVICEABLE. PART ON ORDER.,,,BRACE,REMOVED,
101890,AUTO RELIGHT DEFERRED.,DIFFICULT,,,,,SEE,,,,,
101891,LEFT ENGINE WOULD NOT START. ATTEMPTED NORMAL & FLOODED.,OK,LEFT ENGINE,,WOULD NOT START,,"PERFORMED NORMAL ENGINE START, NO DISCREPANCY NOTED. L/",,,ENGINE,START,
101892,L/H BAFFLE PLUG DAMAGED.,OK,L/H,BAFFLE PLUG,DAMAGED,,INSTALLED NEW PLUG.,,NEW,PLUG,INSTALLED,
101893,CYLINDER #2 BAFFLE SCREW IS MISSING.,OK,CYLINDER #2,BAFFLE SCREW,MISSING,,INSTALLED NEW SCREW.,,NEW,SCREW,INSTALLED,
101894,ENGINE HESITATION/ROUGHNESS 30 SEC AFTER TAKEOFF. NO FURTHER,OK,ENGINE,,HESITATION/ROUGHNESS,,"RAN A/C, DID NOT NOTICE ANY ROUGHNESS OR HESTITATION.",,,A/C,RAN,
101895,ALL VALVE COVERS LEAKING.,OK,ALL,VALVE COVERS,LEAKING,,INSTALLED ALL NEW VALVE COVER GASKETS.,,NEW,VALVE COVER GASKETS,INSTALLED,
101896,#2 & 4 INTAKES LEAKING.,OK,#2 & 4,INTAKES,LEAKING,,REMOVED & REPLACED INTAKE GASKETS.,,,INTAKE GASKETS,REMOVED & REPLACED,
101897,CYLINDER #2 & 3 ROCKER COVERS ARE LEAKING.,OK,CYLINDER #2 & 3,ROCKER COVERS,LEAKING,,INSTALLED NEW ROCKER COVER GASKETS.,,NEW,ROCKER COVER GASKETS,INSTALLED,
101898,#3 INDUCTION TUBE GASKET LEAKING.,OK,#3,INDUCTION TUBE GASKET,LEAKING,,INSTALLED NEW #3 INDUCTION TUBE GASKET.,,NEW,INDUCTION TUBE GASKET,INSTALLED,
101899,#2 & 4 INTAKE GASKETS ARE LEAKING.,OK,#2 & 4,INTAKE GASKETS,LEAKING,,REMOVED & REPLACED GASKETS WITH NEW.,,NEW,GASKETS,REMOVED & REPLACED,
101900,"LEAKING INTAKE GASKET, CYLINDER #2.",OK,CYLINDER #2,INTAKE GASKET,LEAKING,,REMOVED & REPLACED INTAKE GASKET.,,,INTAKE GASKET,REMOVED & REPLACED,
101901,"LEAKING ROCKER COVER GASKET, CYLINDER #4.",OK,CYLINDER #4,ROCKER COVER GASKET,LEAKING,,REMOVED & REPLACED ROCKER COVER GASKET.,,,ROCKER COVER GASKET,REMOVED & REPLACED,
101902,ENGINE RPM OF 2720.,OK,ENGINE,,RPM,,"C/W LYCOMING , LESS THAN 5% REQUIREMENTS. NO FUR",,,LYCOMING,CHECKED/WITNESSED,
101903,CYLINDER #3 ROCKER COVER GASKET IS LEAKING.,OK,CYLINDER #3,ROCKER COVER GASKET,LEAKING,,REMOVED & REPLACED CYLINDER #3 ROCKER COVER GASKET.,,,ROCKER COVER GASKET,REMOVED & REPLACED,
101904,CRANKSHAFT SEAL APPEARS TO BE LEAKING.,OK,,CRANKSHAFT SEAL,LEAKING,,"REMOVED COWL, LEAK CHECK GOOD. REINSTALLED COWL.",,,"COWL, LEAK","REMOVED & REINSTALLED , CHECK",
101905,CRANKSHAFT SEAL APPEARS TO BE LEAKING.,OK,,CRANKSHAFT SEAL,LEAKING,,REMOVED SAFETY WIRE FROM PROP BOLTS. CLEANED AREA. RAN,,,"SAFETY WIRE, PROP BOLTS, AREA, A/C","REMOVED, CLEANED, RAN",
101906,CRANKSHAFT SEAL APPEARS TO BE LEAKING.,OK,,CRANKSHAFT SEAL,LEAKING,,REMOVED PROP. FOUND CRANKSHAFT SEAL TO BE LEAKING. REMO,,,"PROP, CRANKSHAFT SEAL","REMOVED, REMOVED",
101907,CYLINDER #2 & 4 INTAKE GASKETS LEAKING.,OK,CYLINDER #2 & 4,INTAKE GASKETS,LEAKING,,REMOVED & REPLACED INTAKE GASKETS.,,,INTAKE GASKETS,REMOVED & REPLACED,
101908,"CYLINDER #3 AFT BAFFLE SCREW IS TIGHT, BUT BAFFLE IS LOOSE.",OK,CYLINDER #3 AFT,"BAFFLE SCREW, BAFFLE","TIGHT, LOOSE",,"REMOVED OIL FILLER TUBE, REMOVED SCREW. TAPPED HOLE & C",,,"OIL FILLER TUBE & SCREW , HOLE","REMOVED, TAPPED",
101909,CYLINDER #4 INTAKE GASKET LEAKING.,OK,CYLINDER #4,INTAKE GASKET,LEAKING,,REMOVED & REPLACED CYLINDER #4 INTAKE GASKET.,,,INTAKE GASKET,REMOVED & REPLACED,
101910,"ROCKER COVER GASKETS LEAKING, CYLINDER #2 & 3.",OK,CYLINDER #2 & 3,ROCKER COVER GASKETS,LEAKING,,REMOVED & REPLACED ROCKER COVER GASKETS.,,,ROCKER COVER GASKETS,REMOVED & REPLACED,
101911,#4 INTAKE LEAKING.,OK,#4,INTAKE,LEAKING,,REMOVED & REPLACED #4 INTAKE GASKET.,,,INTAKE GASKET,REMOVED & REPLACED,
101912,#2 & 4 INTAKES LEAKING.,OK,#2 & 4,INTAKES,LEAKING,,REMOVED & REPLACED INTAKE GASKETS.,,,INTAKE GASKETS,REMOVED & REPLACED,
101913,ENGINE BAFFLE PLUGS BAD.,OK,ENGINE,BAFFLE PLUGS,BAD,,INSTALLED NEW BAFFLE PLUGS.,,NEW,BAFFLE PLUGS,INSTALLED,
101914,R/H REAR ENGINE BAFFLE MOUNT SCREW LOOSE.,OK,R/H REAR ENGINE,BAFFLE MOUNT SCREW,LOOSE,,RETIGHTENED SCREW.,,,SCREW,RETIGHTENED,
101915,L/H BAFFLE TIE BROKEN.,OK,L/H,BAFFLE TIE,BROKEN,,INSTALLED NEW BAFFLE TIE.,,NEW,BAFFLE TIE,INSTALLED,
101916,"CYLINDER #2, 3 ROCKER COVER GASKETS LEAKING.",OK,"CYLINDER #2, 3",ROCKER COVER GASKETS,LEAKING,,REMOVED & REPLACED ROCKER COVER GASKETS.,,,ROCKER COVER GASKETS,REMOVED & REPLACED,
101917,CENTER AFT ENGINE BAFFLE CRACKED.,OK,CENTER AFT ENGINE,BAFFLE,CRACKED,,"REMOVED BAFFLE, DRILLED OUT RIVETS & REMOVED CRACKED PO",,,"BAFFLE, RIVETS, CRACK","REMOVED , DRILLED OUT & REMOVED",
101918,#4 INTAKE GASKET LEAKING.,OK,#4,INTAKE GASKET,LEAKING,,REPLACED GASKET.,,,GASKET,REPLACED,
101919,#2 INTAKE GASKET IS LEAKING.,OK,#2,INTAKE GASKET,LEAKING,,REPLACED GASKET.,,,GASKET,REPLACED,
101920,#2 CYLINDER COMPERSSION READING LOW.,OK,#2 CYLINDER,,COMPRESSION,,"STAKED INTAKE VALVE, COMPRESSION NOW 76/80.",,,"INTAKE VALVE, COMPRESSION","STAKED, NOW",
101921,"#1, 2 & 4 INTAKES LEAKING.",OK,"#1, 2 & 4",INTAKES,LEAKING,,REMOVED & REPLACED INTAKE GASKETS.,,,INTAKE GASKETS,REMOVED & REPLACED,
101922,#4 INTAKE GASKET LEAKING.,OK,#4,INTAKE GASKET,LEAKING,,REPLACED GASKET.,,,GASKET,REPLACED,
101923,#2 & 4 CYLINDER ROCKER COVER SCREWS ARE LOOSE.,OK,#2 & 4 CYLINDER,ROCKER COVER SCREWS,LOOSE,,TIGHTENED SCREWS.,,,SCREWS,TIGHTENED,
101924,L/H BAFFLE PLUG HOLE IS ELONGATED.,OK,L/H,BAFFLE PLUG HOLE,ELONGATED,,INSTALLED BAFFLE PLUG DOUBLER.,,,BAFFLE PLUG DOUBLER,INSTALLED,
101925,CYLINDER #2 INTAKE GASKET IS LEAKING.,OK,CYLINDER #2,INTAKE GASKET,LEAKING,,INSTALLED NEW GASKET ON #2 INTAKE FLANGE.,,NEW,GASKET,INSTALLED,
101926,CYLINDER #3 ROCKER COVER GASKET LEAKING.,OK,CYLINDER #3,ROCKER COVER GASKET,LEAKING,,REMOVED & REPLACED ROCKER COVER GASKET.,,,ROCKER COVER GASKET,REMOVED & REPLACED,
101927,#2 & 4 ROCKER COVER GASKETS ARE LEAKING.,OK,#2 & 4,ROCKER COVER GASKETS,LEAKING,,REMOVED & REPLACED GASKETS.,,,GASKETS,REMOVED & REPLACED,
101928,#2 CYLINDER INTAKE LEAKS.,OK,#2 CYLINDER,INTAKE,LEAKS,,REPLACED GASKET.,,,GASKET,REPLACED,
101929,#1 CYLINDER HAS LOW COMPRESSION.,OK,#1 CYLINDER,,COMPRESSION,,LEAK CHECK GOOD.,,,LEAK,CHECK,
101930,#1 CYLINDER HAS LOW COMPRESSION.,OK,#1 CYLINDER,,COMPRESSION,,SERVICED WITH MINERAL OIL.,,,MINERAL OIL,SERVICED,
101931,"INTAKE 2, 3 & 4 LEAKING.",OK,"2, 3 & 4",INTAKE,LEAKING,,REMOVED & REPLACED INTAKE GASKETS.,,,INTAKE GASKETS,REMOVED & REPLACED,
101932,ENGINE BAFFLE PLUGS DAMAGED.,OK,ENGINE,BAFFLE PLUGS,DAMAGED,,REMOVED & REPLACED BOTH ENGINE BAFFLE PLUGS.,,,BAFFLE PLUGS,REMOVED & REPLACED,
101933,#1 CYLINDER HAS LOW COMPRESSION.,OK,#1 CYLINDER,,COMPRESSION,,BORESCOPED ENGINE & FOUND EXHAUST VALVE BURNED.,,,"ENGINE, EXHAUST VALVE",BORESCOPED & FOUND,EXHAUST VALVE BURNED
101934,#1 CYLINDER HAS LOW COMPRESSION.,OK,#1 CYLINDER,,COMPRESSION,,REMOVED CYLINDER #1. REMOVED PISTON. INSTALLED NEW PISTON. I,,NEW,"CYLINDER, PISTON, PISTON","REMOVED, REMOVED, INSTALLED",
101935,#1 CYLINDER HAS LOW COMPRESSION.,OK,#1 CYLINDER,,COMPRESSION,,"REMOVED AIR INTAKE PIPE. REMOVED EXHAUST, REMOVED #1 RO",,,"AIR INTAKE PIPE, EXHAUST, RO",REMOVED,
101936,CYLINDER #1 & 3 SIDE BAFFLE IS CRACKED.,OK,CYLINDER #1 & 3 SIDE ,BAFFLE,CRACKED,,"FABRICATED PATCH OF LIKE MATERIAL, INSTALLED USING EXIS",,LIKE MATERIAL,PATCH,FABRICATED & INSTALLED,
101937,CYLINDER #2 EXHAUST TUBE ELBOW TOP BOLT NEEDS TO BE RECOTTER PINN,OK,"CYLINDER #2, TOP ",EXHAUST TUBE ELBOW BOLT,NEED PROBLEM,,REMOVED & REPLACED LOOSE COTTER PIN.,,,COTTER PIN,REMOVED & REPLACED,
101938,CYLINDER #1 ROCKER COVER GASKET LEAKING.,OK,CYLINDER #1,ROCKER COVER GASKET,LEAKING,,REPLACED ROCKER COVER GASKET.,,,ROCKER COVER GASKET,REPLACED,
101939,"ROCKER COVER GASKETS, CYLINDER #2 & 4, LEAKING.",OK,CYLINDER #2 & 4,ROCKER COVER GASKETS,LEAKING,,REMOVED & REPLACED ROCKER COVER GASKETS.,,,ROCKER COVER GASKETS,REMOVED & REPLACED,
101940,AFT BAFFLE SUPPORT CYLINDER #3 HAS SHEARED RIVET.,OK,AFT BAFFLE SUPPORT CYLINDER #3,BAFFLE RIVET,SHEARED,,"REMOVED BAFFLE, INSTALLED NEW RIVETS, REINSTALLED BAFFL",,NEW,"BAFFLE,RIVETS,BAFFL","REMOVED,INSTALLED,REINSTALLED",
101941,"BAFFLING CRACKED, R/H ENGINE BY #4 CYLINDER.",OK,R/H ENGINE BY #4 CYLINDER,BAFFLING,CRACKED,,STOP DRILLED CRACKED BAFFLE.,,,BAFFLE,STOP DRILLED,
101942,CYLINDER #3 ROCKER COVER GASKET LEAKING.,OK,CYLINDER #3,ROCKER COVER GASKET,LEAKING,,INSTALLED NEW GASKET.,,NEW,GASKET,INSTALLED,
101943,L/H COOLING BAFFLE CONNECTING ROD BROKEN.,OK,L/H,COOLING BAFFLE CONNECTING ROD,BROKEN,,INSTALLED NEW CONNECTING ROD ON COOLING BAFFLE.,,NEW,CONNECTING ROD,INSTALLED,
101944,R/H CYLINDER COOLING BAFFLE CONTACTING OIL RETURN LINE.,OK,R/H CYLINDER,COOLING BAFFLE,CONTACTING,,"TIGHTENED BAFFLE CONNECTING ROD, NO DAMAGE TO OIL RETUR",,,"BAFFLE CONNECTING ROD, OIL RETURN",TIGHTENED,
101945,CYLINDER #2 INTAKE GASKET LEAKING.,OK,CYLINDER #2,INTAKE GASKET,LEAKING,,REMOVED & REPLACED INTAKE GASKET.,,,INTAKE GASKET,REMOVED & REPLACED,
101946,"CYLINDER #2, 4 ROCKER COVER GASKETS LEAKING.",OK,"CYLINDER #2, 4",ROCKER COVER GASKETS,LEAKING,,REMOVED & REPLACED ROCKER COVER GASKETS.,,,ROCKER COVER GASKETS,REMOVED & REPLACED,
101947,FORWARD CENTER ENGINE BAFFLE CRACKED.,OK,FORWARD CENTER ENGINE,BAFFLE,CRACKED,,"REMOVED DAMAGED BAFFLE SECTION, FABRICATED NEW SECTION",,NEW,BAFFLE SECTION,"REMOVED, FABRICATED",
101948,"CYLINDER #2, 3 & 4 ROCKER COVER GASKETS LEAKING.",OK,"CYLINDER #2, 3 & 4",ROCKER COVER GASKETS,LEAKING,,REMOVED & REPLACED ROCKER COVER GASKETS.,,,ROCKER COVER GASKETS,REMOVED & REPLACED,
101949,#2 ROCKER COVER LEAKING.,OK,#2,ROCKER COVER,LEAKING,,REPLACED ROCKER COVER GASKET.,,,ROCKER COVER GASKET,REPLACED,
101950,HARDWARE MISSING ON R/H REAR BAFFLE.,OK,R/H REAR,BAFFLE HARDWARE,MISSING,,INSTALLED NEW HARDWARE.,,NEW,HARDWARE,INSTALLED,
101951,#2 INDUCTION TUBE GASKET LEAKING.,OK,#2,INDUCTION TUBE GASKET,LEAKING,,INSTALLED NEW #2 INDUCTION TUBE GASKET.,,NEW,INDUCTION TUBE GASKET,INSTALLED,
101952,R/H BAFFLE SEAL BY PROP GOVERNOR LOOSE.,OK,R/H,BAFFLE SEAL,LOOSE,,RIVETED BAFFLE SEAL BACK ONTO BAFFLE.,,,BAFFLE SEAL,RIVETED,
101953,#2 & 4 INTAKE LEAKING.,OK,#2 & 4,INTAKE,LEAKING,,REMOVED & REPLACED INTAKE GASKETS.,,,INTAKE GASKETS,REMOVED & REPLACED,
101954,INTAKE GASKET CYLINDER #4 LEAKING.,OK,CYLINDER #4,INTAKE GASKET,LEAKING,,REMOVED & REPLACED INTAKE GASKET.,,,INTAKE GASKET,REMOVED & REPLACED,
101955,INTAKE GASKETS CYLINDER #1 & 3 LEAKING.,OK,CYLINDER #1 & 3,INTAKE GASKETS,LEAKING,,REMOVED & REPLACED INTAKE GASKETS.,,,INTAKE GASKETS,REMOVED & REPLACED,
101956,"ROCKER COVER GASKETS CYLINDER #3, 4, 1 LEAKING.",OK,"CYLINDER #3, 4, 1",ROCKER COVER GASKETS,LEAKING,,REPLACED ROCKER COVER GASKETS.,,,ROCKER COVER GASKETS,REPLACED,
101957,R/H AFT BAFFLING RIVETS SHEARED.,OK,R/H AFT,BAFFLING RIVETS,SHEARED,,"REMOVED BAFFLING, DRILLED OUT BROKEN RIVETS. REPLACED B",,,"BAFFLING, RIVETS","REMOVED, DRILLED OUT, REPLACED",
101958,#3 CYLINDER LOWER SPARK PLUG BOSS THREADS DAMAGED.,OK,#3 CYLINDER LOWER ,SPARK PLUG BOSS THREADS,DAMAGED,,"CLEANED THREADS WITH 18MM TAP, INSPECTED THREADS, THREADS",,,THREADS,CLEANED & INSPECTED,
101959,R/H BAFFLE PLUG WORN.,OK,R/H,BAFFLE PLUG,WORN,,REMOVED & REPLACED R/H BAFFLE PLUG.,,,BAFFLE PLUG,REMOVED & REPLACED,
101960,L/H FORWARD BAFFLE IS CRACKED.,OK,L/H FORWARD,BAFFLE,CRACKED,,REMOVED & REPLACED BAFFLE.,,,BAFFLE,REMOVED & REPLACED,
101961,L/H FORWARD ENGINE BAFFLE CRACKED AT CORNER.,OK,L/H FORWARD ENGINE,BAFFLE,CRACKED,,STOP DRILLED END OF CRACK.,,,DRILLED END,STOP,
101962,#2 INTAKE GASKET LEAKING.,OK,#2,INTAKE GASKET,LEAKING,,REPLACED #2 INTAKE GASKET WITH NEW.,,NEW,INTAKE GASKET,REPLACED,
101963,#4 BOTTOM ROCKER COVER SCREW WON'T TIGHTEN.,OK,#4 BOTTOM,ROCKER COVER SCREW,WON'T TIGHTEN,,CLEANED THREADS IN CYLINDER HEAD & TIGHTENED SCREW.,,,"THREADS, SCREW",CLEANED & TIGHTENED,
101964,#2 & 3 INTAKES LEAKING ON L/H ENGINE.,OK,#2 & 3 ON L/H ENGINE,INTAKES,LEAKING,,REPLACED BOTH #2 & 3 INTAKE GASKETS.,,,INTAKE GASKETS,REPLACED,
101965,#1 INTAKE TUBE DAMAGED.,OK,#1,INTAKE TUBE,DAMAGED,,CANNED CYLINDER #1 INTAKE PIPE FROM INVENTORY ITEM. REMOVED,,INVENTORY ITEM,INTAKE PIPE,"CANNED, REMOVED",
101966,#4 INTAKE LEAKING ON L/H ENGINE.,OK,#4 ON L/H ENGINE,INTAKE,LEAKING,,REMOVED & REPLACED #4 INTAKE GASKET ON L/H ENG.,,,INTAKE GASKET,REMOVED & REPLACED,
101967,"#3 INTAKE LEAKING ON L/H ENGINE, ALONG WITH #2.",OK,"#3 ON L/H ENGINE ,#2",INTAKE,LEAKING,,REMOVED & REPLACED #2 & 3 INTAKE GASKETS.,,,INTAKE GASKETS,REMOVED & REPLACED,
101968,"INTAKES 2, 3 & 4 LEAKING.",OK,"2, 3 & 4",INTAKES,LEAKING,,REMOVED & REPLACED INTAKE GASKETS.,,,INTAKE GASKETS,REMOVED & REPLACED,
101969,#2 INTAKE GASKET LEAKING.,OK,#2,INTAKE GASKET,LEAKING,,INSTALLED NEW INTAKE GASKET.,,NEW,INTAKE GASKET,INSTALLED,
101970,ROCKER COVER GASKET #1 LEAKING.,OK,#1,ROCKER COVER GASKET,LEAKING,,REMOVED & REPLACED ROCKER COVER GASKET.,,,ROCKER COVER GASKET,REMOVED & REPLACED,
101971,FORWARD LOWER ENGINE BAFFLE SEAL LOOSE.,OK,FORWARD LOWER ENGINE,BAFFLE SEAL,LOOSE,,RESECURED BAFFLE SEAL ON FORWARD ENGINE BAFFLE.,,,BAFFLE SEAL,RESECURED,
101972,#2 & 4 INTAKES ON R/H ENGINE LEAKING.,OK,#2 & 4 ON R/H ENGINE,INTAKES,LEAKING,,REPLACED INTAKE GASKETS.,,,INTAKE GASKETS,REPLACED,
101973,CYLINDER #2 INTAKE GASKET IS LEAKING.,OK,CYLINDER #2,INTAKE GASKET,LEAKING,,REMOVED & REPLACED GASKET WITH NEW.,,NEW,GASKET,REMOVED & REPLACED,
101974,R/H BAFFLE PLUG IS MISSING.,OK,R/H,BAFFLE PLUG,MISSING,,"INSTALLED NEW PLUG, UNABLE TO LOCATE EXISTING PLUG.",,NEW,PLUG,INSTALLED,
101975,LEFT & RIGHT BAFFLE PLUGS HAVE SEVERAL BROKEN FINGERS.,OK,LEFT & RIGHT,BAFFLE PLUGS FINGERS,BROKEN,,REPLACED BAFFLE PLUGS.,,,BAFFLE PLUGS,REPLACED,
101976,BAFFLE PLUG WORN.,OK,,BAFFLE PLUG,WORN,,INSTALLED NEW BAFFLE PLUG.,,NEW,BAFFLE PLUG,INSTALLED,
101977,ROCKER COVER GASKETS #2 & 3 LEAKING.,OK,#2 & 3,ROCKER COVER GASKETS,LEAKING,,REMOVED & REPLACED ROCKER GASKETS.,,,ROCKER GASKETS,REMOVED & REPLACED,
101978,L/H ENGINE BAFFLE SCREW MISSING.,OK,L/H ENGINE,BAFFLE SCREW,MISSING,,INSTALLED NEW SCREW.,,NEW,SCREW,INSTALLED,
101979,R/H ENGINE BAFFLE #2 & 4 CROSSTIE BROKEN.,OK,R/H ENGINE #2 & 4,BAFFLE CROSSTIE,BROKEN,,INSTALLED NEW BAFFLE CROSSTIE.,,NEW,BAFFLE CROSSTIE,INSTALLED,
101980,"R/H ENGINE #2, 3 & 4 ROCKER BOX COVERS LEAKING.",OK,"R/H ENGINE #2, 3 & 4",ROCKER BOX COVERS,LEAKING,,REMOVED & REPLACED ROCKER COVER GASKETS ON R/H ENGINE.,,,ROCKER COVER GASKETS,REMOVED & REPLACED,
101981,CYLINDER #3 ROCKER COVER GASKET LEAKING.,OK,CYLINDER #3,ROCKER COVER GASKET,LEAKING,,INSTALLED NEW GASKET.,,NEW,GASKET,INSTALLED,
101982,R/H AFT COOLING BAFFLING RIVETS SHEARED.,OK,R/H AFT,COOLING BAFFLING RIVETS,SHEARED,,"REMOVED AFT BAFFLE, INSTALLED NEW RIVETS. REATTACHED AF",,NEW,"AFT BAFFLE, RIVETS","REMOVED, INSTALLED & REATTACHED",
101983,CYLINDER #3 ROCKER COVER GASKET LEAKING.,OK,CYLINDER #3,ROCKER COVER GASKET,LEAKING,,REMOVED & REPLACED CYLINDER #3 ROCKER COVER GASKET.,,,ROCKER COVER GASKET,REMOVED & REPLACED,
101984,BAFFLE PLUGS HAVE BROKEN FINGERS.,OK,,BAFFLE PLUGS FINGERS,BROKEN,,REPLACED PLUGS.,,,PLUGS,REPLACED,
101985,"CYLINDER #2, 4 ROCKER COVER GASKETS LEAKING.",OK,"CYLINDER #2, 4",ROCKER COVER GASKETS,LEAKING,,REMOVED & REPLACED ROCKER COVER GASKETS.,,,ROCKER COVER GASKETS,REMOVED & REPLACED,
101986,#4 BAFFLE CRACKED IN FRONT OF OIL COOLER.,OK,#4,BAFFLE,CRACKED,,UPON FURTHER INSPECTION DETERMINED TO BE A SCRATCH.,,,SCRATCH,DETERMINED,
101987,CYLINDER #2 & 3 ROCKER COVER GASKETS LEAKING.,OK,CYLINDER #2 & 3,ROCKER COVER GASKETS,LEAKING,,REMOVED & REPLACED ROCKER COVER GASKET.,,,ROCKER COVER GASKET,REMOVED & REPLACED,
101988,#4 INTAKE LEAKING ON R/H ENGINE.,OK,#4 ON R/H ENGINE,INTAKE,LEAKING,,REMOVED & REPLACED INTAKE GASKET.,,,INTAKE GASKET,REMOVED & REPLACED,
101989,#2 & 4 INTAKES LEAKING ON L/H ENGINE.,OK,#2 & 4 ON L/H ENGINE,INTAKES,LEAKING,,REMOVED & REPLACED INTAKE GASKETS.,,,INTAKE GASKETS,REMOVED & REPLACED,
101990,#2 ROCKER COVER LEAKING ON R/H ENGINE.,OK,#2 ON R/H ENGINE,ROCKER COVER,LEAKING,,INSTALLED NEW ROCKER BOX COVER GASKET.,,NEW,ROCKER BOX COVER GASKET,INSTALLED,
101991,#3 ROCKER COVER LEAKING ON L/H ENGINE.,OK,#3 ON L/H ENGINE,ROCKER COVER,LEAKING,,REMOVED & REPLACED ROCKER COVER GASKET.,,,ROCKER COVER GASKET,REMOVED & REPLACED,
101992,R/H PROP SHAFT SEAL SEEPING.,OK,R/H,PROP SHAFT SEAL,SEEPING,,"RAN, LEAK CHECK OK.",,,"ENGINE, LEAK","RAN, CHECK",
101993,R/H PROP SHAFT SEAL SEEPING.,OK,R/H,PROP SHAFT SEAL,SEEPING,,INSTALLED NEW SEAL & GASKET. TORQUED & SAFETIED REATINE,,NEW,"SEAL, GASKET, RETAINE","INSTALLED, TORQUED & SAFETIED",
101994,CYLINDER #3 ROCKER COVER GASKET LEAKING.,OK,CYLINDER #3,ROCKER COVER GASKET,LEAKING,,REMOVED & REPLACED ROCKER COVER GASKET.,,,ROCKER COVER GASKET,REMOVED & REPLACED,
101995,CYLINDER #2 INTAKE GASKET LEAKING.,OK,CYLINDER #2,INTAKE GASKET,LEAKING,,REMOVED & REPLACED INTAKE GASKET.,,,INTAKE GASKET,REMOVED & REPLACED,
101996,L/H BAFFLE PLUG MISSING TEETH.,OK,L/H,BAFFLE PLUG TEETH,MISSING,,INSTALLED NEW PLUG.,,NEW,PLUG,INSTALLED,
101997,#2 & 4 INTAKE GASKETS ARE LEAKING.,OK,#2 & 4,INTAKE GASKETS,LEAKING,,REPLACED GASKETS.,,,GASKETS,REPLACED,
101998,#3 ROCKER COVER GASKET LEAKING.,OK,#3,ROCKER COVER GASKET,LEAKING,,REMOVED & REPLACED ROCKER COVER GASKET.,,,ROCKER COVER GASKET,REMOVED & REPLACED,
101999,CYLINDER #1 INTAKE GASKET IS ELAKING.,OK,CYLINDER #1,INTAKE GASKET,LEAKING,,REMOVED & REPLACED GASKET WITH NEW.,,NEW,GASKET,REMOVED & REPLACED,
102000,L/H I/B BAFFLE SPRING IS BROKEN.,OK,L/H I/B,BAFFLE SPRING,BROKEN,,REMOVED & REPLACED SPRING WITH NEW.,,NEW,SPRING,REMOVED & REPLACED,
102001,CYLINDER #1 ROCKER COVER GASKET LEAKING.,OK,CYLINDER #1,ROCKER COVER GASKET,LEAKING,,REMOVED & REPLACED GASKET WITH NEW.,,NEW,GASKET,REMOVED & REPLACED,
102002,ENGINE FAILURE WHILE HOLDING SHORT. THROTTLE WAS IDLE.,OK,ENGINE,,FAILURE,,"RAN A/C. MAG, IDLE RPM & IDLE MIXTURE CHECK GOOD. INSPECTE",,,"A/C, MAG, RPM, MIXTURE","RAN, CHECK",
102003,CYLINDER #4 INTAKE GASKET IS LEAKING.,OK,CYLINDER #4,INTAKE GASKET,LEAKING,,REMOVED & REPLACED GASKET WITH NEW.,,NEW,GASKET,REMOVED & REPLACED,
102004,CYLINDER #4 HAS LOW COMPRESSION.,OK,CYLINDER #4,,COMPRESSION,,"RECHECKED COMPRESSIONS AFTER POST RUN, OPS CHECK GOOD.",,,COMPRESSION,RECHECKED CHECK,
102005,#2 INTAKE GASKET LEAKS.,OK,#2,INTAKE GASKET,LEAKS,,REMOVED & REPLACED INTAKE GASKET.,,,INTAKE GASKET,REMOVED & REPLACED,
102006,#2 ROCKER COVER LEAKS.,OK,#2,ROCKER COVER,LEAKS,,REMOVED & REPLACED ROCKER COVER GASKET.,,,ROCKER COVER GASKET,REMOVED & REPLACED,
102007,#4 INTAKE LEAKING.,OK,#4,INTAKE,LEAKING,,REPLACED GASKET.,,,GASKET,REPLACED,
102008,ALL ROCKER COVERS HAVE LOOSE SCREWS.,OK,ALL,ROCKER COVERS SCREWS,LOOSE,,TIGHTENED ALL SCREWS.,,,SCREWS,TIGHTENED,
102009,RIVET SHEARED @ R/H AFT BAFFLE.,OK,R/H AFT,BAFFLE RIVET,SHEARED,,REMOVED & REPLACED SHEARED RIVET.,,,RIVET,REMOVED & REPLACED,
102010,RIVET SHEARED @ R/H AFT BAFFLE.,OK,R/H AFT,BAFFLE RIVET,SHEARED,,"REPLACED UPPER BAFFLE MATERIAL RIVET, INSTALLED NEW SCR",,NEW,"BAFFLE MATERIAL RIVET, SCR","REPLACED, INSTALLED",
102011,"ROCKER COVERS 2, 3 & 4 LEAKING.",OK,"2, 3 & 4",ROCKER COVERS,LEAKING,,"REMOVED ROCKER COVERS, CLEANED MATING SURFACES, INSTALL",,,"ROCKER COVERS, MATING SURFACES","REMOVED, CLEANED, INSTALL",
102012,#4 INTAKE GASKET LEAKING.,OK,#4,INTAKE GASKET,LEAKING,,REMOVED & REPLACED INTAKE GASKET.,,,INTAKE GASKET,REMOVED & REPLACED,
102013,L/H #3 ROCKER COVER LEAKING.,OK,L/H #3,ROCKER COVER,LEAKING,,FOR CORRECTIVE ACTION.,,,,DIFFICULT,
102014,#2 ENGINE LEFT REAR BAFFLE CRACKED @ INTER-CYLINDER CONNECT,OK,#2 ENGINE LEFT REAR,BAFFLE,CRACKED,,INSTALLED SHEET METAL DOUBLER & STOP DRILLED.,,,"SHEET METAL DOUBLER, DRILLED",INSTALLED & STOP,
102015,#2 ROCKER GASKET IS LEAKING.,OK,#2,ROCKER GASKET,LEAKING,,REPLACED GASKET.,,,GASKET,REPLACED,
102016,#1 & 3 BAFFLE TIE WIRE LOOSE.,OK,#1 & 3,BAFFLE TIE WIRE,LOOSE,,RESECURED TIE WIRE.,,,TIE WIRE,RESECURED,
102017,#2 & 4 INTAKE GASKETS ARE LEAKING.,OK,#2 & 4,INTAKE GASKETS,LEAKING,,REPLACED GASKETS.,,,GASKETS,REPLACED,
102018,BOLT MISSING CONNECTING UPPER ENDS OF #3 & 4 AFT BAFFLES.,OK,UPPER ENDS OF #3 & 4 AFT,BAFFLES BOLT,MISSING,,"INSTALLED NEW BOLT, WASHER & NUT.",,NEW,"BOLT, WASHER & NUT",INSTALLED,
102019,R/H REAR ENGINE BAFFLE MOUNTING SCREW LOOSE.,OK,R/H REAR ENGINE,BAFFLE MOUNTING SCREW,LOOSE,,TIGHTENED SCREW.,,,SCREW,TIGHTENED,
102020,CRACKED FRONT UPPER R/H SIDE ENGINE BAFFLE ON #1 CYL.,OK,FRONT UPPER R/H SIDE ENGINE #1 CYL,BAFFLE,CRACKED,,"REMOVED OLD CRACKED PATCH, RIVETED NEW PATCH ON BAFFLE",,NEW,"PATCH, PATCH, BAFFLE","REMOVED, RIVETED",
102021,#4 ROCKER GASKET IS LEAKING.,OK,#4,ROCKER GASKET,LEAKING,,REPLACED ROCKER GASKET.,,,ROCKER GASKET,REPLACED,
102022,"ON APPROACH, ENGINE ROUGHNESS ABOUT 7 - 10 SECS. ADJUSTED MI",OK,ENGINE,,ROUGHNESS,,"PERFORMED GROUND RUN, ALL SYSTEMS OPS CHECK GOOD.",,,SYSTEMS OPS,"GROUND RUN , CHECK",
102023,"ON APPROACH, ENGINE ROUGHNESS ABOUT 7 - 10 SECS. ADJUSTED MI",OK,ENGINE,,ROUGHNESS,,"INSPECTED ENGINE, FOUND CYLINDER #2 INTAKE LEAK. REMOVED & R",,,"ENGINE , INTAKE","INSPECTED, FOUND & REMOVED & R",CYLINDER #2 INTAKE LEA
102024,"PERFORMING GROUND REF MAN, THROTTLE WAS AT 1600 RPM, THROTTL",DIFFICULT,,,,,"RAN A/C, ENGINE RAN VERY ROUGH. #2 & 3 EGT'S WERE MUCH",,,"A/C, ENGINE, EGT",RAN,
102025,"PERFORMING GROUND REF MAN, THROTTLE WAS AT 1600 RPM, THROTTL",DIFFICULT,,,,,"INSPECTED, FOUND EXHAUST VALVE CONTACTED PISTON. BEGAN",,,,,
102026,"PERFORMING GROUND REF MAN, THROTTLE WAS AT 1600 RPM, THROTTL",DIFFICULT,,,,,"REAMED EXHAUST VALVE GUIDES ON #1, 2 & 4 CYLINDERS IAW",,,EXHAUST VALVE GUIDES,REAMED,
102027,"PERFORMING GROUND REF MAN, THROTTLE WAS AT 1600 RPM, THROTTL",DIFFICULT,,,,,"RAN ENGINE, OPS & LEAK CHECK GOOD. INSTALLED COWL & ""MINER",,,"ENGINE, OPS & LEAK , COWL","RAN, CHECK, INSTALLED",
102028,"PERFORMING GROUND REF MAN, THROTTLE WAS AT 1600 RPM, THROTTL",DIFFICULT,,,,,INSTALLED BAFFLES. DIRECT DRIVE OVERH,,,BAFFLES,INSTALLED,
102029,"PERFORMING GROUND REF MAN, THROTTLE WAS AT 1600 RPM, THROTTL",DIFFICULT,,,,,REMOVED #3 AFT CYLINDER ASS & INSTALLED REPAIRED CYLINDER ASSEMBLY KI,,REPAIRED,CYLINDER ASS,REMOVED & INSTALLED,
102030,ENGINE COWL DZUS FASTENERS NEED RETAINERS.,OK,ENGINE COWL,DZUS FASTENERS,NEED PROBLEM,,INSTALLED FASTENERS.,,,FASTENERS,INSTALLED,
102031,"R/H ENGINE SHUT DOWN ON LANDING, WAS ABLE TO RESTART & TAXI",OK,R/H ENGINE,,SHUT DOWN,,"RAN UP ENGINE, ADJUSTED MIXTURE & IDLE, OPS CHECK GOOD.",,,"ENGINE, MIXTURE &IDLE , OPS","RAN , ADJUSTED , CHECK",
102032,#2 INTAKE ON R/H ENGINE LEAKING.,OK,#2 ON R/H ENGINE,INTAKE,LEAKING,,REMOVED & REPLACED INTAKE GASKET.,,,INTAKE GASKET,REMOVED & REPLACED,
102033,R/H ENGINE #3 ROCKER COVER LEAKING.,OK,R/H ENGINE #3,ROCKER COVER,LEAKING,,REMOVED & REPLACED ROCKER COVER GASKET.,,,ROCKER COVER GASKET,REMOVED & REPLACED,
102034,#2 & 4 ROCKER COVER ON R/H ENGINE LEAKING.,OK,#2 & 4 ON R/H ENGINE,ROCKER COVER,LEAKING,,REMOVED & REPLACED ROCKER COVER GASKETS.,,,ROCKER COVER GASKETS,REMOVED & REPLACED,
102035,L/H ENGINE #3 ROCKER COVER LEAKING.,OK,L/H ENGINE #3,ROCKER COVER,LEAKING,,REMOVED & REPLACED ROCKER COVER GASKET ON L/H ENGINE #3.,,,ROCKER COVER GASKET,REMOVED & REPLACED,
102036,ENGINE STARTED & SEEMED TO BE RUNNING FINE. SUDDENLY ENGINE,DIFFICULT,,,,,GROUND RUN CHECKS GOOD.,,,,GROUND RUN,
102037,ENGINE STARTED & SEEMED TO BE RUNNING FINE. SUDDENLY ENGINE,DIFFICULT,,,,,REMOVED ALL 4 INJECTOR NOZZLES. ULTRASONICALLY CLEANED,,,INJECTOR NOZZLES,REMOVED & CLEANED,
102038,ENGINE STARTED & SEEMED TO BE RUNNING FINE. SUDDENLY ENGINE,DIFFICULT,,,,,TIMED BOTH MAGS TO ENGINE & TORQUED HOLD DOWNS. GROUND,,,"MAGS, ENGINE",TIMED & TORQUED,
102039,ENGINE STARTED & SEEMED TO BE RUNNING FINE. SUDDENLY ENGINE,DIFFICULT,,,,,GROUND RAN A/C & FOUND NO ROUGH ENGINE. CHECK MAGNETOS TIMIN,,,"A/C, MAGNETOS TIMIN","GROUND RAN , CHECK",
102040,R/H ENGINE #3 CYLINDER INTAKE GASKET IS LEAKING.,OK,R/H ENGINE #3 CYLINDER,INTAKE GASKET,LEAKING,,REMOVED & REPLACED GASKET.,,,GASKET,REMOVED & REPLACED,
102041,R/H ENGINE #4 CYLINDER INTAKE GASKET IS LEAKING.,OK,R/H ENGINE #4 CYLINDER,INTAKE GASKET,LEAKING,,REMOVED & REPLACED GASKET.,,,GASKET,REMOVED & REPLACED,
102042,#4 CYLINDER SIDE BAFFLE ON L/H ENGINE IS MISSING A BOLT.,OK,#4 CYLINDER SIDE ON L/H ENGINE,BAFFLE BOLT,MISSING,,INSTALLED NEW BOLT.,,NEW,BOLT,INSTALLED,
102043,"L/H ENG, R/H FORWARD BAFFLE SEAL IS LOOSE.",OK,"L/H ENG, R/H FORWARD",BAFFLE SEAL,LOOSE,,REMOVED & REPLACED BAFFLE SEAL WITH NEW.,,NEW,BAFFLE SEAL,REMOVED & REPLACED,
102044,L/H ENGINE #1 CYLINDER INTAKE LEAKS.,OK,L/H ENGINE #1 CYLINDER,INTAKE,LEAKS,,REPLACED GASKET.,,,GASKET,REPLACED,
102045,L/H ENGINE #3 CYLINDER COMPRESSION IS LOW.,OK,L/H ENGINE #3 CYLINDER,,COMPRESSION,,RUN UP LEAK CHECK GOOD.,,,LEAK,CHECK,
102046,L/H ENGINE #3 CYLINDER COMPRESSION IS LOW.,OK,L/H ENGINE #3 CYLINDER,,COMPRESSION,,"COMPLETED INSTALL OF #3 CYL, LINES & BAFFLES.",,,"#3 CYL, LINES & BAFFLES",COMPLETED INSTALL,
102047,L/H ENGINE #3 CYLINDER COMPRESSION IS LOW.,OK,L/H ENGINE #3 CYLINDER,,COMPRESSION,,ATTEMPTED STAKING VALVES - COMPRESSION STILL 35/80.,,,"VALVES, COMPRESSION","ATTEMPTED STAKING, STILL",
102048,L/H ENGINE #3 CYLINDER COMPRESSION IS LOW.,OK,L/H ENGINE #3 CYLINDER,,COMPRESSION,,REMOVED BAFFLES & LINES. REMOVED #3 CYL. INSTALLED REPA,,REPA,"BAFFLES & LINES, #3 CYL","REMOVED, REMOVED, INSTALLED",
102049,"R/H ENGINE #1 CYLINDER INTAKE GASKET LEAKING, ALONG WITH #2 & 4.",OK,R/H ENGINE #1 CYLINDER & #2 & 4,INTAKE GASKET,LEAKING,,REMOVED & REPLACED R/H INTAKE GASKETS.,,,INTAKE GASKETS,REMOVED & REPLACED,
102050,#2 & 4 ROCKER COVERS LEAKING ON L/H ENGINE.,OK,#2 & 4 ON L/H ENGINE,ROCKER COVERS,LEAKING,,REMOVED & REPLACED ROCKER COVER GASKETS ON L/H ENG.,,,ROCKER COVER GASKETS,REMOVED & REPLACED,
102051,ALL 4 VALVE COVERS LEAKING ON R/H ENGINE.,OK,ALL 4 ON R/H ENGINE,VALVE COVERS,LEAKING,,REMOVED & REPLACED ALL 4 ROCKER COVER GASKETS ON R/H EN,,,ROCKER COVER GASKETS,REMOVED & REPLACED,
102052,LEFT BAFFLE PLUG IS WORN.,OK,LEFT,BAFFLE PLUG,WORN,,REPLACED PLUG.,,,PLUG,REPLACED,
102053,CRACK ON OIL COOLER FLANGE.,OK,OIL COOLER,OIL COOLER FLANGE,CRACK,,STOP DRILLED CRACK.,,,DRILLED CRACK,STOP,
102054,INTAKES 1 & 3 LEAKING.,OK,1 & 3,INTAKES,LEAKING,,REMOVED & REPLACED INTAKE GASKET.,,,INTAKE GASKET,REMOVED & REPLACED,
102055,CYLINDER #4 ROCKER COVER GASKET IS LEAKING.,OK,CYLINDER #4,ROCKER COVER GASKET,LEAKING,,TIGHTENED SCREWS.,,,SCREWS,TIGHTENED,
102056,CYLINDER #1 & 3 BOTTOM BAFFLE IS CRACKED @ TIE ROD.,OK,CYLINDER #1 & 3 BOTTOM,BAFFLE,CRACKED,,FABRICATED PATCH OF LIKE MATERIAL & INSTALLED IAW,,LIKE MATERIAL,PATCH,FABRICATED & INSTALLED,
102057,#3 CYLINDER ROCKER BOX COVER SCREW MISSING.,OK,#3 CYLINDER,ROCKER BOX COVER SCREW,MISSING,,"INSTALLED NEW SCREW, CHECK & TIGHTENED ALL ROCKER BOX C",,NEW,"SCREW, ROCKER BOX","INSTALLED, CHECK & TIGHTENED",
102058,#4 INTAKE LEAKING @ OIL SUMP.,OK,#4 @ OIL SUMP,INTAKE,LEAKING,,SWAGED TUBE.,,,TUBE,SWAGED,
102059,#4 INTAKE LEAKING @ OIL SUMP.,OK,#4 @ OIL SUMP,INTAKE,LEAKING,,LEAK CHECK GOOD.,,,LEAK,CHECK,
102060,CYLINDER #2 INTAKE GASKET IS LEAKING.,OK,CYLINDER #2,INTAKE GASKET,LEAKING,,REMOVED & REPLACED INTAKE GASKET WITH NEW.,,NEW,INTAKE GASKET,REMOVED & REPLACED,
102061,INTAKE GASKET CYLINDER #2 LEAKING.,OK,CYLINDER #2,INTAKE GASKET,LEAKING,,REMOVED & REPLACED INTAKE GASKET.,,,INTAKE GASKET,REMOVED & REPLACED,
102062,ROCKER COVER GASKETS CYLINDER #2 & 4 LEAKING.,OK,CYLINDER #2 & 4,ROCKER COVER GASKETS,LEAKING,,REMOVED & REPLACED ROCKER COVER GASKETS.,,,ROCKER COVER GASKETS,REMOVED & REPLACED,
102063,AFT ENGINE BAFFLE WORN FROM RUBBING.,OK,AFT ENGINE,BAFFLE,WORN,,REPOSITIONED LEFT BAFFLE TO CLEAR FROM ENGINE CASING. D,,,BAFFLE,REPOSITIONED,
102064,#1 CYLINDER BAFFLE NOT BEHIND CYLINDER NUT - INCORRECT INSTALL.,OK,#1 CYLINDER,BAFFLE,INCORRECT INSTALL,,PUT IN PROPER POSITION.,,,POSITION,PUT IN,
102065,#2 ROCKER COVER LEAKING.,OK,#2,ROCKER COVER,LEAKING,,REMOVED & REPLACED ROCKER COVER GASKET.,,,ROCKER COVER GASKET,REMOVED & REPLACED,
102066,L/H ENGINE #3 INTAKE IS LEAKING.,OK,L/H ENGINE #3,INTAKE,LEAKING,,REPLACED INTAKE GASKET.,,,INTAKE GASKET,REPLACED,
102067,R/H ENGINE #3 INTAKE IS LEAKING.,OK,R/H ENGINE #3,INTAKE,LEAKING,,REPLACED INTAKE GASKET.,,,INTAKE GASKET,REPLACED,
102068,L/H ENGINE #3 ROCKER COVER IS LEAKING.,OK,L/H ENGINE #3,ROCKER COVER,LEAKING,,REPLACED ROCKER COVER GASKET.,,,ROCKER COVER GASKET,REPLACED,
102069,SCREW MISSING IN #3 SIDE BAFFLE.,OK,#3 SIDE,BAFFLE SCREW,MISSING,,REPLACED SCREW.,,,SCREW,REPLACED,
102070,#3 ROCKER COVER GASKET LEAKING.,OK,#3,ROCKER COVER GASKET,LEAKING,,REMOVED & REPLACED ROCKER COVER GASKET.,,,ROCKER COVER GASKET,REMOVED & REPLACED,
102071,#2 ROCKER COVER LEAKING.,OK,#2,ROCKER COVER,LEAKING,,REMOVED & REPLACED ROCKER COVER GASKET.,,,ROCKER COVER GASKET,REMOVED & REPLACED,
102072,"COOLING BAFFLE ATTACHMENT BRACKET, BEHIND OIL FILL TUBE, IS",DIFFICULT,,,,,FINISHED BAFFLE INSTALL.,,,BAFFLE,FINISHED INSTALL,
102073,ENGINE COOLING BAFFLE SEAL LOOSE ON TOP L/H SIDE.,OK,TOP L/H SIDE,COOLING BAFFLE SEAL,LOOSE,,REATTACHED BAFFLE SEAL ON TOP L/H SIDE.,,,BAFFLE SEAL,REATTACHED,
102074,"COOLING BAFFLE ATTACHMENT BRACKET, BEHIND OIL FILL TUBE, IS",DIFFICULT,,,,,INSTALLED NEW BRACKET & STARTED REINSTALLING BAFFLE.,,NEW,"BRACKET, BAFFLE",INSTALLED & STARTED REINSTALLING,
102075,#1 ROCKER GASKET SEEPING.,OK,#1,ROCKER GASKET,SEEPING,,INSTALLED FRESH GASKET.,,FRESH,GASKET,INSTALLED,
102076,CYLINDER #4 ROCKER COVER GASKET LEAKING.,OK,CYLINDER #4,ROCKER COVER GASKET,LEAKING,,REMOVED & REPLACED ROCKER COVER GASKET.,,,ROCKER COVER GASKET,REMOVED & REPLACED,
102077,#1 INTAKE GASKET TORN.,OK,#1,INTAKE GASKET,TORN,,REMOVED & REPLACED #1 INTAKE GASKET.,,,INTAKE GASKET,REMOVED & REPLACED,
102078,#1 & 3 ROCKER GASKETS LEAKING.,OK,#1 & 3,ROCKER GASKETS,LEAKING,,REMOVED & REPLACED ROCKER COVER GASKETS.,,,ROCKER COVER GASKETS,REMOVED & REPLACED,
102079,#4 ROCKER GASKET LEAKING.,OK,#4,ROCKER GASKET,LEAKING,,REPLACED ROCKER COVER GASKET.,,,ROCKER COVER GASKET,REPLACED,
102080,#3 PUSH ROD SEALS LEAKING.,OK,#3,PUSH ROD SEALS,LEAKING,,"REPLACED SEALS, LEAK CHECK GOOD.",,,"SEALS, LEAK","REPLACED, CHECK",
102081,#2 INTAKE IS LEAKING.,OK,#2,INTAKE,LEAKING,,REMOVED & REPLACED GASKET.,,,GASKET,REMOVED & REPLACED,
102082,#4 ROCKER COVER IS LEAKING.,OK,#4,ROCKER COVER,LEAKING,,REMOVED & REPLACED GASKET.,,,GASKET,REMOVED & REPLACED,
102083,#1 INTAKE IS LEAKING AT OIL SUMP.,OK,#1,INTAKE,LEAKING,,"CLEANED, REMOVED TUBE (UPPER) & RESWAGED LOWER TUBE IN",,,TUBE,"CLEANED, REMOVED & RESWAGED",
102084,#4 INTAKE GASKET LEAKING.,OK,#4,INTAKE GASKET,LEAKING,,REMOVED & REPLACED INTAKE GASKET.,,,INTAKE GASKET,REMOVED & REPLACED,
102085,#4 ROCKER COVER GASKET LEAKING.,OK,#4,ROCKER COVER GASKET,LEAKING,,REMOVED & REPLACED ROCKER COVER GASKET.,,,ROCKER COVER GASKET,REMOVED & REPLACED,
102086,#2 ROCKER COVER GASKET SEEPING.,OK,#2,ROCKER COVER GASKET,SEEPING,,INSTALLED NEW ROCKER COVER GASKET.,,NEW,ROCKER COVER GASKET,INSTALLED,
102087,"ROCKER COVER GASKET, ON CYLINDER #3, LEAKING.",OK,CYLINDER #3,ROCKER COVER GASKET,LEAKING,,REMOVED & REPLACED ROCKER COVER GASKET.,,,ROCKER COVER GASKET,REMOVED & REPLACED,
102088,CYLINDER #2 INTAKE GASKET LEAKING.,OK,CYLINDER #2,INTAKE GASKET,LEAKING,,REMOVED & REPLACED INTAKE GASKET.,,,INTAKE GASKET,REMOVED & REPLACED,
102089,THROTTLE LINKAGE @ SERVO IS SLOPPY.,OK,SERVO,THROTTLE LINKAGE,SLOPPY,,REPLACED THROTTLE LINKAGE ARM.,,,THROTTLE LINKAGE ARM,REPLACED,
102090,CYLINDER #1 & 3 SIDE BAFFLE BOLT IS LOOSE.,OK,CYLINDER #1 & 3 SIDE,BAFFLE BOLT,LOOSE,,TIGHTENED LOOSE BOLT & RESAFETIED.,,,BOLT,TIGHTENED & RESAFETIED,
102091,ENGINE AFT R/H GROUND STRAP NEEDS TO BE SECURED.,OK,ENGINE AFT R/H,GROUND STRAP,NEED PROBLEM,,SECURED ENGINE GROUND STRAP.,,,GROUND STRAP,SECURED,
102092,CYLINDER #1 & 3 BOTTOM BAFFLE IS CRACKED.,OK,CYLINDER #1 & 3 BOTTOM,BAFFLE,CRACKED,,"STOP DRILLED CRACK, FABRICATED PATCH OF LIKE MATERIAL &",,LIKE MATERIAL,"DRILLED CRACK , PATCH","STOP , FABRICATED",
102093,R/H ENGINE #2 & 4 SIDE BAFFLE SEALS ARE TORN.,OK,R/H ENGINE #2 & 4 SIDE,BAFFLE SEALS,TORN,,INSTALLED FRESH BAFFLE SEAL.,,FRESH,BAFFLE SEAL,INSTALLED,
102094,R/H ENGINE #2 & 4 INTAKE GASKETS ARE LEAKING.,OK,R/H ENGINE #2 & 4,INTAKE GASKETS,LEAKING,,"REMOVED & REPLACED INTAKE GASKETS, R/H ENG.",,,INTAKE GASKETS,REMOVED & REPLACED,
102095,"#2 & 4 INTAKE GASKETS ARE LEAKING, L/H ENG.",OK,#2 & 4,INTAKE GASKETS,LEAKING,,"REMOVED & REPLACED INTAKE GASKETS, L/H ENG.",,,INTAKE GASKETS,REMOVED & REPLACED,
102096,"#2, 3 & 4 ROCKER GASKETS ARE LEAKING, L/H ENG.",OK,"#2, 3 & 4 L/H ENG",ROCKER GASKETS,LEAKING,,"REMOVED & REPLACED ROCKER GASKETS, L/H ENG.",,,ROCKER GASKETS,REMOVED & REPLACED,
102097,R/H ENGINE #2 & 3 ROCKER GASKETS ARE LEAKING.,OK,R/H ENGINE #2 & 3,ROCKER GASKETS,LEAKING,,"REMOVED & REPLACED ROCKER COVER GASKETS, R/H ENG.",,,"ROCKER COVER GASKETS, ENGINE",REMOVED & REPLACED,
102098,SCREW BEHIND OIL FILLER TUBE LOOSE.,OK,BEHIND OIL FILLER TUBE,SCREW,LOOSE,,LEAK CHECK OK.,,,LEAK,CHECK,
102099,SCREW BEHIND OIL FILLER TUBE LOOSE.,OK,BEHIND OIL FILLER TUBE,SCREW,LOOSE,,"REMOVED OIL FILLER TUBE, TOP OIL COOLER LINE, SECURED S",,,"OIL FILLER TUBE, TOP OIL COOLER LINE, SCREW","REMOVED, REMOVED, SECURED",
102100,SPARK PLUG CAP LOOSE ON #3 BOTTOM SPARK PLUG.,OK,#3 BOTTOM SPARK PLUG,SPARK PLUG CAP,LOOSE,,TIGHTENED CAP ON #3 BOTTOM SPARK PLUG.,,,CAP,TIGHTENED,
102101,L/H ENGINE #3 & 4 INTAKES ARE LEAKING.,OK,L/H ENGINE #3 & 4,INTAKES,LEAKING,,REMOVED & REPLACED GASKETS.,,,GASKETS,REMOVED & REPLACED,
102102,L/H ENGINE #3 & 4 ROCKER COVERS ARE LEAKING.,OK,L/H ENGINE #3 & 4,ROCKER COVERS,LEAKING,,REMOVED & REPLACED GASKETS.,,,GASKETS,REMOVED & REPLACED,
102103,"R/H ENGINE CYLINDER #2, 3, 4 INTAKE GASKETS LEAKING.",OK,"R/H ENGINE CYLINDER #2, 3, 4",INTAKE GASKETS,LEAKING,,REMOVED & REPLACED R/H ENGINE INTAKE GASKETS.,,,INTAKE GASKETS,REMOVED & REPLACED,
102104,TOOL ON TOP OF ENGINE BETWEEN CYLINDERS,DIFFICULT,,,,,REMOVED TOOL,,,TOOL,REMOVED,
102105,#3 CYLINDER BAFFLE IS MISSING SCREW ON BRACKET.,OK,#3 CYLINDER,BAFFLE SCREW,MISSING,,INSTALLED NEW SCREW.,,NEW,SCREW,INSTALLED,
102106,CYLINDER #2 ROCKER COVER GASKET DAMAGED.,OK,CYLINDER #2,ROCKER COVER GASKET,DAMAGED,,REMOVED & REPLACED ROCKER COVER GASKET.,,,ROCKER COVER GASKET,REMOVED & REPLACED,
102107,#2 INTAKE LEAKING.,OK,#2,INTAKE,LEAKING,,REPLACED #2 INTAKE GASKET.,,,INTAKE GASKET,REPLACED,
102108,L/H ENGINE #3 BAFFLE (AFT) SEAL LOOSE.,OK,L/H ENGINE #3 (AFT),BAFFLE SEAL,LOOSE,,"SECURED #3 BAFFLE SEAL, L/H.",,,BAFFLE SEAL,SECURED,
102109,#2 & 4 SIDE BAFFLE SEALS TORN ON R/H ENGINE.,OK,#2 & 4 SIDE ON R/H ENGINE,BAFFLE SEALS,TORN,,REPAIRED #2 & 4 BAFFLE SEALS ON R/H SIDE.,,,BAFFLE SEALS,REPAIRED,
102110,#1 INDUCTION TUBE GASKET LEAKING.,OK,#1,INDUCTION TUBE GASKET,LEAKING,,REPLACED INTAKE GASKET.,,,INTAKE GASKET,REPLACED,
102111,BOTH L/H & R/H BAFFLE PLUGS WORN.,OK,BOTH L/H & R/H,BAFFLE PLUGS,WORN,,INSTALLED NEW BAFFLE PLUGS.,,NEW,BAFFLE PLUGS,INSTALLED,
102112,BROKEN ANCHOR ASSEMBLY ON #1 CYL.,OK,#1 CYL,ANCHOR ASSEMBLY,BROKEN,,REMOVED & REPLACED ANCHOR ASSEMBLY ON #1 CYL.,,,ANCHOR ASSEMBLY,REMOVED & REPLACED,
102113,#2 CYLINDER FORWARD BAFFLE CRACKED.,OK,#2 CYLINDER FORWARD,BAFFLE,CRACKED,,"DISASSEMBLED AS REQUIRED, DETERMINED BAFFLE WAS PREVIOU",,,BAFFLE,DISASSEMBLED,
102114,CYLINDER #2 INTAKE GASKET LEAKING.,OK,CYLINDER #2,INTAKE GASKET,LEAKING,,REMOVED & REPLACED GASKET WITH NEW.,,NEW,GASKET,REMOVED & REPLACED,
102115,#2 & 3 ROCKER GASKETS LEAKING.,OK,#2 & 3,ROCKER GASKETS,LEAKING,,REMOVED & REPLACED ROCKER GASKETS.,,,ROCKER GASKETS,REMOVED & REPLACED,
102116,#3 & 4 INTAKE GASKETS ARE LEAKING.,OK,#3 & 4,INTAKE GASKETS,LEAKING,,REMOVED & REPLACED INTAKE GASKETS.,,,INTAKE GASKETS,REMOVED & REPLACED,
102117,R/H ENGINE #2 STACK BROKEN OFF.,OK,R/H ENGINE #2,STACK,BROKEN,,REMOVED & REPLACED STACK.,,,STACK,REMOVED & REPLACED,
102118,INTAKE GASKET #4 IS LEAKING.,OK,#4,INTAKE GASKET,LEAKING,,INSTALLED NEW INTAKE GASKET.,,NEW,INTAKE GASKET,INSTALLED,
102119,#2 & 4 ROCKER COVER GASKETS LEAKING.,OK,#2 & 4,ROCKER COVER GASKETS,LEAKING,,REMOVED & REPLACED ROCKER COVER GASKETS.,,,ROCKER COVER GASKETS,REMOVED & REPLACED,
102120,"SCREW MISSING ON ENGINE COOLING BAFFLE, R/H SIDE NEXT TO OIL",OK,"ENGINE, R/H SIDE NEXT TO OIL",COOLING BAFFLE SCREW,MISSING,,INSTALLED NEW SCREW.,,NEW,SCREW,INSTALLED,
102121,"DURING HIGH SPEED ROLL, A/C HAD STRONG VIBRATION.",OK,A/C,,VIBRATION,,"RAN & TAXIED A/C. PERFORMED COMPRESSION CK. CLEANED, GA",,,"A/C, COMPRESSION","RAN & TAXIED, CK, CLEANED",
102122,#2 & 3 INTAKE GASKETS LEAKING.,OK,#2 & 3,INTAKE GASKETS,LEAKING,,"REPLACED GASKETS, LEAK CHECK GOOD.",,,"GASKETS, LEAK","REPLACED, CHECK",
102123,"AFTER 20"" MANIFOLD PRESSURE, APPLIED FULL THROTTLE, STARTED",DIFFICULT,,,,,"WARMED UP BOTH ENGINES, OPS CHECK BOTH ENGINES NOTING N",,,"ENGINES ,OPS ","WARMED UP , CHECK",
102124,#2 INTAKE LEAKING.,OK,#2,INTAKE,LEAKING,,REMOVED & REPLACED #2 INTAKE GASKET.,,,INTAKE GASKET,REMOVED & REPLACED,
102125,#4 & 2 INDUCTION TUBE GASKET LEAKING.,OK,#4 & 2,INDUCTION TUBE GASKET,LEAKING,,REMOVED & REPLACED INTAKES.,,,INTAKES,REMOVED & REPLACED,
102126,"CYLINDER #2, 3, 4 INTAKE GASKETS LEAKING.",OK,"CYLINDER #2, 3, 4",INTAKE GASKETS,LEAKING,,REMOVED & REPLACED INTAKE GASKETS.,,,INTAKE GASKETS,REMOVED & REPLACED,
102127,"CYLINDER #2, 3, 4 ROCKER COVER GASKETS LEAKING.",OK,"CYLINDER #2, 3, 4",ROCKER COVER GASKETS,LEAKING,,REMOVED & REPLACED ROCKER COVER GASKETS.,,,ROCKER COVER GASKETS,REMOVED & REPLACED,
102128,CYLINDER #4 INTAKE GASKET IS LEAKING.,OK,CYLINDER #4,INTAKE GASKET,LEAKING,,REMOVED & REPLACED GASKET.,,,GASKET,REMOVED & REPLACED,
102129,CYLINDER #1 WIRING HARNESS SUPPORT BRACKET IS BROKEN.,OK,CYLINDER #1,WIRING HARNESS SUPPORT BRACKET,BROKEN,,REMOVED & REPLACED STAND OFF.,,,STAND OFF,REMOVED & REPLACED,
102130,AIR INDUCTION ELBOW TO SERVO BOOT IS WEEPING FUEL.,OK,AIR INDUCTION ELBOW TO SERVO BOOT,FUEL,WEEPING,,"REMOVED, DISASSEMBLED, CLEANED & INSPECTED BOOT, NO DEF",,,BOOT,"REMOVED, DISASSEMBLED, CLEANED & INSPECTED",
102131,#3 CYLINDER ROCKER GASKET SEEPING.,OK,#3 CYLINDER,ROCKER GASKET,SEEPING,,INSTALLED FRESH GASKET.,,FRESH,GASKET,INSTALLED,
102132,#2 INTAKE GASKET LEAKING.,OK,#2,INTAKE GASKET,LEAKING,,REMOVED & REPLACED INTAKE GASKET.,,,INTAKE GASKET,REMOVED & REPLACED,
102133,"#1, 3 & 4 ROCKER COVERS LEAKING.",OK,"#1, 3 & 4",ROCKER COVERS,LEAKING,,REMOVED & REPLACED ROCKER COVER GASKETS.,,,ROCKER COVER GASKETS,REMOVED & REPLACED,
102134,#2 INTAKE LEAKING.,OK,#2,INTAKE,LEAKING,,REMOVED & REPLACED INTAKE GASKET.,,,INTAKE GASKET,REMOVED & REPLACED,
102135,#2 INDUCTION TUBE GASKET LEAKING.,OK,#2,INDUCTION TUBE GASKET,LEAKING,,INSTALLED NEW INDUCTION TUBE GASKET.,,NEW,INDUCTION TUBE GASKET,INSTALLED,
102136,#2 INTAKE LEAKING.,OK,#2,INTAKE,LEAKING,,REPLACED GASKET.,,,GASKET,REPLACED,
102137,2 BAFFLE PLUGS NEEDS TO BE REPLACED.,OK,2,BAFFLE PLUGS,NEED PROBLEM,,REPLACED PLUGS.,,,PLUGS,REPLACED,
102138,#2 SIDE BAFFLE SEAL STAPLES LOOSE.,OK,#2 SIDE,BAFFLE SEAL STAPLES,LOOSE,,TIGHTENED/RECRIMPED STAPLES.,,,STAPLES,TIGHTENED & RECRIMPED,
102139,#2 & 4 ROCKER GASKETS LEAKING.,OK,#2 & 4,ROCKER GASKETS,LEAKING,,REMOVED & REPLACED ROCKER COVER GASKETS. LEAK CHECK GOOD.,,,"ROCKER COVER GASKETS, LEAK","REMOVED & REPLACED, CHECK",
102140,ENGINE COULD NOT START.,OK,ENGINE,,COULD NOT START,,STARTED BOTH ENGINES USING NORMAL PROCEDURES.,,,ENGINES,STARTED,
102141,#3 INTAKE LEAKING.,OK,#3,INTAKE,LEAKING,,REMOVED & REPLACED INTAKE GASKET.,,,INTAKE GASKET,REMOVED & REPLACED,
102142,#3 ROCKER COVER LEAKING.,OK,#3,ROCKER COVER,LEAKING,,REMOVED & REPLACED ROCKER COVER GASKET.,,,ROCKER COVER GASKET,REMOVED & REPLACED,
102143,#4 CYLINDER COMPRESSION 15/80.,OK,#4 CYLINDER,,COMPRESSION,,"RAN A/C, OPS & LEAK CHECK GOOD.",,,"A/C, OPS & LEAK","RAN , CHECK",
102144,#4 CYLINDER COMPRESSION 15/80.,OK,#4 CYLINDER,,COMPRESSION,,SERVICED WITH 8 QTS MINERAL OIL.,,,OIL,SERVICED,
102145,#4 CYLINDER COMPRESSION 15/80.,OK,#4 CYLINDER,,COMPRESSION,,"DISCONNECTED #4 CYLINDER FUEL & OIL LINES, INTAKE, EXHAUST S",,,"FUEL & OIL LINES, INTAKE, EXHAUST",DISCONNECTED,
102146,#4 CYLINDER COMPRESSION 15/80.,OK,#4 CYLINDER,,COMPRESSION,,INSTALLED CYLINDER #4 PUSH RODS & LIFTED ASSY. REINSTALLED C,,,PUSH RODS & ASSY,INSTALLED & LIFTED & REINSTALLED,
102147,CYLINDER #2 INTAKE GASKET LEAKING.,OK,CYLINDER #2,INTAKE GASKET,LEAKING,,REMOVED & REPLACED INTAKE GASKET.,,,INTAKE GASKET,REMOVED & REPLACED,
102148,COWL SHOCK MOUNT #7 DAMAGED.,OK,#7,COWL SHOCK MOUNT,DAMAGED,,REMOVED & REPLACED COWL SHOCK MOUNT.,,,COWL SHOCK MOUNT,REMOVED & REPLACED,
102149,R/H AFT BAFFLE BRACKET SCREW MISSING.,OK,R/H AFT,BAFFLE BRACKET SCREW,MISSING,,"REMOVED OIL FILLER TUBE, LOCATED & REINSTALLED BAFFLE S",,,"OIL FILLER TUBE, BAFFLE","REMOVED, LOCATED & REINSTALLED",
102150,MISSING SCREW ON L/H ENGINE #3 BAFFLE.,OK,L/H ENGINE #3,BAFFLE SCREW,MISSING,,REPLACED #3 BAFFLE SCREW ON L/H ENG.,,,BAFFLE SCREW,REPLACED,
102151,#3 INTAKE LEAKING ON L/H ENGINE.,OK,#3 ON L/H ENGINE,INTAKE,LEAKING,,REMOVED & REPLACED #3 INTAKE GASKET ON L/H ENGINE.,,,INTAKE GASKET,REMOVED & REPLACED,
102152,"#3 & 4 INTAKE GASKETS LEAKING, R/H ENGINE.",OK,"#3 & 4, R/H ENGINE",INTAKE GASKETS,LEAKING,,REMOVED & REPLACED R/H ENGINE INTAKE GASKETS.,,,INTAKE GASKETS,REMOVED & REPLACED,
102153,INTAKE GASKET TO CYLINDER #1 IS LEAKING.,OK,CYLINDER #1,INTAKE GASKET,LEAKING,,INSTALLED NEW INTAKE GASKET.,,NEW,INTAKE GASKET,INSTALLED,
102154,#4 INTAKE LEAKING.,OK,#4,INTAKE,LEAKING,,REMOVED & REPLACED #4 INTAKE GASKET.,,,INTAKE GASKET,REMOVED & REPLACED,
102155,#4 ROCKER COVER LEAKING.,OK,#4,ROCKER COVER,LEAKING,,REMOVED & REPLACED #4 ROCKER COVER GASKET.,,,ROCKER COVER GASKET,REMOVED & REPLACED,
102156,CYLINDER #4 ROCKER COVER GASKET IS LEAKING.,OK,CYLINDER #4,ROCKER COVER GASKET,LEAKING,,REMOVED & REPLACED GASKET WITH NEW.,,NEW,GASKET,REMOVED & REPLACED,
102157,CYLINDER #2 INTAKE GASKET IS LEAKING.,OK,CYLINDER #2,INTAKE GASKET,LEAKING,,REMOVED & REPLACED INTAKE GASKET WITH NEW.,,NEW,INTAKE GASKET,REMOVED & REPLACED,
102158,CYLINDER #4 INTAKE GASKET LEAKING.,OK,CYLINDER #4,INTAKE GASKET,LEAKING,,REMOVED & REPLACED GASKET.,,,GASKET,REMOVED & REPLACED,
102159,"INTAKE GASKET, CYLINDER #2, LEAKING.",OK,CYLINDER #2,INTAKE GASKET,LEAKING,,REMOVED & REPLACED INTAKE GASKET.,,,INTAKE GASKET,REMOVED & REPLACED,
102160,ROCKER COVER GASKET CYLINDER #3 LEAKING.,OK,CYLINDER #3,ROCKER COVER GASKET,LEAKING,,REMOVED & REPLACED ROCKER COVER GASKET.,,,ROCKER COVER GASKET,REMOVED & REPLACED,
102161,R/H AFT BAFFLE SCREW MISSING.,OK,R/H AFT,BAFFLE SCREW,MISSING,,"LOCATED & REINSTALLED SCREW. REMOVED OIL FILLER TUBE, I",,,"SCREW,OIL FILLER TUBE","LOCATED & REINSTALLED,REMOVED",
102162,"CYLINDER #2, 3, 4 ROCKER COVER GASKET LEAKING.",OK,"CYLINDER #2, 3, 4",ROCKER COVER GASKET,LEAKING,,REMOVED & REPLACED ROCKER COVER GASKET.,,,ROCKER COVER GASKET,REMOVED & REPLACED,
102163,#1 & 3 ROCKER GASKETS LEAKING.,OK,#1 & 3,ROCKER GASKETS,LEAKING,,REMOVED & REPLACED ROCKER COVER GASKETS.,,,ROCKER COVER GASKETS,REMOVED & REPLACED,
102164,AIR INLET TUBE DAMAGED.,OK,,AIR INLET TUBE,DAMAGED,,REMOVED & REPLACED AIR INLET.,,,AIR INLET,REMOVED & REPLACED,
102165,"WHILE MAKING RIGHT TURN, CLIMBING OUT - HEARD LOUD KNOCK, CO",OK,,,LOUD KNOCK,,"INSPECTED ENGINE, CABIN, M/R SYSTEM - NO DEFECTS NOTED.",,,"ENGINE, CABIN, M/R SYSTEM",INSPECTED,
102166,L/H ENGINE TAC GEN LEAKS AT SEAL.,OK,L/H ENGINE,TAC GEN SEAL,LEAKS,,REPLACED SEAL IN CARRIER.,,,SEAL,REPLACED,
102167,L/H ENGINE TAC GEN LEAKS AT SEAL.,OK,L/H ENGINE,TAC GEN SEAL,LEAKS,,"INSTALLED TACH GEN, LEAK CHECK OK.",,,"TACH GEN, LEAK","INSTALLED, CHECK",
102168,L/H ENGINE TAC GEN LEAKS AT SEAL.,OK,L/H ENGINE,TAC GEN SEAL,LEAKS,,"REMOVED TACH, CLEANED OLD GASKET. REMOVED GARLOCK SEAL",,OLD,"TACH, GASKET, GARLOCK SEAL","REMOVED, CLEANED, REMOVED",
102169,"#2, 3, & 4 INTAKES LEAKING ON L/H ENGINE.",OK,"#2, 3 & 4 ON L/H ENGINE",INTAKES,LEAKING,,INSTALLED NEW INTAKE GASKETS.,,NEW,INTAKE GASKETS,INSTALLED,
102170,"INTAKES #1, 2, 3 & 4 LEAKING ON R/H ENGINE.",OK,"#1, 2, 3 & 4 ON R/H ENGINE",INTAKES,LEAKING,,INSTALLED NEW INTAKE GASKETS.,,NEW,INTAKE GASKETS,INSTALLED,
102171,L/H O/B BAFFLE SPRING IS BROKEN.,OK,L/H O/B,BAFFLE SPRING,BROKEN,,REMOVED & REPLACED SPRING WITH NEW.,,NEW,SPRING,REMOVED & REPLACED,
102172,#1 & 2 ROCKER COVER GASKETS LEAKING.,OK,#1 & 2,ROCKER COVER GASKETS,LEAKING,,REMOVED & REPLACED ROCKER COVER GASKETS.,,,ROCKER COVER GASKETS,REMOVED & REPLACED,
102173,#3 INTAKE LEAKING.,OK,#3,INTAKE,LEAKING,,REMOVED & REPLACED INTAKE GASKET.,,,INTAKE GASKET,REMOVED & REPLACED,
102174,L/H ENGINE AFT L/H BAFFLE @ OIL COOLER CRACKED.,OK,L/H ENGINE AFT L/H,BAFFLE,CRACKED,,INSTALLED REPAIRED REAR L/H BAFFLE.,,,BAFFLE,INSTALLED & REPAIRED,
102175,INTAKES #3 & 4 LEAKING ON L/H ENGINE.,OK,#3 & 4 ON L/H ENGINE,INTAKES,LEAKING,,REMOVED & REPLACED INTAKE GASKETS. TORQUED BOLTS TO SPE,,,"INTAKE GASKETS,BOLTS","REMOVED & REPLACED,TORQUED",
102176,"L/H SIDE ENGINE #2, 3, 4 INTAKES LEAKING.",OK,"L/H SIDE ENGINE #2, 3, 4",INTAKES,LEAKING,,REPLACED GASKETS.,,,GASKETS,REPLACED,
102177,"CRACK IN FRONT ENGINE BAFFLE, L/H SIDE.",OK,FRONT ENGINE L/H SIDE,BAFFLE,CRACK,,STOP DRILLED CRACK.,,,DRILLED CRACK,STOP,
102178,"ENGINE BAFFLE SEAL TORN, BOTTOM R/H CORNER.",OK,BOTTOM R/H CORNER,BAFFLE SEAL,TORN,,REPAIRED & SECURED BAFFLE SEAL.,,,BAFFLE SEAL,REPAIRED & SECURED,
102179,"#2, 3 & 4 ROCKER COVER GASKETS LEAKING, L/H ENGINE.",OK,"#2, 3 & 4 L/H ENGINE",ROCKER COVER GASKETS,LEAKING,,REMOVED & REPLACED GASKETS.,,,GASKETS,REMOVED & REPLACED,
102180,"#1, 3 & 4 ROCKER COVER GASKETS LEAKING ON R/H ENGINE.",OK,"#1, 3 & 4 ON R/H ENGINE",ROCKER COVER GASKETS,LEAKING,,REMOVED & REPLACED GASKETS.,,,GASKETS,REMOVED & REPLACED,
102181,L/H #3 INTAKE GASKET IS LEAKING.,OK,L/H #3,INTAKE GASKET,LEAKING,,"REMOVED & REPLACED #3 INTAKE GASKET, L/H ENGINE.",,,INTAKE GASKET,REMOVED & REPLACED,
102182,R/H #2 & 3 INTAKE GASKETS LEAKING.,OK,R/H #2 & 3,INTAKE GASKETS,LEAKING,,"REMOVED & REPLACED #2 & 3 INTAKE GASKETS, R/H ENGINE.",,,INTAKE GASKETS,REMOVED & REPLACED,
102183,#3 ROCKER BOX COVER GASKET LEAKING.,OK,#3,ROCKER BOX COVER GASKET,LEAKING,,INSTALLED NEW #3 ROCKER BOX COVER GASKET.,,NEW,ROCKER BOX COVER GASKET,INSTALLED,
102184,#2 ROCKER COVER GASKET LEAKING.,OK,#2,ROCKER COVER GASKET,LEAKING,,REMOVED & REPLACED ROCKER COVER GASKET.,,,ROCKER COVER GASKET,REMOVED & REPLACED,
102185,BROKEN ANCHOR STANDBY ASSEMBLY ON #3 CYL.,OK,#3 CYL,ANCHOR STANDBY ASSEMBLY,BROKEN,,REMOVED & REPLACED ANCHOR STANDBY ASSY.,,,ANCHOR STANDBY ASSY,REMOVED & REPLACED,
102186,TOP ENGINE COOLING FAN BAFFLE PLUGS WORN OUT.,OK,TOP ENGINE,COOLING FAN BAFFLE PLUGS,WORN,,REMOVED & REPLACED BAFFLE PLUGS.,,,BAFFLE PLUGS,REMOVED & REPLACED,
102187,CYLINDER #4 INTAKE GASKET LEAKING.,OK,CYLINDER #4,INTAKE GASKET,LEAKING,,REMOVED & REPLACED INTAKE GASKET.,,,INTAKE GASKET,REMOVED & REPLACED,
102188,#3 CYLINDER ROCKER COVER GASKET LEAKING.,OK,#3 CYLINDER,ROCKER COVER GASKET,LEAKING,,REMOVED & REPLACED ROCKER COVER GASKET.,,,ROCKER COVER GASKET,REMOVED & REPLACED,
102189,"INTAKE GASKETS, CYLINDER #2 & 4, LEAKING.",OK,CYLINDER #2 & 4,INTAKE GASKETS,LEAKING,,REMOVED & REPLACED INTAKE GASKETS.,,,INTAKE GASKETS,REMOVED & REPLACED,
102190,"ROCKER COVER GASKET, CYLINDER #2 & 4, LEAKING.",OK,CYLINDER #2 & 4,ROCKER COVER GASKET,LEAKING,,REMOVED & REPLACED ROCKER COVER GASKETS.,,,ROCKER COVER GASKET,REMOVED & REPLACED,
102191,#4 INTAKE GASKET IS LEAKING.,OK,#4,INTAKE GASKET,LEAKING,,REMOVED & REPLACED GASKET WITH NEW.,,NEW,GASKET,REMOVED & REPLACED,
102192,"CYLINDER #1, 3, 4 INTAKE GASKETS LEAKING.",OK,"CYLINDER #1, 3, 4",INTAKE GASKETS,LEAKING,,REMOVED & REPLACED INTAKE GASKETS.,,,INTAKE GASKETS,REMOVED & REPLACED,
102193,BROKEN ANCHOR ASSEMBLY ON #2 CYL.,OK,#2 CYL,ANCHOR ASSEMBLY,BROKEN,,REMOVED & REPLACED ANCHOR ASSEMBLY ON #2 CYL.,,,ANCHOR ASSEMBLY,REMOVED & REPLACED,
102194,L/H ENGINE #4 SIDE BAFFLE IS MISSING A BOLT.,OK,L/H ENGINE #4 SIDE,BAFFLE BOLT,MISSING,,REPLACED MISSING BOLT.,,,BOLT,REPLACED,
102195,INTAKE #2 & 4 LEAKING ON R/H ENGINE.,OK,#2 & 4 ON R/H ENGINE,INTAKE,LEAKING,,REMOVED & REPLACED INTAKE GASKETS.,,,INTAKE GASKETS,REMOVED & REPLACED,
102196,"INTAKE 1, 2, 3 & 4 LEAKING ON L/H ENGINE.",OK,"1, 2, 3 & 4 ON L/H ENGINE",INTAKE,LEAKING,,INSTALLED NEW INTAKE GASKETS.,,NEW,INTAKE GASKETS,INSTALLED,
102197,"ROCKER COVERS 2, 3 & 4 LEAKING ON R/H ENGINE.",OK,"2, 3 & 4 ON R/H ENGINE",ROCKER COVERS,LEAKING,,REMOVED & REPLACED ROCKER COVER GASKETS.,,,ROCKER COVER GASKETS,REMOVED & REPLACED,
102198,L/H & R/H AFT #4 BAFFLES HAVE CRACKS.,OK,L/H & R/H AFT #4,BAFFLES,CRACKED,,STOP DRILLED CRACKS.,,,DRILLED CRACK,STOP,
102199,R/H #3 INTAKE IS LEAKING.,OK,R/H #3,INTAKE,LEAKING,,REMOVED & REPLACED R/H #3 INTAKE GASKET.,,,INTAKE GASKET,REMOVED & REPLACED,
102200,L/H #4 INTAKE GASKET LEAKING.,OK,L/H #4,INTAKE GASKET,LEAKING,,REMOVED & REPLACED L/H #4 INTAKE GASKET.,,,INTAKE GASKET,REMOVED & REPLACED,
102201,L/H ENGINE #1 & 3 BAFFLE TIE ROD WEARING ON INTERBAFFLE.,OK,L/H ENGINE #1 & 3,BAFFLE TIE ROD,WORN,,REPOSITIONED TIE ROD.,,,TIE ROD,REPOSITIONED,
102202,L/H #3 & 4 ROCKER COVER GASKETS LEAKING.,OK,L/H #3 & 4,ROCKER COVER GASKETS,LEAKING,,REMOVED & REPLACED L/H #3 & 4 ROCKER COVER GASKETS.,,,ROCKER COVER GASKETS,REMOVED & REPLACED,
102203,#2 CYLINDER INTAKE GASKET IS LEAKING.,OK,#2 CYLINDER,INTAKE GASKET,LEAKING,,REMOVED & REPLACED GASKET.,,,GASKET,REMOVED & REPLACED,
102204,A/C WILL NOT START.,OK,A/C,,WILL NOT START,,BROUGHT A/C IN HANGAR TO WARM UP. A/C STARTED.,,,A/C,WARM UP & STARTED,
102205,2 & 4 INTAKES LEAKING.,OK,2 & 4,INTAKES,LEAKING,,REMOVED & REPLACED BOTH INTAKE GASKETS.,,,INTAKE GASKETS,REMOVED & REPLACED,
102206,#2 ROCKER GASKET IS LEAKING.,OK,#2,ROCKER GASKET,LEAKING,,"REPLACED GASKETS, LEAK CHECK GOOD.",,,"GASKETS, LEAK","REPLACED, CHECK",
102207,SCREW LOOSE ON ENGINE BAFFLING.,OK,ENGINE,BAFFLING SCREW,LOOSE,,TIGHTENED SCREW.,,,SCREW,TIGHTENED,
102208,#1 ROCKER GASKET IS LEAKING.,OK,#1,ROCKER GASKET,LEAKING,,REPLACED ROCKER SEAL.,,,ROCKER SEAL,REPLACED,
102209,LEFT ENGINE #3 INTAKE IS LEAKING.,OK,LEFT ENGINE #3,INTAKE,LEAKING,,REMOVED & REPLACED INTAKE GASKET WITH NEW.,,NEW,INTAKE GASKET,REMOVED & REPLACED,
102210,#3 INDUCTION TUBE GASKET LEAKING.,OK,#3,INDUCTION TUBE GASKET,LEAKING,,INSTALLED NEW #3 INDUCTION TUBE GASKET.,,NEW,INDUCTION TUBE GASKET,INSTALLED,
102211,CYLINDER #3 & 4 ROCKER COVER GASKETS LEAKING.,OK,CYLINDER #3 & 4,ROCKER COVER GASKETS,LEAKING,,REMOVED & REPLACED ROCKER COVER GASKETS.,,,ROCKER COVER GASKETS,REMOVED & REPLACED,
102212,CYLINDER #1 & 2 ROCKER COVER GASKETS LEAKING.,OK,CYLINDER #1 & 2,ROCKER COVER GASKETS,LEAKING,,REMOVED & REPLACED ROCKER COVER GASKETS.,,,ROCKER COVER GASKETS,REMOVED & REPLACED,
102213,CYLINDER #3 ROCKER COVER GASKET LEAKING.,OK,CYLINDER #3,ROCKER COVER GASKET,LEAKING,,REMOVED & REPLACED ROCKER COVER GASKET.,,,ROCKER COVER GASKET,REMOVED & REPLACED,
102214,"ENGINE BAFFLE, R/H AFT NEXT TO #3 CYL, NEEDS TO BE SCREWED I",OK,"ENGINE BAFFLE, R/H AFT NEXT TO #3 CYL",BAFFLE,NEED PROBLEM,,"REMOVED OIL DIPSTICK, INSTALLED BAFFLE SCREW, REINSTALL",,,"OIL DIPSTICK, BAFFLE SCREW","REMOVED, INSTALLED, REINSTALLED",
102215,CYLINDER #1 ROCKER COVER GASKET LEAKING.,OK,CYLINDER #1,ROCKER COVER GASKET,LEAKING,,REMOVED & REPLACED CYLINDER #1 ROCKER COVER GASKET.,,,ROCKER COVER GASKET,REMOVED & REPLACED,
102216,CYLINDER #2 ROCKER COVER GASKET LEAKING.,OK,CYLINDER #2,ROCKER COVER GASKET,LEAKING,,REMOVED & REPLACED CYLINDER #2 ROCKER COVER GASKET.,,,ROCKER COVER GASKET,REMOVED & REPLACED,
102217,"OIL LEAK ON R/H ENGINE, BACK BONE CASE SEAM.",OK,"R/H ENGINE, BACK BONE CASE SEAM",OIL,LEAK,,LEAK CHECK GOOD.,,,LEAK,CHECK,
102218,"L/H ENG, L/H BAFFLE TIE ROD DAMAGED.",OK,"L/H ENG, L/H",BAFFLE TIE ROD,DAMAGED,,REPLACED TIE ROD WITH NEW.,,NEW,TIE ROD,REPLACED,
102219,L/H ENGINE #1 ROCKER BOX COVER LEAKING.,OK,L/H ENGINE #1,ROCKER BOX COVER,LEAKING,,INSTALLED NEW ROCKER BOX COVER GASKET.,,NEW,ROCKER BOX COVER GASKET,INSTALLED,
102220,"OIL LEAK ON R/H ENGINE, BACK BONE CASE SEAM.",OK,"R/H ENGINE, BACK BONE CASE SEAM",OIL,LEAK,,REMOVED LEAKING BOLT. CLEANED & SEALED. REINSTALLED BOL,,,BOLT,"REMOVED , CLEANED & SEALED, REINSTALLED",
102221,#1 INTAKE GASKET LEAKS.,OK,#1,INTAKE GASKET,LEAKS,,REMOVED & REPLACED #1 INTAKE GASKET.,,,INTAKE GASKET,REMOVED & REPLACED,
102222,R/H ENGINE LEFT SIDE AFT BAFFLE CRACKED.,OK,R/H ENGINE LEFT SIDE AFT,BAFFLE,CRACKED,,LEAK CHECK GOOD.,,,LEAK,CHECK,
102223,R/H ENGINE LEFT SIDE AFT BAFFLE CRACKED.,OK,R/H ENGINE LEFT SIDE AFT,BAFFLE,CRACKED,,DISCONNECTED OIL LINE FROM BAFFLE. REMOVED & REPLACED B,,,"OIL LINE, BAFFLE","DISCONNECTED, REMOVED & REPLACED",
102224,R/H ENGINE ALL ROCKER COVER GASKETS LEAKING.,OK,R/H ENGINE ALL,ROCKER COVER GASKETS,LEAKING,,REMOVED & REPLACED ALL R/H ENGINE ROCKER COVER GASKETS.,,,ROCKER COVER GASKETS,REMOVED & REPLACED,
102225,R/H ENGINE #2 INTAKE IS LEAKING.,OK,R/H ENGINE #2,INTAKE,LEAKING,,INSTALLED NEW #2 INTAKE GASKET.,,NEW,INTAKE GASKET,INSTALLED,
102226,L/H ENGINE #3 ROCKER COVER IS LEAKING.,OK,L/H ENGINE #3,ROCKER COVER,LEAKING,,"REPLACED GASKET, CLEANED AREA.",,,"GASKET, AREA","REPLACED, CLEANED",
102227,#4 INTAKE IS LEAKING.,OK,#4,INTAKE,LEAKING,,REMOVED & REPLACED GASKET.,,,GASKET,REMOVED & REPLACED,
102228,R/H ENGINE BAFFLE PLUG MISSING.,OK,R/H ENGINE,BAFFLE PLUG,MISSING,,INSTALLED BAFFLE PLUG HOLE DOUBLER FABRICATED FROM LIKE,,FABRICATED,BAFFLE PLUG HOLE DOUBLER,INSTALLED,
102229,CYLINDER #1 INTAKE GASKET IS LEAKING.,OK,CYLINDER #1,INTAKE GASKET,LEAKING,,REMOVED & REPLACED INTAKE GASKET.,,,INTAKE GASKET,REMOVED & REPLACED,
102230,#2 INTAKE IS LEAKING.,OK,#2,INTAKE,LEAKING,,REMOVED & REPLACED INTAKE GASKET.,,,INTAKE GASKET,REMOVED & REPLACED,
102231,L/H ENGINE BAFFLE PLUG MISSING.,OK,L/H ENGINE,BAFFLE PLUG,MISSING,,INSTALLED L/H BAFFLE PLUG DOUBLER & NEW BAFFLE PLUG.,,NEW,"BAFFLE PLUG DOUBLER, BAFFLE PLUG",INSTALLED,
102232,CYLINDER #2 ROCKER COVER GASKET LEAKING.,OK,CYLINDER #2,ROCKER COVER GASKET,LEAKING,,REMOVED & REPLACED CYLINDER #2 ROCKER COVER GASKET.,,,ROCKER COVER GASKET,REMOVED & REPLACED,
102233,COWL SHOCK MOUNT #1 TORN.,OK,#1,COWL SHOCK MOUNT,TORN,,REMOVED & REPLACED COWL SHOCK MOUNT.,,,COWL SHOCK MOUNT,REMOVED & REPLACED,
102234,"AT FULL POWER (SMOOTHLY APPLIED), ENGINES WOULD VIBRATE VIOL",OK,ENGINES,,VIBRATE,,"RAN ENGINES - PROBLEM IS ON L/H ENGINE, RUNNING RATHER",,,"ENGINES, ENGINE",RAN,
102235,"AT FULL POWER (SMOOTHLY APPLIED), ENGINES WOULD VIBRATE VIOL",OK,ENGINES,,VIBRATE,,"REMOVED L/H CARBURETOR, INSTALLED CARBURETOR",,,CARBURETOR,"REMOVED, INSTALLED",
102236,L/H ENGINE BAFFLE SCREW MISSING.,OK,L/H ENGINE,BAFFLE SCREW,MISSING,,REPLACED ENGINE BAFFLE SCREW.,,,ENGINE BAFFLE SCREW,REPLACED,
102237,#2 CYLINDER INTAKE GASKET LEAKING.,OK,#2 CYLINDER,INTAKE GASKET,LEAKING,,INSTALLED NEW INTAKE GASKET.,,NEW,INTAKE GASKET,INSTALLED,
102238,ACCESSORY PAD BEHIND ALTERNATOR HAS BRACKET INSTALLED WITH NOT,DIFFICULT,,,,,"FOUND TO BE FACTORY INSTALLED, NO FURTHER ACTION REQUIR",,,,,
102239,#4 INTAKE LEAKING ON L/H ENGINE.,OK,#4 ON L/H ENGINE,INTAKE,LEAKING,,REMOVED & REPLACED #4 INTAKE GASKET ON L/H ENGINE.,,,INTAKE GASKET,REMOVED & REPLACED,
102240,"INTAKE LEAKING ON R/H ENGINE, #3.",OK,"R/H ENGINE , #3",INTAKE,LEAKING,,REMOVED & REPLACED #3 INTAKE GASKET ON R/H ENGINE.,,,INTAKE GASKET,REMOVED & REPLACED,
102241,#3 ROCKER COVER LEAKING ON L/H ENGINE.,OK,#3 ON L/H ENGINE,ROCKER COVER,LEAKING,,REMOVED & REPLACED #3 ROCKER COVER GASKET ON L/H ENGINE,,,ROCKER COVER GASKET,REMOVED & REPLACED,
102242,#2 TO #4 CYLINDER BAFFLE TIE ROD BROKEN ON LEFT ENGINE.,OK,LEFT ENGINE #2 TO #4 CYLINDER,BAFFLE TIE ROD,BROKEN,,"REMOVED BROKEN END, RETHREADED & SECURED TIE ROD.",,,"BROKEN END,TIE ROD","REMOVED,RETHREADED & SECURED",
102243,BOLT WITH BARREL @ AFT R/H SIDE OF ENGINE MISSING.,OK,AFT R/H SIDE OF ENGINE,BOLT WITH BARREL,MISSING,,INSTALLED NEW BARREL NUT & SCREW.,,NEW,BARREL NUT & SCREW,INSTALLED,
102244,R/H ENGINE #3 CYLINDER INTAKE GASKET IS LEAKING.,OK,R/H ENGINE #3 CYLINDER,INTAKE GASKET,LEAKING,,REMOVED & REPLACED GASKET WITH NEW.,,NEW,GASKET,REMOVED & REPLACED,
102245,"BOLT MISSING ON #4 CYLINDER BAFFLE, R/H ENGINE.",OK,#4 CYLINDER BAFFLE R/H ENGINE,BAFFLE BOLT,MISSING,,REPLACED MISSING BOLT.,,,BOLT,REPLACED,
102246,"ROCKER COVERS 2, 3, 4 LEAKING ON L/H ENGINE.",OK,"2, 3, 4 ON L/H ENGINE",ROCKER COVERS,LEAKING,,REMOVED & REPLACED GASKETS.,,,GASKETS,REMOVED & REPLACED,
102247,"R/H ENGINE, R/H FORWARD BAFFLE CRACKED.",OK,"R/H ENGINE, R/H FORWARD",BAFFLE,CRACKED,,"REMOVED BAFFLE FROM ENGINE, FABRICATED PATCH FROM LIKE",,LIKE,"BAFFLE, PATCH","REMOVED, FABRICATED",
102248,"INTAKES 2, 3 & 4 LEAKING ON L/H ENGINE.",OK,"2, 3 & 4 ON L/H ENGINE",INTAKES,LEAKING,,"REMOVED & REPLACED GASKETS ON INTAKES 2, 3, 4. L/H ENGI",,,GASKETS,REMOVED & REPLACED,
102249,"INTAKES 2, 3 & 4 LEAKING ON R/H ENGINE.",OK,"2, 3 & 4 ON R/H ENGINE",INTAKES,LEAKING,,"REMOVED & REPLACED GASKETS ON INTAKES 2, 3, 4. R/H ENGI",,,GASKETS,REMOVED & REPLACED,
102250,BOTH ENGINES HAVE SCREWS BETWEEN CYLINDERS ON SIDE BAFFLES T,DIFFICULT,,,,,REMOVED SCREWS.,,,SCREWS,REMOVED,
102251,CYLINDER #2 ROCKER COVER GASKET LEAKING.,OK,CYLINDER #2,ROCKER COVER GASKET,LEAKING,,INSTALLED NEW ROCKER COVER GASKET.,,NEW,ROCKER COVER GASKET,INSTALLED,
102252,#4 CYLINDER INTAKE GASKET IS LEAKING.,OK,#4 CYLINDER,INTAKE GASKET,LEAKING,,REMOVED & REPLACED GASKET.,,,GASKET,REMOVED & REPLACED,
102253,#3 CYLINDER ROCKER COVER GASKET IS LEAKING.,OK,#3 CYLINDER,ROCKER COVER GASKET,LEAKING,,REMOVED & REPLACED GASKET.,,,GASKET,REMOVED & REPLACED,
102254,#2 ROCKER COVER GASKET IS SQUEEZED OUT.,OK,#2,ROCKER COVER GASKET,SQUEEZED OUT,,REMOVED & REPLACED GASKET.,,,GASKET,REMOVED & REPLACED,
102255,SCREW MISSING FROM R/H AFT BAFFLE.,OK,R/H AFT,BAFFLE SCREW,MISSING,,REPLACED MISSING SCREW.,,,SCREW,REPLACED,
102256,#4 ROCKER COVER LEAKING.,OK,#4,ROCKER COVER,LEAKING,,REMOVED & REPLACED #4 ROCKER GASKET.,,,ROCKER GASKET,REMOVED & REPLACED,
102257,"EXCEEDED PROP LIMITS, 2710 RPM FOR A FEW SECONDS.",OK,,PROP,EXCEEDED,,DOWNLOADED INFO & COMPLETED ACTIONS PER.,,,INFO,DOWNLOADED & COMPLETED,
102258,#3 ROCKER COVER LEAKS.,OK,#3,ROCKER COVER,LEAKS,,REMOVED & REPLACED #3 ROCKER COVER GASKET.,,,ROCKER COVER GASKET,REMOVED & REPLACED,
102259,BAFFLE TIE ROD LOOSE ON L/H SIDE OF R/H ENGINE.,OK,L/H SIDE OF R/H ENGINE,BAFFLE TIE ROD,LOOSE,,TIGHTENED TIE ROD.,,,TIE ROD,TIGHTENED,
102260,CRACK IN R/H #4 BAFFLE BRACKET.,OK,R/H #4,BAFFLE BRACKET,CRACK,,CRACK HAS BEEN PREVIOUSLY STOP DRILLED.,,,,,
102261,#4 INTAKE GASKET LEAKING ON R/H ENG.,OK,#4 ON R/H ENG,INTAKE GASKET,LEAKING,,"REMOVED & REPLACED #4 INTAKE GASKET, R/H ENGINE.",,,"INTAKE GASKET, ENGINE",REMOVED & REPLACED,
102262,#3 INTAKE GASKET LEAKING ON R/H ENGINE.,OK,#3 ON R/H ENGINE,INTAKE GASKET,LEAKING,,REMOVED & REPLACED #3 INTAKE GASKET ON R/H ENGINE.,,,INTAKE GASKET,REMOVED & REPLACED,
102263,#3 INTAKE GASKET ON L/H ENGINE IS LEAKING.,OK,#3 ON L/H ENGINE,INTAKE GASKET,LEAKING,,"REMOVED & REPLACED #3 INTAKE GASKET, L/H ENGINE.",,,INTAKE GASKET,REMOVED & REPLACED,
102264,R/H ENGINE BLEED AIR DUCT CHAFING ON COWL.,OK,R/H ENGINE,BLEED AIR DUCT,CHAFING,,"REPOSITIONED LINE, RESAFETIED.",,,LINE,REPOSITIONED & RESAFETIED,
102265,#2 INTAKE GASKET LEAKING.,OK,#2,INTAKE GASKET,LEAKING,,"REPLACED GASKET, LEAK CHECK GOOD.",,,"GASKET, LEAK","REPLACED, CHECK",
102266,#2 & 3 ROCKER COVER GASKETS LEAKING.,OK,#2 & 3,ROCKER COVER GASKETS,LEAKING,,REMOVED & REPLACED ROCKER COVER GASKETS. LEAK CHECK GOOD.,,,"ROCKER COVER GASKETS, LEAK","REMOVED & REPLACED, CHECK",
102267,#3 INTAKE GASKET LEAKING.,OK,#3,INTAKE GASKET,LEAKING,,REPLACED GASKET.,,,GASKET,REPLACED,
102268,#4 INTAKE GASKET IS LEAKING.,OK,#4,INTAKE GASKET,LEAKING,,REPLACED GASKET.,,,GASKET,REPLACED,
102269,"ROCKER COVER GASKET ON CYLINDER #3, 4 LEAKING.",OK,"CYLINDER #3, 4",ROCKER COVER GASKET,LEAKING,,REMOVED & REPLACED ROCKER COVER GASKETS.,,,ROCKER COVER GASKETS,REMOVED & REPLACED,
102270,CYLINDER #2 INTAKE LEAKING ON R/H ENGINE.,OK,CYLINDER #2 ON R/H ENGINE,INTAKE,LEAKING,,REMOVED & REPLACED INTAKE GASKET.,,,INTAKE GASKET,REMOVED & REPLACED,
102271,"LEAKING ROCKER COVER GASKETS, CYLINDER #3 & 4.",OK,CYLINDER #3 & 4,ROCKER COVER GASKETS,LEAKING,,REMOVED & REPLACED GASKETS.,,,GASKETS,REMOVED & REPLACED,
102272,"ENGINE AFT BAFFLE, NEXT TO #3 CYL, HAS SHEARED RIVETS.",OK,"ENGINE AFT, NEXT TO #3 CYL",BAFFLE RIVETS,SHEARED,,DERIVETED SHEAR RIVETS. INSTALLED SCREWS & NUTS. REINST,,,"RIVETS, SCREWS & NUTS","DERIVETED, INSTALLED, REINST",
102273,"#2, 3, 4 ROCKER GASKETS LEAKING.",OK,"#2, 3, 4",ROCKER GASKETS,LEAKING,,REMOVED & REPLACED ROCKER COVER GASKETS.,,,ROCKER COVER GASKETS,REMOVED & REPLACED,
102274,#1 ROCKER COVER GASKET LEAKS.,OK,#1,ROCKER COVER GASKET,LEAKS,,REPLACED GASKET.,,,GASKET,REPLACED,
102275,BAFFLE CRACKED BEHIND ALTERNATOR.,OK,BEHIND ALTERNATOR,BAFFLE,CRACKED,,STOP DRILLED & REMOVED EXCESS METAL FROM CRACKED AREA.,,,DRILLED,STOP & REMOVED,
102276,CYLINDER #4 & 3 ROCKER COVER GASKETS LEAKING.,OK,CYLINDER #4 & 3,ROCKER COVER GASKETS,LEAKING,,INSTALLED NEW #3 & 4 ROCKER BOX COVER GASKET.,,NEW,ROCKER BOX COVER GASKET,INSTALLED,
102277,"3, 2 & 4 INTAKES LEAKING ON L/H ENGINE.",OK,"3, 2 & 4 ON L/H ENGINE",INTAKES,LEAKING,,INSTALLED NEW INTAKE GASKETS.,,NEW,INTAKE GASKETS,INSTALLED,
102278,R/H ENGINE AFT I/B BAFFLE @ OIL COOLER CRACKED.,OK,R/H ENGINE AFT I/B,BAFFLE,CRACKED,,STOP DRILLED CRACKS IN BAFFLE.,,,DRILLED CRACK,STOP,
102279,#1 & 3 ROCKER COVERS LEAKING ON L/H ENGINE.,OK,#1 & 3 ON L/H ENGINE,ROCKER COVERS,LEAKING,,INSTALLED NEW ROCKER COVER GASKETS.,,NEW,ROCKER COVER GASKETS,INSTALLED,
102280,#1 & 3 CYLINDER SIDE BAFFLES CRACKED.,OK,#1 & 3 CYLINDER SIDE,BAFFLES,CRACKED,,FABRICATED PATCH OF LIKE MATERIAL & RIVETED IAW,,LIKE MATERIAL,PATCH,FABRICATED & RIVETED,
102281,"AFTER ENGINE START, ENGINE RAN ROUGH BUT THEN SMOKED OUT. AF",OK,ENGINE,,ROUGH,,"RAN A/C, MAGNETOS CHECKS GOOD & LEAK CHECK GOOD.",,,"A/C,MAGNETOS,LEAK","RAN,CHECK,CHECK",
102282,"AFTER ENGINE START, ENGINE RAN ROUGH BUT THEN SMOKED OUT. AF",OK,ENGINE,,ROUGH,,REMOVED BOTH MAGNETOS FOR INSPECTION. NO DEFECTS NOTED.,,,MAGNETOS,REMOVED,
102283,"AFTER ENGINE START, ENGINE RAN ROUGH BUT THEN SMOKED OUT. AF",OK,ENGINE,,ROUGH,,"INSTALLED R/H ENGINE SIDE BAFFLE, ROUTED OIL LINES & SE",,,"ENGINE SIDE BAFFLE, OIL LINES","INSTALLED, ROUTED",
102284,"AFTER ENGINE START, ENGINE RAN ROUGH BUT THEN SMOKED OUT. AF",OK,ENGINE,,ROUGH,,"INSTALLED BOTH MAGNETOS, TIMED & TORQUED TO SPECS. INST",,,MAGNETOS,"INSTALLED, TIMED & TORQUED",
102285,"ROCKER COVER GASKETS #2, 4 ARE LEAKING.",OK,"#2, 4",ROCKER COVER GASKETS,LEAKING,,REMOVED & REPLACED ROCKER COVER GASKETS.,,,ROCKER COVER GASKETS,REMOVED & REPLACED,
102286,"ON RUN UP, FAULTY MAGNETO CHECK PROCEDURES.",DIFFICULT,,,,,"RAN A/C, NO DEFECTS NOTED. MAGNETOS DROPS 100 RPM.",,,A/C,RAN,
102287,"LEAKING ROCKER COVER GASKETS, CYLINDER #3 & 4.",OK,CYLINDER #3 & 4,ROCKER COVER GASKETS,LEAKING,,REMOVED & REPLACED ROCKER COVER GASKETS.,,,ROCKER COVER GASKETS,REMOVED & REPLACED,
102288,#4 CYLINDER ROCKER COVER GASKET LEAKING.,OK,#4 CYLINDER,ROCKER COVER GASKET,LEAKING,,REMOVED & REPLACED ROCKER COVER GASKET.,,,ROCKER COVER GASKET,REMOVED & REPLACED,
102289,"#3 ROCKER COVER LEAKING, L/H.",OK,#3 L/H,ROCKER COVER,LEAKING,,LEAK CHECK GOOD.,,,LEAK,CHECK,
102290,#3 ROCKER COVER LEAKING ON R/H ENGINE.,OK,#3 ON R/H ENGINE,ROCKER COVER,LEAKING,,LEAK CHECK GOOD.,,,LEAK,CHECK,
102291,#2 & 3 INTAKES LEAKING ON L/H ENGINE.,OK,#2 & 3 ON L/H ENGINE,INTAKES,LEAKING,,REPLACED GASKETS.,,,GASKETS,REPLACED,
102292,L/H BAFFLE ROD BROKEN ON L/H ENGINE.,OK,L/H ENGINE,BAFFLE ROD,BROKEN,,REMOVED & REPLACED ROD.,,,ROD,REMOVED & REPLACED,
102293,"#3 ROCKER COVER LEAKING, L/H.",OK,#3 L/H,ROCKER COVER,LEAKING,,REMOVED & REPLACED ROCKER COVER GASKET.,,,ROCKER COVER GASKET,REMOVED & REPLACED,
102294,#2 & 3 INTAKES LEAKING ON R/H ENGINE.,OK,#2 & 3 ON R/H ENGINE,INTAKES,LEAKING,,REMOVED & REPLACED INTAKE GASKETS.,,,INTAKE GASKETS,REMOVED & REPLACED,
102295,#3 ROCKER COVER LEAKING ON R/H ENGINE.,OK,#3 ON R/H ENGINE,ROCKER COVER,LEAKING,,REMOVED & REPLACED ROCKER COVER GASKET.,,,ROCKER COVER GASKET,REMOVED & REPLACED,
102296,#2 & 3 INTAKE GASKETS LEAKING.,OK,#2 & 3,INTAKE GASKETS,LEAKING,,REMOVED & REPLACED INTAKE GASKETS. LEAK CHECK GOOD.,,,"INTAKE GASKETS, LEAK","REMOVED & REPLACED, CHECK",
102297,#2 & 4 INTAKES ARE LEAKING.,OK,#2 & 4,INTAKES,LEAKING,,REMOVED & REPLACED INTAKE GASKETS.,,,INTAKE GASKETS,REMOVED & REPLACED,
102298,#4 ROCKER COVER LEAKING.,OK,#4,ROCKER COVER,LEAKING,,REMOVED & REPLACED ROCKER COVER GASKET.,,,ROCKER COVER GASKET,REMOVED & REPLACED,
102299,"#3 & 2 ROCKER COVER GASKETS LEAK, R/H ENGINE.",OK,#3 & 2 R/H ENGINE,ROCKER COVER GASKETS,LEAK,,REMOVED & REPLACED ROCKER COVER GASKETS.,,,ROCKER COVER GASKETS,REMOVED & REPLACED,
102300,"#3 & 2 ROCKER COVER GASKETS LEAK, L/H ENGINE.",OK,L/H ENGINE #3 & 2,ROCKER COVER GASKETS,LEAK,,REMOVED & REPLACED ROCKER COVERS GASKETS.,,,ROCKER COVER GASKETS,REMOVED & REPLACED,
102301,L/H O/B BAFFLE TIE BROKEN.,OK,L/H O/B,BAFFLE TIE,BROKEN,,REMOVED & REPLACED BAFFLE TIE.,,,BAFFLE TIE,REMOVED & REPLACED,
102302,"R/H ENG, L/H BAFFLE TIE ROD IS BROKEN.",OK,"R/H ENG, L/H",BAFFLE TIE ROD,BROKEN,,REMOVED & REPLACED TIE ROD.,,,TIE ROD,REMOVED & REPLACED,
102303,R/H ENGINE #3 & 4 CYLINDER INTAKE GASKETS ARE LEAKING.,OK,R/H ENGINE #3 & 4 CYLINDER,INTAKE GASKETS,LEAKING,,REMOVED & REPLACED GASKETS.,,,GASKETS,REMOVED & REPLACED,
102304,"R/H ENGINE #4 CYLINDER AFT BAFFLE, AFT BAFFLE CORNER SUPPORT BRACKET",DIFFICULT,,,,,STOP DRILLED CRACK.,,,DRILLED CRACK,STOP,
102305,#2 & 4 INTAKE GASKETS LEAKING.,OK,#2 & 4,INTAKE GASKETS,LEAKING,,REPLACED GASKETS.,,,GASKETS,REPLACED,
102306,"OVERSPEED PROP 2700 RPM FOR 3 SECONDS, NOTICED 2760 RPM MAX.",OK,,PROP,OVERSPEED,,"REVIEWED FDM DATA, DETERMINED OVERSPEED TO BE 2778. C/W",,,FDM DATA,REVIEWED & DETERMINED,
102307,CLIMBED TO ALTITUDE & ATTEMPTED DESCENT BACK TO ALTITUDE LEA,DIFFICULT,,,,,"REVIEW OF FDM DATA SHOWED MOMENTARY RPM OF 2733.7, COMPRESSOR",,,,,
102308,R/H ENGINE #2 CYLINDER FORWARD BAFFLE IS MISSING A SCREW.,OK,R/H ENGINE #2 CYLINDER FORWARD,BAFFLE SCREW,MISSING,,INSTALLED NEW SCREW.,,NEW,SCREW,INSTALLED,
102309,R/H ENGINE #3 CYLINDER ROCKER COVER GASKET IS LEAKING.,OK,R/H ENGINE #3 CYLINDER,ROCKER COVER GASKET,LEAKING,,INSTALLED NEW GASKET.,,NEW,GASKET,INSTALLED,
102310,L/H ENGINE #3 & 4 CYLINDER INTAKE GASKETS ARE LEAKING.,OK,L/H ENGINE #3 & 4,INTAKE GASKETS,LEAKING,,INSTALLED NEW GASKETS ON #3 & 4 INTAKE PIPES.,,NEW,"GASKETS, INTAKE PIPES",INSTALLED,
102311,"L/H ENGINE #2, 3 & 4 CYLINDER ROCKER COVER GASKETS ARE LEAKING.",OK,"L/H ENGINE #2, 3 & 4 CYLINDER",ROCKER COVER GASKETS,LEAKING,,"INSTALLED NEW GASKETS ON 2, 3, 4 ROCKER COVERS.",,NEW,"GASKETS, ROCKER COVERS",INSTALLED,
102312,BAFFLE PLUGS MISSING.,OK,,BAFFLE PLUGS,MISSING,,INSTALLED NEW PLUGS.,,NEW,PLUGS,INSTALLED,
102313,CYLINDER #2 INTAKE GASKET LEAKING.,OK,CYLINDER #2,INTAKE GASKET,LEAKING,,REMOVED & REPLACED INTAKE GASKET.,,,INTAKE GASKET,REMOVED & REPLACED,
102314,ENGINE BAFFLE RUBBER SEAL INSECURE @ #2 CYLINDER.,OK,#2 CYLINDER,BAFFLE RUBBER SEAL,INSECURE,,ATTACHED/SECURED BAFFLE RUBBER SEAL.,,,BAFFLE RUBBER SEAL,ATTACHED/SECURED,
102315,CYLINDER #2 INTAKE GASKET IS LEAKING.,OK,CYLINDER #2,INTAKE GASKET,LEAKING,,REMOVED & REPLACED GASKET WITH NEW.,,NEW,GASKET,REMOVED & REPLACED,
102316,ENGINE AFT BAFFLE CYLINDER #3 AREA HAS SHEARED RIVETS ON SUPPORT,OK,ENGINE AFT CYLINDER #3 AREA,BAFFLE SUPPORT RIVETS,SHEARED,,"REMOVED SHEARED RIVETS, INSTALLED SCREWS & NUTS ON SUPP",,,"RIVETS, SCREWS & NUTS","REMOVED, INSTALLED",
102317,R/H & L/H SIDE OF FRONT BAFFLE SEAL TORN.,OK,R/H & L/H SIDE OF FRONT,BAFFLE SEAL,TORN,,SECURED R/H & L/H BAFFLE SEAL.,,,BAFFLE SEAL,SECURED,
102318,#1 CYLINDER SIDE BAFFLE IS CRACKED.,OK,#1 CYLINDER SIDE,BAFFLE,CRACKED,,STOP DRILLED CRACK.,,,DRILLED CRACK,STOP,
102319,#4 INTAKE GASKET TUBE IS LEAKING AT SUMP.,OK,#4,INTAKE GASKET TUBE,LEAKING,,ORDERED NEW INTAKE TUBE @ SUMP.,,NEW,INTAKE TUBE,ORDERED,
102320,#4 INTAKE GASKET TUBE IS LEAKING AT SUMP.,OK,#4,INTAKE GASKET TUBE,LEAKING,,RESWAGED TUBE & REINSTALLED WITH NEW GASKET. LEAK CHECK &,,NEW GASKET,"TUBE , LEAK","RESWAGED & REINSTALLED, CHECK",
102321,#1 ROCKER COVER LEAKING.,OK,#1,ROCKER COVER,LEAKING,,REMOVED & REPLACED ROCKER COVER GASKET.,,,ROCKER COVER GASKET,REMOVED & REPLACED,
102322,R/H AFT BAFFLE PLUG BAD.,OK,R/H AFT,BAFFLE PLUG,BAD,,REMOVED & REPLACED R/H AFT BAFFLE PLUG.,,,BAFFLE PLUG,REMOVED & REPLACED,
102323,"LEFT AFT BAFFLE SCREW LOOSE, BY #4 ROCKER COVER.",OK,LEFT AFT,BAFFLE SCREW,LOOSE,,TIGHTENED SCREW.,,,SCREW,TIGHTENED,
102324,"CRACK IN ENGINE COOLING BAFFLE, AROUND LANDING LIGHT WIRE SE",OK,ENGINE,COOLING BAFFLE,CRACK,,STOP DRILLED CRACK.,,,DRILLED CRACK,STOP,
102325,"CRACK IN ENGINE COOLING BAFFLE, NEXT TO R/H UPPER MOTOR MOUN",OK,ENGINE NEXT TO R/H UPPER MOTOR MOUN,COOLING BAFFLE,CRACK,,ORDERED NEW BAFFLE.,,NEW,BAFFLE,ORDERED,
102326,"CRACK IN ENGINE COOLING BAFFLE, NEXT TO R/H UPPER MOTOR MOUN",OK,ENGINE NEXT TO R/H UPPER MOTOR MOUN,COOLING BAFFLE,CRACK,,INSTALLED NEW #3 AFT BAFFLE.,,NEW,BAFFLE,INSTALLED,
102327,#3 INDUCTION TUBE GASKET LEAKING.,OK,#3,INDUCTION TUBE GASKET,LEAKING,,REPLACED GASKET.,,,GASKET,REPLACED,
102328,"L/H ENG, L/H AFT BAFFLE CRACKED, SEVERAL PLACES.",OK,"L/H ENG, L/H AFT",BAFFLE,CRACKED,,LEAK CHECK PROP OIL LINE - GOOD.,,,LEAK,CHECK,
102329,"L/H ENG, L/H AFT BAFFLE CRACKED, SEVERAL PLACES.",OK,"L/H ENG, L/H AFT",BAFFLE,CRACKED,,REPLACED BAFFLE WITH REPAIRED ASSY.,,REPAIRED ASSY,BAFFLE,REPLACED,
102330,"INTAKE GASKETS FROM CYLINDER #1, 2 LEAKING.",OK,"CYLINDER #1, 2",INTAKE GASKETS,LEAKING,,REMOVED & REPLACED INTAKE GASKETS.,,,INTAKE GASKETS,REMOVED & REPLACED,
102331,CYLINDER #2 ROCKER COVER GASKET LEAKING.,OK,CYLINDER #2,ROCKER COVER GASKET,LEAKING,,REMOVED & REPLACED ROCKER COVER GASKET.,,,ROCKER COVER GASKET,REMOVED & REPLACED,
102332,"INTAKE GASKET LEAKING, CYLINDER #2 & 3.",OK,CYLINDER #2 & 3,INTAKE GASKET,LEAKING,,REMOVED & REPLACED INTAKE GASKETS.,,,INTAKE GASKETS,REMOVED & REPLACED,
102333,"ROCKER COVER GASKET LEAKING, CYLINDER #2, 3 & 4.",OK,"CYLINDER #2, 3 & 4",ROCKER COVER GASKET,LEAKING,,REMOVED & REPLACED ROCKER COVER GASKETS.,,,ROCKER COVER GASKETS,REMOVED & REPLACED,
102334,R/H ENGINE BAFFLE PLUG BAD.,OK,R/H ENGINE,BAFFLE PLUG,BAD,,INSTALLED NEW BAFFLE PLUG.,,NEW,BAFFLE PLUG,INSTALLED,
102335,R/H REAR ENGINE BAFFLE SCREW MISSING.,OK,R/H REAR ENGINE,BAFFLE SCREW,MISSING,,INSTALLED NEW SCREW.,,NEW,SCREW,INSTALLED,
102336,"CYLINDER #2, 1 INTAKE GASKETS LEAKING.",OK,"CYLINDER #2, 1",INTAKE GASKETS,LEAKING,,REMOVED & REPLACED INTAKE GASKETS.,,,INTAKE GASKETS,REMOVED & REPLACED,
102337,CYLINDER #3 AFT BAFFLE SUPPORT RIVETS SHEARED.,OK,CYLINDER #3 AFT,BAFFLE SUPPORT RIVETS,SHEARED,,"DISCONNECTED OIL PRESSURE LINE, REMOVED BAFFLE, REATTAC",,,"OIL PRESSURE LINE, BAFFLE","DISCONNECTED, REMOVED, REATTACHED",
102338,L/H ENGINE BAFFLE PLUG BAD.,OK,L/H ENGINE,BAFFLE PLUG,BAD,,INSTALLED NEW BAFFLE PLUG.,,NEW,BAFFLE PLUG,INSTALLED,
102339,R/H #1 & 3 INTAKE GASKETS LEAKING.,OK,R/H #1 & 3,INTAKE GASKETS,LEAKING,,REPLACED GASKETS.,,,GASKETS,REPLACED,
102340,R/H ENGINE HAS 4 LEAKING ROCKER GASKETS.,OK,R/H ENGINE ALL 4,ROCKER GASKETS,LEAKING,,REMOVED & REPLACED ALL 4 ROCKER COVER GASKETS.,,,ROCKER COVER GASKETS,REMOVED & REPLACED,
102341,"L/H ENGINE #2, 3, 4 ROCKER GASKETS ARE LEAKING.",OK,"L/H ENGINE #2, 3, 4",ROCKER GASKETS,LEAKING,,REMOVED & REPLACED ROCKER COVER GASKETS.,,,ROCKER COVER GASKETS,REMOVED & REPLACED,
102342,"L/H ENGINE, ALL 4 INTAKE GASKETS ARE LEAKING.",OK,"L/H ENGINE, ALL 4",INTAKE GASKETS,LEAKING,,REMOVED & REPLACED ALL 4 INTAKE GASKETS.,,,INTAKE GASKETS,REMOVED & REPLACED,
102343,"BAFFLE SEAL TORN, BOTTOM LEFT SIDE.",OK,BOTTOM LEFT SIDE,BAFFLE SEAL,TORN,,RESECURED BAFFLE SEAL.,,,BAFFLE SEAL,RESECURED,
102344,#4 ROCKER COVER GASKET LEAKING.,OK,#4,ROCKER COVER GASKET,LEAKING,,REMOVED & REPLACED ROCKER COVER GASKET.,,,ROCKER COVER GASKET,REMOVED & REPLACED,
102345,#4 INTAKE ON R/H ENGINE LEAKING.,OK,#4 INTAKE ON R/H ENGINE,INTAKE,LEAKING,,REMOVED & REPLACED INTAKE GASKET.,,,INTAKE GASKET,REMOVED & REPLACED,
102346,INTAKES 2 & 4 LEAKING ON L/H ENGINE.,OK,2 & 4 ON L/H ENGINE,INTAKES,LEAKING,,REMOVED & REPLACED INTAKE GASKETS.,,,INTAKE GASKETS,REMOVED & REPLACED,
102347,ROCKER COVER #1 LEAKING ON L/H ENGINE.,OK,#1 ON L/H ENGINE,ROCKER COVER,LEAKING,,REMOVED & REPLACED ROCKER COVER GASKET.,,,ROCKER COVER GASKET,REMOVED & REPLACED,
102348,#1 & 2 ROCKER COVERS LEAKING.,OK,#1 & 2,ROCKER COVERS,LEAKING,,REPLACED GASKETS.,,,GASKETS,REPLACED,
102349,PILOT REPORTED SLIGHT FLUCTUATIONS IN R/H ENGINE DURING CRUI,OK,R/H ENGINE,,FLUCTUATIONS,,REMOVED COWLNIG AS REQUIRED. INSPECTED - SET RESET ARM,,,"COWLING, RESET ARM","REMOVED, INSPECTED & SET",
102350,"#2 ROCKER COVER GASKET LEAKING, R/H ENG.",OK,"#2, R/H ENG",ROCKER COVER GASKET,LEAKING,,REMOVED & REPLACED ROCKER COVER GASKET.,,,ROCKER COVER GASKET,REMOVED & REPLACED,
102351,"#2 INTAKE GASKET LEAKING, R/H ENG.",OK,"#2, R/H ENG",INTAKE GASKET,LEAKING,,REMOVED & REPLACED #2 INTAKE GASKET TUBE & FLANGE.,,,"INTAKE GASKET TUBE, FLANGE",REMOVED & REPLACED,
102352,L/H ENGINE CYLINDER #2 INTAKE GASKET LEAKING.,OK,L/H ENGINE CYLINDER #2,INTAKE GASKET,LEAKING,,REMOVED & REPLACED L/H ENGINE CYLINDER #2 INTAKE GASKET.,,,INTAKE GASKET,REMOVED & REPLACED,
102353,"CRACKED BAFFLE #3 CYL, R/H ENG.",OK,#3 CYL R/H ENG,BAFFLE,CRACKED,,STOP DRILLED CRACK. REPAIRED BY PATCHING. RIVETED IAW A,,,"DRILLED CRACK, PATCH, RIVET","STOP, REPAIRED, IAW",
102354,#4 INTAKE GASKET LEAKING.,OK,#4,INTAKE GASKET,LEAKING,,"REPLACED GASKET, LEAK CHECK GOOD.",,,"GASKET, LEAK","REPLACED, CHECK",
102355,FRONT BAFFLE SEALS ARE WORN.,OK,FRONT,BAFFLE SEALS,WORN,,APPLIED HIGH TEMPERATURE RTV FOR CHAFE PROTECTION.,,,RTV,APPLIED,
102356,MX FLIGHT REQUIRED.,OK,,,REQUIRED PROBLEM,,TIGHTENED THROTTLE INTERCONNECT.,,,THROTTLE INTERCONNECT,TIGHTENED,
102357,MX FLIGHT REQUIRED.,OK,,,REQUIRED PROBLEM,,"ADJUSTED IDLE RPM, OPS CHECK GOOD. MX FLIGHT REQUIRED.",,,"IDLE RPM, OPS, MX FLIGHT","ADJUSTED, CHECK, REQUIRED",
102358,#2 INTAKE GASKET LEAKING.,OK,#2,INTAKE GASKET,LEAKING,,REMOVED & REPLACED #2 INTAKE GASKET.,,,INTAKE GASKET,REMOVED & REPLACED,
102359,#3 ROCKER COVER GASKET LEAKING.,OK,#3,ROCKER COVER GASKET,LEAKING,,REMOVED & REPLACED #3 ROCKER COVER GASKET.,,,ROCKER COVER GASKET,REMOVED & REPLACED,
102360,"BOTTOM BAFFLE CONNECTING ROD BROKEN, R/H SIDE.",OK,R/H SIDE BOTTOM ,BAFFLE CONNECTING ROD,BROKEN,,REMOVED & REPLACED CONNECTING ROD.,,,CONNECTING ROD,REMOVED & REPLACED,
102361,#4 CYLINDER ROCKER COVER LEAKS.,OK,#4 CYLINDER,ROCKER COVER,LEAKS,,REMOVED & REPLACED GASKET.,,,GASKET,REMOVED & REPLACED,
102362,ENGINE PAN DRAIN LINE CLUSTER NEEDS NEW ADEL CLAMPS.,OK,ENGINE PAN DRAIN LINE CLUSTER,ADEL CLAMPS,NEED PROBLEM,,REPLACED ADEL CLAMPS AS NEEDED.,,NEW,ADEL CLAMPS,REPLACED,
102363,#4 INTAKE GASKET LEAKING.,OK,#4,INTAKE GASKET,LEAKING,,REMOVED & REPLACED INTAKE GASKET.,,,INTAKE GASKET,REMOVED & REPLACED,
102364,#3 ROCKER COVER GASKET LEAKING.,OK,#3,ROCKER COVER GASKET,LEAKING,,REMOVED & REPLACED ROCKER COVER GASKET.,,,ROCKER COVER GASKET,REMOVED & REPLACED,
102365,#2 CYLINDER ROCKER COVER LEAKS.,OK,#2 CYLINDER,ROCKER COVER,LEAKS,,REMOVED & REPLACED ROCKER COVER.,,,ROCKER COVER,REMOVED & REPLACED,
102366,#2 CYLINDER INTAKE GASKET IS LEAKING.,OK,#2 CYLINDER,INTAKE GASKET,LEAKING,,REMOVED & REPLACED CYLINDER INTAKE GASKET.,,,CYLINDER INTAKE GASKET,REMOVED & REPLACED,
102367,BAFFLE PLUGS DAMAGED.,OK,,BAFFLE PLUGS,DAMAGED,,INSTALLED NEW BAFFLE PLUGS.,,NEW,BAFFLE PLUGS,INSTALLED,
102368,#4 INTAKE LEAKING.,OK,#4,INTAKE,LEAKING,,REMOVED & REPLACED GASKET.,,,GASKET,REMOVED & REPLACED,
102369,R/H AFT BAFFLE BRACKET RIVETS LOOSE.,OK,R/H AFT,BAFFLE BRACKET RIVETS,LOOSE,,INSTALLED NEW BAFFLE TAB/RIVETS. REINSTALLED BAFFLE. RE,,NEW,"BAFFLE TAB,RIVETS,BAFFLE",INSTALLED & REINSTALLED,
102370,R/H FORWARD BAFFLE IS CRACKED.,OK,R/H FORWARD,BAFFLE,CRACKED,,STOP DRILLED CRACK.,,,DRILLED CRACK,STOP,
102371,INTAKE GASKET CYLINDER #2 LEAKING.,OK,CYLINDER #2,INTAKE GASKET,LEAKING,,REMOVED & REPLACED INTAKE GASKET.,,,INTAKE GASKET,REMOVED & REPLACED,
102372,ROCKER COVER GASKET CYLINDER #1 LEAKING.,OK,CYLINDER #1,ROCKER COVER GASKET,LEAKING,,REMOVED & REPLACED ROCKER COVER GASKET.,,,ROCKER COVER GASKET,REMOVED & REPLACED,
102373,L/H ENGINE #2 ROCKER COVER LEAKING.,OK,L/H ENGINE #2,ROCKER COVER,LEAKING,,REMOVED & REPLACED GASKET.,,,GASKET,REMOVED & REPLACED,
102374,R/H ENGINE #3 CYLINDER ROCKER COVER LEAKING.,OK,R/H ENGINE #3 CYLINDER,ROCKER COVER,LEAKING,,REMOVED & REPLACED GASKET.,,,GASKET,REMOVED & REPLACED,
102375,L/H ENGINE #3 CYLINDER INTAKE GASKET LEAKING.,OK,L/H ENGINE #3 CYLINDER,INTAKE GASKET,LEAKING,,REMOVED & REPLACED GASKET.,,,GASKET,REMOVED & REPLACED,
102376,R/H ENGINE #2 & 4 INTAKE GASKETS LEAKING.,OK,R/H ENGINE #2 & 4,INTAKE GASKETS,LEAKING,,REMOVED & REPLACED GASKETS.,,,GASKETS,REMOVED & REPLACED,
102377,R/H ENGINE #2 & 4 BAFFLE TIE ROD BROKEN.,OK,R/H ENGINE #2 & 4,BAFFLE TIE ROD,BROKEN,,REPLACED TIE ROD.,,,TIE ROD,REPLACED,
102378,L/H ENGINE #4 CYLINDER COMPRESSION @ 35.,OK,L/H ENGINE #4 CYLINDER,,COMPRESSION,,"STAKED EXHAUST VALVE, NO CHANGE.",,,EXHAUST VALVE,STAKED,
102379,L/H ENGINE OIL COOLER MOUNTING BAFFLE CRACKED.,OK,L/H ENGINE,OIL COOLER MOUNTING BAFFLE,CRACKED,,STOP DRILLED CRACK.,,,DRILLED CRACK,STOP,
102380,R/H ENGINE #2 FORWARD BAFFLE SCREW & WASHER LOOSE.,OK,R/H ENGINE #2 FORWARD,BAFFLE SCREW & WASHER,LOOSE,,REPLACED BAFFLE SCREW & WASHER.,,,BAFFLE SCREW & WASHER,REPLACED,
102381,L/H ENGINE #3 INDUCTION TUBE GASKET LEAKING.,OK,L/H ENGINE #3,INDUCTION TUBE GASKET,LEAKING,,INSTALLED NEW #3 INTAKE TUBE GASKET.,,NEW,INTAKE TUBE GASKET,INSTALLED,
102382,L/H ENGINE #4 CYLINDER COMPRESSION @ 35.,OK,L/H ENGINE #4 CYLINDER,,COMPRESSION,,"STARTED TO REMOVE BAFFLES, EXHAUST STACK, INTAKE TUBE,",,,"BAFFLES, EXHAUST STACK, INTAKE TUBE",STARTED TO REMOVE,
102383,L/H ENGINE #4 CYLINDER COMPRESSION @ 35.,OK,L/H ENGINE #4 CYLINDER,,COMPRESSION,,"INSTALLED ROCKER COVER, SIDE BAFFLES, #4 EXHAUST STACK,",,,"ROCKER COVER, SIDE BAFFLES, EXHAUST STACK",INSTALLED,
102384,L/H ENGINE #4 CYLINDER COMPRESSION @ 35.,OK,L/H ENGINE #4 CYLINDER,,COMPRESSION,,"REMOVED #4 CYLINDER ASSY, OIL COOLER & INSTALLED REPAIRED CY",,REPAIRED,"CYLINDER ASSY,OIL COOLER,CY",REMOVED & INSTALLED,
102385,#1 ROCKER COVER LEAKING.,OK,#1,ROCKER COVER,LEAKING,,REMOVED & REPLACED #1 ROCKER COVER GASKET.,,,ROCKER COVER GASKET,REMOVED & REPLACED,
102386,BAFFLE CRACKED AT LOWER LEFT BOLT OF OIL COOLER.,OK,LOWER LEFT BOLT OF OIL COOLER,BAFFLE,CRACKED,,STOP DRILLED BAFFLE.,,,DRILLED CRACK,STOP,
102387,#2 CYLINDER ROCKER COVER GASKET LEAKS.,OK,#2 CYLINDER,ROCKER COVER GASKET,LEAKS,,INSTALLED NEW ROCKER COVER GASKET.,,NEW,ROCKER COVER GASKET,INSTALLED,
102388,"#2, 3 & 4 ROCKER COVER GASKETS LEAKING.",OK,"#2, 3 & 4",ROCKER COVER GASKETS,LEAKING,,"REMOVED & REPLACED #2, 3 & 4 ROCKER COVER GASKETS.",,,ROCKER COVER GASKETS,REMOVED & REPLACED,
102389,#2 INTAKE LEAKING.,OK,#2,INTAKE,LEAKING,,REMOVED & REPLACED INTAKE GASKET.,,,INTAKE GASKET,REMOVED & REPLACED,
102390,#4 INTAKE GASKET LEAKING.,OK,#4,INTAKE GASKET,LEAKING,,REMOVED & REPLACED #4 INTAKE GASKET.,,,INTAKE GASKET,REMOVED & REPLACED,
102391,CYLINDER #2 INTAKE GASKET IS LEAKING.,OK,CYLINDER #2,INTAKE GASKET,LEAKING,,REMOVED & REPLACED GASKET WITH NEW.,,NEW,GASKET,REMOVED & REPLACED,
102392,"CYLINDER #1, 3 ROCKER COVER GASKETS LEAKING.",OK,"CYLINDER #1, 3",ROCKER COVER GASKETS,LEAKING,,REMOVED & REPLACED ROCKER COVER GASKETS.,,,ROCKER COVER GASKETS,REMOVED & REPLACED,
102393,#2 CYLINDER ANCHOR ASSEMBLY BROKEN.,OK,#2 CYLINDER,ANCHOR ASSEMBLY,BROKEN,,REMOVED & REPLACED #2 CYLINDER ANCHOR ASSY.,,,ANCHOR ASSEMBLY,REMOVED & REPLACED,
102394,#4 INTAKE LEAKING.,OK,#4,INTAKE,LEAKING,,REMOVED & REPLACED GASKET.,,,GASKET,REMOVED & REPLACED,
102395,#3 ROCKER COVER LEAKING.,OK,#3,ROCKER COVER,LEAKING,,REMOVED & REPLACED GASKET.,,,GASKET,REMOVED & REPLACED,
102396,CYLINDER #4 & 3 ROCKER COVER GASKETS ARE LEAKING.,OK,CYLINDER #4 & 3,ROCKER COVER GASKETS,LEAKING,,REMOVED & REPLACED ROCKER COVER GASKETS.,,,ROCKER COVER GASKETS,REMOVED & REPLACED,
102397,#3 & 4 INTAKES LEAKING ON L/H ENG.,OK,#3 & 4 ON L/H ENG,INTAKES,LEAKING,,REMOVED & REPLACED INTAKE GASKETS.,,,INTAKE GASKETS,REMOVED & REPLACED,
102398,"#2, 3 & 4 INTAKES LEAKING ON R/H ENG.",OK,"#2, 3 & 4 ON R/H ENG",INTAKES,LEAKING,,REMOVED & REPLACED INTAKE GASKETS.,,,INTAKE GASKETS,REMOVED & REPLACED,
102399,#4 ROCKER COVER LEAKING ON R/H ENG.,OK,#4 ON R/H ENG,ROCKER COVER,LEAKING,,REMOVED & REPLACED ROCKER COVER GASKET.,,,ROCKER COVER GASKET,REMOVED & REPLACED,
102400,#2 & 3 ROCKER COVERS LEAKING ON L/H ENG.,OK,#2 & 3 ON L/H ENG,ROCKER COVERS,LEAKING,,REMOVED & REPLACED ROCKER COVER GASKETS.,,,ROCKER COVER GASKETS,REMOVED & REPLACED,
102401,L/H #2 INTAKE GASKET LEAKING.,OK,L/H #2,INTAKE GASKET,LEAKING,,REPLACED GASKET.,,,GASKET,REPLACED,
102402,R/H #3 INTAKE GASKET IS LEAKING.,OK,R/H #3,INTAKE GASKET,LEAKING,,REPLACED GASKET.,,,GASKET,REPLACED,
102403,L/H #2 SIDE BAFFLE SEAL TORN.,OK,L/H #2 SIDE,BAFFLE SEAL,TORN,,FASTENED WITH PROP RIVET.,,,PROP RIVET,FASTENED,
102404,R/H #2 & 3 ROCKER GASKETS ARE LEAKING.,OK,R/H #2 & 3,ROCKER GASKETS,LEAKING,,REPLACED GASKETS.,,,GASKETS,REPLACED,
102405,L/H #3 & 4 ROCKER GASKETS LEAKING.,OK,L/H #3 & 4,ROCKER GASKETS,LEAKING,,REPLACED 3 & 4 COVER GASKETS.,,,COVER GASKETS,REPLACED,
102406,"#3 AFT BAFFLE, L/H ENG, COWL SEAL NOT SEALING.",OK,#3 AFT L/H ENG,COWL SEAL,NOT SEALING,,REMOVED & REPLACED BAFFLE SEAL.,,,BAFFLE SEAL,REMOVED & REPLACED,
102407,"CYLINDER #2, L/H ENG, INTAKE GASKET LEAKING.",OK,"CYLINDER #2, L/H ENG",INTAKE GASKET,LEAKING,,REMOVED & REPLACED INTAKE GASKET.,,,INTAKE GASKET,REMOVED & REPLACED,
102408,R/H ENGINE CYLINDER #1 ROCKER COVER GASKET LEAKING.,OK,R/H ENGINE CYLINDER #1,ROCKER COVER GASKET,LEAKING,,REMOVED & REPLACED ROCKER COVER GASKET.,,,ROCKER COVER GASKET,REMOVED & REPLACED,
102409,"ROCKER COVER GASKETS, L/H ENGINE CYLINDER #2, 3, & 4 LEAKING.",OK,"L/H ENGINE CYLINDER #2, 3, & 4",ROCKER COVER GASKETS,LEAKING,,REMOVED & REPLACED ROCKER COVER GASKETS.,,,ROCKER COVER GASKETS,REMOVED & REPLACED,
102410,"DURING RUN UP, RPM WOULD NOT INCREASE PAST 1560, REGARDLESS",OK,,,RPM,,"RAN A/C, ENGINE RAN ROUGH FOR FIRST 2 SECONDS, THEN SMO",,,"A/C, ENGINE",RAN,
102411,"DURING RUN UP, RPM WOULD NOT INCREASE PAST 1560, REGARDLESS",OK,,,RPM,,"RAN A/C, RUN UP CHECK OK - INCLUDING IDLE SPEED & MIXTU",,,A/C,"RAN, CHECK",
102412,"DURING RUN UP, RPM WOULD NOT INCREASE PAST 1560, REGARDLESS",OK,,,RPM,,"REMOVED ROCKER COVERS, CHECK EXHAUST VALVES FOR BINDING",,,"ROCKER COVERS, EXHAUST VALVES","REMOVED, CHECK",
102413,#1 INTAKE GASKET IS LEAKING.,OK,#1,INTAKE GASKET,LEAKING,,REPLACED GASKET.,,,GASKET,REPLACED,
102414,#1 FRONT BAFFLE SEAL TORN.,OK,#1 FRONT,BAFFLE SEAL,TORN,,REPLACED SECTION OF SEAL.,,,SEAL,REPLACED,
102415,ALL 4 ROCKER GASKETS ARE LEAKING.,OK,ALL 4,ROCKER GASKETS,LEAKING,,REPLACED ALL ROCKER GASKETS.,,,ROCKER GASKETS,REPLACED,
102416,L/H ENGINE #4 CYLINDER AFT BAFFLE IS CRACKED.,OK,L/H ENGINE #4 CYLINDER AFT,BAFFLE,CRACKED,,REMOVED & REPLACED BAFFLE.,,,BAFFLE,REMOVED & REPLACED,
102417,"#4 ROCKER COVER GASKET LEAKING, R/H ENGINE.",OK,"#4, R/H ENGINE",ROCKER COVER GASKET,LEAKING,,REMOVED & REPLACED #4 ROCKER COVER GASKET.,,,ROCKER COVER GASKET,REMOVED & REPLACED,
102418,"#1 INTAKE GASKET LEAKING, R/H ENGINE.",OK,"#1,R/H ENGINE",INTAKE GASKET,LEAKING,,"REMOVED & REPLACED #1 INTAKE GASKETS, R/H ENGINE.",,,INTAKE GASKETS,REMOVED & REPLACED,
102419,#2 INTAKE GASKET IS LEAKING.,OK,#2,INTAKE GASKET,LEAKING,,REPLACED GASKET.,,,GASKET,REPLACED,
102420,SIDE BAFFLE PLUG HOLES ARE WORN TOO LARGE.,OK,SIDE,BAFFLE PLUG HOLES,WORN,,REPAIRED WITH RIVETED PATCHES.,,,PATCHES,REPAIRED,
102421,#1 & 4 ROCKER COVER GASKETS LEAKING.,OK,#1 & 4,ROCKER COVER GASKETS,LEAKING,,REMOVED & REPLACED #1 & 4 ROCKER COVER GASKETS.,,,ROCKER COVER GASKETS,REMOVED & REPLACED,
102422,#2 INTAKE LEAKING.,OK,#2,INTAKE,LEAKING,,REMOVED & REPLACED INTAKE GASKET.,,,INTAKE GASKET,REMOVED & REPLACED,
102423,#4 ROCKER COVER LEAKING.,OK,#4,ROCKER COVER,LEAKING,,REMOVED & REPLACED #4 ROCKER COVER GASKET.,,,ROCKER COVER GASKET,REMOVED & REPLACED,
102424,#4 INTAKE LEAKING.,OK,#4,INTAKE,LEAKING,,REMOVED & REPLACED #4 INTAKE GASKET. CLEANED CYLINDER FLANGE,,,"INTAKE GASKET,CYLINDER FLANGE","REMOVED & REPLACED,CLEANED",
102425,CYLINDER #3 ROCKER COVER GASKET LEAKING.,OK,CYLINDER #3,ROCKER COVER GASKET,LEAKING,,REMOVED & REPLACED GASKET.,,,GASKET,REMOVED & REPLACED,
102426,R/H BAFFLE PLUG WORN.,OK,R/H,BAFFLE PLUG,WORN,,INSTALLED NEW BAFFLE PLUG.,,NEW,BAFFLE PLUG,INSTALLED,
102427,#2 ROCKER COVER GASKET IS LEAKING.,OK,#2,ROCKER COVER GASKET,LEAKING,,REMOVED & REPLACED #2 ROCKER COVER GASKET.,,,ROCKER COVER GASKET,REMOVED & REPLACED,
102428,"SCREW MISSING ON R/H ENGINE BAFFLE, BEHIND OIL COOLER.",OK,"R/H ENGINE, BEHIND OIL COOLER",BAFFLE SCREW,MISSING,,"INSTALLED NEW SCREW, INSTALLED NEW GASKET & SAFETIED OI",,"NEW, NEW","SCREW, GASKET, OIL","INSTALLED , INSTALLED & SAFETIED",
102429,#1 CYLINDER BAFFLE CRACKED.,OK,#1 CYLINDER,BAFFLE,CRACKED,,STOP DRILLED CRACK.,,,DRILLED CRACK,STOP,
102430,SNIFFLE VALVES DIRTY.,OK,,SNIFFLE VALVES,DIRTY,,CLEANED BOTH SNIFFLE VALVES.,,,SNIFFLE VALVES,CLEANED,
102431,#4 ROCKER COVER GASKET LEAKING & #2 ROCKER COVER GASKET LEAK,OK,"#4, #2",ROCKER COVER GASKET,LEAKING,,REMOVED & REPLACED GASKETS.,,,GASKETS,REMOVED & REPLACED,
102432,"L/H ENGINE INTAKE GASKET LEAKING, CYLINDER #4.",OK,"L/H ENGINE, CYLINDER #4",INTAKE GASKET,LEAKING,,REMOVED & REPLACED #4 CYLINDER INTAKE GASKET.,,,INTAKE GASKET,REMOVED & REPLACED,
102433,R/H ENGINE #3 CYLINDER ROCKER COVER GASKET LEAKING.,OK,R/H ENGINE #3 CYLINDER,ROCKER COVER GASKET,LEAKING,,REMOVED & REPLACED #3 CYLINDER ROCKER COVER GASKET.,,,ROCKER COVER GASKET,REMOVED & REPLACED,
102434,R/H #2 & 4 ROCKER GASKETS ARE LEAKING.,OK,R/H #2 & 4,ROCKER GASKETS,LEAKING,,REMOVED & REPLACED #2 & 4 CYLINDER ROCKER COVER GASKETS ON R,,,ROCKER COVER GASKETS,REMOVED & REPLACED,
102435,"ENGINE BAFFLE ON #4 CYL, RIVETS SHEARED OFF.",OK,#4 CYL,BAFFLE RIVETS,SHEARED,,"REMOVED SHEARED RIVETS, INSTALLED NEW RIVETS TO ENGINE",,NEW,"RIVETS, RIVETS","REMOVED, INSTALLED",
102436,#4 INTAKE LEAKING.,OK,#4,INTAKE,LEAKING,,REMOVED & REPLACED INTAKE GASKET.,,,INTAKE GASKET,REMOVED & REPLACED,
102437,CYLINDER #2 ROCKER COVER GASKET LEAKING.,OK,CYLINDER #2,ROCKER COVER GASKET,LEAKING,,REMOVED & REPLACED ROCKER COVER GASKET.,,,ROCKER COVER GASKET,REMOVED & REPLACED,
102438,#4 INTAKE GASKET LEAKING.,OK,#4,INTAKE GASKET,LEAKING,,REMOVED & REPLACED #4 INTAKE GASKET.,,,INTAKE GASKET,REMOVED & REPLACED,
102439,R/H BAFFLE SPRING IS DISCONNECTED.,OK,R/H,BAFFLE SPRING,DISCONNECTED,,RECONNECTED SPRING.,,,SPRING,RECONNECTED,
102440,L/H BAFFLE PLUG HOLE IS ELONGATED.,OK,L/H,BAFFLE PLUG HOLE,ELONGATED,,INSTALLED BAFFLE PATCH & PLUG.,,,BAFFLE PATCH & PLUG,INSTALLED,
102441,FOREIGN OBJECT DAMAGE IN ENGINE INTABLE,OK,ENGINE INTAKE,FOREIGN OBJECT,DAMAGE,,REMOVED FOREIGN OBJECT DAMAGE,,,FOREIGN OBJECT DAMAGE,REMOVED,
102442,WRENCH LEFT ON ENGINE BOLT,DIFFICULT,,,,,REMOVED WRENCH,,,WRENCH,REMOVED,
102443,L/H FUEL PLACARD IS COVERED,DIFFICULT,,,,,UN-COVERED PLACARD,,,PLACARD,UN-COVERED,
102444,"INTAKE GASKET, CYLINDER #2 LEAKING.",OK,CYLINDER #2,INTAKE GASKET,LEAKING,,REMOVED & REPLACED INSTAKE GASKET.,,,INTAKE GASKET,REMOVED & REPLACED,
102445,"ROCKER COVER GASKET, CYLINDER #3 LEAKING.",OK,CYLINDER #3,ROCKER COVER GASKET,LEAKING,,REMOVED & REPLACED ROCKER COVER GASKET #3.,,,ROCKER COVER GASKET,REMOVED & REPLACED,
102446,ENGINE DID NOT START.,OK,ENGINE,,DID NOT START,,STARTED A/C NORMALLY.,,,A/C,STARTED,
102447,#2 INTAKE LEAKING.,OK,#2,INTAKE,LEAKING,,REMOVED & REPLACED GASKET.,,,GASKET,REMOVED & REPLACED,
102448,"R/H #1, 2, 3 ROCKER GASKETS ARE LEAKING.",OK,"R/H #1, 2, 3",ROCKER GASKETS,LEAKING,,REPLACED GASKETS.,,,GASKETS,REPLACED,
102449,"R/H #2, 3, 4 INTAKE GASKETS ARE LEAKING.",OK,"R/H #2, 3, 4",INTAKE GASKETS,LEAKING,,"REMOVED & REPLACED INTAKE GASKETS, R/H ENG.",,,INTAKE GASKETS,REMOVED & REPLACED,
102450,"#2, 3, 4 INTAKE GASKETS LEAKING, L/H ENG.",OK,"L/H ENG #2, 3, 4",INTAKE GASKETS,LEAKING,,REMOVED & REPLACED INTAKE GASKETS ON L/H ENG.,,,INTAKE GASKETS,REMOVED & REPLACED,
102451,R/H #2 CYLINDER EXHAUST PUSH ROD SEAL LEAKING.,OK,R/H #2 CYLINDER,EXHAUST PUSH ROD SEAL,LEAKING,,REPLACED PUSH ROD SEALS & RETAINER ON #2 EXHAUST PUSH ROD T,,,"PUSH ROD SEALS, RETAINER",REPLACED,
102452,"#1, 2, 3, 4 ROCKER COVER GASKETS LEAKING ON L/H ENGINE.",OK,"#1, 2, 3, 4  ON L/H ENGINE",ROCKER COVER GASKETS,LEAKING,,"REMOVED & REPLACED ROCKER COVER GASKETS, L/H ENG.",,,"ROCKER COVER GASKETS, ENGINE",REMOVED & REPLACED,
102453,OWNER REQUESTS ENGINE COMPRESSIONS DONE.,DIFFICULT,,,,,"PERFORMED ENGINE COMPRESSIONS: #1-75, #2-70, #3-70, #4-",,,ENGINE COMPRESSIONS,PERFORMED,
102454,BOTTOM LEFT BAFFLE SEAL TORN.,OK,BOTTOM LEFT,BAFFLE SEAL,TORN,,SECURED BAFFLE SEAL WITH SAFETY WIRE.,,,BAFFLE SEAL,SECURED,
102455,"BAFFLE SEAL TORN, BOTTOM R/H SIDE.",OK,BOTTOM R/H SIDE,BAFFLE SEAL,TORN,,SECURED BAFFLE SEAL WITH SAFETY WIRE.,,,BAFFLE SEAL,SECURED,
102456,"CYLINDER BAFFLE CHAFING ON OIL RETURN LINE, #3 CYL.",OK,#3 CYLINDER,BAFFLE,CHAFING,,REPOSITIONED CYLINDER BAFFLE & APPLIED SPIRAL WRAP TO OIL RE,,,"CYLINDER BAFFLE,OIL",REPOSITIONED & APPLIED,
102457,SCREW MISSING ON #3 BAFFLE.,OK,#3,BAFFLE SCREW,MISSING,,REPLACED SCREW.,,,SCREW,REPLACED,
102458,#4 CYLINDER INTAKE GASKET LEAKING ON R/H ENGINE.,OK,#4 CYLINDER ON R/H ENGINE,INTAKE GASKET,LEAKING,,REMOVED & REPLACED #4 CYLINDER INTAKE GASKET ON R/H ENGINE.,,,INTAKE GASKET,REMOVED & REPLACED,
102459,LEFT ENGINE #2 INTAKE GASKET LEAKS.,OK,LEFT ENGINE #2,INTAKE GASKET,LEAKS,,"REMOVED & REPLACED #2 INTAKE GASKET, L/H ENG.",,,"INTAKE GASKET, ENG",REMOVED & REPLACED,
102460,L/H ENGINE #1 INTAKE GASKET LEAKS.,OK,L/H ENGINE #1,INTAKE GASKET,LEAKS,,REMOVED & REPLACED #1 INTAKE GASKET & PRIMER LINE CLAMP,,,"INTAKE GASKET, PRIMER LINE CLAMP",REMOVED & REPLACED,
102461,LEFT ENGINE #4 AFT BAFFLE REINFORCEMENT ANGLE CRACKED.,OK,LEFT ENGINE #4 AFT,BAFFLE REINFORCEMENT ANGLE,CRACKED,,REMOVED & REPLACED BAFFLE REINFORCEMENT ANGLE.,,,BAFFLE REINFORCEMENT ANGLE,REMOVED & REPLACED,
102462,CYLINDER #3 ROCKER DRAIN LINE LOOSE.,OK,CYLINDER #3,ROCKER DRAIN LINE,LOOSE,,TIGHTENED DRAIN LINE.,,,DRAIN LINE,TIGHTENED,
102463,CYLINDER #3 AFT BAFFLE SUPPORT RIVETS SHEARED.,OK,CYLINDER #3 AFT,BAFFLE SUPPORT RIVETS,SHEARED,,"REMOVED BAFFLE, REATTACHED BAFFLE SUPPORT & REINSTALLED",,,"BAFFLE, BAFFLE SUPPORT","REMOVED, REATTACHED & REINSTALLED",
102464,#4 INTAKE LEAKING.,OK,#4,INTAKE,LEAKING,,REPLACED GASKET.,,,GASKET,REPLACED,
102465,#2 INTAKE GASKET LEAKING.,OK,#2,INTAKE GASKET,LEAKING,,REMOVED & REPLACED #2 INTAKE GASKET.,,,INTAKE GASKET,REMOVED & REPLACED,
102466,#2 INDUCTION TUBE GASKET LEAKING.,OK,#2,INDUCTION TUBE GASKET,LEAKING,,INSTALLED NEW #2 INDUCTION GASKET.,,NEW,INDUCTION GASKET,INSTALLED,
102467,L/H ENGINE #3 AFT BAFFLE CRACKED.,OK,L/H ENGINE #3 AFT,BAFFLE,CRACKED,,STOP DRILLED CRACK ON #3 AFT BAFFLE.,,,DRILLED CRACK,STOP,
102468,"SCREW MISSING ON #4 BAFFLE, R/H ENGINE.",OK,"#4 BAFFLE, R/H ENGINE",BAFFLE SCREW,MISSING,,INSTALLED NEW BAFFLE SCREW.,,NEW,BAFFLE SCREW,INSTALLED,
102469,"INTAKE GASKET, CYLINDER #2 LEAKING, L/H ENGINE.",OK,CYLINDER #2 L/H ENGINE,INTAKE GASKET,LEAKING,,REMOVED & REPLACED INTAKE GASKET.,,,INTAKE GASKET,REMOVED & REPLACED,
102470,"#1 ROCKER COVER GASKET LEAKING, R/H ENGINE.",OK,"#1, R/H ENGINE",ROCKER COVER GASKET,LEAKING,,REMOVED & REPLACED ROCKER COVER GASKET.,,,ROCKER COVER GASKET,REMOVED & REPLACED,
102471,"ENGINE COOLING BAFFLE CRACKED, FRONT L/H SIDE, R/H ENGINE.",OK,FRONT L/H SIDE R/H ENGINE,COOLING BAFFLE,CRACKED,,STOP DRILLED CRACK IN BAFFLE.,,,DRILLED CRACK,STOP,
102472,"L/H ENGINE CYLINDER #2, 3 & 4 ROCKER COVER GASKETS LEAKING.",OK,"L/H ENGINE CYLINDER #2, 3 & 4",ROCKER COVER GASKETS,LEAKING,,REMOVED & REPLACED ROCKER COVER GASKETS.,,,ROCKER COVER GASKETS,REMOVED & REPLACED,
102473,"#3 & 2 INTAKE GASKET LEAKING, R/H ENGINE.",OK,"#3 & 2, R/H ENGINE",INTAKE GASKET,LEAKING,,REMOVED & REPLACED #2 & 3 INTAKE GASKETS & PRIMER SLEEV,,,"INTAKE GASKETS, PRIMER SLEEVE",REMOVED & REPLACED,
102474,"BOTTOM OIL COOLER LINE CHAFING ON FUEL PUMP, R/H ENGINE.",OK,R/H ENGINE BOTTOM ,OIL COOLER LINE,CHAFING,,"INSPECTED LINE & FUEL PUMP, OK. INSTALLED RTV SILICONE",,,"LINE, FUEL PUMP, RTV SILICONE","INSPECTED , INSTALLED",
102475,"BAFFLE TIE ROD CHAFING INTO #3 OIL RETURN LINE, R/H ENGINE.",OK,"#3 OIL RETURN LINE, R/H ENGINE",BAFFLE TIE ROD,CHAFING,,TIE ROD & RETURN LINES OK. ADJUSTED TIE ROD & RETURN LI,,,"TIE ROD, RETURN LINES",CHECKED & ADJUSTED,
102476,"BAFFLE TIE ROD CHAFING ON #2 & 4 OIL RETURN LINES, R/H ENGIN",OK,"#2 & 4 OIL RETURN LINES, R/H ENGINE",BAFFLE TIE ROD,CHAFING,,REMOVED TIE ROD & FOUND TO BE OK. INSPECTED RETURN LINE,,,"TIE ROD, RETURN LINE",REMOVED & INSPECTED,
102477,L/H MAGNETOS ON L/H ENGINE PRODUCED CONSIDERABLE VIBRATION.,OK,L/H MAGNETOS ON L/H ENGINE,MAGNETOS,VIBRATION,,"RAN A/C, COULD NOT DUPLICATE DISCREP. A/C OK FOR FURTHE",,,A/C,RAN,
102478,#1 CYLINDER SIDE BAFFLE CRACKED.,OK,#1 CYLINDER SIDE,BAFFLE,CRACKED,,"STOP DRILLED CRACK, INSTALLED PATCH SAME MATERIAL IAW A",,SAME MATERIAL,"DRILLED CRACK, PATCH",STOP & INSTALLED,
102479,#3 CYLINDER L/H ENGINE INTAKE GASKET LEAKING.,OK,#3 CYLINDER L/H ENGINE,INTAKE GASKET,LEAKING,,REPLACED GASKET.,,,GASKET,REPLACED,
102480,L/H ENGINE #2 PRIMER LNE CLAMP NEEDS TO BE REPOSITIONED.,OK,L/H ENGINE #2,PRIMER LINE CLAMPS,NEED PROBLEM,,REPOSITIONED LINE & REPLACED SLEEVE.,,,"LINE, SLEEVE",REPOSITIONED & REPLACED,
102481,"#3, 4 ROCKER COVER GASKET LEAKING (L/H ENG).",OK,"#3, 4 (L/H ENG)",ROCKER COVER GASKET,LEAKING,,"REMOVED & REPLACED #3, 4 ROCKER COVER GASKETS.",,,ROCKER COVER GASKETS,REMOVED & REPLACED,
102482,#4 INTAKE LEAKING.,OK,#4,INTAKE,LEAKING,,REPLACED GASKET.,,,GASKET,REPLACED,
102483,#2 ROCKER COVER LEAKING.,OK,#2,ROCKER COVER,LEAKING,,REPLACED GASKET.,,,GASKET,REPLACED,
102484,#3 INDUCTION TUBE GASKET LEAKING.,OK,#3,INDUCTION TUBE GASKET,LEAKING,,INSTALLED NEW #3 INDUCTION TUBE GASKET.,,NEW,INDUCTION TUBE GASKET,INSTALLED,
102485,#2 ROCKER COVER GASKET LEAKING.,OK,#2,ROCKER COVER GASKET,LEAKING,,REMOVED & REPLACED #2 ROCKER COVER GASKET.,,,ROCKER COVER GASKET,REMOVED & REPLACED,
102486,"ROCKER COVER #2, 3, 4 GASKETS LEAKING.",OK,"#2, 3, 4",ROCKER COVER GASKETS,LEAKING,,REMOVED & REPLACED ROCKER COVER GASKETS.,,,ROCKER COVER GASKETS,REMOVED & REPLACED,
102487,MUFFLER MISSING NUT.,OK,,MUFFLER NUT,MISSING,,REPLACED NUT.,,,NUT,REPLACED,
102488,ENGINE REQUIRES DISASSEMBLY & INSPECTION AFTER PROP STRIKE.,OK,ENGINE,,REQUIRE PROBLEM,,PATCHED LOWER RIGHT FORWARD BAFFLE.,,,BAFFLE,PATCHED,
102489,ENGINE REQUIRES DISASSEMBLY & INSPECTION AFTER PROP STRIKE.,OK,ENGINE,,REQUIRE PROBLEM,,"PATCHED #4 BAFFLE, STOP DRILLED CRACK.",,,"BAFFLE, DRILLED CRACK","PATCHED, STOP",
102490,ENGINE REQUIRES DISASSEMBLY & INSPECTION AFTER PROP STRIKE.,OK,ENGINE,,REQUIRE PROBLEM,,"INSTALLED BAFFLING ON ENGINE, INSTALLED INTAKE TUBES &",,,"BAFFLING, INTAKE TUBES","INSTALLED, INSTALLED",
102491,ENGINE REQUIRES DISASSEMBLY & INSPECTION AFTER PROP STRIKE.,OK,ENGINE,,REQUIRE PROBLEM,,DISASSEMBLED ENGINE. SENT CRANK IN FOR R,,,"ENGINE, CRANK","DISASSEMBLED, SENT",
102492,ENGINE REQUIRES DISASSEMBLY & INSPECTION AFTER PROP STRIKE.,OK,ENGINE,,REQUIRE PROBLEM,,INSTALLED CRANKSHAFT & NEW ROLLER TAPPETS. INSTALLED CA,,NEW,"CRANKSHAFT, ROLLER TAPPETS, CA","INSTALLED, INSTALLED",
102493,ENGINE REQUIRES DISASSEMBLY & INSPECTION AFTER PROP STRIKE.,OK,ENGINE,,REQUIRE PROBLEM,,STARTED ASSEMBLY OF ENGINE IAW DIRECT DRIVE MANUAL. MEA,,,ENGINE,STARTED ASSEMBLY,
102494,ENGINE REQUIRES DISASSEMBLY & INSPECTION AFTER PROP STRIKE.,OK,ENGINE,,REQUIRE PROBLEM,,"HONED, CLEANED & MEASURED CYLINDERS (MEASURE GOOD). CK'",,,CYLINDERS,HOPED & CLEANED & MEASURED,
102495,ENGINE REQUIRES DISASSEMBLY & INSPECTION AFTER PROP STRIKE.,OK,ENGINE,,REQUIRE PROBLEM,,INSTALLED ALL 4 PISTONS ON CONNECTING RODS. INSTALLED P,,,"PISTONS, CONNECTING RODS","INSTALLED, INSTALLED",
102496,ENGINE REQUIRES DISASSEMBLY & INSPECTION AFTER PROP STRIKE.,OK,ENGINE,,REQUIRE PROBLEM,,RETORQUE CASE HALF. CLEANED & INSTALLED NECESSARY GEARS,,,"CASE HALF, GEARS","RETORQUE, CLEANED & INSTALLED",
102497,ENGINE REQUIRES DISASSEMBLY & INSPECTION AFTER PROP STRIKE.,OK,ENGINE,,REQUIRE PROBLEM,,"INSTALLED ACCESSORY CASE & OIL SUMP, INSPECTED HYDRAULI",,,"ACCESSORY CASE, OIL SUMP, HYDRAULI","INSTALLED, INSPECTED",
102498,ENGINE REQUIRES DISASSEMBLY & INSPECTION AFTER PROP STRIKE.,OK,ENGINE,,REQUIRE PROBLEM,,"INSTALLED FUEL & OIL PRESSURE LINES, MOUNTED OIL COOLER",,,"FUEL PRESSURE LINE, OIL PRESSURE LINE, OIL COOLER","INSTALLED, MOUNTED",
102499,#2 INTAKE IS LEAKING.,OK,#2,INTAKE,LEAKING,,REMOVED & REPLACED #2 INTAKE GASKET.,,,INTAKE GASKET,REMOVED & REPLACED,
102500,#4 CYLINDER INTAKE GASKET LEAKAGE.,OK,#4 CYLINDER,INTAKE GASKET,LEAKAGE,,REPLACED GASKET.,,,GASKET,REPLACED,
102501,R/H BAFFLE PLUG IS WORN.,OK,R/H,BAFFLE PLUG,WORN,,REMOVED & REPLACED PLUG WITH NEW.,,NEW,PLUG,REMOVED & REPLACED,
102502,#2 INTAKE GASKET LEAKING.,OK,#2,INTAKE GASKET,LEAKING,,REMOVED & REPLACED #2 INTAKE GASKET.,,,INTAKE GASKET,REMOVED & REPLACED,
102503,TOP OIL COOLER LINE CHAFING ON VACUUM PUMP LINE.,OK,TOP,OIL COOLER LINE,CHAFING,,"INSPECTED BOTH LINES, FOUND TO BE IN AIRWORTHY CONDITIO",,,LINES,INSPECTED,
102504,#2 CYLINDER INTAKE LEAKING.,OK,#2 CYLINDER,INTAKE,LEAKING,,REMOVED & REPLACED #2 INTAKE GASKET.,,,INTAKE GASKET,REMOVED & REPLACED,
102505,#2 CYLINDER ROCKER COVER GASKET LEAKING.,OK,#2 CYLINDER,ROCKER COVER GASKET,LEAKING,,REMOVED & REPLACED #2 ROCKER COVER GASKET.,,,ROCKER COVER GASKET,REMOVED & REPLACED,
102506,CYLINDER #2 INTAKE GASKET LEAKING.,OK,CYLINDER #2,INTAKE GASKET,LEAKING,,REMOVED & REPLACED INTAKE GASKET.,,,INTAKE GASKET,REMOVED & REPLACED,
102507,LEFT ENGINE #2 EXHAUST GAS TEMPERATURE INOP.,OK,LEFT ENGINE #2,EXHAUST GAS,TEMPERATURE,,OPS CHECK GOOD.,,,OPS,CHECK,
102508,LEFT ENGINE #2 EXHAUST GAS TEMPERATURE INOP.,OK,LEFT ENGINE #2,EXHAUST GAS,TEMPERATURE,,REMOVED & REPLACED #2 EXHAUST GAS TEMPERATURE PROBE.,,,EXHAUST GAS TEMPERATURE PROBE,REMOVED & REPLACED,
102509,ROCKER COVERS 1 & 2 LEAKING ON L/H ENGINE.,OK,1 & 2 ON L/H ENGINE,ROCKER COVERS,LEAKING,,REMOVED & REPLACED GASKETS.,,,GASKETS,REMOVED & REPLACED,
102510,"ROCKER COVERS 1, 2 & 3 LEAKING ON R/H ENGINE.",OK,"1, 2 & 3 ON R/H ENGINE",ROCKER COVERS,LEAKING,,REMOVED & REPLACED GASKETS.,,,GASKETS,REMOVED & REPLACED,
102511,#4 ROCKER COVER LEAKING ON R/H ENGINE.,OK,#4 ON R/H ENGINE,ROCKER COVER,LEAKING,,REMOVED & REPLACED #4 ROCKER GASKET.,,,ROCKER GASKET,REMOVED & REPLACED,
102512,ADEL CLAMPS ON FUEL LINE TO FUEL CONTROL UNIT LOOSE.,OK,FUEL LINE TO FUEL CONTROL UNIT,ADEL CLAMPS,LOOSE,,REMOVED & REPLACED ADEL CLAMPS.,,,ADEL CLAMPS,REMOVED & REPLACED,
102513,#1 & 3 ROCKER COVER GASKETS LEAKING.,OK,#1 & 3,ROCKER COVER GASKETS,LEAKING,,REMOVED & REPLACED #1 & 3 ROCKER COVER GASKETS.,,,ROCKER COVER GASKETS,REMOVED & REPLACED,
102514,#4 INTAKE GASKET LEAKING.,OK,#4,INTAKE GASKET,LEAKING,,REPLACED GASKET.,,,GASKET,REPLACED,
102515,BROKEN MANIFOLD PSI LINE.,OK,,MANIFOLD PSI LINE,BROKEN,,"REMOVED & REPLACED MANIFOLD PSI LINE, OPS CHECK GOOD.",,,"MANIFOLD PSI LINE, LEAK","REMOVED & REPLACED, CHECK",
102516,INTAKE GASKET TO CYLINDER #2 LEAKING.,OK,CYLINDER #2,INTAKE GASKET,LEAKING,,REPLACED GASKET.,,,GASKET,REPLACED,
102517,CYLINDER #4 ROCKER COVER GASKET LEAKING.,OK,CYLINDER #4,ROCKER COVER GASKET,LEAKING,,REPLACED GASKET.,,,GASKET,REPLACED,
102518,#4 CYLINDER INTAKE GASKET IS LEAKING.,OK,#4 CYLINDER,INTAKE GASKET,LEAKING,,REMOVED & REPLACED CYLINDER #4 INTAKE GASKET.,,,INTAKE GASKET,REMOVED & REPLACED,
102519,#1 & 4 CYLINDER ROCKER COVER GASKETS ARE LEAKING.,OK,#1 & 4 CYLINDER,ROCKER COVER GASKETS,LEAKING,,REMOVED & REPLACED ROCKER COVER GASKETS.,,,ROCKER COVER GASKETS,REMOVED & REPLACED,
102520,"LOOSE BAFFLE SCREW, ABOVE OIL FILLER TUBE.",OK,ABOVE OIL FILLER TUBE,BAFFLE SCREW,LOOSE,,TIGHTENED SCREW.,,,SCREW,TIGHTENED,
102521,#4 SPARK PLUG ACCESS HOLE ON BAFFLE REQUIRES PATCH.,OK,#4,BAFFLE SPARK PLUG ACCESS HOLE,REQUIRE PROBLEM,,INSTALLED PATCH.,,,PATCH,INSTALLED,
102522,#4 INTAKE GASKET LEAKING.,OK,#4,INTAKE GASKET,LEAKING,,REMOVED & REPLACED #4 CYLINDER INTAKE GASKET.,,,INTAKE GASKET,REMOVED & REPLACED,
102523,#3 & 4 ROCKER COVERS LEAKING.,OK,#3 & 4,ROCKER COVERS,LEAKING,,REMOVED & REPLACED #3 & 4 CYLINDER ROCKER COVER GASKETS.,,,ROCKER COVER GASKETS,REMOVED & REPLACED,
102524,#1 & 2 ROCKER COVERS LEAKING.,OK,#1 & 2,ROCKER COVERS,LEAKING,,REMOVED & REPLACED ROCKER COVER GASKETS.,,,ROCKER COVER GASKETS,REMOVED & REPLACED,
102525,#2 INTAKE IS LEAKING.,OK,#2,INTAKE,LEAKING,,REMOVED & REPLACED GASKET.,,,GASKET,REMOVED & REPLACED,
102526,CYLINDER #2 INTAKE LEAKING IN CONNECTION POINT TO OIL SUMP.,OK,CYLINDER #2,INTAKE,LEAKING,,LEAK CHECK GOOD.,,,LEAK,CHECK,
102527,CYLINDER #2 INTAKE LEAKING IN CONNECTION POINT TO OIL SUMP.,OK,CYLINDER #2,INTAKE,LEAKING,,SWAGED INTAKE TUBE ATTACHMENT TO OIL SUMP. REPLACED INT,,,"INTAKE TUBE, ATTACHMENT, OIL SUMP","SWAGED, REPLACED",
102528,LOOSELY HANGING FRONT ENGINE RUBBER BAFFLE.,OK,FRONT ENGINE,RUBBER BAFFLE,LOOSE,,SECURED BAFFLE WITH RIVET INTO REQUIRED POSITION.,,,BAFFLE,SECURED,
102529,CYLINDER #2 & 3 ROCKER COVER GASKETS LEAKING.,OK,CYLINDER #2 & 3,ROCKER COVER GASKETS,LEAKING,,LEAK CHECK GOOD.,,,LEAK,CHECK,
102530,CYLINDER #2 & 4 INTAKE GASKETS LEAKING.,OK,CYLINDER #2 & 4,INTAKE GASKETS,LEAKING,,REMOVED & REPLACED INTAKE GASKETS.,,,INTAKE GASKETS,REMOVED & REPLACED,
102531,CYLINDER #2 & 3 ROCKER COVER GASKETS LEAKING.,OK,CYLINDER #2 & 3,ROCKER COVER GASKETS,LEAKING,,REMOVED & REPLACED ROCKER COVER GASKETS.,,,ROCKER COVER GASKETS,REMOVED & REPLACED,
102532,L/H #3 ROCKER COVER GASKET LEAKING.,OK,L/H #3,ROCKER COVER GASKET,LEAKING,,REMOVED & REPLACED GASKET.,,,GASKET,REMOVED & REPLACED,
102533,CYLINDER #3 & 1 ROCKER COVER GASKETS LEAKING.,OK,CYLINDER #3 & 1,ROCKER COVER GASKETS,LEAKING,,REMOVED & REPLACED ROCKER COVER GASKETS.,,,ROCKER COVER GASKETS,REMOVED & REPLACED,
102534,R/H ENGINE CYLINDER #3 ROCKER COVER GASKET LEAKING.,OK,R/H ENGINE CYLINDER #3,ROCKER COVER GASKET,LEAKING,,REPLACED GASKET.,,,GASKET,REPLACED,
102535,R/H ENGINE OIL COOLER LEAKING.,OK,R/H ENGINE,OIL COOLER,LEAKING,,TIGHTENED LOWER FITTING ON OIL COOLER.,,,"LOWER FITTING,OIL COOLER",TIGHTENED,
102536,"#3 INTAKE GASKET LEAKING, L/H ENG.",OK,L/H ENG #3,INTAKE GASKET,LEAKING,,REMOVED & REPLACED INTAKE GASKET.,,,INTAKE GASKET,REMOVED & REPLACED,
102537,"#2 INTAKE GASKET LEAKING, L/H ENG.",OK,"#2, L/H ENG",INTAKE GASKET,LEAKING,,REMOVED & REPLACED INTAKE GASKET.,,,INTAKE GASKET,REMOVED & REPLACED,
102538,TOP LIFTING BRACKET CASE HALF BOLT LEAKING OIL.,OK,TOP LIFTING BRACKET,CASE HALF BOLT OIL,LEAKING,,SEALED LEAK BY RETORQUING NUT.,,,LEAK,SEALED,
102539,R/H ENGINE BAFFLE CRACKED ON LEFT SIDE OF OIL COOLER.,OK,R/H ENGINE LEFT SIDE OF OIL COOLER,BAFFLE,CRACKED,,SEPERATED FROM SIDE BAFFLE & FOUND CRACK TO BE PREVIOUS,,,SIDE BAFFLE,SEPERATED & FOUND,CRACK TO BE PREVIOUS
102540,"ENGINE BAFFLE CHAFING ON #3 OIL RETURN LINE, L/H ENG.",OK,"#3 OIL RETURN LINE, L/H ENG",BAFFLE,CHAFING,,ADJUSTED OIL RETURN LINE TO PREVENT ENGINE BAFFLE CHAFI,,,OIL RETURN LINE,ADJUSTED,
102541,START ASSIST.,DIFFICULT,,,,,STARTED A/C FOR PILOT.,,,A/C,STARTED,
102542,"#2 & 3 ROCKER COVERS LEAKING, L/H ENG.",OK,"#2 & 3, L/H ENG",ROCKER COVERS,LEAKING,,REMOVED & REPLACED ROCKER COVER GASKETS.,,,ROCKER COVER GASKETS,REMOVED & REPLACED,
102543,#3 & 4 INTAKES LEAKING ON R/H ENGINE.,OK,#3 & 4 ON R/H ENGINE,INTAKES,LEAKING,,REMOVED & REPLACED #3 & 4 INTAKE GASKETS.,,,INTAKE GASKETS,REMOVED & REPLACED,
102544,ROCKER BOX COVER SCREWS LOOSE (ALL CYLINDER).,OK,ALL CYLINDER,ROCKER BOX COVER SCREWS,LOOSE,,TIGHTENED SCREWS.,,,SCREWS,TIGHTENED,
102545,#3 & #2 CYLINDER ROCKER DRAIN LINES HAVE NO TORQUE SEAL.,OK,#3 & #2 CYLINDER,ROCKER DRAIN LINES,NO TORQUE SEAL,,"CHECK TORQUE OF B-NUT, TORQUE SEALED.",,,"B-NUT, TORQUE","CHECK, SEALED",
102546,#2 INTAKE GASKET LEAKING.,OK,#2,INTAKE GASKET,LEAKING,,REMOVED & REPLACED #2 INTAKE GASKET.,,,INTAKE GASKET,REMOVED & REPLACED,
102547,"BAFFLE SEAL LOOSE, #1 CYLINDER FORWARD BAFFLE.",OK,#1 CYLINDER FORWARD BAFFLE,BAFFLE SEAL,LOOSE,,RESECURED BAFFLE SEAL TO FORWARD BAFFLE.,,,BAFFLE SEAL,RESECURED,
102548,R/H #4 SIDE BAFFLE IS MISSING A BOLT.,OK,R/H #4 SIDE,BAFFLE BOLT,MISSING,,INSTALLED BOLT & WASHERS.,,,"BOLT, WASHERS",INSTALLED,
102549,L/H #3 ROCKER GASKET IS LEAKING.,OK,L/H #3,ROCKER GASKET,LEAKING,,REMOVED & REPLACED #3 ROCKER COVER GASKET.,,,ROCKER COVER GASKET,REMOVED & REPLACED,
102550,"L/H ENGINE BAFFLE SNAP PLUG HOLE WORN, R/H SIDE ALSO.",OK,"L/H ENGINE, R/H SIDE",BAFFLE SNAP PLUG HOLE,WORN,,"INSTALLED NEW STRIKER PLATES. RIVETED IAW ,",,NEW,"STRIKER PLATES, RIVET","INSTALLED, RIVETED",
102551,L/H OIL COOLER SUPPORT BAFFLE CRACKED.,OK,L/H,OIL COOLER SUPPORT BAFFLE,CRACKED,,LEAK CHECK GOOD ON PROP GOV LINE.,,,LEAK,CHECK,
102552,ALL ROCKER COVERS (BOTH ENGS) HAVE LOOSE SCREWS.,OK,ALL  (BOTH ENGS),ROCKER COVERS SCREWS,LOOSE,,TIGHTENED ALL SCREWS.,,,SCREWS,TIGHTENED,
102553,L/H OIL COOLER SUPPORT BAFFLE CRACKED.,OK,L/H,OIL COOLER SUPPORT BAFFLE,CRACKED,,REPLACED WITH SERVICEABLE BAFFLE ASSY.,,SERVICEABLE,BAFFLE ASSY,REPLACED,
102554,#2 CYLINDER INTAKE GASKET LEAKING.,OK,#2 CYLINDER,INTAKE GASKET,LEAKING,,REMOVED & REPLACED #2 CYLINDER INTAKE GASKET.,,,INTAKE GASKET,REMOVED & REPLACED,
102555,#2 CYLINDER STANDBY ASSEMBLY BROKEN.,OK,#2 CYLINDER,STANDBY ASSEMBLY,BROKEN,,REMOVED & REPLACED #2 CYLINDER ANCHOR STANDBY ASSY.,,,ANCHOR STANDBY ASSY,REMOVED & REPLACED,
102556,#1 CYLINDER ANCHOR STANDBY ASSEMBLY BROKEN.,OK,#1 CYLINDER,ANCHOR STANDBY ASSEMBLY,BROKEN,,REMOVED & REPLACED #1 CYLINDER ANCHOR STANDBY ASSY.,,,ANCHOR STANDBY ASSY,REMOVED & REPLACED,
102557,"#4 CYL, L/H ENG, HAS LOW COMPRESSION.",OK,#4 CYL L/H ENG,,COMPRESSION,,LEAK CHECK GOOD. OPS CHECK GOOD.,,,LEAK,CHECK,
102558,L/H SIDE OF L/H ENGINE BAFFLING CONNECTING ROD BROKEN.,OK,L/H SIDE OF L/H ENGINE,BAFFLING CONNECTING ROD,BROKEN,,REMOVED & REPLACED ROD.,,,ROD,REMOVED & REPLACED,
102559,"#4 CYL, L/H ENG, HAS LOW COMPRESSION.",OK,#4 CYL L/H ENG,,COMPRESSION,,"REMOVED #4 CYL, BAFFLES, OIL LINES & OIL COOLER. REMOVE",,,"#4 CYL, BAFFLES, OIL LINES, OIL COOLER",REMOVED,
102560,"CYLINDER #2 & 3, ON L/H ENGINE, ROCKER COVER GASKETS ARE LEAKING.",OK,CYLINDER #2 & 3 ON L/H ENGINE,ROCKER COVER GASKETS,LEAKING,,REMOVED & REPLACED ROCKER COVER GASKETS.,,,ROCKER COVER GASKETS,REMOVED & REPLACED,
102561,SCREW ON R/H AFT BAFFLE LOOSE.,OK,R/H AFT,BAFFLE SCREW,LOOSE,,RESECURED SCREW.,,,SCREW,RESECURED,
102562,STARTER FRONT CAP LOOSE.,OK,FRONT,STARTER CAP,LOOSE,,SECURED & TIGHTENED STARTER FRONT CAP.,,,STARTER FRONT CAP,SECURED & TIGHTENED,
102563,#3 & 2 ROCKER COVER GASKETS LEAKING.,OK,#3 & 2,ROCKER COVER GASKETS,LEAKING,,REMOVED #3 & 2 ROCKER COVER GASKETS & REPLACED.,,,ROCKER COVER GASKETS,REMOVED & REPLACED,
102564,#2 & 4 INTAKES LEAKING.,OK,#2 & 4,INTAKES,LEAKING,,REMOVED & REPLACED #2 & 4 INTAKE GASKETS.,,,INTAKE GASKETS,REMOVED & REPLACED,
102565,L/H BAFFLE PLUG HOLE IS WORN.,OK,L/H,BAFFLE PLUG HOLE,WORN,,"INSTALLED PATCH, RIVETED IAW SRM.",,,"PATCH,RIVET","INSTALLED,RIVETED",
102566,1 BAFFLE PLUG WORN.,OK,1,BAFFLE PLUG,WORN,,REMOVED & REPLACED BAFFLE PLUG.,,,BAFFLE PLUG,REMOVED & REPLACED,
102567,INTAKE BOOT IS TORN.,OK,,INTAKE BOOT,TORN,,REPLACED BOOT.,,,BOOT,REPLACED,
102568,"LEFT ENGINE #4 BAFFLE CRACKED, NEAR COOLER.",OK,LEFT ENGINE #4,BAFFLE,CRACKED,,STOP DRILLED CRACK.,,,DRILLED CRACK,STOP,
102569,LEFT ENGINE BAFFLE SCREW MISSING FORWARD OF #2 CYL.,OK,LEFT ENGINE FORWARD OF #2 CYL,BAFFLE SCREW,MISSING,,INSTALLED NEW SCREW & WASHERS IN L/H ENGINE BAFFLE.,,NEW,"SCREW, WASHERS",INSTALLED,
102570,"#2, 3 ROCKER COVER GASKETS LEAKING.",OK,"#2, 3",ROCKER COVER GASKETS,LEAKING,,"REPLACED #2, 3 ROCKER COVER GASKETS.",,,ROCKER COVER GASKETS,REPLACED,
102571,#2 CYLINDER ROCKER COVER LEAKING.,OK,#2 CYLINDER,ROCKER COVER,LEAKING,,REPLACED #2 CYLINDER ROCKER COVER GASKET.,,,ROCKER COVER GASKET,REPLACED,
102572,"#2, 4 INTAKE GASKETS LEAKING.",OK,"#2, 4",INTAKE GASKETS,LEAKING,,"REPLACED #2, 4 INTAKE GASKETS.",,,INTAKE GASKETS,REPLACED,
102573,"#2, 3, 4 ROCKER COVER GASKETS LEAKING.",OK,"#2, 3, 4",ROCKER COVER GASKETS,LEAKING,,REPLACED ROCKER COVER GASKETS.,,,ROCKER COVER GASKETS,REPLACED,
102574,ENGINE BAFFLE TIE ROD BROKEN.,OK,ENGINE,BAFFLE TIE ROD,BROKEN,,REMOVED & REPLACED ENGINE BAFFLE TIE ROD.,,,BAFFLE TIE ROD,REMOVED & REPLACED,
102575,L/H AFT ENGINE BAFFLE CRACKED.,OK,L/H AFT ENGINE,BAFFLE,CRACKED,,STOP DRILLED CRACK.,,,DRILLED CRACK,STOP,
102576,#2 & 1 INTAKE LEAKING.,OK,#2 & 1,INTAKE,LEAKING,,REPLACED #1 INTAKE GASKET.,,,INTAKE GASKET,REPLACED,
102577,#2 & 1 INTAKE LEAKING.,OK,#2 & 1,INTAKE,LEAKING,,REPLACED #2 INTAKE GASKET.,,,INTAKE GASKET,REPLACED,
102578,#2 INDUCTION TUBE GASKET LEAKING.,OK,#2,INDUCTION TUBE GASKET,LEAKING,,REMOVED & REPLACED #2 INDUCTION TUBE GASKET.,,,INDUCTION TUBE GASKET,REMOVED & REPLACED,
102579,#1 & 3 CYLINDER LOWER BAFFLE PATCHE IS CRACKED.,OK,#1 & 3 CYLINDER LOWER,BAFFLE PATCH,CRACKED,,STOP DRILLED CRACK.,,,DRILLED CRACK,STOP,
102580,#2 CYLINDER INTAKE LEAKING.,OK,#2 CYLINDER,INTAKE,LEAKING,,REMOVED & REPLACED INTAKE GASKET.,,,INTAKE GASKET,REMOVED & REPLACED,
102581,"INTAKE TUBE LEAKING, CYLINDER #1 ATTACHMENT POINT TO OIL SUMP.",OK,CYLINDER #1 ATTACHMENT POINT TO OIL SUMP,INTAKE TUBE,LEAKING,,LEAK CHECK GOOD.,,,LEAK,CHECK,
102582,"INTAKE TUBE LEAKING, CYLINDER #1 ATTACHMENT POINT TO OIL SUMP.",OK,CYLINDER #1 ATTACHMENT POINT TO OIL SUMP,INTAKE TUBE,LEAKING,,SWAGED INTAKE TUBE ATTACHMENT GROOVE. INSTALLED NEW INT,,NEW,INTAKE TUBE ATTACHMENT GROOVE,SWAGED & INSTALLED,
102583,L/H BAFFLE HAS LOOSE SCREW.,OK,L/H,BAFFLE SCREW,LOOSE,,ADJUSTED BAFFLE & TIGHTENED SCREWS.,,,"BAFFLE, SCREWS",ADJUSTED & TIGHTENED,
102584,CYLINDER #4 INTAKE GASKET LEAKING.,OK,CYLINDER #4,INTAKE GASKET,LEAKING,,REMOVED & REPLACED GASKET.,,,GASKET,REMOVED & REPLACED,
102585,R/H ENGINE #1 CYLINDER BAFFLE CRACKED.,OK,R/H ENGINE #1 CYLINDER,BAFFLE,CRACKED,,STOP DRILLED CRACK.,,,DRILLED CRACK,STOP,
102586,R/H ENGINE #4 CYLINDER UPPER BAFFLE SEAL LOOSE.,OK,R/H ENGINE #4 CYLINDER UPPER,BAFFLE SEAL,LOOSE,,INSTALLED NEW RIVET IN BAFFLE SEAL.,,NEW,"RIVET, BAFFLE SEAL","INSTALLED, INSTALLED",
102587,"L/H ENGINE #2, 3 & 4 ROCKER BOX COVER GASKETS LEAKING.",OK,"L/H ENGINE #2, 3 & 4",ROCKER BOX COVER GASKETS,LEAKING,,TIGHTENED ALL ROCKER BOX COVERS.,,,ROCKER BOX COVERS,TIGHTENED,
102588,#3 CYLINDER SIDE BAFFLE HAS LOOSE HARDWARE.,OK,#3 CYLINDER SIDE,BAFFLE HARDWARE,LOOSE,,REMOVED & REPLACED BAFFLE SCREW & WASHER.,,,BAFFLE SCREW & WASHER,REMOVED & REPLACED,
102589,"ENGINE COOLING BAFFLE MISISNG SCREW, R/H SIDE.",OK,R/H SIDE,COOLING BAFFLE SCREW,MISSING,,REPLACED MISSING SCREW ON R/H SIDE OF ENGINE COOLING BA,,,SCREW,REPLACED,
102590,ENGINE R/H REAR BAFFLE SCREW LOOSE.,OK,ENGINE R/H REAR,BAFFLE SCREW,LOOSE,,TIGHTENED SCREW.,,,SCREW,TIGHTENED,
102591,#3 & 4 CYLINDER ROCKER COVER GASKETS LEAKING.,OK,#3 & 4 CYLINDER,ROCKER COVER GASKETS,LEAKING,,REMOVED & REPLACED #3 & 4 CYLINDER ROCKER COVER GASKETS.,,,ROCKER COVER GASKETS,REMOVED & REPLACED,
102592,#1 CYLINDER BAFFLE CRACK SPREADING BEYOND EXISTING STOP DRILL.,OK,#1 CYLINDER,BAFFLE,CRACK,,"STOP DRILLED CRACK, FABRICATED PATCH FROM LIKE MATERIAL",,LIKE MATERIAL,"DRILLED CRACK , PATCH","STOP , FABRICATED",
102593,CYLINDER #3 ROCKER COVER GASKET LEAKING.,OK,CYLINDER #3,ROCKER COVER GASKET,LEAKING,,REMOVED & REPLACED #3 ROCKER COVER GASKET.,,,ROCKER COVER GASKET,REMOVED & REPLACED,
102594,#4 INDUCTION TUBE GASKET LEAKING.,OK,#4,INDUCTION TUBE GASKET,LEAKING,,REMOVED & REPLACED INDUCTION TUBE GASKET.,,,INDUCTION TUBE GASKET,REMOVED & REPLACED,
102595,L/H ENGINE BAFFLE PLUG HOLE WORN.,OK,L/H ENGINE,BAFFLE PLUG HOLE,WORN,,INSTALLED BAFFLE DOUBLER IAW,,,BAFFLE DOUBLER,INSTALLED,
102596,#1 & 4 INTAKES LEAKING.,OK,#1 & 4,INTAKES,LEAKING,,REMOVED & REPLACED INTAKE GASKETS.,,,INTAKE GASKETS,REMOVED & REPLACED,
102597,#2 ROCKER COVER LEAKING.,OK,#2,ROCKER COVER,LEAKING,,REMOVED & REPLACED #2 ROCKER COVER GASKET WITH NEW.,,NEW,ROCKER COVER GASKET,REMOVED & REPLACED,
102598,#2 INTAKE GASKET IS LEAKING.,OK,#2,INTAKE GASKET,LEAKING,,REPLACED GASKET. LEAK CHECK GOOD.,,,"GASKET, LEAK","REPLACED, CHECK",
102599,BOTH BAFFLE PLUGS WORN.,OK,BOTH,BAFFLE PLUGS,WORN,,REMOVED & REPLACED PLUGS.,,,PLUGS,REMOVED & REPLACED,
102600,#1 CYLINDER SIDE BAFFLE IS CRACKED.,OK,#1 CYLINDER SIDE,BAFFLE,CRACKED,,"STOP DRILLED CRACK, FABRICATED PATCH OF LIKE MATERIAL,",,LIKE MATERIAL,"CRACK,PATCH","STOP , FABRICATED",
102601,FUEL LINE SUPPORT BRACKET AT BAFFLE SUPPORT LOOSE.,OK,AT BAFFLE SUPPORT,FUEL LINE SUPPORT BRACKET,LOOSE,,TIGHTENED FUEL LINE SUPPORT BRACKET AT BAFFLE SUPPORT.,,,FUEL LINE SUPPORT BRACKET,TIGHTENED,
102602,#2 & 4 INTAKE GASKETS LEAKING.,OK,#2 & 4,INTAKE GASKETS,LEAKING,,"REMOVED & REPLACED CYLINDER #2, 4 INTAKE GASKETS.",,,INTAKE GASKETS,REMOVED & REPLACED,
102603,ENGINE OVERSPEED.,OK,ENGINE,,OVERSPEED,,"DETERMINED TO BE PILOT INDUCED MOMENTARY OVERSPEED, NO",,,,,
102604,#4 INTAKE LEAKS.,OK,#4,INTAKE,LEAKS,,REPLACED GASKET.,,,GASKET,REPLACED,
102605,#1 ROCKER COVER GASKET LEAKING.,OK,#1,ROCKER COVER GASKET,LEAKING,,REPLACED ROCKER COVER GASKET.,,,ROCKER COVER GASKET,REPLACED,
102606,#2 & 4 INTAKES LEAKING.,OK,#2 & 4,INTAKES,LEAKING,,REMOVED & REPLACED INTAKE GASKETS.,,,INTAKE GASKETS,REMOVED & REPLACED,
102607,#2 & 3 ROCKER COVER LEAKING.,OK,#2 & 3,ROCKER COVER,LEAKING,,REMOVED & REPLACED ROCKER COVER GASKETS.,,,ROCKER COVER GASKETS,REMOVED & REPLACED,
102608,#2 INTAKE LEAKING.,OK,#2,INTAKE,LEAKING,,REPLACED GASKET.,,,GASKET,REPLACED,
102609,#4 ROCKER COVER GASKET LEAKING.,OK,#4,ROCKER COVER GASKET,LEAKING,,REMOVED & REPLACED #4 ROCKER COVER GASKET.,,,ROCKER COVER GASKET,REMOVED & REPLACED,
102610,"RIVET MISSING ON R/H BAFFLE HOLD DOWN ANGLE, BEHIND OIL COOL",OK,R/H HOLD DOWN ANGLE BEHIND OIL COOL,BAFFLE RIVET,MISSING,,"REMOVED BAFFLE, REPLACED MISSING RIVET. INSTALLED BAFFL",,,"BAFFLE,RIVET,BAFFL","REMOVED,REPLACED,INSTALLED",
102611,#2 & 4 ROCKER GASKETS ARE LEAKING.,OK,#2 & 4,ROCKER GASKETS,LEAKING,,REPLACED GASKETS.,,,GASKETS,REPLACED,
102612,"CRACK IN ENGINE COWLING BAFFLE, #1 CYL.",OK,ENGINE #1 CYL,COWLING BAFFLE,CRACK,,STOP DRILLED CRACK.,,,DRILLED CRACK,STOP,
102613,#1 & 2 ROCKER COVER GASKETS LEAKING.,OK,#1 & 2,ROCKER COVER GASKETS,LEAKING,,REMOVED & REPLACED #1 & 2 ROCKER COVER GASKETS.,,,ROCKER COVER GASKETS,REMOVED & REPLACED,
102614,#2 & 3 ROCKER COVER GASKETS LEAKING.,OK,#2 & 3,ROCKER COVER GASKETS,LEAKING,,REMOVED & REPLACED #2 & 3 ROCKER COVER GASKETS.,,,ROCKER COVER GASKETS,REMOVED & REPLACED,
102615,CYLINDER #2 & 3 ROCKER COVER GASKETS LEAKING.,OK,CYLINDER #2 & 3,ROCKER COVER GASKETS,LEAKING,,REMOVED & REPLACED ROCKER COVER GASKETS.,,,ROCKER COVER GASKETS,REMOVED & REPLACED,
102616,#2 ROCKER GASKET LEAKING.,OK,#2,ROCKER GASKET,LEAKING,,REMOVED & REPLACED CYLINDER #2 ROCKER GASKET.,,,ROCKER GASKET,REMOVED & REPLACED,
102617,#4 & 3 INTAKES LEAKING.,OK,#4 & 3,INTAKES,LEAKING,,REMOVED & REPLACED INTAKE GASKETS.,,,INTAKE GASKETS,REMOVED & REPLACED,
102618,#2 & 3 ROCKER COVERS LEAKING.,OK,#2 & 3,ROCKER COVERS,LEAKING,,REMOVED & REPLACED ROCKER COVERS.,,,ROCKER COVERS,REMOVED & REPLACED,
102619,DID NORMAL START & WHEN IT FIRED - ENGINE RAN ROUGH FOR SEVE,OK,ENGINE,,ROUGH,,"COULD NOT DUPLICATE DISCREP. RAN UP A/C, PERFORMED MAG,",,,"A/C, MAG",RAN & PERFORMED,
102620,L/H ENGINE #2 CYLINDER INTAKE GASKET IS LEAKING.,OK,L/H ENGINE #2 CYLINDER,INTAKE GASKET,LEAKING,,REPLACED GASKET.,,,GASKET,REPLACED,
102621,#1 & 4 INTAKE GASKETS LEAKING ON R/H ENGINE.,OK,#1 & 4 ON R/H ENGINE,INTAKE GASKETS,LEAKING,,REMOVED & REPLACED #1 & 4 INTAKE GASKETS ON R/H ENGINE.,,,INTAKE GASKETS,REMOVED & REPLACED,
102622,#2 ROCKER COVER GASKET LEAKING.,OK,#2,ROCKER COVER GASKET,LEAKING,,REMOVED & REPLACED #2 ROCKER COVER GASKET.,,,ROCKER COVER GASKET,REMOVED & REPLACED,
102623,"ENGINE BAFFLE SUPPORT BRACKET HAS LOOSE SCREWS, #3 CYL.",OK,#3 CYL,BAFFLE SUPPORT BRACKET SCREWS,LOOSE,,TIGHTENED LOOSE SCREWS ON #3 CYLINDER ENGINE BAFFLE.,,,SCREWS,TIGHTENED,
102624,COWL SEAL BY #2 CYLINDER NEEDS TO BE REATTCHED TO BAFFLING.,OK,#2 CYLINDER,COWL SEAL,NEED PROBLEM,,RESECURED COWL SEAL TO #2 CYLINDER BAFFLING WITH NEW FASTENER.,,NEW FASTENER,COWL SEAL,RESECURED,
102625,#2 INTAKE GASKET LEAKING.,OK,#2,INTAKE GASKET,LEAKING,,REPLACED GASKET.,,,GASKET,REPLACED,
102626,#4 INTAKE GASKET LEAKS.,OK,#4,INTAKE GASKET,LEAKS,,REMOVED & REPLACED GASKET.,,,GASKET,REMOVED & REPLACED,
102627,#2 ROCKER COVER GASKET LEAKS.,OK,#2,ROCKER COVER GASKET,LEAKS,,REMOVED & REPLACED GASKET.,,,GASKET,REMOVED & REPLACED,
102628,#2 INTAKE LEAKING.,OK,#2,INTAKE,LEAKING,,REMOVED & REPLACED GASKET.,,,GASKET,REMOVED & REPLACED,
102629,#2 ROCKER COVER LEAKING.,OK,#2,ROCKER COVER,LEAKING,,REMOVED & REPLACED GASKET.,,,GASKET,REMOVED & REPLACED,
102630,HARDWARE MISSING FROM R/H AFT SIDE BAFFLE.,OK,R/H AFT SIDE,BAFFLE HARDWARE,MISSING,,INSTALLED NEW HARDWARE.,,NEW,HARDWARE,INSTALLED,
102631,#3 ROCKER COVER GASKET LEAKING.,OK,#3,ROCKER COVER GASKET,LEAKING,,INSTALLED NEW GASKET.,,NEW,GASKET,INSTALLED,
102632,#2 INTAKE GASKET LEAKING.,OK,#2,INTAKE GASKET,LEAKING,,REMOVED & REPLACED #2 INTAKE GASKET.,,,INTAKE GASKET,REMOVED & REPLACED,
102633,#3 ROCKER COVER GASKET LEAKING.,OK,#3,ROCKER COVER GASKET,LEAKING,,REMOVED & REPLACED #3 CYLINDER ROCKER COVER GASKET.,,,ROCKER COVER GASKET,REMOVED & REPLACED,
102634,#4 CYLINDER TOP SPARK PLUG ACCESS HOLE ON ENGINE BAFFLE REQUIRES,OK,#4 CYLINDER TOP,SPARK PLUG ACCESS HOLE ENGINE BAFFLE,REQUIRE PROBLEM,,INSTALLED SPARK PLUG ACCESS HOLE PATCH TO #4 CYLINDER,,,SPARK PLUG ACCESS HOLE PATCH,INSTALLED,
102635,3 EACH BAFFLE SCREWS MISSING.,OK,3 EACH,BAFFLE SCREWS,MISSING,,INSTALLED SCREWS.,,,SCREWS,INSTALLED,
102636,#2 & 4 ROCKER COVER GASKETS LEAKING.,OK,#2 & 4,ROCKER COVER GASKETS,LEAKING,,REMOVED & REPLACED #2 & 4 ROCKER COVER GASKETS.,,,ROCKER COVER GASKETS,REMOVED & REPLACED,
102637,#2 ROCKER COVER GASKET LEAKING.,OK,#2,ROCKER COVER GASKET,LEAKING,,REMOVED & REPLACED #2 ROCKER COVER GASKET.,,,ROCKER COVER GASKET,REMOVED & REPLACED,
102638,START ASSIST.,DIFFICULT,,,,,"STARTED A/C FOR PILOT, USING NORMAL PROCEDURES.",,,A/C,STARTED,
102639,#2 INTAKE IS LEAKING.,OK,#2,INTAKE,LEAKING,,REMOVED & REPLACED GASKET.,,,GASKET,REMOVED & REPLACED,
102640,#2 CYLINDER ROCKER COVER GASKET IS LEAKING.,OK,#2 CYLINDER,ROCKER COVER GASKET,LEAKING,,REMOVED & REPLACED GASKET.,,,GASKET,REMOVED & REPLACED,
102641,#4 ROCKER GASKET LEAKING.,OK,#4,ROCKER GASKET,LEAKING,,REMOVED & REPLACED #4 CYLINDER ROCKER COVER GASKET. LEAK CHECK,,,"ROCKER COVER GASKET, LEAK","REMOVED & REPLACED , CHECK",
102642,"CRACK ON ENGINE COOLING BAFFLE, #1 CYL.",OK,#1 CYL,COOLING BAFFLE,CRACK,,STOP DRILLED CRACK.,,,DRILLED CRACK,STOP,
102643,#2 INTAKE GASKET LEAKING.,OK,#2,INTAKE GASKET,LEAKING,,REMOVED & REPLACED #2 INTAKE GASKET.,,,INTAKE GASKET,REMOVED & REPLACED,
102644,#1 ROCKER COVER GASKET LEAKING.,OK,#1,ROCKER COVER GASKET,LEAKING,,REMOVED & REPLACED #1 ROCKER COVER GASKET.,,,ROCKER COVER GASKET,REMOVED & REPLACED,
102645,"SCREW LOOSE ON BAFFLE, BEHIND OIL FILLER TUBE.",OK,BEHIND OIL FILLER TUBE,BAFFLE SCREW,LOOSE,,REMOVED & REPLACED BAFFLE SCREW.,,,BAFFLE SCREW,REMOVED & REPLACED,
102646,"BAFFLE SEAL, ON BOTTOM RIGHT SIDE, NEEDS TO BE SECURED.",OK,BOTTOM RIGHT SIDE,BAFFLE SEAL,NEED PROBLEM,,SECURED BOTTOM RIGHT SIDE BAFFLE SEAL.,,,BAFFLE SEAL,SECURED,
102647,L/H BAFFLE O/B SPRING IS BROKEN.,OK,L/,BAFFLE O/B SPRING,BROKEN,,REMOVED & REPLACED SPRING WITH NEW.,,NEW,SPRING,REMOVED & REPLACED,
102648,L/H BAFFLE I/B SPRING HAS PULLED THROUGH.,OK,L/H,BAFFLE I/B SPRING,PULLED THROUGH,,DRILLED NEW HOLE INTO BAFFLING & REINSTALLED SPRING.,,,"HOLE, BAFFLING, SPRING","DRILLED, REINSTALLED",
102649,#2 & 4 ROCKER COVERS ARE LEAKING.,OK,#2 & 4,ROCKER COVERS,LEAKING,,REMOVED & REPLACED GASKETS.,,,GASKETS,REMOVED & REPLACED,
102650,#2 INTAKE LEAKING.,OK,#2,INTAKE,LEAKING,,REPLACED INTAKE GASKET.,,,INTAKE GASKET,REPLACED,
102651,L/H BAFFLE PLUG WORN.,OK,L/H,BAFFLE PLUG,WORN,,REPLACED BAFFLE PLUG.,,,BAFFLE PLUG,REPLACED,
102652,"#2, 3 & 4 ROCKER COVERS LEAKING.",OK,"#2, 3 & 4",ROCKER COVERS,LEAKING,,REPLACED ROCKER COVER GASKETS.,,,ROCKER COVER GASKETS,REPLACED,
102653,#2 & 3 ROCKER COVERS INSTALLED WITH BAFFLE TUBE UNDER COVERS.,DIFFICULT,,,,,REMOVED ROCKER COVERS. ALIGNED BRACKETS CORRECTLY. REIN,,,"ROCKER COVERS, BRACKETS","REMOVED, ALIGNED",
102654,FRONT & L/H ENGINE BAFFLE CRACKED.,OK,FRONT & L/H ENGINE,BAFFLE,CRACKED,,STOP DRILLED CRACK.,,,DRILLED CRACK,STOP,
102655,#4 INTAKE GASKET LEAKING.,OK,#4,INTAKE GASKET,LEAKING,,REPLACED #4 INTAKE GASKET.,,,INTAKE GASKET,REPLACED,
102656,"#1, 2, 4 ROCKER COVER GASKETS LEAKING.",OK,"#1, 2, 4",ROCKER COVER GASKETS,LEAKING,,"REPLACED #1, 2, 4 ROCKER COVER GASKETS.",,,ROCKER COVER GASKETS,REPLACED,
102657,MANIFOLD PSI GAUGE READS ATMOSPHERIC PRESSURE.,OK,MANIFOLD PSI GAUGE,GAUGE,PRESSURE,,INSPECTED & FOUND MANIFOLD PSI LINE BROKEN AT FERRULE.,,,MANIFOLD PSI LINE,INSPECTED & FOUND,MANIFOLD PSI LINE BROKEN
102658,"INTAKE GASKETS #2, 3 4 CYLINDERS ARE LEAKING ON R/H ENG.",OK,"#2, 3 4 CYLINDERS R/H ENG",INTAKE GASKETS,LEAKING,,REMOVED & REPLACED INTAKE GASKETS.,,,INTAKE GASKETS,REMOVED & REPLACED,
102659,L/H ENGINE BROKEN BAFFLE ROD RUNNING ALONG CYLINDER #2 & 4.,OK,L/H ENGINE CYLINDER #2 & 4,BAFFLE ROD,BROKEN,,REMOVED & REPLACED L/H ENGINE BAFFLE TIE ROD.,,,BAFFLE TIE ROD,REMOVED & REPLACED,
102660,CYLINDER #2 & 3 LEFT ENGINE LEAKING INTAKE GASKETS.,OK,CYLINDER #2 & 3 LEFT ENGINE,INTAKE GASKETS,LEAKING,,REMOVED & REPLACED INTAKE GASKETS ON #2 & 3 CYLINDER OF L/H,,,INTAKE GASKETS,REMOVED & REPLACED,
102661,"ROCKER COVER GASKETS, CYLINDER #2 & 4 R/H ENG, LEAKING.",OK,CYLINDER #2 & 4 R/H ENG,ROCKER COVER GASKETS,LEAKING,,REMOVED & REPLACED VALVE COVER GASKETS ON R/H ENG.,,,VALVE COVER GASKETS,REMOVED & REPLACED,
102662,"LEFT ENGINE ROCKER COVER GASKETS CYLINDER #2, 3 & 4 LEAKING.",OK,"LEFT ENGINE CYLINDER #2, 3 & 4",ROCKER COVER GASKETS,LEAKING,,"REMOVED & REPLACED VALVE COVER GASKETS ON CYLINDER #2, 3 & 4",,,VALVE COVER GASKETS,REMOVED & REPLACED,
102663,#3 & 4 ROCKER COVER GASKETS LEAKING.,OK,#3 & 4,ROCKER COVER GASKETS,LEAKING,,REMOVED & REPLACED #3 & 4 CYLINDER ROCKER COVER GASKETS.,,,ROCKER COVER GASKETS,REMOVED & REPLACED,
102664,"CYLINDER #2 INTAKE GASKET LEAKING, L/H ENG.",OK,CYLINDER #2 L/H ENG,INTAKE GASKET,LEAKING,,REMOVED & REPLACED INTAKE GASKET.,,,INTAKE GASKET,REMOVED & REPLACED,
102665,#3 INTAKE LEAKING ON R/H ENGINE.,OK,#3 ON R/H ENGINE,INTAKE,LEAKING,,REMOVED & REPLACED #3 INTAKE GASKET ON R/H ENGINE.,,,INTAKE GASKET,REMOVED & REPLACED,
102666,"L/H ENG, #3 CYLINDER ROCKER COVER GASKET LEAKING.",OK,L/H ENG #3 CYLINDER,ROCKER COVER GASKET,LEAKING,,REMOVED & REPLACED ROCKER COVER GASKET.,,,ROCKER COVER GASKET,REMOVED & REPLACED,
102667,#4 INTAKE LEAKING.,OK,#4,INTAKE,LEAKING,,REMOVED & REPLACED INTAKE GASKET.,,,INTAKE GASKET,REMOVED & REPLACED,
102668,#3 & 4 ROCKER COVERS LEAKING.,OK,#3 & 4,ROCKER COVERS,LEAKING,,REMOVED & REPLACED ROCKER COVER GASKETS.,,,ROCKER COVER GASKETS,REMOVED & REPLACED,
102669,#4 INTAKE GASKET LEAKS.,OK,#4,INTAKE GASKET,LEAKS,,REPLACED #4 INTAKE GASKET WITH NEW.,,NEW,INTAKE GASKET,REPLACED,
102670,R/H ENGINE #2 INTAKE LEAKING.,OK,R/H ENGINE #2,INTAKE,LEAKING,,"REMOVED & REPLACED #2 INTAKE GASKET, R/H ENG.",,,"INTAKE GASKET, ENGINE",REMOVED & REPLACED,
102671,"#4 INTAKE GASKET LEAKING, R/H ENG.",OK,"#4, R/H ENG",INTAKE GASKET,LEAKING,,REMOVED & REPLACED #4 INTAKE GASKET ON R/H ENG.,,,INTAKE GASKET,REMOVED & REPLACED,
102672,"#2, 3 & 4 ROCKER COVER GASKETS LEAKING, R/H ENG.",OK,"R/H ENG #2, 3 & 4",ROCKER COVER GASKETS,LEAKING,,"REMOVED & REPLACED CYLINDER #2, 3, 4 ROCKER COVER GASKETS.",,,ROCKER COVER GASKETS,REMOVED & REPLACED,
102673,L/H ENGINE CYLINDER #3 & 4 ROCKER COVER GASKETS LEAKING.,OK,L/H ENGINE CYLINDER #3 & 4,ROCKER COVER GASKETS,LEAKING,,"REMOVED & REPLACED L/H CYLINDER #3, 4 ROCKER COVER GASKETS.",,,ROCKER COVER GASKETS,REMOVED & REPLACED,
102674,#4 ROCKER COVER GASKET LEAKING.,OK,#4,ROCKER COVER GASKET,LEAKING,,REMOVED & REPLACED GASKET.,,,GASKET,REMOVED & REPLACED,
102675,CYLINDER #2 INTAKE GASKET LEAKING.,OK,CYLINDER #2,INTAKE GASKET,LEAKING,,REMOVED & REPLACED INTAKE GASKET.,,,INTAKE GASKET,REMOVED & REPLACED,
102676,#3 CYLINDER BAFFLE PLUG IS MISSING.,OK,#3 CYLINDER,BAFFLE PLUG,MISSING,,INSTALLED NEW BAFFLE PLUG.,,NEW,BAFFLE PLUG,INSTALLED,
102677,2 RIVETS MISSING FROM ENGINE DATA PLATE.,OK,ENGINE DATA PLATE,RIVETS,MISSING,,INSTALLED 2 NEW RIVETS ON DATA PLATE.,,NEW,RIVETS,INSTALLED,
102678,BAFFLE SCREW BEHIND OIL FILLER TUBE LOOSE.,OK,BEHIND OIL FILLER TUBE,BAFFLE SCREW,LOOSE,,REMOVED & REPLACED BAFFLE SCREW.,,,BAFFLE SCREW,REMOVED & REPLACED,
102679,#2 & 3 ROCKER COVER GASKETS LEAKING.,OK,#2 & 3,ROCKER COVER GASKETS,LEAKING,,"REMOVED & REPLACED #2, 3 ROCKER COVER GASKETS.",,,ROCKER COVER GASKETS,REMOVED & REPLACED,
102680,START ASSIST.,DIFFICULT,,,,,STARTED A/C USING NORMAL PROCEDURES.,,,A/C,STARTED,
102681,PILOT REQUESTS START ASSIST.,DIFFICULT,,,,,ASSISTED START.,,,START,ASSISTED,
102682,PILOT REQUESTS START ASSIST.,DIFFICULT,,,,,ASSISTED START.,,,START,ASSISTED,
102683,START ASSIST.,DIFFICULT,,,,,ASSISTED PILOT STARTING A/C.,,,A/C,ASSISTED,
102684,#3 INTAKE LEAKING ON L/H ENGINE.,OK,#3 ON L/H ENGINE,INTAKE,LEAKING,,REMOVED & REPLACED #3 INTAKE GASKET ON L/H ENG.,,,INTAKE GASKET,REMOVED & REPLACED,
102685,"#2, 3 & 4 ROCKERS LEAKING ON L/H ENGINE.",OK,"#2, 3 & 4 ON L/H ENGINE",ROCKERS,LEAKING,,"REMOVED & REPLACED #2, 3, 4 ROCKER COVER GASKETS ON L/H",,,ROCKER COVER GASKETS,REMOVED & REPLACED,
102686,"#2, 3, 4 ROCKER COVERS LEAKING ON R/H ENGINE.",OK,"#2, 3, 4 ON R/H ENGINE",ROCKER COVERS,LEAKING,,"REMOVED & REPLACED #2, 3, 4 ROCKER COVER GASKETS ON R/H",,,ROCKER COVER GASKETS,REMOVED & REPLACED,
102687,"L/H ENG, R/H REAR BAFFLE IS CRACKED.",OK,"L/H ENG, R/H REAR",BAFFLE,CRACKED,,STOP DRILLED CRACK.,,,DRILLED CRACK,STOP,
102688,"L/H ENG, L/H REAR BAFFLE IS CRACKED.",OK,"L/H ENG, L/H REAR",BAFFLE,CRACKED,,REMOVED & REPLACED CRACKED ANGLE BRACKET.,,,ANGLE BRACKET,REMOVED & REPLACED,
102689,ALL 4 INTAKES LEAKING ON R/H ENGINE.,OK,ALL 4 ON R/H ENGINE,INTAKES,LEAKING,,REMOVED & REPLACED INTAKE GASKETS ON ALL CYLS.,,,INTAKE GASKETS,REMOVED & REPLACED,
102690,ALL INTAKES ON L/H ENGINE ARE LEAKING.,OK,ALL INTAKES ON L/H ENGINE,INTAKES,LEAKING,,REMOVED & REPLACED ALL INTAKE GASKETS ON ALL CYLS.,,,INTAKE GASKETS,REMOVED & REPLACED,
102691,L/H ENGINE CARBURETOR AIR BOX HAS SHEARED RIVET ON TOP FORWARD SIDE.,OK,L/H ENGINE,CARBURETOR AIR BOX RIVET,SHEARED,,REMOVED & REPLACED DAMAGED RIVET.,,DAMAGED,RIVET,REMOVED & REPLACED,
102692,ALL 4 ROCKER COVERS LEAKING ON R/H ENGINE.,OK,ALL 4 ON R/H ENGINE,ROCKER COVERS,LEAKING,,REMOVED & REPLACED ROCKER COVER GASKETS ON ALL CYLS.,,,ROCKER COVER GASKETS,REMOVED & REPLACED,
102693,ALL ROCKER COVERS ON L/H ENGINE ARE LEAKING.,OK,ALL ON L/H ENGINE,ROCKER COVERS,LEAKING,,REMOVED & REPLACED ROCKER COVER GASKETS ON ALL CYLS.,,,ROCKER COVER GASKETS,REMOVED & REPLACED,
102694,L/H ENGINE CARBURETOR AIR BOX APPEARS TO HAVE BEEN ON FIRE.,OK,L/H ENGINE,CARBURETOR AIR BOX,FIRE,,"UPON FURTHER INSP, FOUND FIRE DAMAGE TO CARBURETOR AIR VALVE",,,CARBURETOR AIR VALVE,INSP & FOUND,FIRE DAMAGE TO CARBURETOR AIR VALVE
102695,#4 ROCKER COVER GASKET LEAKING.,OK,#4,ROCKER COVER GASKET,LEAKING,,REMOVED & REPLACED ROCKER COVER GASKET.,,,ROCKER COVER GASKET,REMOVED & REPLACED,
102696,AIR INTAKE TUBING TORN.,OK,,AIR INTAKE TUBING,TORN,,REMOVED & REPLACED AIR INTAKE TUBE.,,,AIR INTAKE TUBE,REMOVED & REPLACED,
102697,BAFFLING SUPPORT BRACKET BROKEN ON CYLINDER #2.,OK,CYLINDER #2,BAFFLING SUPPORT BRACKET,BROKEN,,FABRICATED NEW BAFFLE SUPPORT BRACKET ON #2 CYL.,,NEW,BAFFLE SUPPORT BRACKET,FABRICATED,
102698,FRONT R/H ENGINE BAFFLING RIVETS SHEARED.,OK,FRONT R/H ENGINE,BAFFLING RIVETS,SHEARED,,REMOVED & REPLACED RIVETS ON FRONT R/H ENGINE BAFFLING.,,,RIVETS,REMOVED & REPLACED,
102699,R/H SIDE ENGINE BAFFLING CONECTION WIRE BROKEN.,OK,R/H SIDE ENGINE,BAFFLING CONNECTION WIRE,BROKEN,,INSTALLED NEW CONNECTION WIRE TO R/H ENGINE BAFFLING ON BO,,NEW,CONNECTION WIRE,INSTALLED,
102700,"CRACK IN BAFFLING, TOP R/H SIDE OF ENG, NEXT TO ENGINE MOUNT BO",OK,TOP R/H SIDE OF ENG,BAFFLING,CRACK,,"STOP DRILLED CRACK IN R/H SIDE ENGINE BAFFLING, NEXT TO",,,ENGINE BAFFLING,STOP DRILLED,
102701,"CRACK IN FRONT OF L/H SIDE OF ENGINE BAFFLING, IN FRONT OF #2 C",OK,"L/H SIDE OF ENGINE, IN FRONT OF #2 C",BAFFLING,CRACK,,STOP DRILLED CRACK ON L/H SIDE ENGINE BAFFLING IN FRONT OF,,,DRILLED CRACK,STOP,
102702,#2 ROCKER COVER GASKET LEAKING.,OK,#2,ROCKER COVER GASKET,LEAKING,,REMOVED & REPLACED #2 ROCKER COVER GASKET.,,,ROCKER COVER GASKET,REMOVED & REPLACED,
102703,START ASSIST.,DIFFICULT,,,,,STARTED A/C USING NORMAL PROCEDURES.,,,A/C,STARTED,
102704,CYLINDER #4 INTAKE GASKET LEAKING.,OK,CYLINDER #4,INTAKE GASKET,LEAKING,,REMOVED & REPLACED INTAKE GASKET.,,,INTAKE GASKET,REMOVED & REPLACED,
102705,"ROCKER COVER GASKETS CYLINDER #1, 3 & 4 LEAKING.",OK,"CYLINDER #1, 3 & 4",ROCKER COVER GASKETS,LEAKING,,REMOVED & REPLACED ROCKER COVER GASKETS.,,,ROCKER COVER GASKETS,REMOVED & REPLACED,
102706,BAFFLING SUPPORT BRACKET ON CYLINDER #2 CRACKED.,OK,CYLINDER #2,BAFFLING SUPPORT BRACKET,CRACKED,,REMOVED & REPLACED SUPPORT BRACKET.,,,SUPPORT BRACKET,REMOVED & REPLACED,
102707,"OVERSPEED ENGINE @ 2840 RPM, OVER REVED ENGINE FOR 1 SECOND.",OK,ENGINE,,OVERSPEED,,"DOWNLOADED DATA FROM FDM CARD, HIGHEST RPM FOUND WAS 28",,,DATA,DOWNLOADED,
102708,R/H #2 & 3 ROCKER GASKET LEAKING.,OK,R/H #2 & 3,ROCKER GASKET,LEAKING,,REMOVED & REPLACED GASKETS.,,,GASKETS,REMOVED & REPLACED,
102709,L/H #2 & 3 ROCKER GASKETS ARE LEAKING.,OK,L/H #2 & 3,ROCKER GASKETS,LEAKING,,REMOVED & REPLACED GASKETS.,,,GASKETS,REMOVED & REPLACED,
102710,R/H #3 INTAKE GASKET LEAKING.,OK,R/H #3,INTAKE GASKET,LEAKING,,REMOVED & REPLACED R/H #3 INTAKE GASKET.,,,INTAKE GASKET,REMOVED & REPLACED,
102711,L/H INTAKE GASKET #2 LEAKING.,OK,L/H #2,INTAKE GASKET,LEAKING,,REMOVED & REPLACED L/H #2 INTAKE GASKET.,,,INTAKE GASKET,REMOVED & REPLACED,
102712,"CYLINDER #1, 3, 4 ROCKER COVER GASKETS LEAKING.",OK,"CYLINDER #1, 3, 4",ROCKER COVER GASKETS,LEAKING,,REMOVED & REPLACED ROCKER COVER GASKETS.,,,ROCKER COVER GASKETS,REMOVED & REPLACED,
102713,A/C FAILS MIXTURE OVERRIDE CK.,OK,A/C,,FAILS,,"RAN A/C, MIXTURE & IDLE CHECKS GOOD.",,,"A/C, MIXTURE, IDLE",RAN & CHECK,
102714,#4 ROCKER COVER GASKET LEAKING.,OK,#4,ROCKER COVER GASKET,LEAKING,,REMOVED & REPLACED #4 ROCKER COVER GASKET.,,,ROCKER COVER GASKET,REMOVED & REPLACED,
102715,SNIFFLER VALVES DIRTY.,OK,,SNIFFLER VALVES,DIRTY,,CLEANED VALVES.,,,VALVES,CLEANED,
102716,R/H ENGINE #2 INTAKE IS LEAKING.,OK,R/H ENGINE #2,INTAKE,LEAKING,,REPLACED GASKET.,,,GASKET,REPLACED,
102717,CYLINDER #3 INTAKE GASKET LEAKING.,OK,CYLINDER #3,INTAKE GASKET,LEAKING,,REMOVED & REPLACED GASKET.,,,GASKET,REMOVED & REPLACED,
102718,CYLINDER #4 ROCKER COVER GASKET LEAKING.,OK,CYLINDER #4,ROCKER COVER GASKET,LEAKING,,REMOVED & REPLACED #4 CYLINDER ROCKER COVER GASKET.,,,ROCKER COVER GASKET,REMOVED & REPLACED,
102719,#3 INTAKE LEAKING.,OK,#3,INTAKE,LEAKING,,REMOVED & REPLACED INTAKE GASKET.,,,INTAKE GASKET,REMOVED & REPLACED,
102720,#3 ROCKER COVER LEAKING.,OK,#3,ROCKER COVER,LEAKING,,REMOVED & REPLACED ROCKER COVER GASKET.,,,ROCKER COVER GASKET,REMOVED & REPLACED,
102721,R/H ENGINE OIL LEAK AT FILTER HOUSING AFTER RUN UP.,OK,R/H ENGINE,FILTER HOUSING OIL,LEAK,,"REPLACED COVER O-RING, RAN, LEAK CHECK OK.",,NEW,"COVER O-RING, LEAK, ENGINE","REPLACED , CHECK , RAN",
102722,"R/H ENG, R/H EXCITER LEAD CHAFED ON OIL PRESSURE TUBE.",OK,"R/H ENG, R/H","EXCITER LEAD, OIL PRESSURE TUBE",CHAFED,,"CLEANED SMALL SCRATCH IN PRESSURE TUBE, REPOSITIONED CL",,,"PRESSURE TUBE, CL","CLEANED, REPOSITIONED",
102723,INTER CYLINDER BAFFLE CRACKED BETWEEN #1 & 3 CYLS.,OK,INTERCYLINDER  BETWEEN  #1 & 3 CYLS,BAFFLE,CRACKED,,REMOVED & REPLACED BAFFLE.,,,BAFFLE,REMOVED & REPLACED,
102724,#2 & 4 INTAKES LEAKING.,OK,#2 & 4,INTAKES,LEAKING,,REMOVED & REPLACED GASKETS.,,,GASKETS,REMOVED & REPLACED,
102725,#2 & 3 ROCKER COVERS LEAKING.,OK,#2 & 3,ROCKER COVERS,LEAKING,,REMOVED & REPLACED GASKETS.,,,GASKETS,REMOVED & REPLACED,
102726,#2 INTAKE LEAKING.,OK,#2,INTAKE,LEAKING,,REMOVED & REPLACED INTAKE GASKET.,,,INTAKE GASKET,REMOVED & REPLACED,
102727,#1 ROCKER COVER LEAKING.,OK,#1,ROCKER COVER,LEAKING,,REMOVED & REPLACED ROCKER COVER GASKET.,,,ROCKER COVER GASKET,REMOVED & REPLACED,
102728,#4 INTAKE GASKET IS LEAKING.,OK,#4,INTAKE GASKET,LEAKING,,REPLACED INTAKE GASKET.,,,INTAKE GASKET,REPLACED,
102729,"#3 INTAKE GASKET LEAKING, INTAKE TUBE LEAKING AT SUMP.",OK,#3,"INTAKE GASKET, INTAKE TUBE",LEAKING,,REPLACED GASKET & RESWEDGED INTAKE TUBE.,,,"GASKET, INTAKE TUBE",REPLACED & RESWEDGED,
102730,#4 CYLINDER HAS LOW COMPRESSION.,OK,#4 CYLINDER,,COMPRESSION,,"RAN A/C, COMPRESSION CHECK STILL LOW.",,,"A/C, COMPRESSION","RAN, CHECK",
102731,#4 CYLINDER HAS LOW COMPRESSION.,OK,#4 CYLINDER,,COMPRESSION,,REMOVED ROCKER COVER & TRIED STACKING EXHAUST VALVE. PR,,,"ROCKER COVER, EXHAUST VALVE",REMOVED & TRIED STACKING,
102732,#4 CYLINDER HAS LOW COMPRESSION.,OK,#4 CYLINDER,,COMPRESSION,,BEGAN DISASSEMBLY OF #4 CYL. REMOVED INTAKE & EXHAUST T,,,"#4 CYL INTAKE, EXHAUST",DISASSEMBLED & REMOVED,
102733,#4 CYLINDER HAS LOW COMPRESSION.,OK,#4 CYLINDER,,COMPRESSION,,COMPLETED REMOVAL OF CYL. REMOVED & REPLACED EXHAUST VA,,,"CYLINDER, EXHAUST VA","REMOVED, REPLACED",
102734,#4 CYLINDER HAS LOW COMPRESSION.,OK,#4 CYLINDER,,COMPRESSION,,"REINSTALLED LIFTERS, ROCKERS, ROCKER SHAFT & PUSH ROD T",,,"LIFTERS, ROCKERS, ROCKER SHAFT & PUSH ROD",REINSTALLED,
102735,#4 CYLINDER HAS LOW COMPRESSION.,OK,#4 CYLINDER,,COMPRESSION,,"INSTALLED #4 AFT BAFFLE, NEW INTERCONNECTING RODS, INST",,NEW,"BAFFLE, INTERCONNECTING RODS",INSTALLED,
102736,TORN GROMMET TOP ENGINE BAFFLE AFT MIDDLE (SMALL GROMMET).,OK,TOP ENGINE BAFFLE AFT MIDDLE,GROMMET,TORN,,REMOVED & REPLACED SMALL GROMMET.,,,GROMMET,REMOVED & REPLACED,
102737,CYLINDER #4 INTAKE GASKET IS LEAKING.,OK,CYLINDER #4,INTAKE GASKET,LEAKING,,REMOVED & REPLACED GASKET WITH NEW.,,NEW,GASKET,REMOVED & REPLACED,
102738,#2 & 4 INTAKE GASKETS LEAKING.,OK,#2 & 4,INTAKE GASKETS,LEAKING,,"REPLACED GASKETS, LEAK CHECK GOOD.",,,"GASKETS, LEAK","REPLACED, CHECK",
102739,#2 ROCKER COVER GASKET LEAKING.,OK,#2,ROCKER COVER GASKET,LEAKING,,REPLACED #2 ROCKER COVER GASKET. LEAK CHECK GOOD.,,,"ROCKER COVER GASKET, LEAK","REPLACED, CHECK",
102740,L/H SIDE BAFFLE HOLE WORN TOO LARGE FOR BAFFLE PLUG.,OK,L/H SIDE,BAFFLE HOLE,WORN,,INSTALLED PATCH ON #4 SIDE BAFFLE.,,,PATCH,INSTALLED,
102741,CYLINDER #2 INTAKE GASKET LEAKING.,OK,CYLINDER #2,INTAKE GASKET,LEAKING,,REMOVED & REPLACED INTAKE GASKET.,,,INTAKE GASKET,REMOVED & REPLACED,
102742,ROCKER COVER GASKET CYLINDER #1 LEAKING.,OK,CYLINDER #1,ROCKER COVER GASKET,LEAKING,,REMOVED & REPLACED ROCKER COVER GASKETS.,,,ROCKER COVER GASKETS,REMOVED & REPLACED,
102743,BAFFLE SUPPORT ROD CYLINDER #2 & 4 BROKEN.,OK,CYLINDER #2 & 4,BAFFLE SUPPORT ROD,BROKEN,,REMOVED & REPLACED BAFFLE SUPPORT FASTENER.,,,BAFFLE SUPPORT FASTENER,REMOVED & REPLACED,
102744,"#1, 2 & 4 ROCKER COVERS ARE LEAKING.",OK,"#1, 2 & 4",ROCKER COVERS,LEAKING,,REMOVED & REPLACED ROCKER COVER GASKETS.,,,ROCKER COVER GASKETS,REMOVED & REPLACED,
102745,BAFFLE IS CRACKED ABOVE #1 CYL.,OK,ABOVE #1 CYL,BAFFLE,CRACKED,,STOP DRILLED CRACK & INSTALLED PATCH AROUND CRACKED ARE,,,"DRILLED CRACK , PATCH",STOP & INSTALLED,
102746,#2 ROCKER COVER IS LEAKING.,OK,#2,ROCKER COVER,LEAKING,,REMOVED & REPLACED ROCKER COVER GASKET.,,,ROCKER COVER GASKET,REMOVED & REPLACED,
102747,#1 INTAKE LEAKING.,OK,#1,INTAKE,LEAKING,,REMOVED & REPLACED #1 CYLINDER INTAKE GASKET.,,,INTAKE GASKET,REMOVED & REPLACED,
102748,#3 ROCKER COVER LEAKING.,OK,#3,ROCKER COVER,LEAKING,,REMOVED & REPLACED #3 ROCKER COVER GASKET.,,,ROCKER COVER GASKET,REMOVED & REPLACED,
102749,"#1, 2, 3 ROCKER COVERS ARE LEAKING.",OK,"#1, 2, 3",ROCKER COVERS,LEAKING,,REMOVED & REPLACED ROCKER COVER GASKETS.,,,ROCKER COVER GASKETS,REMOVED & REPLACED,
102750,#2 ROCKER GASKET LEAKING.,OK,#2,ROCKER GASKET,LEAKING,,REPLACED GASKET.,,,GASKET,REPLACED,
102751,CYLINDER #4 INTAKE GASKET LEAKING.,OK,CYLINDER #4,INTAKE GASKET,LEAKING,,REMOVED & REPLACED CYLINDER #4 INTAKE GASKET.,,,INTAKE GASKET,REMOVED & REPLACED,
102752,"CYLINDER #1, 3 ROCKER COVER GASKETS LEAKING.",OK,"CYLINDER #1, 3",ROCKER COVER GASKETS,LEAKING,,REMOVED & REPLACED ROCKER COVER GASKETS.,,,ROCKER COVER GASKETS,REMOVED & REPLACED,
102753,#1 & 2 ROCKER COVER GASKETS LEAKING.,OK,#1 & 2,ROCKER COVER GASKETS,LEAKING,,REMOVED & REPLACED ROCKER COVER GASKETS.,,,ROCKER COVER GASKETS,REMOVED & REPLACED,
102754,#2 INTAKE LEAKING.,OK,#2,INTAKE,LEAKING,,REMOVED & REPLACED INTAKE GASKETS.,,,INTAKE GASKETS,REMOVED & REPLACED,
102755,#4 INTAKE GASKET LEAKS.,OK,#4,INTAKE GASKET,LEAKS,,REMOVED & REPLACED #4 CYLINDER INTAKE GASKET.,,,INTAKE GASKET,REMOVED & REPLACED,
102756,#3 ROCKER COVER GASKET LEAKS.,OK,#3,ROCKER COVER GASKET,LEAKS,,REMOVED & REPLACED #3 CYLINDER ROCKER COVER GASKET.,,,ROCKER COVER GASKET,REMOVED & REPLACED,
102757,"#2, 3 & 4 INTAKE GASKETS ARE LEAKING.",OK,"#2, 3 & 4",INTAKE GASKETS,LEAKING,,REPLACED GASKETS.,,,GASKETS,REPLACED,
102758,BAFFLE PLUGS HAVE MANY MISSING FINGERS.,OK,,BAFFLE PLUGS FINGERS,MISSING,,INSTALLED 2 NEW BAFFLE PLUGS.,,NEW,BAFFLE PLUGS,INSTALLED,
102759,"ENGINE OVERSPEED, 3275 RPM.",OK,ENGINE,,OVERSPEED,,"INSPECTED PER LYCOMING , LESS THAN 5%. NO DEFECT",,,INSPECTION,INSPECTED,
102760,LEFT & RIGHT BAFFLE PLUGS ARE WORN.,OK,LEFT & RIGHT,BAFFLE PLUGS,WORN,,REMOVED & REPLACED BAFFLE PLUG.,,,BAFFLE PLUG,REMOVED & REPLACED,
102761,#3 ROCKER COVER GASKET IS LEAKING.,OK,#3,ROCKER COVER GASKET,LEAKING,,REMOVED & REPLACED ROCKER COVER GASKET.,,,ROCKER COVER GASKET,REMOVED & REPLACED,
102762,R/H & L/H FRONT BAFFLE SEAL NEEDS TO BE SECURED.,OK,R/H & L/H FRONT,BAFFLE SEAL,NEED PROBLEM,,SECURED R/H & L/H FRONT BAFFLE SEAL.,,,BAFFLE SEAL,SECURED,
102763,"#1, 3 & 4 VALVE COVER GASKETS LEAKING.",OK,"#1, 3 & 4",VALVE COVER GASKETS,LEAKING,,"REMOVED & REPLACED #1, 3 & 4 VALVE COVER GASKETS.",,,VALVE COVER GASKETS,REMOVED & REPLACED,
102764,"ROCKER COVER GASKETS, CYLINDER #2 & 3, LEAKING.",OK,CYLINDER #2 & 3,ROCKER COVER GASKETS,LEAKING,,REMOVED & REPLACED #2 & 3 ROCKER COVER GASKETS.,,,ROCKER COVER GASKETS,REMOVED & REPLACED,
102765,START ASSIST.,DIFFICULT,,,,,STARTED A/C USING NORMAL PROCEDURES.,,,A/C,STARTED,
102766,"#3, 2, 4 ROCKER COVER GASKETS ARE LEAKING.",OK,"#3, 2, 4",ROCKER COVER GASKETS,LEAKING,,"REMOVED & REPLACED #2, 3, 4 CYLINDER ROCKER COVER GASKETS.",,,ROCKER COVER GASKETS,REMOVED & REPLACED,
102767,CYLINDER #1 INTAKE LEAKING. INTAKE TUBE ALSO LEAKING AT ATTACHMEN,OK,CYLINDER #1,"INTAKE, INTAKE TUBE",LEAKING,,LEAK CHECK GOOD.,,,LEAK,CHECK,
102768,"CYLINDER #2, 3 ROCKER COVER GASKETS LEAKING.",OK,"CYLINDER #2, 3",ROCKER COVER GASKETS,LEAKING,,"REMOVED & REPLACED CYLINDER #2, 3 ROCKER COVER GASKETS.",,,ROCKER COVER GASKETS,REMOVED & REPLACED,
102769,CYLINDER #1 INTAKE LEAKING. INTAKE TUBE ALSO LEAKING AT ATTACHMEN,OK,CYLINDER #1,"INTAKE, INTAKE TUBE",LEAKING,,REMOVED & REPLACED CYLINDER #1 INTAKE GASKET. SWEDGED CYLINDER #1,,,"INTAKE GASKET,CYLINDER","REMOVED & REPLACED,SWEDGED",
102770,#3 & 2 ROCKER COVERS LEAKING.,OK,#3 & 2,ROCKER COVERS,LEAKING,,TIGHTENED SCREWS.,,,SCREWS,TIGHTENED,
102771,#3 INTAKE LEAKING.,OK,#3,INTAKE,LEAKING,,REMOVED & REPLACED #3 CYLINDER INTAKE GASKET.,,,INTAKE GASKET,REMOVED & REPLACED,
102772,R/H FRONT TOP ENGINE BAFFLE RUBBER SEAL NOT ATTACHED.,OK,R/H FRONT TOP ENGINE,BAFFLE RUBBER SEAL,NOT ATTACHED,,REATTACHED R/H TOP ENGINE RUBBER BAFFLE SEAL.,,,BAFFLE RUBBER SEAL,REATTACHED,
102773,#3 ROCKER COVER GASKET LEAKING.,OK,#3,ROCKER COVER GASKET,LEAKING,,REMOVED & REPLACED GASKET.,,,GASKET,REMOVED & REPLACED,
102774,R/H BAFFLE PLUG NEEDS PATCH.,OK,R/H,BAFFLE PLUG,NEED PROBLEM,,APPLIED HIGH TEMPERATURE SILICONE IN PLACE OF BAFFLE PATCH.,,HIGH TEMPERATURE,"SILICONE, BAFFLE PATCH",APPLIED,
102775,"#2, 3, 4 ROCKER COVER SCREWS LOOSE ON R/H ENG.",OK,"#2, 3, 4 ON R/H ENG",ROCKER COVER SCREWS,LOOSE,,"TIGHTENED ALL SCREWS ON #2, 3, 4 ROCKER COVERS.",,,SCREWS,TIGHTENED,
102776,"HARDWARE MISSING ON #4 ROCKER COVER, L/H ENG.",OK," #4, L/H ENG",ROCKER COVER HARDWARE,MISSING,,REPLACED MISSING SCREW ON L/H ENGINE #4 ROCKER COVER.,,,SCREW,REPLACED,
102777,SCREW MISSING ON R/H ENGINE #3 CYLINDER ROCKER COVER.,OK,R/H ENGINE #3 CYLINDER,ROCKER COVER SCREW,MISSING,,"REPLACED MISSING SCREW ON #3 CYLINDER ROCKER COVER, R/H ENG.",,,"SCREW, ROCKER COVER",REPLACED,
102778,PARTICLE SEPERATOR HAS GRASS IN IT.,OK,,PARTICLE SEPERATOR,GRASS,,REMOVED GRASS FROM PARTICLE SEPERATOR.,,,PARTICLE SEPERATOR,REMOVED,
102779,#2 ROCKER GASKET IS LEAKING.,OK,#2,ROCKER GASKET,LEAKING,,REMOVED & REPLACED ROCKER COVER GASKET.,,,ROCKER COVER GASKET,REMOVED & REPLACED,
102780,#4 INTAKE LEAKING ON R/H ENGINE.,OK,#4 ON R/H ENGINE,INTAKE,LEAKING,,REMOVED & REPLACED #4 CYLINDER INTAKE GASKET.,,,INTAKE GASKET,REMOVED & REPLACED,
102781,#3 & 4 ROCKER COVERS LEAKING ON R/H ENG.,OK,#3 & 4 ON R/H ENG,ROCKER COVERS,LEAKING,,REMOVED & REPLACED ROCKER COVER GASKETS.,,,ROCKER COVER GASKETS,REMOVED & REPLACED,
102782,IDLE SPEED & MIXTURE NEED TO BE ADJUSTED.,OK,,IDLE SPEED & MIXTURE,NEED PROBLEM,,ADJUSTED IDLE SPEED & MIXTURE TO W/IN NORMAL RANGE. OPS,,,IDLE SPEED & MIXTURE,ADJUSTED,
102783,CYLINDER #2 INTAKE GASKET LEAKING.,OK,CYLINDER #2,INTAKE GASKET,LEAKING,,REMOVED & REPLACED #2 CYLINDER INTAKE GASKET.,,,INTAKE GASKET,REMOVED & REPLACED,
102784,"CYLINDER #2, 3 ROCKER COVER GASKETS LEAKING.",OK,"CYLINDER #2, 3",ROCKER COVER GASKETS,LEAKING,,REMOVED & REPLACED ROCKER COVERS.,,,ROCKER COVER,REMOVED & REPLACED,
102785,"#1, 2, 3 INTAKES LEAKING.",OK,"#1, 2, 3",INTAKES,LEAKING,,REMOVED & REPLACED INTAKE GASKETS.,,,INTAKE GASKETS,REMOVED & REPLACED,
102786,#3 CYLINDER INTAKE LEAKING.,OK,#3 CYLINDER,INTAKE,LEAKING,,REMOVED & REPLACED INTAKE GASKET.,,,INTAKE GASKET,REMOVED & REPLACED,
102787,CYLINDER #2 ROCKER COVER GASKET LEAKING.,OK,CYLINDER #2,ROCKER COVER GASKET,LEAKING,,REMOVED & REPLACED #2 CYLINDER ROCKER COVER GASKET.,,,ROCKER COVER GASKET,REMOVED & REPLACED,
102788,IDLE RPM LOW.,OK,,,RPM,,OPS CHECK GOOD.,,,OPS,CHECK,
102789,IDLE RPM LOW.,OK,,,RPM,,ADJUSTED RPM.,,,RPM,ADJUSTED,
102790,R/H BAFFLE SPRING BROKEN.,OK,R/H,BAFFLE SPRING,BROKEN,,REMOVED & REPLACED SPRING.,,,SPRING,REMOVED & REPLACED,
102791,CYLINDER #4 ROCKER COVER GASKET LEAKING.,OK,CYLINDER #4,ROCKER COVER GASKET,LEAKING,,REMOVED & REPLACED #4 CYLINDER ROCKER COVER GASKET.,,,ROCKER COVER GASKET,REMOVED & REPLACED,
102792,"RIVETS SHEARED ON AFT BAFFLING, BEHIND CYLINDER #3.",OK,"AFT BAFFLING, BEHIND CYLINDER #3",RIVETS,SHEARED,,REMOVED BAFFLE FROM A/C. REMOVED & REPLACED RIVETS WITH S,,S,"BAFFLE, RIVETS","REMOVED, REMOVED & REPLACED",
102793,CYLINDER #2 & 3 ROCKER COVER GASKET LEAKING.,OK,CYLINDER #2 & 3,ROCKER COVER GASKET,LEAKING,,REMOVED & REPLACED #2 & 3 CYLINDER ROCKER COVER GASKETS.,,,ROCKER COVER GASKETS,REMOVED & REPLACED,
102794,#2 & 3 INTAKE GASKETS LEAKING.,OK,#2 & 3,INTAKE GASKETS,LEAKING,,REMOVED & REPLACED #2 INTAKE GASKET.,,,INTAKE GASKET,REMOVED & REPLACED,
102795,#2 & 3 INTAKE GASKETS LEAKING.,OK,#2 & 3,INTAKE GASKETS,LEAKING,,REMOVED & REPLACED CYLINDER #3 INTAKE GASKET.,,,INTAKE GASKET,REMOVED & REPLACED,
102796,#2 ROCKER COVER GASKET LEAKING.,OK,#2,ROCKER COVER GASKET,LEAKING,,REMOVED & REPLACED CYLINDER #2 ROCKER COVER GASKET.,,,ROCKER COVER GASKET,REMOVED & REPLACED,
102797,#2 INTAKE BOLT HOLE STRIPPED.,OK,#2,INTAKE BOLT HOLE,STRIPPED,,REPAIRED BOLT HOLE WITH HELI-COIL KIT. REINSTALLED INTAKE,,HELI-COIL KIT,"BOLT HOLE, INTAKE","REPAIRED, REINSTALLED",
102798,OIL COOLER FLANGE CRACKED.,OK,,OIL COOLER FLANGE,CRACKED,,STOP DRILLED CRACK.,,,DRILLED CRACK,STOP,
102799,CYLINDER #2 & 4 ROCKER COVER GASKETS LEAKING.,OK,CYLINDER #2 & 4,ROCKER COVER GASKETS,LEAKING,,REMOVED & REPLACED GASKETS.,,,GASKETS,REMOVED & REPLACED,
102800,MX FLIGHT REQUIRED TO PERFORM POWER CHECK.,OK,,,REQUIRE PROBLEM,,PERFORMED GROUND RUN. OPS CHECK GOOD. REQUEST MX FLIGHT FO,,,OPS,"GROUND RUN, CHECK, REQUEST",
102801,CYLINDER #4 INTAKE GASKET LEAKING.,OK,CYLINDER #4,INTAKE GASKET,LEAKING,,REMOVED & REPLACED INTAKE GASKET.,,,INTAKE GASKET,REMOVED & REPLACED,
102802,#4 CYLINDER ROCKER COVER GASKET LEAKING.,OK,#4 CYLINDER,ROCKER COVER GASKET,LEAKING,,REMOVED & REPLACED ROCKER COVER GASKET.,,,ROCKER COVER GASKET,REMOVED & REPLACED,
102803,"INTAKE GASKET LEAKING ON #3 CYL, L/H ENG.",OK,"#3 CYL, L/H ENG",INTAKE GASKET,LEAKING,,REMOVED & REPLACED #3 CYLINDER INTAKE GASKET.,,,INTAKE GASKET,REMOVED & REPLACED,
102804,"L/H ENG, AFT BAFFLING CRACKED BEHIND CYLINDER #4.",OK,"L/H ENG, AFT",BAFFLING,CRACKED,,REMOVED & REPLACED CYLINDER #4 REAR BAFFLE.,,,BAFFLE,REMOVED & REPLACED,
102805,#3 INTAKE LEAKING ON R/H ENGINE.,OK,#3 ON R/H ENGINE,INTAKE,LEAKING,,REMOVED & REPLACED #3 CYLINDER INTAKE GASKET ON R/H ENGINE.,,,INTAKE GASKET,REMOVED & REPLACED,
102806,"L/H ENGINE #1, 2, 4 ROCKER COVER GASKETS LEAKING.",OK,"L/H ENGINE #1, 2, 4",ROCKER COVER GASKETS,LEAKING,,"REMOVED & REPLACED #1, 2 & 4 GASKETS.",,,GASKETS,REMOVED & REPLACED,
102807,#1 & 2 ROCKER COVERS LEAKING ON R/H ENGINE.,OK,#1 & 2 ON R/H ENGINE,ROCKER COVERS,LEAKING,,REMOVED & REPLACED #1 & 2 ROCKER COVER GASKETS.,,,ROCKER COVER GASKETS,REMOVED & REPLACED,
102808,#3 ROCKER COVER LEAKING.,OK,#3,ROCKER COVER,LEAKING,,REMOVED & REPLACED CYLINDER #3 ROCKER COVER GASKET.,,,ROCKER COVER GASKET,REMOVED & REPLACED,
102809,O/B CLAMP ON #4 CYLINDER PUSH ROD TUBE LOOSE.,OK,#4 CYLINDER,PUSH ROD TUBE CLAMP,LOOSE,,REMOVED & REPLACED PUSH ROD ADEL CLAMP.,,,PUSH ROD ADEL CLAMP,REMOVED & REPLACED,
102810,#2 INTAKE GASKET LEAKING.,OK,#2,INTAKE GASKET,LEAKING,,REMOVED & REPLACED INTAKE GASKET ON #2 CYL.,,,INTAKE GASKET,REMOVED & REPLACED,
102811,#1 ROCKER COVER GASKET LEAKS.,OK,#1,ROCKER COVER GASKET,LEAKS,,REMOVED & REPLACED ROCKER COVER GASKET ON #1 CYL.,,,ROCKER COVER GASKET,REMOVED & REPLACED,
102812,#4 INTAKE LEAKING.,OK,#4,INTAKE,LEAKING,,REPLACED GASKET.,,,GASKET,REPLACED,
102813,#3 ROCKER COVER LEAKING.,OK,#3,ROCKER COVER,LEAKING,,REPLACED GASKET.,,,GASKET,REPLACED,
102814,"ENGINE WILL NOT MAKE ENOUGH POWER TO HOVER HIGHER THAT 2', #",OK,ENGINE,,POWER PROBLEM,,"INSPECTED #1 INTAKE TUBE, FOUND TO BE LOOSE. REPLACED U",,,INTAKE TUBE,"INSPECTED , FOUND , REPLACED",TO BE LOOSE
102815,#3 & 4 CYLINDER ROCKER COVERS LEAKING.,OK,#3 & 4 CYLINDER,ROCKER COVERS,LEAKING,,"REMOVED & REPLACED CYLINDER #3, 4 ROCKER COVER GASKETS.",,,ROCKER COVER GASKETS,REMOVED & REPLACED,
102816,#2 & 3 ROCKER COVER GASKETS LEAKING.,OK,#2 & 3,ROCKER COVER GASKETS,LEAKING,,REMOVED & REPLACED #2 & 3 ROCKER COVER GASKETS.,,,ROCKER COVER GASKETS,REMOVED & REPLACED,
102817,#4 CYLINDER BAFFLE PLUG REQUIRES PATCH.,OK,#4 CYLINDER,BAFFLE PLUG,REQUIRE PROBLEM,,FABRICATED PATCH & INSTALLED ON #4 BAFFLE PLUG HOLE.,,,PATCH,FABRICATED & INSTALLED,
102818,#2 INTAKE LEAKING.,OK,#2,INTAKE,LEAKING,,REMOVED & REPLACED GASKET.,,,GASKET,REMOVED & REPLACED,
102819,#3 OIL DRAIN LINE HAS RUB MARK.,OK,#3,OIL DRAIN LINE,RUB,,REMOVED & REPLACED OIL DRAIN LINE.,,,OIL DRAIN LINE,REMOVED & REPLACED,
102820,CYLINDER #4 INTAKE GASKET LEAKING.,OK,CYLINDER #4,INTAKE GASKET,LEAKING,,REMOVED & REPLACED INTAKE GASKET.,,,INTAKE GASKET,REMOVED & REPLACED,
102821,TEST FLIGHT NEEDED FOR HOVER POWER.,OK,,,NEED PROBLEM,,CLEANED SNIFFLER VALVES. MX FLIGHT REQUIRED.,,,"SNIFFLER VALVES,A/C","CLEANED,REQUIRED",
102822,CYLINDER #4 TEMPERATURE PROBE LOOSE.,OK,CYLINDER #4,TEMPERATURE PROBE,LOOSE,,REMOVED & REPLACED CHT PROBE.,,,CHT PROBE,REMOVED & REPLACED,
102823,#1 & 4 INTAKES LEAKING.,OK,#1 & 4,INTAKES,LEAKING,,REMOVED & REPLACED #1 & 4 CYLINDER INTAKE GASKETS.,,,CYLINDER INTAKE GASKETS,REMOVED & REPLACED,
102824,#4 ROCKER COVER LEAKING.,OK,#4,ROCKER COVER,LEAKING,,REMOVED & REPLACED #4 CYLINDER ROCKER COVER GASKET.,,,ROCKER COVER GASKET,REMOVED & REPLACED,
102825,"INTAKE GASKETS LEAKING, CYLINDER #2 & 3.",OK,CYLINDER #2 & 3,INTAKE GASKETS,LEAKING,,REMOVED & REPLACED #2 & 3 CYLINDER INTAKE GASKETS.,,,INTAKE GASKETS,REMOVED & REPLACED,
102826,"ROCKER COVER GASKET, CYLINDER #3, LEAKING.",OK,CYLINDER #3,ROCKER COVER GASKET,LEAKING,,REMOVED & REPLACED #3 CYLINDER ROCKER COVER GASKET.,,,ROCKER COVER GASKET,REMOVED & REPLACED,
102827,"NOTICED VIBRATIONS & ENGINE ROUGHNESS, ALSO NOT PRODUCING FU",OK,ENGINE,,"VIBRATION & ROUGH , NOT PRODUCING FU",,"RAN A/C. MAG, IDLE RPM & IDLE MIXTURE CHECK GOOD. NO VIBRA",,,"A/C, MAG, RPM, MIXTURE","RAN, CHECK",
102828,L/H ENGINE #3 & 4 ROCKER COVERS ARE LEAKING.,OK,L/H ENGINE #3 & 4,ROCKER COVERS,LEAKING,,REMOVED & REPLACED L/H GASKETS.,,,GASKETS,REMOVED & REPLACED,
102829,L/H ENGINE CORNER BRACKET ON L/H REAR BAFFLE IS CRACKED.,OK,L/H ENGINE CORNER BRACKET ON L/H REAR,BAFFLE ,CRACKED,,REMOVED & REPLACED BRACKET.,,,BRACKET,REMOVED & REPLACED,
102830,"LEAKING ROCKER COVER GASKETS, CYLINDER #3 & 4, R/H ENGINE.",OK,CYLINDER #3 & 4 R/H ENGINE,ROCKER COVER GASKETS,LEAKING,,REMOVED & REPLACED ROCKER GASKETS ON R/H ENG.,,,ROCKER GASKETS,REMOVED & REPLACED,
102831,#3 INTAKE LEAKING.,OK,#3,INTAKE,LEAKING,,REMOVED & REPLACED #3 CYLINDER INTAKE GASKET.,,,INTAKE GASKET,REMOVED & REPLACED,
102832,#1 ROCKER COVER LEAKING.,OK,#1,ROCKER COVER,LEAKING,,REMOVED & REPLACED #1 CYLINDER ROCKER COVER GASKET.,,,ROCKER COVER GASKET,REMOVED & REPLACED,
102833,"FRONT BAFFLE SEAL ON BOTTOM LEFT & BOTTOM RIGHT SIDES, NEEDS",OK,FRONT BAFFLE BOTTOM LEFT & BOTTOM RIGHT SIDES,SEAL,NEED PROBLEM,,SECURED BOTTOM LEFT & BOTTOM RIGHT SIDES OF FRONT BAFFL,,,FRONT BAFFLE BOTTOM LEFT & BOTTOM RIGHT SIDES,SECURED,
102834,#4 ROCKER COVER LEAKING.,OK,#4,ROCKER COVER,LEAKING,,REMOVED & REPLACED GASKET.,,,GASKET,REMOVED & REPLACED,
102835,#2 CYLINDER ROCKER COVER GASKET LEAKING.,OK,#2 CYLINDER,ROCKER COVER GASKET,LEAKING,,REMOVED & REPLACED #2 CYLINDER ROCKER COVER GASKET.,,,ROCKER COVER GASKET,REMOVED & REPLACED,
102836,UPPER RIGHT BAFFLE SEAL NEEDS TO BE SECURED.,OK,UPPER RIGHT,BAFFLE SEAL,NEED PROBLEM,,SECURED UPPER RIGHT BAFFLE SEAL.,,,BAFFLE SEAL,SECURED,
102837,#2 ROCKER COVER GASKET LEAKING.,OK,#2,ROCKER COVER GASKET,LEAKING,,REMOVED & REPLACED CYLINDER #2 ROCKER COVER GASKET.,,,ROCKER COVER GASKET,REMOVED & REPLACED,
102838,#2 INTAKE HAS LEAK.,OK,#2,INTAKE,LEAK,,REMOVED & REPLACED INTAKE GASKET.,,,INTAKE GASKET,REMOVED & REPLACED,
102839,#2 & 4 INTAKES LEAKING.,OK,#2 & 4,INTAKES,LEAKING,,REMOVED & REPLACED INTAKE GASKETS.,,,INTAKE GASKETS,REMOVED & REPLACED,
102840,BOTH OIL COOLERS NEED TO BE CLEANED.,OK,BOTH,OIL COOLERS,NEED PROBLEM,,CLEANED BOTH OIL COOLERS.,,,OIL COOLERS,CLEANED,
102841,#2 INTAKE GASKET LEAKING.,OK,#2,INTAKE GASKET,LEAKING,,REMOVED & REPLACED INTAKE GASKET.,,,INTAKE GASKET,REMOVED & REPLACED,
102842,"BAFFLE, #1 CYL, REQUIRES PATCH.",OK,#1 CYL,BAFFLE,REQUIRE PROBLEM,,INSTALLED PATCH ON #1 CYLINDER BAFFLE.,,,PATCH,INSTALLED,
102843,"MISSING BAFFLE PLUG, R/H SIDE, L/H SIDE NEED REPLACEMENT.",OK,"R/H SIDE, L/H SIDE",BAFFLE PLUG,NEED PROBLEM,,REPLACED BAFFLE PLUGS.,,,BAFFLE PLUGS,REPLACED,
102844,#2 ROCKER COVER GASKET NEEDS REPLACEMENT.,OK,#2,ROCKER COVER GASKET,NEED PROBLEM,,REMOVED & REPLACED ROCKER COVER GASKET.,,,ROCKER COVER GASKET,REMOVED & REPLACED,
102845,"FRONT BAFFLE SEAL NEEDS TO BE SECURED, TOP LEFT & RIGHT SIDE",OK,FRONT TOP LEFT & RIGHT SIDE,BAFFLE SEAL,NEED PROBLEM,,SECURED FRONT BAFFLE SEALS.,,,BAFFLE SEALS,SECURED,
102846,L/H & R/H BAFFLE PLUG HOLES REQUIRE PATCHES.,OK,L/H & R/H,BAFFLE PLUG HOLES,REQUIRE PROBLEM,,"AFTER FURTHER INSPECTION, FOUND PLUG HOLES TO BE OK.",,,PLUG HOLES,INSP,
102847,#1 & 2 INTAKES LEAKING.,OK,#1 & 2,INTAKES,LEAKING,,"REMOVED & REPLACED CYLINDER #1, 2 INTAKE GASKETS.",,,INTAKE GASKETS,REMOVED & REPLACED,
102848,#3 ROCKER COVER LEAKING.,OK,#3,ROCKER COVER,LEAKING,,REMOVED & REPLACED CYLINDER #3 ROCKER COVER GASKET.,,,ROCKER COVER GASKET,REMOVED & REPLACED,
102849,#2 INTAKE LEAKING.,OK,#2,INTAKE,LEAKING,,REMOVED & REPLACED INTAKE GASKET.,,,INTAKE GASKET,REMOVED & REPLACED,
102850,#2 & 4 ROCKER COVERS LEAKING.,OK,#2 & 4,ROCKER COVERS,LEAKING,,REMOVED & REPLACED ROCKER COVER GASKETS.,,,ROCKER COVER GASKETS,REMOVED & REPLACED,
102851,#2 INTAKE GASKET LEAKING.,OK,#2,INTAKE GASKET,LEAKING,,REMOVED & REPLACED #2 INTAKE GASKET.,,,INTAKE GASKET,REMOVED & REPLACED,
102852,FOUND RIGHT BAFFLE SEAL NEEDS TO BE SECURED.,OK,RIGHT,BAFFLE SEAL,NEED PROBLEM,,SECURED BAFFLE SEAL.,,,BAFFLE SEAL,SECURED,
102853,OIL COOLER NEEDS TO BE BLOWN OUT.,OK,,OIL COOLER,NEED PROBLEM,,BLEW OUT OIL COOLER.,,,OIL COOLER,BLEW OUT,
102854,#2 ROCKER COVER GASKET LEAKING.,OK,#2,ROCKER COVER GASKET,LEAKING,,REMOVED & REPLACED ROCKER COVER GASKET.,,,ROCKER COVER GASKET,REMOVED & REPLACED,
102855,ALL ROCKER COVERS ARE LEAKING.,OK,ALL,ROCKER COVERS,LEAKING,,REPLACED GASKETS ON ALL 4 ROCKER COVERS.,,,GASKETS,REPLACED,
102856,ENGINE OIL COOLER CAN BE CLEANED EXTERNALLY.,DIFFICULT,,,,,CLEANED ENGINE OIL COOLER.,,,ENGINE OIL COOLER,CLEANED,
102857,M/R TRANSMISSION OIL COOLER CAN BE CLEANED OUT EXTERNALLY.,DIFFICULT,,,,,CLEANED M/R TRANSMISSION OIL COOLER.,,,M/R TRANSMISSION OIL COOLER,CLEANED,
102858,#3 CYLINDER INTAKE GASKET LEAKING.,OK,#3 CYLINDER,INTAKE GASKET,LEAKING,,REMOVED & REPLACED #3 CYLINDER INTAKE GASKET.,,,INTAKE GASKET,REMOVED & REPLACED,
102859,"#2, 3 & 4 CYLINDER ROCKER COVER GASKETS LEAKING.",OK,"#2, 3 & 4 CYLINDER",ROCKER COVER GASKETS,LEAKING,,REMOVED & REPLACED GASKETS.,,,GASKETS,REMOVED & REPLACED,
102860,#3 AFT CYLINDER BAFFLE CRACKED BY OIL COOLER MOUNT.,OK,#3 AFT CYLINDER,BAFFLE,CRACKED,,"STOP DRILLED CRACK ON AFT CYLINDER #3 BAFFLE, NEAR OIL COOLE",,,DRILLED CRACK,STOP,
102861,STRIPPED NUT ON C FLANGE BOLT.,OK,C FLANGE BOLT,NUT,STRIPPED,,REPLACED HARDWARE.,,,HARDWARE,REPLACED,
102862,STRIPPED NUT ON C FLANGE BOLT.,OK,C FLANGE BOLT,NUT,STRIPPED,,FILED OFF NUT & REMOVED.,,,NUT,FILED OFF & REMOVED,
102863,"#1, 2, 3 & 4 INTAKES ARE LEAKING, R/H ENG.",OK,"#1, 2, 3 & 4 R/H ENG",INTAKES,LEAKING,,REMOVED & REPLACED INTAKE GASKETS.,,,INTAKE GASKETS,REMOVED & REPLACED,
102864,"R/H ENGINE ROCKER COVER GASKETS LEAKING, CYLINDER #1 & 3.",OK,R/H ENGINE CYLINDER #1 & 3,ROCKER COVER GASKETS,LEAKING,,REMOVED & REPLACED ROCKER COVER GASKETS.,,,ROCKER COVER GASKETS,REMOVED & REPLACED,
102865,"INTAKES #2, 3, 4 LEAKING ON L/H ENGINE.",OK,"#2, 3, 4 ON L/H ENGINE",INTAKES,LEAKING,,"REMOVED & REPLACED #2, 3, 4 INTAKE GASKETS ON L/H ENG.",,,INTAKE GASKETS,REMOVED & REPLACED,
102866,"ROCKER COVERS 1, 2, 3 & 4 LEAKING ON L/H ENGINE.",OK,"1, 2, 3 & 4 ON L/H ENGINE",ROCKER COVERS,LEAKING,,"REMOVED & REPLACED #1, 2, 3 & 4 ROCKER COVER GASKETS ON",,,ROCKER COVER GASKETS,REMOVED & REPLACED,
102867,L/H CRANKSHAFT SEAL SEEPING.,OK,L/H,CRANKSHAFT SEAL,SEEPING,,LEAK CHECK GOOD.,,,LEAK,CHECK,
102868,R/H ENGINE CYLINDER #3 & 4 INTAKE GASKETS LEAKING.,OK,R/H ENGINE CYLINDER #3 & 4,INTAKE GASKETS,LEAKING,,REPLACED GASKETS.,,,GASKETS,REPLACED,
102869,L/H ENGINE CYLINDER #3 INTAKE GASKET LEAKING.,OK,L/H ENGINE CYLINDER #3,INTAKE GASKET,LEAKING,,REMOVED & REPLACED GASKET.,,,GASKET,REMOVED & REPLACED,
102870,R/H OIL FILLER TUBE LOOSE.,OK,R/H,OIL FILLER TUBE,LOOSE,,TIGHTENED & RESAFETIED OIL FILLER TUBE.,,,OIL FILLER TUBE,TIGHTENED & RESAFETIED,
102871,R/H ENGINE CYLINDER #3 & 4 ROCKER COVER GASKETS LEAKING.,OK,R/H ENGINE CYLINDER #3 & 4,ROCKER COVER GASKETS,LEAKING,,REPLACED GASKETS.,,,GASKETS,REPLACED,
102872,L/H CRANKSHAFT SEAL SEEPING.,OK,L/H,CRANKSHAFT SEAL,SEEPING,,REMOVED & REPLACED CRANKSHAFT OIL SEAL.,,,CRANKSHAFT OIL SEAL,REMOVED & REPLACED,
102873,"#2 INTAKE GASKET LEAKING, L/H ENG.",OK,"#2, L/H ENG",INTAKE GASKET,LEAKING,,REMOVED & REPLACED INTAKE GASKET.,,,INTAKE GASKET,REMOVED & REPLACED,
102874,#2 INTAKE GASKET LEAKING (R/H ENG).,OK,#2 (R/H ENG),INTAKE GASKET,LEAKING,,REMOVED & REPLACED INTAKE GASKET.,,,INTAKE GASKET,REMOVED & REPLACED,
102875,R/H ENGINE #2 CYLINDER ROCKER COVER GASKET IS LEAKING.,OK,R/H ENGINE #2 CYLINDER,ROCKER COVER GASKET,LEAKING,,REMOVED & REPLACED #2 ROCKER COVER GASKET.,,,ROCKER COVER GASKET,REMOVED & REPLACED,
102876,"#2 & 3 ROCKER COVER GASKETS LEAKING, L/H ENG.",OK,"#2 & 3, L/H ENG",ROCKER COVER GASKETS,LEAKING,,REMOVED & REPLACED #2 & 3 ROCKER COVER GASKETS.,,,ROCKER COVER GASKETS,REMOVED & REPLACED,
102877,"ROCKER COVER GASKETS 1, 2, 3 & 4 CYLINDERS ARE LEAKING.",OK,"1, 2, 3 & 4 CYLINDERS",ROCKER COVER GASKETS,LEAKING,,REMOVED & REPLACED ROCKER COVER GASKETS.,,,ROCKER COVER GASKETS,REMOVED & REPLACED,
102878,#2 SIDE BAFFLE SEAL LOOSE ON BAFFLE.,OK,#2 SIDE,BAFFLE SEAL,LOOSE,,RESECURED BAFFLE SEAL.,,,BAFFLE SEAL,RESECURED,
102879,#3 INTAKE GASKET LEAKING.,OK,#3,INTAKE GASKET,LEAKING,,REPLACED GASKET.,,,GASKET,REPLACED,
102880,#4 INTAKE GASKET IS LEAKING.,OK,#4,INTAKE GASKET,LEAKING,,REPLACED GASKET.,,,GASKET,REPLACED,
102881,FORWARD R/H SIDE BAFFLE & L/H AFT BAFFLE ARE CRACKED.,OK,FORWARD R/H SIDE,BAFFLE,CRACKED,,INSTALLED PATCHES ON R/H BAFFLE & L/H AFT BAFFLE IAW AC,,PATCHES,"BAFFLE, BAFFLE",INSTALLED & INSTALLED,
102882,#1 CYLINDER BAFFLING CRACKED BY VALVE COVER.,OK,#1 CYLINDER,BAFFLING,CRACKED,,REPAIRED WITH RIVETED PATCH.,,,PATCH,REPAIRED,
102883,"#2, 3, 4 ROCKER COVER GASKETS LEAKING.",OK,"#2, 3, 4",ROCKER COVER GASKETS,LEAKING,,REMOVED & REPLACED ROCKER COVER GASKETS.,,,ROCKER COVER GASKETS,REMOVED & REPLACED,
102884,"BAFFLE SUPPORT SCREW, BY OIL TUBE, LOOSE.",OK,BY OIL TUBE,BAFFLE SUPPORT SCREW,LOOSE,,"REMOVED OIL FILLER TUBE, TIGHTENED SCREW & REINSTALLED",,,"OIL FILLER TUBE, SCREW","REMOVED, TIGHTENED & REINSTALLED",
102885,INTAKES 2 & 4 LEAKING ON R/H ENGINE.,OK,2 & 4 ON R/H ENGINE,INTAKES,LEAKING,,REMOVED & REPLACED INTAKE GASKETS.,,,INTAKE GASKETS,REMOVED & REPLACED,
102886,L/H CARBURETOR HEAT VALVE MISSING FELT.,OK,L/H,CARBURETOR HEAT VALVE FELT,MISSING,,REMOVED & REPLACED L/H CARBURETOR HEAT VALVE.,,,CARBURETOR HEAT VALVE,REMOVED & REPLACED,
102887,"INTAKES 1, 2, 3 & 4 LEAKING ON L/H ENGINE.",OK,L/H ENGINE,INTAKES,LEAKING,,REMOVED & REPLACED INTAKE GASKETS.,,,INTAKE GASKETS,REMOVED & REPLACED,
102888,ROCKER COVERS 2 & 3 LEAKING ON L/H ENGINE.,OK,2 & 3 ON L/H ENGINE,ROCKER COVERS,LEAKING,,REMOVED & REPLACED ROCKER COVER GASKETS.,,,ROCKER COVER GASKETS,REMOVED & REPLACED,
102889,"ROCKER COVERS 1, 2, 3 & 4 LEAKING ON R/H ENGINE.",OK,"1, 2, 3 & 4 ON R/H ENGINE",ROCKER COVERS,LEAKING,,REMOVED ALL R/H ROCKER COVER GASKETS & REPLACED.,,,ROCKER COVER GASKETS,REMOVED & REPLACED,
102890,#4 ROCKER COVER GASKET LEAKING.,OK,#4,ROCKER COVER GASKET,LEAKING,,REPLACED GASKET.,,,GASKET,REPLACED,
102891,CRACK IN BAFFLING OF #1 CYLINDER BY VALVE COVER.,OK,#1 CYLINDER,BAFFLING,CRACK,,STOP DRILLED CRACK ON #1 CYLINDER BAFFLE.,,,BAFFLE,STOP DRILLED,
102892,BAFFLE ABOVE #1 CYLINDER REQUIRES PATCH.,OK,ABOVE #1 CYLINDER,BAFFLE,REQUIRE PROBLEM,,INSTALLED BAFFLE PATCH.,,,BAFFLE PATCH,INSTALLED,
102893,#2 & 4 ROCKER COVER GASKETS LEAKING.,OK,#2 & 4,ROCKER COVER GASKETS,LEAKING,,REMOVED & REPLACED ROCKER COVER GASKETS.,,,ROCKER COVER GASKETS,REMOVED & REPLACED,
102894,#3 INTAKE GASKET ON L/H ENGINE LEAKING.,OK,#3 ON L/H ENGINE,INTAKE GASKET,LEAKING,,REMOVED & REPLACED GASKET.,,,GASKET,REMOVED & REPLACED,
102895,"ROCKER COVER GASKET LEAKING, #3 R/H ENGINE.",OK,#3 R/H ENGINE,ROCKER COVER GASKET,LEAKING,,REMOVED & REPLACED #3 CYLINDER ROCKER COVER GASKET ON R/H EN,,,ROCKER COVER GASKET,REMOVED & REPLACED,
102896,#2 & 3 ROCKER COVER GASKETS LEAKING ON L/H ENGINE.,OK,#2 & 3 ON L/H ENGINE,ROCKER COVER GASKETS,LEAKING,,REMOVED & REPLACED ROCKER COVER GASKETS ON #2 & 3 CYLINDERS,,,ROCKER COVER GASKETS,REMOVED & REPLACED,
102897,R/H SIDE LOWER FORWARD OIL COOLER HOSE BRACKET BROKEN.,OK,R/H SIDE LOWER FORWARD,OIL COOLER HOSE BRACKET,BROKEN,,REMOVED & REPLACED BRACKET.,,,BRACKET,REMOVED & REPLACED,
102898,"L/H ENGINE BACK BAFFLE, BY #4 CYL, CRACKED.",OK,L/H ENGINE BACK #4 CYL,BAFFLE,CRACKED,,STOP DRILLED CRACK.,,,DRILLED CRACK,STOP,
102899,R/H ENGINE #1 & 2 ROCKER COVERS ARE LEAKING.,OK,R/H ENGINE #1 & 2,ROCKER COVERS,LEAKING,,REMOVED & REPLACED R/H ENGINE ROCKER COVER GASKETS.,,,ROCKER COVER GASKETS,REMOVED & REPLACED,
102900,"#2, 3 & 4 ROCKER COVERS ARE LEAKING ON L/H ENGINE.",OK,"#2, 3 & 4 ON L/H ENGINE",ROCKER COVERS,LEAKING,,"REMOVED & REPLACED ROCKER COVER GASKETS, L/H ENGINE.",,,ROCKER COVER GASKETS,REMOVED & REPLACED,
102901,"#2 INTAKE GASKET LEAKING, L/H ENGINE.",OK,"#2, L/H ENGINE",INTAKE GASKET,LEAKING,,REMOVED & REPLACED INTAKE GASKET.,,,INTAKE GASKET,REMOVED & REPLACED,
102902,"#2 & 3 INTAKE GASKETS LEAKING, R/H ENGINE.",OK,#2 & 3 R/H ENGINE,INTAKE GASKETS,LEAKING,,REMOVED & REPLACED INTAKE GASKETS.,,,INTAKE GASKETS,REMOVED & REPLACED,
102903,"MISSING SCREW ON #3 ROCKER COVER, R/H ENGINE.",OK,"#3, R/H ENGINE",ROCKER COVERS SCREW,MISSING,,INSTALLED NEW SCREW ON ROCKER COVER.,,NEW,SCREW,INSTALLED,
102904,"#2, 3, 4 ROCKER COVER GASKETS LEAKING, R/H ENGINE.",OK,"R/H ENGINE #2, 3, 4",ROCKER COVER GASKETS,LEAKING,,REMOVED & REPLACED ROCKER COVER GASKETS.,,,ROCKER COVER GASKETS,REMOVED & REPLACED,
102905,"#2, 3, 4 ROCKER COVER GASKETS LEAKING, L/H ENGINE.",OK,"L/H ENGINE #2, 3, 4",ROCKER COVER GASKETS,LEAKING,,"REMOVED & REPLACED ROCKER COVER GASKETS, L/H SIDE.",,,ROCKER COVER GASKETS,REMOVED & REPLACED,
102906,L/H ENGINE IS MISSING BAFFLE BOLT FROM #3 CYL.,OK,L/H ENGINE #3 CYL,BAFFLE BOLT,MISSING,,INSTALLED NEW HARDWARE.,,NEW,HARDWARE,INSTALLED,
102907,"ROCKER DRAIN LINES, ALL OF (B NUTS) ARE LOOSE.",OK,ALL,ROCKER DRAIN LINES B NUTS,LOOSE,,TIGHTENED ALL B NUTS.,,,B NUTS,TIGHTENED,
102908,INTAKE 2 & 3 LEAKING.,OK,2 & 3,INTAKE,LEAKING,,REMOVED & REPLACED INTAKE GASKETS.,,,INTAKE GASKETS,REMOVED & REPLACED,
102909,BAFFLE TIE ROD BROKEN.,OK,,BAFFLE TIE ROD,BROKEN,,REPLACED TIE ROD.,,,TIE ROD,REPLACED,
102910,ROCKER COVER SCREWS LOOSE ON L/H ENGINE.,OK,L/H ENGINE,ROCKER COVER SCREWS,LOOSE,,TIGHTENED SCREWS.,,,SCREWS,TIGHTENED,
102911,L/H ENGINE #2 CYLINDER HAS LOW COMPRESSION.,OK,L/H ENGINE #2 CYLINDER,,COMPRESSION,,STAKED EXHAUST VALVE WITH NO AFFECT.,,,EXHAUST VALVE,STAKED,
102912,R/H ENGNIE CYLINDER #3 & 2 INTAKE GASKETS LEAKING.,OK,R/H ENGINE CYLINDER #3 & 2,INTAKE GASKETS,LEAKING,,REMOVED & REPLACED GASKETS.,,,GASKETS,REMOVED & REPLACED,
102913,R/H ENGINE CYLINDER #3 ROCKER COVER GASKET LEAKING.,OK,R/H ENGINE CYLINDER #3,ROCKER COVER GASKET,LEAKING,,REMOVED & REPLACED ROCKER COVER GASKET.,,,ROCKER COVER GASKET,REMOVED & REPLACED,
102914,L/H ENGINE #2 CYLINDER HAS LOW COMPRESSION.,OK,L/H ENGINE #2 CYLINDER,,COMPRESSION,,"RAN A/C, COMPRESSION CHECK AT 14/80 PSI (CONTINUED ON PD #",,,"A/C, COMPRESSION","RAN, CHECK",
102915,LH/ ENGINE #2 CYLINDER HAS LOW COMPRESSION,OK,LH/ ENGINE #2 CYLINDER,,COMPRESSION,,FINISHED INSTALLATION & OPS CHECK GOOD.,,,INSTALLATION,FINISHED & CHECK,
102916,L/H ENGINE #2 EXHAUST ROCKER WAS NICKED DURING VALVE STAKING.,OK,L/H ENGINE #2,EXHAUST ROCKER,NICKED,,"REMOVED & REPLACED ROCKER ARM, SHAFT & GASKET.",,,"ROCKER ARM, SHAFT & GASKET",REMOVED & REPLACED,
102917,LH/ ENGINE #2 CYLINDER HAS LOW COMPRESSION,OK,LH/ ENGINE #2 CYLINDER,,COMPRESSION,,"REPLACED EXHAUST VALVE, FITTED VALVE TO CYL. INSTALLED",,,"EXHAUST VALVE, VALVE","REPLACED, FITTED & INSTALLED",
102918,LH/ ENGINE #2 CYLINDER HAS LOW COMPRESSION,OK,LH/ ENGINE #2 CYLINDER,,COMPRESSION,,REMOVED #2 CYLINDER ON L/H ENG. REMOVED EXHAUST & INTAKE TUB,,,"CYLINDER, EXHAUST & INTAKE TUB","REMOVED, REMOVED",
102919,BOTH OIL COOLERS NEED TO BE CLEANED.,OK,BOTH,OIL COOLERS,NEED PROBLEM,,CLEANED BOTH OIL COOLERS.,,,OIL COOLERS,CLEANED,
102920,#1 CYLINDER COMPRESSION LOW.,OK,#1 CYLINDER,,COMPRESSION,,STAKED EXHAUST VALVE. COMPRESSION CHECKS 70/80. REPLACE,,,"EXHAUST VALVE, COMPRESSION","STAKED, CHECK, REPLACE",
102921,CYLINDER #1 ROCKER COVER GASKET LEAKING.,OK,CYLINDER #1,ROCKER COVER GASKET,LEAKING,,REMOVED & REPLACED ROCKER COVER GASKET.,,,ROCKER COVER GASKET,REMOVED & REPLACED,
102922,AFT L/H BAFFLE IS CRACKED.,OK,AFT L/H,BAFFLE,CRACKED,,FABRICATED PATCH FROM LIKE MATERIAL & RIVETED IAW,,LIKE MATERIAL,PATCH,FABRICATED & RIVETED,
102923,#4 CYLINDER AFT BAFFLE IS CRACKED.,OK,#4 CYLINDER AFT,BAFFLE,CRACKED,,STOP DRILLED CRACK.,,,DRILLED CRACK,STOP,
102924,SMALL CRACK ON OIL COOLER (O/B FWD).,OK,OIL COOLER (O/B FWD),OIL COOLER,CRACK,,STOP DRILLED.,,,DRILLED,STOP,
102925,OIL TUBE DRAIN LINES FOR CYLINDERS LOOSE.,OK,FOR CYLINDERS,OIL TUBE DRAIN LINES,LOOSE,,TIGHTENED B NUTS.,,,B NUTS,TIGHTENED,
102926,#2 ROCKER ARM COVER LEAKING.,OK,#2,ROCKER ARM COVER,LEAKING,,REPLACED GASKET.,,,GASKET,REPLACED,
102927,"BAFFLE SEAL, FORWARD OF #2 CYL, IS LOOSE.",OK,FORWARD OF #2 CYL,BAFFLE SEAL,LOOSE,,SECURED BAFFLE SEAL.,,,BAFFLE SEAL,SECURED,
102928,#3 & 4 INTAKES LEAKING.,OK,#3 & 4,INTAKES,LEAKING,,REMOVED & REPLACED #3 & 4 INTAKE GASKETS.,,,INTAKE GASKETS,REMOVED & REPLACED,
102929,"#2 ROCKER COVER LEAKS, R/H ENG.",OK,#2 R/H ENG,ROCKER COVER,LEAKS,,REPLACED GASKET.,,,GASKET,REPLACED,
102930,#3 CYLINDER ZERO COMPRESSION ON L/H ENG.,OK,#3 CYLINDER ON L/H ENG,,COMPRESSION,,"RAN A/C, LEAK CHECK GOOD.",,,"A/C, LEAK","RAN, CHECK",
102931,#3 CYLINDER ZERO COMPRESSION ON L/H ENG.,OK,#3 CYLINDER ON L/H ENG,,COMPRESSION,,TRIED STAKING EXHAUST VALVE. TEST STILL FAILED. SEEMS T,,,EXHAUST VALVE,TRIED STAKING,
102932,#3 CYLINDER ZERO COMPRESSION ON L/H ENG.,OK,#3 CYLINDER ON L/H ENG,,COMPRESSION,,INSTALLED VALVE TRAIN. DRY TAPPET CLEARANCE CHECK OK. I,,,"VALVE TRAIN, TAPPET CLEARANCE","INSTALLED, CHECK",
102933,#3 CYLINDER ZERO COMPRESSION ON L/H ENG.,OK,#3 CYLINDER ON L/H ENG,,COMPRESSION,,REMOVED CYL. REPLACED & GROUND EXHAUST VALVE. GROUND IN,,,"CYLINDER, EXHAUST VALVE","REMOVED , REPLACED & GROUND IN",
102934,#1 ROCKER COVER LEAKING ON R/H ENGINE.,OK,#1 ON R/H ENGINE,ROCKER COVER,LEAKING,,REPLACED GASKET.,,,GASKET,REPLACED,
102935,#2 INTAKE GASKET LEAKING ON R/H ENGINE.,OK,#2 ON R/H ENGINE,INTAKE GASKET,LEAKING,,REPLACED GASKET.,,,GASKET,REPLACED,
102936,"#3 CYLINDER BAFFLING ON L/H ENGINE, CRACKED ON AFT SIDE.",OK,#3 CYLINDER ON L/H ENGINE,BAFFLING,CRACKED,,STOP DRILLED CRACK.,,,DRILLED CRACK,STOP,
102937,"#2, 3 & 4 ROCKER COVER GASKETS LEAKING ON R/H ENGINE.",OK," #2, 3 & 4 ON R/H ENGINE",ROCKER COVER GASKETS,LEAKING,,REPLACED ROCKER GASKETS.,,,ROCKER GASKETS,REPLACED,
102938,#2 & 3 ROCKER GASKETS LEAKING ON L/H ENGINE.,OK,#2 & 3 ON L/H ENGINE,ROCKER GASKETS,LEAKING,,REMOVED & REPLACED ROCKER COVER GASKETS.,,,ROCKER COVER GASKETS,REMOVED & REPLACED,
102939,#2 & 3 INTAKE GASKETS LEAKING ON L/H ENGINE.,OK,#2 & 3 ON L/H ENGINE,INTAKE GASKETS,LEAKING,,REMOVED & REPLACED #2 & 3 CYLINDER INTAKE GASKETS ON L/H ENGINE,,,INTAKE GASKETS,REMOVED & REPLACED,
102940,"#4 CYLINDER BAFFLING ON L/H ENGINE, CRACKED ON ANGLE BRACKETS.",OK,#4 CYLINDER ON L/H ENGINE,ANGLE BRACKETS,CRACKED,,STOP DRILLED CRACKS & REPLACED ANGLE BRACKETS WITH LIKE M,,LIKE M,"DRILLED CRACK , ANGLE BRACKETS",STOP & REPLACED,
102941,#4 CYLINDER ON L/H ENGINE HAS LOW COMPRESSION. LEAKING FROM EXHAUST,OK,#4 CYLINDER ON L/H ENGINE,EXHAUST,LEAKING,COMPRESSION,STAKED VALVES ON #4 CYLINDER OF L/H ENGINE & OBSERVED NO CHANGE,,,VALVES,STAKED & OBSERVED,
102942,#4 CYLINDER ON L/H ENGINE HAS LOW COMPRESSION. LEAKING FROM EXHAUST,OK,#4 CYLINDER ON L/H ENGINE,EXHAUST,LEAKING,COMPRESSION,REMOVED #4 CYL. REPLACED EXHAUST VALVE & GROUND SEAT. G,,,"#4 CYL, EXHAUST VALVE, SEAT","REMOVED , REPLACED & GROUNDED",
102943,#4 CYLINDER ON L/H ENGINE HAS LOW COMPRESSION. LEAKING FROM EXHAUST,OK,#4 CYLINDER ON L/H ENGINE,EXHAUST,LEAKING,COMPRESSION,"REINSTALLED AFT MUFFLER ASSY, CARBURETOR HEAT BOX. RAN ENGINE",,,"MUFFLER ASSY, CARBURETOR HEAT BOX, ENGINE","REINSTALLED, REINSTALLED, RAN",
102944,#3 INTAKE LEAKING.,OK,#3,INTAKE,LEAKING,,REMOVED & REPLACED INTAKE GASKET.,,,INTAKE GASKET,REMOVED & REPLACED,
102945,#2 INTAKE IS LEAKING.,OK,#2,INTAKE,LEAKING,,REMOVED & REPLACED #2 CYLINDER INTAKE GASKET.,,,INTAKE GASKET,REMOVED & REPLACED,
102946,CYLINDER #3 HAD LOW COMPRESSION (50/80).,OK,CYLINDER #3,,COMPRESSION,,"STAKED VALVE, COMPRESSION CHECK GOOD (72).",,,"VALVE, COMPRESSION","STAKED, CHECK",
102947,"BOTTOM RIVET HEAD SHEARED OFF ON ENGINE BAFFLE, R/H SIDE, I/",OK,"BOTTOM , ON ENGINE, R/H SIDE",BAFFLE RIVET,SHEARED,,"REMOVED ENGINE BAFFLE, R/H AFT. REMOVED & REPLACED SHEA",,,ENGINE BAFFLE,REMOVED & REPLACED,
102948,PUSH ROD TUBE BENT.,OK,,PUSH ROD TUBE,BENT,,INSTALLED SERVICEABLE PUSH RODD TUBE ON ENGINE.,,SERVICEABLE,"PUSH RODD TUBE, ENGINE",INSTALLED,
102949,PUSH ROD TUBE BENT.,OK,,PUSH ROD TUBE,BENT,,REMOVED PUSH ROD TUBE FROM CORE ENGINE. CLEANED & INSPE,,,PUSH ROD TUBE,"REMOVED , CLEANED & INSPECTED",
102950,#2 CYLINDER ROCKER COVER GASKET LEAKING.,OK,#2 CYLINDER,ROCKER COVER GASKET,LEAKING,,REMOVED & REPLACED #2 CYLINDER ROCKER COVER GASKET.,,,ROCKER COVER GASKET,REMOVED & REPLACED,
102951,"NOTED EXCESSIVE VIBRATION & ROUGH RUNNING ENGINE, UPON POST",OK,ENGINE,,VIBRATION & ROUGH,,"REMOVED & REPLACED #2 CYLINDER ASSY. TORQUED CYLINDER TO CASE, IN",,,"CYLINDER ASSY, CYLINDER","REMOVED & REPLACED, TORQUED",
102952,AUTO RE-IGN DOES NOT ACTIVATE WITH LOW N2 CONDITIONS.,OK,,AUTO RE-IGN,DOES NOT ACTIVATE,,COULD NOT DUPLICATE DISCREP. OPS CHECK GOOD.,,,DISCREP,CHECK,
102953,#2 & 3 INTAKES ARE LEAKING ON L/H ENGINE.,OK,#2 & 3 ON L/H ENGINE,INTAKES,LEAKING,,"REMOVED & REPLACED CYLINDER #2, 3 INTAKE GASKETS ON L/H ENGI",,,INTAKE GASKETS,REMOVED & REPLACED,
102954,OIL COOLER LOWER BAFFLE SEAL MISSING.,OK,OIL COOLER LOWER,BAFFLE SEAL,MISSING,,SEALED AREA WITH RTV.,,,RTV,SEALED,
102955,#1 ROCKER COVER GASKET LEAKING.,OK,#1,ROCKER COVER GASKET,LEAKING,,REPLACED ROCKER COVER GASKET.,,,ROCKER COVER GASKET,REPLACED,
102956,FORWARD ENGINE BAFFLE WORN THRU.,OK,FORWARD ENGINE,BAFFLE,WORN,,FABRICATED NEW BAFFLE PIECE OF LIKE MATERIAL & INSTALLE,,LIKE MATERIAL,BAFFLE,FABRICATED & INSTALLED,
102957,"ON A/C RUN UP, L/H PROP TIP WAS DAMAGED.",OK,L/H,PROP TIP,DAMAGED,,COMPLETED REASSEMBLY OF ENGINE. WASHED ENGINE.,,,ENGINE,REASSEMBLY & WASHED,
102958,"ON A/C RUN UP, L/H PROP TIP WAS DAMAGED.",OK,L/H,PROP TIP,DAMAGED,,"REMOVED ACCESSORY CASE, PERFORMED LYCOMING.",,,ACCESSORY CASE,REMOVED & PERFORMED,
102959,"ON A/C RUN UP, L/H PROP TIP WAS DAMAGED.",OK,L/H,PROP TIP,DAMAGED,,ENGINE RUN & LEAK CHECK GOOD. ADJUSTED PROP LOW PITCH STOP,,,"ENGINE, LEAK, PROP LOW PITCH STOP","RUN & CHECK, ADJUSTED",
102960,CYLINDER #2 INTAKE GASKET LEAKING.,OK,CYLINDER #2,INTAKE GASKET,LEAKING,,REMOVED & REPLACED INTAKE GASKET.,,,INTAKE GASKET,REMOVED & REPLACED,
102961,CYLINDER #2 ROCKER COVER GASKET LEAKING.,OK,CYLINDER #2,ROCKER COVER GASKET,LEAKING,,REMOVED & REPLACED ROCKER COVER GASKET.,,,ROCKER COVER GASKET,REMOVED & REPLACED,
102962,"R/H ENGINE BAFFLE, BETWEEN #2 & 4 CYL, REQ REWORK.",OK,R/H ENGINE BETWEEN #2 & 4 CYL,BAFFLE,REQUIRE PROBLEM,,RESECURED BAFFLE SEAL.,,,BAFFLE SEAL,RESECURED,
102963,L/H #2 & 4 INTAKE GASKETS LEAKING.,OK,L/H #2 & 4,INTAKE GASKETS,LEAKING,,REPLACED BOTH GASKETS. LEAK CHECK GOOD.,,,"GASKETS, LEAK","REPLACED, CHECK",
102964,UPPER BAFFLE HOLE PLUGS AER WORN.,OK,UPPER,BAFFLE HOLE PLUGS,WORN,,REMOVED & REPLACED BOTH BAFFLE PLUGS.,,,BAFFLE PLUGS,REMOVED & REPLACED,
102965,#1 ROCKER COVER IS LEAKING.,OK,#1,ROCKER COVER,LEAKING,,REMOVED & REPLACED #1 CYLINDER ROCKER COVER GASKET.,,,ROCKER COVER GASKET,REMOVED & REPLACED,
102966,#1 CYLINDER HAS LOW COMPRESSION.,OK,#1 CYLINDER,,COMPRESSION,,REMOVED ROCKER COVER & STAKED VALVES NOTING COMPRESSION,,,"ROCKER COVER, VALVES, COMPRESSION",REMOVED & STAKED,
102967,#1 CYLINDER HAS LOW COMPRESSION.,OK,#1 CYLINDER,,COMPRESSION,,PERFORMED ENGINE RUN & PERFORMED COMPRESSION CHECK ON #1 N,,,"ENGINE, COMPRESSION",RAN & CHECKED,
102968,#2 & 3 ROCKER COVER GASKETS LEAKING.,OK,#2 & 3,ROCKER COVER GASKETS,LEAKING,,REMOVED & REPLACED ROCKER COVER GASKETS.,,,ROCKER COVER GASKETS,REMOVED & REPLACED,
102969,"BAFFLE CRACKED PAST STOP DRILL, #4 CYL.",OK,#4 CYL,BAFFLE,CRACKED,,"FABRICATED PATCH, STOP DRILLED CRACK & INSTALLED PATCH.",,,"PATCH, DRILLED CRACK, PATCH","FABRICATED, STOP & INSTALLED",
102970,"BAFFLE PLUG HOLE REQUIRES PATCH, #3 CYL.",OK,#3 CYL,BAFFLE PLUG HOLE,REQUIRE PROBLEM,,FABRICATED & INSTALLED BAFFLE PLUG PATCH. REPLACED BAFF,,,"BAFFLE PLUG PATCH, BAFF","FABRICATED & INSTALLED, REPLACED",
102971,#3 ROCKER COVER IS LEAKING OIL.,OK,#3,ROCKER COVER,LEAKING,,REMOVED & REPLACED #3 ROCKER COVER GASKET.,,,ROCKER COVER GASKET,REMOVED & REPLACED,
102972,HARDWARE MISSING ON #3 ROCKER COVER.,OK,#3,ROCKER COVER HARDWARE,MISSING,,INSTALLED NEW HARDWARE.,,NEW,HARDWARE,INSTALLED,
102973,#2 INTAKE GASKET LEAKING.,OK,#2,INTAKE GASKET,LEAKING,,REPLACED GASKET.,,,GASKET,REPLACED,
102974,#3 & 4 ROCKER COVERS LEAKING.,OK,#3 & 4,ROCKER COVERS,LEAKING,,REMOVED & REPLACED #3 & 4 ROCKER GASKETS.,,,ROCKER GASKETS,REMOVED & REPLACED,
102975,#1 CYLINDER ENGINE BAFFLE IS CRACKED.,OK,#1 CYLINDER ENGINE,BAFFLE,CRACKED,,STOP DRILLED CRACK.,,,DRILLED CRACK,STOP,
102976,#3 AFT BAFFLE TAB LOOSE.,OK,#3 AFT,BAFFLE TAB,LOOSE,,STARTED REMOVING R/H AFT ENGINE BAFFLE.,,,ENGINE BAFFLE,STARTED REMOVING,
102977,#4 INTAKE TUBE GASKET IS LEAKING.,OK,#4,INTAKE TUBE GASKET,LEAKING,,INSTALLED NEW #4 INTAKE TUBE GASKET.,,NEW,INTAKE TUBE GASKET,INSTALLED,
102978,#3 AFT BAFFLE TAB LOOSE.,OK,#3 AFT,BAFFLE TAB,LOOSE,,INSTALLED NEW SCREWS & NUTS ON BAFFLE TAB. REINSTALLED,,NEW,"SCREWS & NUTS, BAFFLE TAB","INSTALLED, REINSTALLED",
102979,#3 & 4 ROCKER BOX COVER GASKETS LEAKING.,OK,#3 & 4,ROCKER BOX COVER GASKETS,LEAKING,,INSTALLED NEW ROCKER BOX COVER GASKETS.,,NEW,ROCKER BOX COVER GASKETS,INSTALLED,
102980,UPPER ENGINE COWL NEEDS CHAFE TAPE.,OK,UPPER ENGINE,COWL,NEED PROBLEM,,INSTALLED CHAFE TAPE AS REQUIRED.,,,CHAFE TAPE,INSTALLED,
102981,L/H BAFFLE BUTTON PLUG NEEDS TO BE REPLACED.,OK,L/H,BAFFLE BUTTON PLUG,NEED PROBLEM,,INSTALLED NEW BAFFLE PLUG.,,NEW,BAFFLE PLUG,INSTALLED,
102982,"#2, 4 ROCKER COVER GASKETS LEAKING.",OK,"#2, 4",ROCKER COVER GASKETS,LEAKING,,REMOVED & REPLACED ROCKER GASKETS.,,,ROCKER GASKETS,REMOVED & REPLACED,
102983,FORWARD LOWER R/H BAFFLE SEAL NEEDS REPLACEMENT.,OK,FORWARD LOWER R/H,BAFFLE SEAL,NEED PROBLEM,,INSTALLED NEW SECTION OF BAFFLE MATERIAL.,,NEW,BAFFLE MATERIAL,INSTALLED,
102984,"R/H ENGINE #2, 3 & 4 CYLINDER ROCKER COVER GASKETS ARE LEAKING.",OK,"R/H ENGINE #2, 3 & 4 CYLINDER",ROCKER COVER GASKETS,LEAKING,,REMOVED & REPLACED ROCKER COVER GASKETS.,,,ROCKER COVER GASKETS,REMOVED & REPLACED,
102985,#2 INTAKE IS LEAKING.,OK,#2,INTAKE,LEAKING,,REMOVED & REPLACED INTAKE GASKET.,,,INTAKE GASKET,REMOVED & REPLACED,
102986,#2 & 3 ROCKER COVERS ARE LEAKING.,OK,#2 & 3,ROCKER COVERS,LEAKING,,REMOVED & REPLACED #2 & 3 CYLINDER ROCKER COVER GASKETS.,,,ROCKER COVER GASKETS,REMOVED & REPLACED,
102987,#2 & 4 INTERCYLINDER BAFFLE CONNECTING ROD BROKEN.,OK,INTERCYLINDER #2 & 4,BAFFLE CONNECTING ROD,BROKEN,,REMOVED & REPLACED BAFFLE CONNECTING ROD.,,,BAFFLE CONNECTING ROD,REMOVED & REPLACED,
102988,LOWER CLAMPS LOOSE ON R/H ENGINE #4 INTAKE.,OK,R/H ENGINE #4 INTAKE,CLAMPS,LOOSE,,RESECURED CLAMPS.,,,CLAMPS,RESECURED,
102989,#4 INTAKE LEAKING ON L/H ENGINE.,OK,#4 ON L/H ENGINE,INTAKE,LEAKING,,REMOVED & REPLACED INTAKE GASKETS.,,,INTAKE GASKETS,REMOVED & REPLACED,
102990,#2 & 3 ROCKER COVERS LEAKING ON L/H ENGINE.,OK,#2 & 3 ON L/H ENGINE,ROCKER COVER,LEAKING,,REMOVED & REPLACED ROCKER COVER GASKETS.,,,ROCKER COVER GASKETS,REMOVED & REPLACED,
102991,OIL FILLER TUBE LOOSE.,OK,,OIL FILLER TUBE,LOOSE,,TIGHTENED OIL FILLER TUBE.,,,OIL FILLER TUBE,TIGHTENED,
102992,FORWARD L/H BAFFLE NEEDS TO BE SECURED.,OK,FORWARD L/H,BAFFLE,NEED PROBLEM,,SECURED BAFFLE.,,,BAFFLE,SECURED,
102993,#4 INTAKE LEAKING.,OK,#4,INTAKE,LEAKING,,REMOVED & REPLACED #4 CYLINDER INTAKE GASKET.,,,INTAKE GASKET,REMOVED & REPLACED,
102994,FORWARD ADEL CLAMP ON #3 CYLINDER LOOSE & RUBBING ON PUSH ROD TUBE.,OK,FORWARD ON #3 CYLINDER,ADEL CLAMP,LOOSE & RUBBING,,REMOVED & REPLACED FORWARD ADEL CLAMP ON #3 CYLINDER PUSH ROD TU,,,"FORWARD ADEL CLAMP, PUSH ROD TUBE",REMOVED & REPLACED,
102995,#2 INTAKE IS LEAKING.,OK,#2,INTAKE,LEAKING,,REMOVED & REPLACED GASKET.,,,GASKET,REMOVED & REPLACED,
102996,#4 ROCKER COVER GASKET LEAKING.,OK,#4,ROCKER COVER GASKET,LEAKING,,REMOVED & REPLACED #4 ROCKER COVER GASKET.,,,ROCKER COVER GASKET,REMOVED & REPLACED,
102997,L/H ENGINE #2 CYLINDER INTAKE GASKET IS LEAKING.,OK,L/H ENGINE #2 CYLINDER,INTAKE GASKET,LEAKING,,REPLACED GASKET.,,,GASKET,REPLACED,
102998,R/H ENGINE #3 CYLINDER ROCKER COVER IS MISSING A SCREW.,OK,R/H ENGINE #3 CYLINDER,ROCKER COVER SCREW,MISSING,,REPLACED SCREW.,,,SCREW,REPLACED,
102999,#2 CYLINDER INTAKE LEAKING.,OK,#2 CYLINDER,INTAKE,LEAKING,,REMOVED & REPLACED GASKET.,,,GASKET,REMOVED & REPLACED,
103000,#2 CYLINDER ROCKER COVER GASKET LEAKING.,OK,#2 CYLINDER,ROCKER COVER GASKET,LEAKING,,REMOVED & REPLACED GASKET.,,,GASKET,REMOVED & REPLACED,
103001,UPPER COWLING NEEDS SMALL PIECE OF CHAFE TAPE.,OK,UPPER COWLING,CHAFE TAPE,NEED PROBLEM,,INSTALLED TAPE.,,,TAPE,INSTALLED,
103002,"L/H UPPER ENGINE BAFFLING ON ENG, WORN SEAL SUPPORT.",OK,L/H UPPER ENGINE,SEAL SUPPORT,WORN,,SECURED SEAL.,,,SEAL,SECURED,
103003,"BETWEEN #2 & 4 CYLDERS, SPIRAL WRAP MELTED.",OK,BETWEEN #2 & 4 CYLDERS,SPIRAL WRAP,MELTED,,"REMOVED PLASTIC, RECONTOURED LINE OUT OF WAY.",,,"PLASTIC, LINE","REMOVED, RECONTOURED",
103004,#2 CYLINDER ROCKER COVER LEAKING.,OK,#2 CYLINDER,ROCKER COVER,LEAKING,,REMOVED & REPLACED ROCKER COVER GASKET.,,,ROCKER COVER GASKET,REMOVED & REPLACED,
103005,#3 CYLINDER ROCKER COVER BOTTOM SCREW NEEDS SWAPPED WITH AFT BAFFLE,OK,#3 CYLINDER BOTTOM ,ROCKER COVER SCREW,NEED PROBLEM,,SWAPPED SCREWS.,,,SCREWS,SWAPPED,
103006,#2 & 3 ROCKER COVER GASKETS LEAKING.,OK,#2 & 3,ROCKER COVER GASKETS,LEAKING,,REMOVED & REPLACED GASKETS.,,,GASKETS,REMOVED & REPLACED,
103007,#3 CYLINDER BAFFLING MISSING SPARK PLUG ACCESS PLUG.,OK,#3 CYLINDER,BAFFLING SPARK PLUG ACCESS PLUG,MISSING,,INSTALLED NEW SPARK PLUG ACCESS PLUG.,,NEW,SPARK PLUG ACCESS PLUG,INSTALLED,
103008,CRACK NOTED ON TOP OF #2 CYLINDER BAFFLING.,OK,#2 CYLINDER,BAFFLING,CRACKED,,CRACK PREVIOUSLY STOP DRILLED. NO FURTHER DEFECTS NOTED,,,DRILLED CRACK,STOP,
103009,R/H ENGINE FORWARD BAFFLE LOOSE.,OK,R/H ENGINE FORWARD,BAFFLE,LOOSE,,REATTACHED BAFFLE.,,,BAFFLE,REATTACHED,
103010,#3 AFT BAFFLE CRACKED.,OK,#3 AFT,BAFFLE,CRACKED,,INSTALLED PATCH MADE OF LIKE MATERIAL.,,LIKE MATERIAL,PATCH,INSTALLED,
103011,#2 INTAKE GASKET LEAKING.,OK,#2,INTAKE GASKET,LEAKING,,REMOVED & REPLACED GASKET.,,,GASKET,REMOVED & REPLACED,
103012,#3 & 4 ROCKER COVER GASKETS LEAKING.,OK,#3 & 4,ROCKER COVER GASKETS,LEAKING,,REMOVED & REPLACED GASKETS.,,,GASKETS,REMOVED & REPLACED,
103013,#2 ROCKER COVER GASKET LEAKING.,OK,#2,ROCKER COVER GASKET,LEAKING,,LEAK CHECK GOOD.,,,LEAK,CHECK,
103014,#2 ROCKER COVER GASKET LEAKING.,OK,#2,ROCKER COVER GASKET,LEAKING,,REMOVED & REPLACED #2 CYLINDER ROCKER COVER GASKET.,,,ROCKER COVER GASKET,REMOVED & REPLACED,
103015,OIL COOLER REQUIRES TIME CHANGE.,OK,,OIL COOLER,REQUIRE PROBLEM,,OPS & LEAK CHECK GOOD.,,,OPS & LEAK,CHECK,
103016,OIL COOLER REQUIRES TIME CHANGE.,OK,,OIL COOLER,REQUIRE PROBLEM,,REMOVED & REPLACED OIL COOLER,,,OIL COOLER,REMOVED & REPLACED,
103017,ENGINE REQUIRES TIME CHANGE.,OK,ENGINE,,REQUIRE PROBLEM,,INSTALLED EXHAUST SYSTEM. CONNECTED ELECTRICAL WIRING.,,,"EXHAUST SYSTEM, ELECTRICAL WIRING","INSTALLED, CONNECTED",
103018,ENGINE REQUIRES TIME CHANGE.,OK,ENGINE,,REQUIRE PROBLEM,,DISCONNECTED BATTERY GROUND. REMOVED EXHAUST SYSTEM. DI,,,"BATTERY GROUND, EXHAUST SYSTEM","DISCONNECTED, REMOVED",
103019,ENGINE REQUIRES TIME CHANGE.,OK,ENGINE,,REQUIRE PROBLEM,,"INSTALLED BUILT UP ENGINE ON MOUNT, TOR",,BUILT UP,ENGINE,INSTALLED,
103020,ENGINE REQUIRES TIME CHANGE.,OK,ENGINE,,REQUIRE PROBLEM,,"FINISHED INSTALLING STARTER, VACUUM PUMP, ALTERNATOR, W",,,"STARTER, VACUUM PUMP, ALTERNATOR",INSTALLED,
103021,ENGINE REQUIRES TIME CHANGE.,OK,ENGINE,,REQUIRE PROBLEM,,"REMOVED BAFFLING, OIL LINE & QUICK DRAIN FROM CORE ENGI",,,"BAFFLING, OIL LINE, QUICK DRAIN",REMOVED,
103022,#2 INTAKE IS LEAKING.,OK,#2,INTAKE,LEAKING,,REMOVED & REPLACED INTAKE GASKET.,,,INTAKE GASKET,REMOVED & REPLACED,
103023,"ON RUN UP, IDLE RPM WAS AT 720.",OK,,,RPM,,ADJUSTED IDLE SPEED.,,,IDLE SPEED,ADJUSTED,
103024,"ON RUN UP, IDLE RPM WAS AT 720.",OK,,,RPM,,RUN UP IDLE CHECK GOOD.,,,IDLE,CHECK,
103025,CYLINDER #3 ROCKER COVER GASKET LEAKING.,OK,CYLINDER #3,ROCKER COVER GASKET,LEAKING,,REMOVED & REPLACED CYLINDER #3 ROCKER COVER GASKET.,,,ROCKER COVER GASKET,REMOVED & REPLACED,
103026,#3 INTAKE GASKET LEAKING.,OK,#3,INTAKE GASKET,LEAKING,,REMOVED & REPLACD #3 CYLINDER INTAKE GASKET.,,,INTAKE GASKET,REMOVED & REPLACED,
103027,#2 INTAKE GASKET LEAKING.,OK,#2,INTAKE GASKET,LEAKING,,REMOVED & REPLACED #2 CYLINDER INTAKE GASKET.,,,INTAKE GASKET,REMOVED & REPLACED,
103028,#2 CYLINDER ROCKER COVER GASKET LEAKING.,OK,#2 CYLINDER,ROCKER COVER GASKET,LEAKING,,REMOVED & REPLACED GASKET.,,,GASKET,REMOVED & REPLACED,
103029,#4 INTAKE LEAKING.,OK,#4,INTAKE,LEAKING,,REPLACED GASKET.,,,GASKET,REPLACED,
103030,ENGINE RPM WOULD FLUCTUATE 200 - 250 RPM @ HOVER. RAN ROUGH,OK,ENGINE,,"RPM , ROUGH",,"RAN UP A/C, NO DEFECTS NOTED.",,,A/C,RAN,
103031,BOTH BAFFLE PLUGS WORN.,OK,BOTH,BAFFLE PLUGS,WORN,,REMOVED & REPLACED BAFFLE PLUGS.,,,BAFFLE PLUGS,REMOVED & REPLACED,
103032,#4 INTAKE GASKET IS LEAKING.,OK,#4,INTAKE GASKET,LEAKING,,REPLACED GASKET.,,,GASKET,REPLACED,
103033,R/H BAFFLE PLUG MISSING FINGERS.,OK,R/H,BAFFLE PLUG FINGERS,MISSING,,INSTALLED NEW PLUG.,,NEW,PLUG,INSTALLED,
103034,#4 ROCKER COVER GASKET LEAKING.,OK,#4,ROCKER COVER GASKET,LEAKING,,REMOVED & REPLACED GASKET.,,,GASKET,REMOVED & REPLACED,
103035,#4 INTAKE LEAKING.,OK,#4,INTAKE,LEAKING,,REMOVED & REPLACED GASKET.,,,GASKET,REMOVED & REPLACED,
103036,#3 & 4 INTAKE GASKETS LEAKING.,OK,#3 & 4,INTAKE GASKETS,LEAKING,,REMOVED & REPLACED INTAKE GASKETS.,,,INTAKE GASKETS,REMOVED & REPLACED,
103037,#2 ROCKER COVER GASKET LEAKING.,OK,#2,ROCKER COVER GASKET,LEAKING,,REMOVED & REPLACED ROCKER COVER GASKET.,,,ROCKER COVER GASKET,REMOVED & REPLACED,
103038,"CRACK NOTED ON INSIDE OF #2 CYLINDER BAFFLING, NEAR RIVET.",OK,#2 CYLINDER,BAFFLING,CRACK,,STOP DRILLED CRACK.,,,DRILLED CRACK,STOP,
103039,CYLINDER #2 COMPRESSION LOW. AIR NOTED & OBSERVED OUT OF EXHAUST.,OK,CYLINDER #2,AIR,"COMPRESSION , OBSERVED",,PERFORMED COMPRESSION ON #2 CYLINDER AFTER RUN & NOTED 70/80,,,COMPRESSION,PERFORMED,
103040,CYLINDER #2 COMPRESSION LOW. AIR NOTED & OBSERVED OUT OF EXHAUST.,OK,CYLINDER #2,AIR,"COMPRESSION , OBSERVED",,PERFORMED RUN UP AFTER WARMING UP ENGINE & NOTED NO DEF,,,ENGINE,RUN,
103041,CYLINDER #2 COMPRESSION LOW. AIR NOTED & OBSERVED OUT OF EXHAUST.,OK,CYLINDER #2,AIR,"COMPRESSION , OBSERVED",,STAKED EXHAUST & INTAKE VALVES NOTING NO IMPROVEMENT IN,,,"EXHAUST VALVES, INTAKE VALVES",STAKED,
103042,#2 & 3 ROCKER COVERS LEAKING.,OK,#2 & 3,ROCKER COVERS,LEAKING,,REMOVED & REPLACED GASKETS.,,,GASKETS,REMOVED & REPLACED,
103043,#2 ROCKER COVER IS LEAKING.,OK,#2,ROCKER COVER,LEAKING,,REMOVED & REPLACED CYLINDER #2 ROCKER COVER GASKET.,,,ROCKER COVER GASKET,REMOVED & REPLACED,
103044,"ENGINE OVERSPEED, 2750 - 2760 RPM FOR 3-4 SECONDS.",OK,ENGINE,,RPM,,"RESEARCHED FDM CARD DATA, FOUND MAX RPM OF 2739.8; WHIC",,,FDM CARD DATA,RESEARCHED,
103045,#3 & 4 ROCKER COVER GASKETS ARE LEAKING.,OK,#3 & 4,ROCKER COVER GASKETS,LEAKING,,REMOVED & REPLACED #3 & 4 CYLINDER ROCKER COVER GASKETS.,,,ROCKER COVER GASKETS,REMOVED & REPLACED,
103046,#4 INTAKE GASKET LEAKING.,OK,#4,INTAKE GASKET,LEAKING,,REMOVED & REPLACED GASKET.,,,GASKET,REMOVED & REPLACED,
103047,SNIFFLER VALVE DIRTY.,OK,,SNIFFLER VALVE,DIRTY,,CLEANED SNIFFLER VALVES.,,,SNIFFLER VALVES,CLEANED,
103048,"#2, 4 ROCKER COVER GASKETS LEAKING.",OK,"#2, 4",ROCKER COVER GASKETS,LEAKING,,"REPLACED #2, 4 ROCKER COVER GASKETS.",,,ROCKER COVER GASKETS,REPLACED,
103049,"#2, 3, 4 ROCKER GASKETS LEAKING.",OK,"#2, 3, 4",ROCKER GASKETS,LEAKING,,"REPLACED GASKETS, LEAK CHECK GOOD.",,,"GASKETS, LEAK","REPLACED, CHECK",
103050,#2 INTAKE LEAKING.,OK,#2,INTAKE,LEAKING,,REMOVED & REPLACED INTAKE GASKET.,,,INTAKE GASKET,REMOVED & REPLACED,
103051,CYLINDER #4 ROCKER COVER GASKET LEAKING.,OK,CYLINDER #4,ROCKER COVER GASKET,LEAKING,,REMOVED & REPLACED #4 ROCKER COVER GASKET.,,,ROCKER COVER GASKET,REMOVED & REPLACED,
103052,"#4 INTAKE IS LEAKING, CYLINDER #3 INTAKE LEAKING, CYLINDER #2 INTAKE L",OK,"#4,#3,#2 CYLINDER",INTAKE,LEAKING,,"REMOVED & REPLACED #2, 3 & 4 INTAKE GASKETS.",,,INTAKE GASKETS,REMOVED & REPLACED,
103053,CRACK NOTED ON LOWER REAR POSITION OF #4 CYLINDER BAFFLE.,OK,#4 CYLINDER,BAFFLE,CRACKED,,"STOP DRILLED CRACK, NO OTHER DEFECTS NOTED @ THIS TIME.",,,DRILLED CRACK,STOP,
103054,"CRACK NOTED ON INSIDE OF #1 CYLINDER UPPER BAFFLE, NEAR RIVET.",OK,#1 CYLINDER UPPER BAFFLE,BAFFLE,CRACK,,"STOP DRILLED BOTH ENDS OF CRACK, NO FURTHER DEFECTS NOT",,,DRILLED CRACK,STOP,
103055,ALL ROCKER COVER SCREWS ARE LOOSE.,OK,ALL,ROCKER COVER SCREWS,LOOSE,,TIGHTENED ALL COVERS.,,,COVERS,TIGHTENED,
103056,ALL CYLINDER DRAIN LINE B' NUTS ARE LOOSE.,OK,ALL CYLINDER DRAIN LINE,B' NUTS,LOOSE,,TIGHTENED ALL B' NUTS.,,,B' NUTS,TIGHTENED,
103057,"SPRING WIRE FOR I/B L/H SIDE ENG, BROKEN.",OK,I/B L/H SIDE ENG,SPRING WIRE,BROKEN,,REPLACED SPRING WIRE.,,,SPRING WIRE,REPLACED,
103058,BOTH BAFFLE PLUGS WORN.,OK,BOTH,BAFFLE PLUGS,WORN,,REMOVED & REPLACED BAFFLE PLUGS.,,,BAFFLE PLUGS,REMOVED & REPLACED,
103059,#2 & 4 ROCKER COVERS LEAKING.,OK,#2 & 4,ROCKER COVERS,LEAKING,,REPLACED GASKETS.,,,GASKETS,REPLACED,
103060,BAFFLE PLUGS WORN.,OK,,BAFFLE PLUGS,WORN,,REPLACED WITH NEW ONES.,,NEW,PLUGS,REPLACED,
103061,#2 INTAKE IS LEAKING.,OK,#2,INTAKE,LEAKING,,REMOVED & REPLACED GASKET.,,,GASKET,REMOVED & REPLACED,
103062,#3 INTAKE LEAKING.,OK,#3,INTAKE,LEAKING,,REMOVED & REPLACED #3 CYLINDER INTAKE GASKET.,,,INTAKE GASKET,REMOVED & REPLACED,
103063,#4 INDUCTION TUBE GASKET LEAKING.,OK,#4,INDUCTION TUBE GASKET,LEAKING,,INSTALLED NEW #4 INDUCTION TUBE GASKET.,,NEW,INDUCTION TUBE GASKET,INSTALLED,
103064,ENGINE R/H REAR BAFFLE SUPPORT BRACKET LOOSE.,OK,ENGINE R/H REAR,BAFFLE SUPPORT BRACKET,LOOSE,,REMOVED R/H REAR BAFFLE. INSTALLED NEW SCREWS & NUTS. R,,NEW,"BAFFLE, SCREWS & NUTS","REMOVED, INSTALLED",
103065,BOTTOM R/H BAFFLE TIE DOWN UNSECURED FROM BAFFLE.,OK,BOTTOM R/H,BAFFLE TIE DOWN,UNSECURED,,INSTALLED NEW TIE ROD.,,NEW,TIE ROD,INSTALLED,
103066,R/H FUEL TOP ENGINE BAFFLE SEAL NEEDS TO BE SECURED.,OK,R/H FUEL TOP ENGINE,BAFFLE SEAL,NEED PROBLEM,,RESECURED BAFFLE SEAL.,,,BAFFLE SEAL,RESECURED,
103067,#2 & 3 INTAKE GASKET LEAKING.,OK,#2 & 3,INTAKE GASKET,LEAKING,,REMOVED & REPLACED INTAKE GASKETS.,,,INTAKE GASKETS,REMOVED & REPLACED,
103068,#2 & 3 ROCKER COVER GASKETS LEAKING.,OK,#2 & 3,ROCKER COVER GASKETS,LEAKING,,REMOVED & REPLACED ROCKER COVER GASKETS.,,,ROCKER COVER GASKETS,REMOVED & REPLACED,
103069,#1 CYLINDER BAFFLE CRACK NOTED BY CYLINDER HEAD SCREW PLATE.,OK,#1 CYLINDER,BAFFLE,CRACK,,STOP DRILLED CRACK & INSTALLED DOUBLER PLATE TO #1 CYLINDER,,,"DRILLED CRACK, DOUBLER PLATE",STOP & INSTALLED,
103070,#4 INTAKE LEAKING.,OK,#4,INTAKE,LEAKING,,REPLACED GASKET.,,,GASKET,REPLACED,
103071,LOWER BAFFLING SEAL IS CHAFING AIR FILTER BOX CAM LOCK NUTPL,OK,LOWER,BAFFLING SEAL,CHAFING,,INSTALLED RTV IN AREAS.,,,RTV,INSTALLED,
103072,SMALL FOREIGN OBJECT DAMAGE ON TOP OF #3 CYLINDER,OK,TOP OF #3 CYLINDER,FOREIGN OBJECT,DAMAGE,,REMOVED FOREIGN OBJECT DAMAGE ON TOP OF NO. 3 CYLINDER,,,FOREIGN OBJECT DAMAGE,REMOVED,
103073,#2 & 4 INTAKE GASKETS LEAKING.,OK,#2 & 4,INTAKE GASKETS,LEAKING,,REMOVED & REPLACED #2 & 4 CYLINDER INTAKE GASKETS.,,,INTAKE GASKETS,REMOVED & REPLACED,
103074,"R/H ENGINE FOAM SEAL LOOSE ON BULKHEAD, BEHIND ENGINE INLET",OK,R/H ENGINE BULKHEAD,FOAM SEAL,LOOSE,,RESECURED R/H ENGINE FOAM SEAL.,,,FOAM SEAL,RESECURED,
103075,L/H REAR ENGINE BAFFLE ACCESS HOLE WORN.,OK,L/H REAR ENGINE,BAFFLE ACCESS HOLE,WORN,,INSTALL ACCESS HOLE DOUBLER IAW,,,ACCESS HOLE DOUBLER,INSTALL,
103076,#4 INTAKE GASKET LEAKING.,OK,#4,INTAKE GASKET,LEAKING,,REMOVED & REPLACED INTAKE GASKET.,,,INTAKE GASKET,REMOVED & REPLACED,
103077,#3 ROCKER COVER GASKET LEAKING.,OK,#3,ROCKER COVER GASKET,LEAKING,,REMOVED & REPLACED #3 CYLINDER ROCKER COVER GASKET.,,,ROCKER COVER GASKET,REMOVED & REPLACED,
103078,"OIL PRESENT ON ENGINE, R/H SIDE. OIL SPRAYED BELOW & AFT.",OK,"ENGINE R/H SIDE,  BELOW & AFT",OIL,SPRAYED,,FOUND #4 ROCKER COVER GASKET LEAKING. REMOVED & REPLACE,,,ROCKER COVER GASKET,FOUND & REMOVED & REPLACE,#4 ROCKER COVER GASKET LEAKING
103079,"ON TAXI, ENGINE RAN ROUGH FROM 800 TO 1400 RPM. LEANING MIXTURE",OK,ENGINE,,ROUGH,,RAN UP A/C & LEANED OUT TO CLEAN PLUGS. OPS CHECK OK.,,,"A/C, PLUGS, OPS","RAN , LEANED OUT & CLEANED , CHECK",LEANING
103080,#4 CYLINDER INTAKE LEAKS.,OK,#4 CYLINDER,INTAKE,LEAKS,,REPLACED GASKET.,,,GASKET,REPLACED,
103081,FRONT BAFFLE SEAL WORN BY ENGINE INLET & EDGES.,OK,FRONT,BAFFLE SEAL,WORN,,INSTALLED RTV IN WORN AREAS.,,,RTV,INSTALLED,
103082,"#1, 2, 3 & 4 OIL RETURN LINES LEAKING.",OK,"#1, 2, 3 & 4",OIL RETURN LINES,LEAKING,,TIGHTENED OIL RETURN LINE CLAMPS.,,,OIL RETURN LINE CLAMPS,TIGHTENED,
103083,#3 INTAKE LEAKING.,OK,#3,INTAKE,LEAKING,,REMOVED & REPLACED INTAKE GASKET.,,,INTAKE GASKET,REMOVED & REPLACED,
103084,#2 ROCKER COVER LEAKING.,OK,#2,ROCKER COVER,LEAKING,,REMOVED & REPLACED #2 ROCKER GASKET.,,,ROCKER GASKET,REMOVED & REPLACED,
103085,#1 ROCKER GASKET LEAKING.,OK,#1,ROCKER GASKET,LEAKING,,REPLACED WITH NEW GASKET. LEAK CHECK GOOD.,,NEW,"GASKET, LEAK","REPLACED, CHECK",
103086,#1 INTAKE GASKET IS LEAKING.,OK,#1,INTAKE GASKET,LEAKING,,REPLACED WITH NEW GASKET. LEAK CHECK GOOD.,,NEW,"GASKET, LEAK","REPLACED, CHECK",
103087,#2 & 4 INTAKES LEAKING.,OK,#2 & 4,INTAKES,LEAKING,,REMOVED & REPLACED INTAKE GASKETS.,,,INTAKE GASKETS,REMOVED & REPLACED,
103088,"#2, 3 & 4 INTAKE GASKETS LEAKING.",OK,"#2, 3 & 4",INTAKE GASKETS,LEAKING,,REMOVED & REPLACED INTAKE GASKETS.,,,INTAKE GASKETS,REMOVED & REPLACED,
103089,#2 & 4 ROCKER COVERS MISSING HARDWARE.,OK,#2 & 4,ROCKER COVERS HARDWARE,MISSING,,INSTALLED SCREWS ONTO ROCKER COVERS.,,,"SCREWS, ROCKER COVERS","INSTALLED, INSTALLED",
103090,"CRACK NOTED ON INSIDE OF #1 CYLINDER BAFFLE, BY SCREW PLATE.",OK,#1 CYLINDER,BAFFLE,CRACKED,,STOP DRILLED CRACK.,,,DRILLED CRACK,STOP,
103091,#1 & 2 ROCKER COVER GASKETS LEAKING.,OK,#1 & 2,ROCKER COVER GASKETS,LEAKING,,REMOVED & REPLACED ROCKER COVER GASKETS.,,,ROCKER COVER GASKETS,REMOVED & REPLACED,
103092,CRACK NOTED ON ENGINE BAFFLE NEAR AFT ALTERNATOR ATTACH BOLT,OK,ENGINE BAFFLE NEAR AFT ALTERNATOR ATTACH BOLT,BAFFLE,CRACKED,,STOP DRILLED CRACK.,,,DRILLED CRACK,STOP,
103093,L/H SIDE COWL SEAL COMING LOOSE.,OK,L/H SIDE,COWL SEAL,LOOSE,,RESECURED COWL SEAL.,,,COWL SEAL,RESECURED,
103094,#3 & 4 INTAKE GASKETS LEAKING.,OK,#3 & 4,INTAKE GASKETS,LEAKING,,"REPLACED BOTH GASKETS, LEAK CHECK GOOD.",,,"GASKETS, LEAK","REPLACED, CHECK",
103095,ALL ROCKER GASKETS ARE LEAKING.,OK,ALL,ROCKER GASKETS,LEAKING,,REPLACED ALL ROCKER GASKETS. LEAK CHECK GOOD.,,,"ROCKER GASKETS, LEAK","REPLACED, CHECK",
103096,#4 INTAKE GASKET LEAKING,OK,#4,INTAKE GASKET,LEAKING,,REMOVED & REPLACED INTAKE GASKET.,,,INTAKE GASKET,REMOVED & REPLACED,
103097,#3 CYLINDER INTAKE GASKET IS LEAKING.,OK,#3 CYLINDER,INTAKE GASKET,LEAKING,,REMOVED & REPLACED GASKET.,,,GASKET,REMOVED & REPLACED,
103098,#2 & 4 CYLINDER INTAKE GASKETS LEAKING.,OK,#2 & 4 CYLINDER,INTAKE GASKETS,LEAKING,,REPLACED GASKETS.,,,GASKETS,REPLACED,
103099,VACUUM PUMP COOLING DUCT CHAFING OIL COOLER LINE.,OK,,"VACUUM PUMP COOLING DUCT, OIL COOLER LINE",CHAFING,,"NO DAMAGED NOTED, APPLIED SILICONE AS BUFFER.",,,SILICONE,APPLIED,
103100,#3 AFT BAFFLE CRACKED ON R/H ENGINE.,OK,#3 AFT ON R/H ENGINE,BAFFLE,CRACKED,,STOP DRILLED CRACK.,,,DRILLED CRACK,STOP,
103101,R/H ENGINE #2 & 3 INTAKES LEAKING.,OK,R/H ENGINE #2 & 3,INTAKES,LEAKING,,REMOVED & REPLACED INTAKE GASKETS.,,,INTAKE GASKETS,REMOVED & REPLACED,
103102,"L/H ENGINE #2, 3, 4 INTAKES LEAKING.",OK,"L/H ENGINE #2, 3, 4",INTAKES,LEAKING,,REMOVED & REPLACED INTAKES GASKETS.,,,INTAKES GASKETS,REMOVED & REPLACED,
103103,"R/H ENGINE #4, 2, 3 ROCKER COVERS LEAKING.",OK,"R/H ENGINE #4, 2, 3",ROCKER COVERS,LEAKING,,REMOVED & REPLACED ROCKER COVER GASKETS.,,,ROCKER COVER GASKETS,REMOVED & REPLACED,
103104,"INTAKE GASKET, CYLINDER #2, LEAKING.",OK,CYLINDER #2,INTAKE GASKET,LEAKING,,REMOVED & REPLACED INTAKE GASKET.,,,INTAKE GASKET,REMOVED & REPLACED,
103105,"DURING TAKE OFF ROLL, ADVANCED THROTTLE TO FULL POWER; RPM W",DIFFICULT,,,,,"RAN UP A/C, UNABLE TO DUPLICATE DISCREPANCY. OPS CHECK OK.",,,"A/C , OPS","RAN , CHECK",
103106,FORWARD BAFFLE SEALS HAVE WORN SPOTS.,OK,FORWARD,BAFFLE SEALS,WORN,,NO DAMAGED NOTED. APPLIED SILICONE TO SEAL AS BUFFER.,,,SEAL,APPLIED,
103107,R/H ENGINE #4 INTAKE GASKET LEAKING.,OK,R/H ENGINE #4,INTAKE GASKET,LEAKING,,REMOVED & REPLACED INTAKE GASKET.,,,INTAKE GASKET,REMOVED & REPLACED,
103108,#2 & 4 INTAKES LEAKING ON L/H ENGINE.,OK,#2 & 4 ON L/H ENGINE,INTAKES,LEAKING,,REMOVED & REPLACED INTAKE GASKETS.,,,INTAKE GASKETS,REMOVED & REPLACED,
103109,R/H #4 ROCKER GASKET IS LEAKING.,OK,R/H #4,ROCKER GASKET,LEAKING,,REMOVED & REPLACED ROCKER COVER GASKET.,,,ROCKER COVER GASKET,REMOVED & REPLACED,
103110,#4 ROCKER COVER IS LEAKING ON L/H ENGINE.,OK,#4 ON L/H ENGINE,ROCKER COVER,LEAKING,,REMOVED & REPLACED ROCKER COVER GASKET.,,,ROCKER COVER GASKET,REMOVED & REPLACED,
103111,#2 & 3 INDUCTION PIPES ARE LEAKING ON L/H ENGINE.,OK,#2 & 3 ON L/H ENGINE,INDUCTION PIPES,LEAKING,,REMOVED & REPLACED INTAKE GASKETS.,,,INTAKE GASKETS,REMOVED & REPLACED,
103112,"ENGINE RUNNING ROUGH, #2 CYLINDER EXHAUST GAS TEMPERATURE LOW.",OK,"ENGINE, #2 CYLINDER",EXHAUST GAS,"ROUGH , TEMPRETURE",,"RAN A/C, OPS CHECK GOOD. BORESCOPED CYLINDER, NO DEFECTS F",,,"A/C, CYLINDER","RAN, BORESCOPED",
103113,ENGINE PROBLEM,OK,ENGINE,,PROBLEM,,DROVE TO SITE WITH TRAILER. LOADED HELICOPTER & RETURNED,,,"TRAILER, HELICOPTER","DROVE , LOADED & RETURNED",
103114,ENGINE STARTED RUNNING ROUGH & BACK FIRING. BOTH POWER REDUC,OK,ENGINE,,ROUGH & BACK FIRING,,BEGAN PERFORMING LYCOMING .,,,,,
103115,ENGINE STARTED RUNNING ROUGH & BACK FIRING. BOTH POWER REDUC,OK,ENGINE,,ROUGH & BACK FIRING,,"COMPLETED LYCOMING , FOUND #1, 4 EXHAUST GUIDES",,,"LYCOMING , EXHAUST GUIDES","COMPLETED , FOUND","#1, 4 EXHAUST GUIDES"
103116,ENGINE STARTED RUNNING ROUGH & BACK FIRING. BOTH POWER REDUC,OK,ENGINE,,ROUGH & BACK FIRING,,"COMPLETED REASSEMBLY. RAN UP A/C, OPS CHECK GOOD.",,,"A/C, OPS ","REASSEMBLY ,  RAN , CHECK",
103117,ROUGH ENGINE WITH OIL LEAK,OK,ENGINE,OIL,ROUGH & LEAK,,FOR BILLING PURPOSES ONLY,,,,,
103118,ROUGH ENGINE WITH OIL LEAK,OK,ENGINE,OIL,ROUGH & LEAK,,INSTALLED O/H'ED OIL COOLER. REINSTALLED EXHAU,,O/H'ED,"OIL COOLER, EXHAU","INSTALLED, REINSTALLED",
103119,ROUGH ENGINE WITH OIL LEAK,OK,ENGINE,OIL,ROUGH & LEAK,,PERFORMED OPERATIONAL & LEAK CK. ADJUST IDLE MIXTURE. N,,,"OPERATIONAL & LEAK, IDLE MIXTURE","CK, ADJUSTED",
103120,ROUGH ENGINE WITH OIL LEAK,OK,ENGINE,OIL,ROUGH & LEAK,,RECEIVED CUSTOMER SUPPLIED ENG. CLEANED & INSPECTED ENGINE,,CUSTOMER SUPPLIED,ENGINE,"RECEIVED, CLEANED & INSPECTED",
103121,ROUGH ENGINE WITH OIL LEAK,OK,ENGINE,OIL,ROUGH & LEAK,,REMOVED DEFECTIVE ENGINE FROM A/C. INSTALLED FACTORY O/,,FACTORY,"ENGINE, OIL",REMOVED & INSTALLED,
103122,CYLINDER #3 & 4 INTAKE GASKETS LEAKING.,OK,CYLINDER #3 & 4,INTAKE GASKETS,LEAKING,,REMOVED & REPLACED INTAKE GASKETS.,,,INTAKE GASKETS,REMOVED & REPLACED,
103123,"NEAR IDLE, ENGINE WAS A LITTLE ROUGH. AT STOP FOR RUN UP, RP",OK,ENGINE,,ROUGH,,"STARTED ENGINE, WARMED TO OPERATING TEMPS. ENGINE IDLE",,,ENGINE,STARTED & WARMED,
103124,FORWARD ENGINE BAFFLE SEAL ABOVE VACUUM PUMP TORN.,OK,"FORWARD ENGINE, ABOVE VACUUM PUMP",BAFFLE SEAL,TORN,,PART ON ORDER.,,,PART,ON ORDER,
103125,FORWARD ENGINE PLUGS SAFETY WIRE LOOSE & CHAFING THROUGH.,OK,FORWARD ENGINE,PLUGS SAFETY WIRE,LOOSE & CHAFING,,RESAFETIED PLUGS.,,,PLUGS,RESAFETIED,
103126,FORWARD ENGINE BAFFLE SEAL ABOVE VACUUM PUMP TORN.,OK,"FORWARD ENGINE,  ABOVE VACUUM PUMP",BAFFLE SEAL,TORN,,REMOVED & REPLACED FORWARD ENGINE BAFFLE SEAL ABOVE VACUUM PUM,,,BAFFLE SEAL ABOVE VACUUM PUMP,REMOVED & REPLACED,
103127,SCREW MISSING AT #3 CYLINDER BAFFLE.,OK,#3 CYLINDER,BAFFLE SCREW,MISSING,,"FOUND SCREW ON LOWER BAFFLE, REPLACED SCREW.",,,SCREW,FOUND & REPLACED,SCREW ON LOWER BAFFLE
103128,"#2 & 3 ROCKER COVER GASKETS LEAKING, L/H ENG.",OK,"#2 & 3, L/H ENG",ROCKER COVER GASKETS,LEAKING,,REMOVED & REPLACED ROCKER COVER GASKETS.,,,ROCKER COVER GASKETS,REMOVED & REPLACED,
103129,"BAFFLE SEAL ABOVE AIR FILTER BOX, CHAFED.",OK,ABOVE AIR FILTER BOX,BAFFLE SEAL,CHAFED,,APPLIED SILICONE TO AREA WHERE NEEDED. NO DAMAGE NOTED.,,,RTV,APPLIED,
103130,#2 INTAKE TUBE GASKET LEAKING.,OK,#2,INTAKE TUBE GASKET,LEAKING,,REMOVED & REPLACED INTAKE GASKET.,,,INTAKE GASKET,REMOVED & REPLACED,
103131,#2 INTAKE GASKET LEAKING.,OK,#2,INTAKE GASKET,LEAKING,,REMOVED & REPLACED #2 INTAKE GASKET.,,,INTAKE GASKET,REMOVED & REPLACED,
103132,#2 & 3 CYLINDER ROCKER COVERS LEAKING.,OK,#2 & 3 CYLINDER,ROCKER COVERS,LEAKING,,REMOVED & REPLACED ROCKER COVER GASKETS.,,,ROCKER COVER GASKETS,REMOVED & REPLACED,
103133,#2 CHT FITTING NEEDS TO BE REPLACED.,OK,#2,CHT FITTING,REQUIRE PROBLEM,,REPLACED CHT FITTING.,,,CHT FITTING,REPLACED,
103134,#4 INTAKE LEAKING.,OK,#4,INTAKE,LEAKING,,REPLACED GASKET.,,,GASKET,REPLACED,
103135,"FORWARD BAFFLE SEALS ON ENG, WEAR MARKS AGAINST AIR FILTER.",OK,FORWARD,BAFFLE SEALS,WEAR,,RTV'ED AREAS.,,,RTV,RTV'ED,
103136,#2 CYLINDER INTAKE GASKET LEAKING.,OK,#2 CYLINDER,INTAKE GASKET,LEAKING,,REMOVED & REPLACED GASKET.,,,GASKET,REMOVED & REPLACED,
103137,"#3, 4 & 1 INTAKES LEAKING.",OK,"#3, 4 & 1",INTAKES,LEAKING,,REMOVED & REPLACED GASKETS.,,,GASKETS,REMOVED & REPLACED,
103138,#3 ROCKER DRAIN LINE CHAFING.,OK,#3,ROCKER DRAIN LINE,CHAFING,,INSTALLED CHAFE WRAP ONTO ROCKER DRAIN LINE. NO DAMAGE,,CHAFE WRAP,ROCKER DRAIN LINE,INSTALLED,
103139,"ACCIDENTALLY OVERSPED ENGINE BEFORE PULLING THROTTLE BACK, E",OK,ENGINE,,OVERSPED,,EVALUATED DATA ON FDM CARD & FOUND ENGINE OVERSPEED TO,,,"DATA, ENGINE",EVALUATED & FOUND,ENGINE OVERSPEED
103140,#4 INTAKE IS LEAKING.,OK,#4,INTAKE,LEAKING,,REMOVED & REPLACED INTAKE GASKET.,,,INTAKE GASKET,REMOVED & REPLACED,
103141,ENGINE BAFFLE PLUGS ARE WORN.,OK,ENGINE,BAFFLE PLUGS,WORN,,REMOVED & REPLACED BAFFLE PLUGS.,,,BAFFLE PLUGS,REMOVED & REPLACED,
103142,"#1, 2 & 3 ROCKER COVERS ARE LEAKING.",OK,"#1, 2 & 3",ROCKER COVERS,LEAKING,,REMOVED & REPLACED ROCKER COVER GASKETS.,,,ROCKER COVER GASKETS,REMOVED & REPLACED,
103143,#3 INTAKE GASKET LEAKING.,OK,#3,INTAKE GASKET,LEAKING,,REMOVED & REPLACED GASKET.,,,GASKET,REMOVED & REPLACED,
103144,"LOWER INTERCYLINDER BAFFLE SPRING ON R/H SIDE OF ENGINE, BRO",OK,R/H SIDE OF ENGINE,BAFFLE SPRING,BRO,,REMOVED & REPLACED BAFFLE SPRING.,,,BAFFLE SPRING,REMOVED & REPLACED,
103145,INTAKES #1 & 2 LEAKING.,OK,#1 & 2,INTAKES,LEAKING,,REMOVED & REPLACED INTAKE GASKETS.,,,INTAKE GASKETS,REMOVED & REPLACED,
103146,CYLINDER #1 & 4 INTAKE GASKETS LEAKING.,OK,CYLINDER #1 & 4,INTAKE GASKETS,LEAKING,,INSTALLED NEW #1 & 4 INTAKE GASKETS.,,NEW,INTAKE GASKETS,INSTALLED,
103147,CYLINDER #2 INTAKE GASKET LEAKING.,OK,CYLINDER #2,INTAKE GASKET,LEAKING,,REMOVED & REPLACED INTAKE GASKET.,,,INTAKE GASKET,REMOVED & REPLACED,
103148,CYLINDER #1 ROCKER COVER GASKET LEAKING.,OK,CYLINDER #1,ROCKER COVER GASKET,LEAKING,,REMOVED & REPLACED ROCKER COVER GASKET.,,,ROCKER COVER GASKET,REMOVED & REPLACED,
103149,#1 ROCKER DRAIN LINE LOOSE.,OK,#1,ROCKER DRAIN LINE,LOOSE,,TIGHTENED DRAIN LINE.,,,DRAIN LINE,TIGHTENED,
103150,#2 ROCKER COVER LEAKING.,OK,#2,ROCKER COVER,LEAKING,,REMOVED & REPLACED #2 ROCKER COVER GASKET.,,,ROCKER COVER GASKET,REMOVED & REPLACED,
103151,R/H AFT ENGINE BAFFLE MOUNTING BRACKET LOOSE.,OK,R/H AFT ENGINE,BAFFLE MOUNTING BRACKET,LOOSE,,REATTACHED MOUNTING BRACKET TO ENGINE BAFFLE.,,,MOUNTING BRACKET,REATTACHED,
103152,BOLT MISSING ON #3 CYLINDER SIDE BAFFLE.,OK,#3 CYLINDER SIDE,BAFFLE BOLT,MISSING,,INSTALLED BOLT WHERE NEEDED.,,,BOLT,INSTALLED,
103153,#3 CYLINDER ROCKER COVER GASKET LEAKING.,OK,#3 CYLINDER,ROCKER COVER GASKET,LEAKING,,REMOVED & REPLACED ROCKER COVER GASKET.,,,ROCKER COVER GASKET,REMOVED & REPLACED,
103154,#2 INTAKE TUBE GASKET LEAKING.,OK,#2,INTAKE TUBE GASKET,LEAKING,,REMOVED & REPLACED INTAKE GASKET.,,,INTAKE GASKET,REMOVED & REPLACED,
103155,#3 & 4 INTAKE GASKETS ARE LEAKING.,OK,#3 & 4,INTAKE GASKETS,LEAKING,,REPLACED BOTH GASKETS.,,,GASKETS,REPLACED,
103156,#2 CYLINDER ROCKER DRAIN LINE LEAKING AT SUMP.,OK,#2 CYLINDER,ROCKER DRAIN LINE,LEAKING,,TIGHTENED CLAMPS ON ROCKER DRAIN LINE.,,,"CLAMPS, ROCKER DRAIN LINE",TIGHTENED,
103157,EGT/CHT WIRE BUNDLE MOUNTING SCREW & IGNITION LEAD/OIL COOLER MOU,DIFFICULT,,,,,TIGHTENED HARDWARED ON OIL COOLER.,,,HARDWARE,TIGHTENED,
103158,"BAFFLE SCREW HAS OVERSIZED WASHER, WHICH IS CHAFING #3 CYLINDER R",OK,#3 CYLINDER,BAFFLE SCREW,CHAFING,,REMOVED WASHER & INSTALLED CORRECT HARDWARE TO PREVENT,,CORRECT,"WASHER, HARDWARE",REMOVED & INSTALLED,
103159,"OIL LEAK AT CRANKCASE BOLTS, USED TO MOUNT FUEL FLOW TRANSDU",OK,,CRANKCASE BOLTS,LEAK,,"REMOVED BOLTS, CLEANED BOLT HOLES, RESEALED BOLTS & TOR",,,"BOLTS, BOLT HOLES, BOLTS","REMOVED , CLEANED, RESEALED & TOR",
103160,#2 INTAKE GASKET LEAKING.,OK,#2,INTAKE GASKET,LEAKING,,REMOVED & REPLACED INTAKE GASKET.,,,INTAKE GASKET,REMOVED & REPLACED,
103161,#2 ROCKER COVER GASKET LEAKING.,OK,#2,ROCKER COVER GASKET,LEAKING,,REMOVED & REPLACED ROCKER COVER GASKET.,,,ROCKER COVER GASKET,REMOVED & REPLACED,
103162,#2 & 4 INTAKES LEAKING.,OK,#2 & 4,INTAKES,LEAKING,,REMOVED & REPLACED INTAKE GASKETS.,,,INTAKE GASKETS,REMOVED & REPLACED,
103163,"#3, 4 ROCKER COVERS LEAK.",OK,"#3, 4",ROCKER COVERS,LEAK,,REMOVED & REPLACED ROCKER COVER GASKETS.,,,ROCKER COVER GASKETS,REMOVED & REPLACED,
103164,#1 ROCKER BOX COVER GASKET LEAKING.,OK,#1,ROCKER BOX COVER GASKET,LEAKING,,INSTALLED NEW ROCKER BOX COVER GASKET.,,NEW,ROCKER BOX COVER GASKET,INSTALLED,
103165,PROPELLER FLANGE RUN OUT CHECK REQUESTED.,DIFFICULT,,,,,"PERFORMED TEST, RUN OUT BELOW .001",,,,TEST,
103166,LEFT #1 INTAKE LEAKING.,OK,LEFT #1,INTAKE,LEAKING,,REPLACED GASKET.,,,GASKET,REPLACED,
103167,"SHEARED OFF RIVETS ON BAFFLE BRACKET, BEHIND #3 CYL.",OK,BEHIND #3 CYL,BAFFLE BRACKET RIVETS,SHEARED,,AFTER BAFFLE INSTALLATION: REINSTALLED OIL FILLER TUBE,,,OIL FILLER TUBE,REINSTALLED,
103168,"SHEARED OFF RIVETS ON BAFFLE BRACKET, BEHIND #3 CYL.",OK,BEHIND #3 CYL,BAFFLE BRACKET RIVETS,SHEARED,,"REMOVED BAFFLE, INSTALLED NEW RIVETS & REINSTALLED BAFF",,NEW,"BAFFLE,RIVETS,BAFFLE","REMOVED , INSTALLED & REINSTALLED",
103169,LOWER FORWARD ENGINE SEAL WORN IN AREA ABOVE ENGINE INLET.,OK,LOWER FORWARD ENGINE,SEAL,WORN,,INSTALLED RTV IN WORN AREAS.,,,RTV,INSTALLED,
103170,#3 & 4 CYLINDER WERE REMOVED BY OFF SITE MAINTENANCE.,DIFFICULT,,,,,"#4 PISTON PIN BORE DAMAGED. RECEIVED NEW PISTON, MEASUR",,NEW,PISTON,RECEIVED,
103171,#3 & 4 CYLINDER WERE REMOVED BY OFF SITE MAINTENANCE.,DIFFICULT,,,,,"FITTED NEW EXHAUST VALVE TO #3 CYL, FITTED INTAKE VALVE",,NEW,"EXHAUST VALVE, INTAKE VALVE","FITTED, FITTED",
103172,#3 & 4 CYLINDER WERE REMOVED BY OFF SITE MAINTENANCE.,DIFFICULT,,,,,"FITTED NEW EXHAUST VALVE TO #4 CYL, FITTED INTAKE VALVE",,,"EXHAUST VALVE, INTAKE VALVE","FITTED, FITTED",
103173,#2 & 4 INTAKES LEAKING.,OK,#2 & 4,INTAKES,LEAKING,,REMOVED & REPLACED INTAKE GASKETS.,,,INTAKE GASKETS,REMOVED & REPLACED,
103174,CYLINDER #4 INTAKE GASKET LEAKING.,OK,CYLINDER #4,INTAKE GASKET,LEAKING,,REMOVED & REPLACED #4 INTAKE GASKET.,,,INTAKE GASKET,REMOVED & REPLACED,
103175,FRONT CRANKSHAFT OIL SEAL LEAKING.,OK,FRONT,CRANKSHAFT OIL SEAL,LEAKING,,LEAK CHECK OK.,,,LEAK,CHECK,
103176,FRONT CRANKSHAFT OIL SEAL LEAKING.,OK,FRONT,CRANKSHAFT OIL SEAL,LEAKING,,REMOVED PROP & RING GEAR. REMOVED FRONT CRANKSHAFT OIL,,,"PROP, RING GEAR, CRANKSHAFT OIL SEAL","REMOVED, REMOVED, REMOVED",
103177,#2 & 3 CYLINDER INTAKE GASKETS LEAKING.,OK,#2 & 3 CYLINDER,INTAKE GASKETS,LEAKING,,REMOVED & REPLACED #2 & 3 CYLINDER INTAKE GASKETS.,,,INTAKE GASKETS,REMOVED & REPLACED,
103178,#2 INTAKE GASKET LEAKING.,OK,#2,INTAKE GASKET,LEAKING,,REMOVED & REPLACED #2 INTAKE GASKET.,,,INTAKE GASKET,REMOVED & REPLACED,
103179,#2 INTAKE GASKET LEAKING.,OK,#2,INTAKE GASKET,LEAKING,,REPLACED GASKET.,,,GASKET,REPLACED,
103180,#3 ROCKER COVER GASKET LEAKING.,OK,#3,ROCKER COVER GASKET,LEAKING,,REPLACED GASKET.,,,GASKET,REPLACED,
103181,"ZERO COMPRESSION ON #1 CYLINDER. LEAKING FROM EXHAUST VALVE,",OK,#1 CYLINDER,EXHAUST VALVE,LEAKING,COMPRESSION,"REPLACED CYLINDER ASSEMBLY WITH REPAIRED CYL, NEW PISTON, RIN",,"REPAIRED, NEW","CYLINDER ASSEMBLY, PISTON",REPLACED,
103182,#2 INTAKE LEAKS.,OK,#2,INTAKE,LEAKS,,REPLACED GASKET.,,,GASKET,REPLACED,
103183,NEED 2 NEW BAFFLE BUTTONS.,OK,,BAFFLE BUTTONS,NEED PROBLEM,,INSTALLED BOTH BUTTONS.,,,BUTTONS,INSTALLED,
103184,LOWER FORWARD ENGINE COWL SEAL WEARING ON ENGINE INTAKE.,OK,LOWER FORWARD ENGINE,COWL SEAL,WORN,,INSTALLED RTV IN WORN AREAS.,,,RTV,INSTALLED,
103185,#2 INTAKE GASKET LEAKING.,OK,#2,INTAKE GASKET,LEAKING,,REMOVED & REPLACED #2 INTAKE GASKET.,,,INTAKE GASKET,REMOVED & REPLACED,
103186,#1 INTAKE GASKET LEAKING.,OK,#1,INTAKE GASKET,LEAKING,,REPLACED GASKET.,,,GASKET,REPLACED,
103187,#1 CYLINDER OUTER BAFFLING CRACKED BY NUTPLATE.,OK,#1 CYLINDER COWL ,BAFFLING,CRACKED,,STOP DRILLED CRACK.,,,DRILLED CRACK,STOP,
103188,#2 & 3 INTAKE GASKETS LEAKING.,OK,#2 & 3,INTAKE GASKETS,LEAKING,,REMOVED & REPLACED INTAKE GASKETS.,,,INTAKE GASKETS,REMOVED & REPLACED,
103189,"BOTTOM BAFFLE ON #1 CYL, CHAFING ON CYLINDER FINS.",OK,#1 CYLINDER BOTTOM ,BAFFLE,CHAFING,,"REMOVED BAFFLE, FABRICATED & INSTALLED NEW BAFFLE.",,NEW,BAFFLE,"REMOVED , FABRICATED & INSTALLED",
103190,#4 CYLINDER BOTTOM BAFFLE CRACKED/CHAFING ON CYLINDER FINS.,OK,#4 CYLINDER BOTTOM ,BAFFLE,CRACKED/CHAFING,,REMOVED OLD BAFFLE. FABRICATED NEW BAFFLE & INSTALLED.,,NEW,BAFFLE,"REMOVED , FABRICATED & INSTALLED",
103191,ALL ROCKER COVER SCRWES ARE LOOSE.,OK,ALL,ROCKER COVER SCREWS,LOOSE,,TIGHTENED ALL SCREWS.,,,SCREWS,TIGHTENED,
103192,#3 & 4 CYLINDER INTAKE GASKETS ARE LEAKING.,OK,#3 & 4 CYLINDER,INTAKE GASKETS,LEAKING,,REMOVED & REPLACED GASKETS.,,,GASKETS,REMOVED & REPLACED,
103193,"WHILE FOGGING #2 CYL, TIP FROM SPRAYER NOZZLE CAME INTO CONT",DIFFICULT,,,,,INSTALLED INTERCYLINDER BAFFLE & HARDWARE.,,,INTERCYLINDER BAFFLE & HARDWARE,INSTALLED,
103194,"WHILE FOGGING #2 CYL, TIP FROM SPRAYER NOZZLE CAME INTO CONT",DIFFICULT,,,,,"REMOVED NECESSARY BAFFLING, LINES, TUBES, HARDWARE TO F",,,"BAFFLING, LINES, TUBES, HARDWARE",REMOVED,
103195,"WHILE FOGGING #2 CYL, TIP FROM SPRAYER NOZZLE CAME INTO CONT",DIFFICULT,,,,,REMOVED PISTON FROM ROD. PREPARED NEW PISTION FOR INSTA,,,"PISTON, ROD, PISTON","REMOVED, PREPARED FOR INSTA",
103196,"WHILE FOGGING #2 CYL, TIP FROM SPRAYER NOZZLE CAME INTO CONT",DIFFICULT,,,,,"COMPLETED CYLINDER INSTALLATION. INSTALLED ROCKER COVER, INJ",,,"CYLINDER, ROCKER COVER, INJ","COMPLETED INSTALLATION, INSTALLED",
103197,"WHILE FOGGING #2 CYL, TIP FROM SPRAYER NOZZLE CAME INTO CONT",DIFFICULT,,,,,CYLINDER & PISTON REPLACEMENT DONE IAW LYCOMING DIRECT DRIVE,,,"CYLINDER, PISTON",REPLACEMENT DONE,
103198,1 BAFFLE BUTTON WORN.,OK,1,BAFFLE BUTTON,WORN,,REPLACED BUTTON.,,,BUTTON,REPLACED,
103199,ENGINE FORWARD LOWER SEAL WEARING INTO UPPER INTAKE AIR FILTER FRAME.,OK,ENGINE FORWARD LOWER,SEAL,WORN,,INSTALLED RTV TO AREAS.,,,RTV,INSTALLED,
103200,L/H ENGINE BREATHER LINE KINKED.,OK,L/H ENGINE,BREATHER LINE,KINKED,,REPLACED TUBE.,,,TUBE,REPLACED,
103201,R/H ENGINE HAS OIL LEAK AT HOISTING LOOP.,OK,R/H ENGINE,HOISTING LOOP,LEAK,,LEAK CHECK GOOD.,,,LEAK,CHECK,
103202,"R/H #2, 3 & 4 INTAKE GASKETS ARE LEAKING.",OK,"R/H #2, 3 & 4",INTAKE GASKETS,LEAKING,,LEAK CHECK GOOD.,,,LEAK,CHECK,
103203,R/H ENGINE #1 SIDE BAFFLE SEAL LOOSE.,OK,R/H ENGINE #1 SIDE,BAFFLE SEAL,LOOSE,,SECURED BAFFLE SEAL.,,,BAFFLE SEAL,SECURED,
103204,#2 & 4 INTAKE GASKETS LEAKING ON L/H ENGINE.,OK,#2 & 4 ON L/H ENGINE,INTAKE GASKETS,LEAKING,,LEAK CHECK GOOD.,,,LEAK,CHECK,
103205,"#1, 3 & 4 ROCKER COVER GASKET LEAKING ON L/H ENGINE.",OK,"#1, 3 & 4 ON L/H ENGINE",ROCKER COVER GASKET,LEAKING,,LEAK CHECK GOOD.,,,LEAK,CHECK,
103206,"R/H #2, 3 & 4 INTAKE GASKETS ARE LEAKING.",OK,"R/H #2, 3 & 4",INTAKE GASKETS,LEAKING,,REMOVED & REPLACED INTAKE GASKETS.,,,INTAKE GASKETS,REMOVED & REPLACED,
103207,#2 & 4 INTAKE GASKETS LEAKING ON L/H ENGINE.,OK,#2 & 4 ON L/H ENGINE,INTAKE GASKETS,LEAKING,,REMOVED & REPLACED INTAKE GASKETS.,,,INTAKE GASKETS,REMOVED & REPLACED,
103208,R/H ENGINE HAS OIL LEAK AT HOISTING LOOP.,OK,R/H ENGINE,HOISTING LOOP,LEAK,,"REMOVED, CLEANED, SEALED & REINSTALLED BOLT.",,,BOLT,REMOVED & CLEANED & SEALED & REINSTALLED,
103209,"#1, 3 & 4 ROCKER COVER GASKET LEAKING ON L/H ENGINE.",OK,"#1, 3 & 4 ON L/H ENGINE",ROCKER COVER GASKET,LEAKING,,REMOVED & REPLACED ROCKER COVER GASKETS.,,,ROCKER COVER GASKETS,REMOVED & REPLACED,
103210,LOWER COWL SEAL LOOSE.,OK,LOWER,COWL BRACKET,LOOSE,,REATTACHED LOWER COWL SEAL.,,,SEAL,REATTACHED,
103211,"COWL BRACKET CRACKED, L/H ENGINE.",OK,L/H ENGINE,,CRACKED,,INSTALLED PATCH MADE OF LIKE MATERIAL.,,LIKE MATERIAL,PATCH,INSTALLED,
103212,"COWL BRACKET CRACKED, L/H ENGINE.",OK,L/H ENGINE,COWL BRACKET,CRACKED,,REMOVED BRACKET. STARTED CREATING PATCH.,,,BRACKET,REMOVED,
103213,DING IN COMPRESSOR FIRST STAGE BLADE.,OK,COMPRESSOR FIRST STAGE,BLADE,DING,,DAMAGE TO COMPRESSOR FIRST STAGE BLADE IS ACCEPTABLE. I,,,COMPRESSOR FIRST STAGE BLADE,ACCEPTABLE,
103214,#4 INTAKE GASKET IS LEAKING.,OK,#4,INTAKE GASKET,LEAKING,,REMOVED & REPLACED INTAKE GASKET.,,,INTAKE GASKET,REMOVED & REPLACED,
103215,#3 ROCKER COVER GASKET LEAKING.,OK,#3,ROCKER COVER GASKET,LEAKING,,REMOVED CORK GASKET & REPLACED WITH SILICONE GASKET.,,SILICONE,"CORK GASKET, SILICONE GASKET",REMOVED & REPLACED,
103216,#4 ROCKER COVER GASKET LEAKING.,OK,#4,ROCKER COVER GASKET,LEAKING,,REMOVED CORK GASKET & REPLACED WITH SILICONE GASKET.,,SILICONE,"CORK GASKET, SILICONE GASKET",REMOVED & REPLACED,
103217,#2 & 3 ROCKER COVER GASKETS LEAKING.,OK,#2 & 3,ROCKER COVER GASKETS,LEAKING,,REMOVED & REPLACED GASKETS.,,,GASKETS,REMOVED & REPLACED,
103218,#2 & 3 INTAKE GASKETS LEAKING.,OK,#2 & 3,INTAKE GASKETS,LEAKING,,REMOVED & REPLACED INTAKE GASKETS.,,,INTAKE GASKETS,REMOVED & REPLACED,
103219,#3 INTAKE GASKET LEAKING.,OK,#3,INTAKE GASKET,LEAKING,,REMOVED & REPLACED INTAKE GASKET.,,,INTAKE GASKET,REMOVED & REPLACED,
103220,#3 INTAKE LEAKING.,OK,#3,INTAKE,LEAKING,,REMOVED & REPLACED GASKET.,,,GASKET,REMOVED & REPLACED,
103221,L/H & R/H BAFFLE PLUGS ARE MISSING TABS.,OK,L/H & R/H,BAFFLE PLUGS TABS,MISSING,,REPLACED L/H & R/H BAFFLE PLUGS.,,,BAFFLE PLUGS,REPLACED,
103222,L/H ENGINE #4 ROCKER COVER LEAKING.,OK,L/H ENGINE #4,ROCKER COVER,LEAKING,,REMOVED & REPLACED ROCKER COVER GASKET.,,,ROCKER COVER GASKET,REMOVED & REPLACED,
103223,L/H ENGINE #2 & 4 INTAKES LEAKING.,OK,L/H ENGINE #2 & 4,INTAKES,LEAKING,,REMOVED & REPLACED INTAKE GASKETS ON L/H ENG.,,,INTAKE GASKETS,REMOVED & REPLACED,
103224,"R/H ENGINE INTAKES 2, 3 & 4 LEAKING.",OK,"R/H ENGINE INTAKES 2, 3 & 4",INTAKES,LEAKING,,REMOVED & REPLACED INTAKE GASKETS ON R/H ENGINE.,,,INTAKE GASKETS,REMOVED & REPLACED,
103225,#4 INTAKE IS LEAKING.,OK,#4,INTAKE,LEAKING,,REMOVED & REPLACED #4 CYLINDER INTAKE GASKET.,,,INTAKE GASKET,REMOVED & REPLACED,
103226,R/H BAFFLE TIE ROD IS BROKEN.,OK,R/H,BAFFLE TIE ROD,BROKEN,,REMOVED & REPLACED R/H BAFFLE TIE ROD.,,,BAFFLE TIE ROD,REMOVED & REPLACED,
103227,#4 ROCKER COVER GASKET LEAKING.,OK,#4,ROCKER COVER GASKET,LEAKING,,REMOVED & REPLACED GASKET.,,,GASKET,REMOVED & REPLACED,
103228,#1 & 4 INTAKE GASKETS LEAKING.,OK,#1 & 4,INTAKE GASKETS,LEAKING,,REMOVED & REPLACED INTAKE GASKETS.,,,INTAKE GASKETS,REMOVED & REPLACED,
103229,#1 OUTER CYLINDER BAFFLING CRACKED BY NUTPLATE.,OK,#1 OUTER CYLINDER,BAFFLING,CRACKED,,STOP DRILLED CRACK ON #1 CYLINDER OUTER BAFFLING.,,,DRILLED CRACK,STOP,
103230,#4 INDUCTION TUBE GASKET IS LEAKING.,OK,#4,INDUCTION TUBE GASKET,LEAKING,,REMOVED & REPLACED #4 INTAKE GASKET.,,,INTAKE GASKET,REMOVED & REPLACED,
103231,#3 & 4 INTAKES LEAKING.,OK,#3 & 4,INTAKES,LEAKING,,REPLACED INTAKE GASKETS.,,,INTAKE GASKETS,REPLACED,
103232,ALUM FITTINGS FOR OIL COOLER OK?,DIFFICULT,,,,,FITTINGS OK.,,,FITTINGS,OK,
103233,OIL COOLER LOWER O/B BOLT NO THREADS SHOWING.,DIFFICULT,,,,,INSTALLED NEW BOLT.,,NEW,BOLT,INSTALLED,
103234,BOTH BAFFLE BUTTONS WORN.,OK,BOTH,BAFFLE BUTTONS,WORN,,REMOVED & REPLACED BOTH BAFFLE BUTTONS.,,,BAFFLE BUTTONS,REMOVED & REPLACED,
103235,OIL COOLER LOWER LINE REQ REROUTING.,OK,LOWER,OIL COOLER LINE,REQUIRE PROBLEM,,REROUTED LOWER OIL COOLER LINE.,,,OIL COOLER LINE,REROUTED,
103236,FRONT FORWARD BAFFLE HUNG UP ON BOLT OF ALTERNATOR EXTRA BRACKET,OK,FRONT FORWARD BAFFLE,BRACKET,HUNG UP,,REROUTED BAFFLE.,,,BAFFLE,REROUTED,
103237,"BAFFLE BOLT OR SCREW MISSING, FORWARD L/H SIDE IN FRONT OF #2 CY",OK,FORWARD L/H SIDE IN FRONT OF #2 CY,BAFFLE BOLT OR SCREW,MISSING,,INSTALLED NEW SCREW.,,NEW,SCREW,INSTALLED,
103238,BAFFLE TIE WIRE INSTALLED WRONG ON R/H OF ENG.,OK,R/H OF ENG,BAFFLE TIE WIRE,INSTALLED WRONG,,REMOVED & REPLACED R/H BAFFLE TIE WIRE.,,,BAFFLE TIE WIRE,REMOVED & REPLACED,
103239,"NUT MISSING ON TOP BACK BONE OF ENG, AFT SLING POINT.",OK,"TOP BACK BONE OF ENG, AFT SLING POINT",NUT,MISSING,,INSTALLED NUT & WASHERS ON ENGINE AFT SLING POINT BOLT.,,,NUT & WASHERS,INSTALLED,
103240,FOREIGN OBJECT DAMAGE ON TOP L/H SIDE OF ENGINE,OK,TOP L/H SIDE OF ENGINE,FOREIGN OBJECT,DAMAGE,,REMOVED FOREIGN OBJECT DAMAGE FROM TOP L/H SIDE OF ENGINE,,,FOREIGN OBJECT DAMAGE,REMOVED,
103241,EXTRA SPARK PLUG ON TOP OF #2 CYLINDER,OK,#2 CYLINDER,SPARK PLUG,EXTRA,,REMOVED EXTRA SPARK PLUG FROM #2 CYLINDER,,,SPARK PLUG,REMOVED,
103242,"ENGINE BAFFLE CRACKED, ABOVE #1 CYL.",OK,ABOVE #1 CYL,BAFFLE,CRACKED,,STOP DRILLED CRACK.,,,DRILLED CRACK,STOP,
103243,CYLINDER #4 INTAKE GASKET LEAKING.,OK,CYLINDER #4,INTAKE GASKET,LEAKING,,REMOVED & REPLACED INTAKE GASKET.,,,INTAKE GASKET,REMOVED & REPLACED,
103244,"BAFFLE PLUG DAMAGED, REQUIRES REPLACEMENT.",OK,,BAFFLE PLUG,REQUIRE PROBLEM,,REMOVED & REPLACED BAFFLE PLUG.,,,BAFFLE PLUG,REMOVED & REPLACED,
103245,#4 CYLINDER ROCKER COVER LEAKING.,OK,#4 CYLINDER,ROCKER COVER,LEAKING,,REMOVED & REPLACED GASKET.,,,GASKET,REMOVED & REPLACED,
103246,PROP/ENGINE OVERSPEED.,OK,PROP/ENGINE,,OVERSPEED,,REVIEWED FDM DATA. FOUND OVERSPEED TO BE W/IN LIMITS PE,,,FDM DATA,REVIEWED,
103247,"#1, 2 & 3 INTAKE GASKETS LEAKING.",OK,"#1, 2 & 3",INTAKE GASKETS,LEAKING,,REMOVED & REPLACED INTAKE GASKETS.,,,INTAKE GASKETS,REMOVED & REPLACED,
103248,#3 & 4 ROCKER COVER GASKETS LEAKING.,OK,#3 & 4,ROCKER COVER GASKETS,LEAKING,,REMOVED & REPLACED ROCKER COVERS GASKETS.,,,ROCKER COVER GASKETS,REMOVED & REPLACED,
103249,#2 INTAKE LEAKING.,OK,#2,INTAKE,LEAKING,,REMOVED & REPLACED INTAKE GASKET.,,,INTAKE GASKET,REMOVED & REPLACED,
103250,#2 CYLINDER INTAKE IS LEAKING.,OK,#2 CYLINDER,INTAKE,LEAKING,,REPLACED INTAKE GASKET & LOCK WASHERS.,,,"INTAKE GASKET, LOCK WASHERS",REPLACED,
103251,2 & 4 CYLINDER INNER BAFFLE CONNECTOR ROD IS BROKEN.,OK,2 & 4 CYLINDER,INNER BAFFLE CONNECTOR ROD,BROKEN,,REMOVED & REPLACED ROD.,,,ROD,REMOVED & REPLACED,
103252,#4 CYLINDER INTAKE GASKET IS LEAKING.,OK,#4 CYLINDER,INTAKE GASKET,LEAKING,,REMOVED & REPLACED CYLINDER #4 INTAKE GASKET.,,,INTAKE GASKET,REMOVED & REPLACED,
103253,#1 CYLINDER INTAKE IS LEAKING.,OK,#1 CYLINDER,INTAKE,LEAKING,,REMOVED & REPLACED #1 CYLINDER INTAKE GASKET.,,,INTAKE GASKET,REMOVED & REPLACED,
103254,"CRACK ON FORWARD BAFFLE, AFT OF ALTERNATOR MOUNT BOLT.",OK,"FORWARD BAFFLE, AFT OF ALTERNATOR MOUNT BOLT",BAFFLE,CRACK,,STOP DRILLED CRACK.,,,DRILLED CRACK,STOP,
103255,#1 & 2 ROCKER COVER GASKETS LEAKING.,OK,#1 & 2,ROCKER COVER GASKETS,LEAKING,,REMOVED & REPLACED ROCKER GASKETS.,,,ROCKER GASKETS,REMOVED & REPLACED,
103256,#2 & 4 INTAKE GASKETS LEAKING.,OK,#2 & 4,INTAKE GASKETS,LEAKING,,REMOVED & REPLACED #2 & 4 INTAKE GASKETS.,,,INTAKE GASKETS,REMOVED & REPLACED,
103257,COWL SEAL ON FRONT R/H BAFFLE LOOSE.,OK,FRONT R/H,BAFFLE COWL SEAL,LOOSE,,TIGHTENED BAFFLE & RESEALED WITH RTV.,,,"BAFFLE, RTV","TIGHTENED , RESEALED",
103258,#1 CYLINDER BAFFLING CRACK EXTENDING BEYOND STOP DRILL.,OK,#1 CYLINDER,BAFFLING,CRACK,,STOP DRILLED CRACK & INSTALLED DOUBLER PLATE IN REFEREN,,,"CRACK, DOUBLER PLATE",STOP & INSTALLED,
103259,CRACK NOTED ON UPPER PORTION OF FORWARD R/H BAFFLE IN FRONT OF #,OK,UPPER PORTION OF FORWARD R/H BAFFLE,BAFFLE,CRACK,,STOP DRILLED CRACK & RIVETED DOUBLER PLATE IN REFERENCE,,,"CRACK, DOUBLER PLATE",STOP & RIVETED,
103260,#3 ROCKER COVER IS LEAKING.,OK,#3,ROCKER COVER,LEAKING,,REMOVED & REPLACED ROCKER COVER GASKET.,,,ROCKER COVER GASKET,REMOVED & REPLACED,
103261,"#1, 3, 4 & 2 ROCKER COVERS LEAKING (ALL 4).",OK,ALL 4,ROCKER COVERS,LEAKING,,REMOVED & REPLACED ROCKER COVER GASKETS.,,,ROCKER COVER GASKETS,REMOVED & REPLACED,
103262,TABS ARE WORN OFF OF BAFFLE PLUGS.,OK,,BAFFLE PLUGS TABS ,WORN,,REPLACED BAFFLE PLUGS.,,,BAFFLE PLUGS,REPLACED,
103263,#1 INTAKE IS LEAKING.,OK,#1,INTAKE,LEAKING,,REMOVED & REPLACED INTAKE GASKET.,,,INTAKE GASKET,REMOVED & REPLACED,
103264,"#1, 2, 3 & 4 INTAKE GASKETS LEAKING.",OK,"#1, 2, 3 & 4",INTAKE GASKETS,LEAKING,,REMOVED & REPLACED INTAKE GASKETS.,,,INTAKE GASKETS,REMOVED & REPLACED,
103265,#1 & 4 ROCKER COVER GASKETS LEAKING.,OK,#1 & 4,ROCKER COVER GASKETS,LEAKING,,REMOVED & REPLACED ROCKER COVER GASKETS.,,,ROCKER COVER GASKETS,REMOVED & REPLACED,
103266,"#2, 3, 4 INTAKES LEAKING ON L/H ENGINE.",OK,"#2, 3, 4 ON L/H ENGINE",INTAKES,LEAKING,,REMOVED & REPLACED INTAKE GASKETS.,,,INTAKE GASKETS,REMOVED & REPLACED,
103267,R/H FORWARD BAFFLE SEAL LOOSE.,OK,R/H FORWARD,BAFFLE SEAL,LOOSE,,REATTACHED BAFFLE SEAL TO ENGINE BAFFLE.,,,BAFFLE SEAL,REATTACHED,
103268,R/H REAR ENGINE BAFFLE ATTACH BRACKET LOOSE.,OK,R/H REAR ENGINE,BAFFLE ATTACH BRACKET,LOOSE,,REMOVED R/H REAR BAFFLE. REATTACHED ATTACH BRACKET & RE,,,"BAFFLE, ATTACH BRACKET","REMOVED, REATTACHED",
103269,#2 INTAKE GASKET LEAKING.,OK,#2,INTAKE GASKET,LEAKING,,REPLACED GASKET.,,,GASKET,REPLACED,
103270,#3 & 4 SIDE BAFFLE SEALS ARE WORN.,OK,#3 & 4 SIDE,BAFFLE SEALS,WORN,,REPLACED BAFFLE SEALS.,,,BAFFLE SEALS,REPLACED,
103271,BAFFLE CRACKED @ #1 CYL.,OK,#1 CYL,BAFFLE,CRACKED,,STOP DRILLED CRACK.,,,DRILLED CRACK,STOP,
103272,CRACK ON CYLINDER #1 BAFFLING.,OK,CYLINDER #1,BAFFLING,CRACK,,"STOP DRILLED CRACK, NO FURTHER DEFECTS NOTED.",,,DRILLED CRACK,STOP,
103273,BAFFLING ABOVE CYLINDER #4 HAS A CRACK IN IT.,OK,ABOVE CYLINDER #4,BAFFLING,CRACK,,"STOP DRILLED CRACK, NO FURTHER DEFECTS NOTED.",,,DRILLED CRACK,STOP,
103274,INTAKES #2 & 4 LEAKING.,OK,#2 & 4,INTAKES,LEAKING,,REMOVED & REPLACED INTAKE GASKETS.,,,INTAKE GASKETS,REMOVED & REPLACED,
103275,BOTH BAFFLE BUTTONS WORN.,OK,BOTH,BAFFLE BUTTONS,WORN,,REPLACED BOTH PLUGS.,,,PLUGS,REPLACED,
103276,FORWARD BAFFLE SEAL HAS WORN SPOTS BY ENGINE INDUCTION.,OK,FORWARD,BAFFLE SEAL,WORN,,INSTALLED BLACK RTV IN AREAS WORN.,,BLACK,RTV,INSTALLED,
103277,MOMENTARY ENGINE ROUGHNESS.,OK,ENGINE,,ROUGHNESS,,PERFORMED ENGINE RUN UP. NO ROUGHNESS NOTED THROUGH ENT,,,ENGINE,RAN,
103278,"SCREW MISSING #3 CYLINDER ROCKER COVER, L/H ENGINE.",OK,"#3 CYLINDER, L/H ENGINE",ROCKER COVERS SCREW,MISSING,,INSTALLED NEW SCREW.,,NEW,SCREW,INSTALLED,
103279,"#2, 3 ROCKER COVERS LEAKING ON R/H ENGINE.",OK,"#2, 3 ON R/H ENGINE",ROCKER COVERS,LEAKING,,REMOVED & REPLACED ROCKER GASKETS ON R/H ENG.,,,ROCKER GASKETS,REMOVED & REPLACED,
103280,"#2, 3, 4 INTAKES LEAKING ON R/H ENGINE.",OK,"#2, 3, 4 ON R/H ENGINE",INTAKES,LEAKING,,"REMOVED & REPLACED #2, 3 & 4 INTAKE GASKETS ON R/H ENG.",,,INTAKE GASKETS,REMOVED & REPLACED,
103281,#2 & 4 INTAKE GASKETS LEAKING ON L/H ENGINE.,OK,#2 & 4 ON L/H ENGINE,INTAKE GASKETS,LEAKING,,REMOVED & REPLACED #2 & 4 INTAKE GASKETS ON L/H ENG.,,,INTAKE GASKETS,REMOVED & REPLACED,
103282,#3 & 4 ROCKER COVERS LEAKING ON L/H ENGINE.,OK,#3 & 4 ON L/H ENGINE,ROCKER COVERS,LEAKING,,REMOVED & REPLACED #3 & 4 ROCKER COVERS ON L/H ENGINE.,,,ROCKER COVERS,REMOVED & REPLACED,
103283,R/H BAFFLE TIE ROD IS RUBBING ON OIL RETURN LINE CLAMP.,OK,R/H,BAFFLE TIE ROD,RUBBING,,INSPECTED OIL RETURN LINE & TIE ROD - OK. ADJUSTED OIL,,,"OIL RETURN LINE, TIE ROD, OIL","INSPECTED, ADJUSTED",
103284,"#2, 3 & 4 INTAKE GASKETS LEAKING ON L/H ENGINE.",OK,"#2, 3 & 4 ON L/H ENGINE",INTAKE GASKETS,LEAKING,,REMOVED & REPLACED INTAKE GASKETS.,,,INTAKE GASKETS,REMOVED & REPLACED,
103285,R/H ENGINE BACK BONE SEEPING OIL.,OK,R/H ENGINE BACK BONE,BACK BONE,SEEPING,,"REMOVED BOLTS (ONE AT A TIME), CLEANED, RESEALED & RETO",,,BOLTS,"REMOVED, CLEANED, RESEALED & RETO",
103286,R/H ENGINE #2 & 4 ROCKER BOX COVERS LEAKING.,OK,R/H ENGINE #2 & 4,ROCKER BOX COVERS,LEAKING,,REMOVED & REPLACED R/H ENGINE CYLINDER #2 & 4 ROCKER COVER GASK,,,ROCKER COVER GASK,REMOVED & REPLACED,
103287,BAFFLE CONNECTION ROD LOOSE ON #1 & 3 CYLINDER OF L/H ENGINE.,OK,#1 & 3 CYLINDER OF L/H ENGINE,BAFFLE CONNECTION ROD,LOOSE,,TIGHTENED BAFFLE CONNECTING ROD BETWEEN #1 & 3 CYLINDER,,,BAFFLE CONNECTING ROD,TIGHTENED,
103288,#3 & 4 INTAKE IS LEAKING.,OK,#3 & 4,INTAKE,LEAKING,,REMOVED & REPLACED INTAKE GASKETS.,,,INTAKE GASKETS,REMOVED & REPLACED,
103289,BAFFLE PLUGS ABOVE #3 & 4 CYLINDER WORN.,OK,ABOVE #3 & 4 CYLINDER,BAFFLE PLUGS,WORN,,REMOVED & REPLACED BAFFLE PLUGS.,,,BAFFLE PLUGS,REMOVED & REPLACED,
103290,L/H SIDE BAFFLE REQUIRES BAFFLE PLUG PATCH.,OK,L/H SIDE,BAFFLE PLUG PATCH,REQUIRE PROBLEM,,INSTALLED BAFFLE PLUG PATCH.,,,BAFFLE PLUG PATCH,INSTALLED,
103291,"SCREW MISSING ON ENGINE BAFFLE #3 CYL, BY OIL FILL TUBE.",OK,"ENGINE #3 CYL, BY OIL FILL TUBE",BAFFLE SCREW,MISSING,,INSTALLED SCREW ONTO BAFFLE.,,,SCREW,INSTALLED,
103292,BAFFLE PATCH CRACKED ABOVE #4 CYL.,OK,ABOVE #4 CYL,BAFFLE PATCH,CRACKED,,"REMOVED CRACKED BAFFLE PATCH, FABRICATED NEW PATCH, INS",,,"BAFFLE PATCH, PATCH","REMOVED, FABRICATED",
103293,L/H ENGINE #4 CYLINDER DEAD.,OK,L/H ENGINE #4 CYLINDER,,DEAD,,COMPRESSION ON #4 = 78/80.,,,#4,COMPRESSION,
103294,L/H FORWARD BAFFLE MATERIAL TORN.,OK,L/H FORWARD,BAFFLE MATERIAL,TORN,,REMOVED & REPLACED BAFFLE MATERIAL.,,,BAFFLE MATERIAL,REMOVED & REPLACED,
103295,#3 & 4 INTAKES LEAKING ON L/H ENGINE.,OK,#3 & 4 ON L/H ENGINE,INTAKES,LEAKING,,REMOVED & REPLACED INTAKE GASKETS.,,,INTAKE GASKETS,REMOVED & REPLACED,
103296,L/H ENGINE BACK BAFFLE BY #4 CYLINDER HAS A CRACK.,OK,L/H ENGINE BACK #4 CYLINDER,BAFFLE,CRACKED,,REMOVED & REPLACED BRACKET.,,,BRACKET,REMOVED & REPLACED,
103297,"INTAKES 2, 3 & 4 LEAKING ON R/H ENGINE.",OK,"2, 3 & 4 ON R/H ENGINE",INTAKES,LEAKING,,REMOVED & REPLACED INTAKE GASKETS.,,,INTAKE GASKETS,REMOVED & REPLACED,
103298,L/H ENGINE #4 CYLINDER DEAD.,OK,L/H ENGINE #4 CYLINDER,,DEAD,,"DISCONNECTED PROP GOV CABLE, PROP GOV OIL LINE, #2 & 4",,,"PROP GOV CABLE, PROP GOV OIL LINE",DISCONNECTED,
103299,L/H ENGINE #4 CYLINDER DEAD.,OK,L/H ENGINE #4 CYLINDER,,DEAD,,REPLACED EXHAUST VALVE & GROUND VALVE SEAT IAW LYCOMING,,,"EXHAUST VALVE, VALVE SEAT",REPLACED & GROUNDED,
103300,L/H ENGINE #4 CYLINDER DEAD.,OK,L/H ENGINE #4 CYLINDER,,DEAD,,REINSTALLED AFT BAFFLE & BOTH SIDE BAFFLES. INSTALLED B,,,AFT BAFFLE & SIDE BAFFLES,REINSTALLED,
103301,#1 & 4 ROCKER GASKETS LEAKING ON L/H ENGINE.,OK,#1 & 4 ON L/H ENGINE,ROCKER GASKETS,LEAKING,,REPLACED L/H ENGINE ROCKER COVER GASKETS.,,,ROCKER COVER GASKETS,REPLACED,
103302,L/H ENGINE BACK BONE LEAKING OIL IN MIDDLE.,OK,L/H ENGINE,BACK BONE,LEAKING,,"CLEANED, RESEALED & TORQUED TOP BACK BONE BOLTS.",,,TOP BACK BONE BOLTS,CLEANED & RESEALED & TORQUED,
103303,INTAKE GASKETS LEAKING ON L/H ENGINE.,OK,L/H ENGINE,INTAKE GASKETS,LEAKING,,REMOVED & REPLACED ALL INTAKE GASKETS ON L/H ENGINE.,,,INTAKE GASKETS,REMOVED & REPLACED,
103304,L/H ENGINE QUICK DRAIN NEEDS INSTALLATION.,OK,L/H ENGINE,QUICK DRAIN,NEED PROBLEM,,INSTALLED QUICK DRAIN.,,,QUICK DRAIN,INSTALLED,
103305,R/H ENGINE QUICK DRAIN NEEDS INSTALLATION.,OK,R/H ENGINE,QUICK DRAIN,NEED PROBLEM,,INSTALLED QUICK DRAIN.,,,QUICK DRAIN,INSTALLED,
103306,"#1, 2 & 4 CYLINDER INTAKES LEAKING.",OK,"#1, 2 & 4 CYLINDER",INTAKES,LEAKING,,REMOVED & REPLACED CYLINDER INTAKE GASKETS.,,,CYLINDER INTAKE GASKETS,REMOVED & REPLACED,
103307,CYLINDER #1 INTAKE GASKET IS LEAKING.,OK,CYLINDER #1,INTAKE GASKET,LEAKING,,REPLACED LEAKY CYLINDER #1 INTAKE GASKET.,,,INTAKE GASKET,REPLACED,
103308,TYWRAP BROKEN ON STAND OFF ON #2 CYL.,OK,#2 CYL,TYWRAP,BROKEN,,SECURED WITH TYWRAP.,,,TYWRAP,SECURED,
103309,BATTERY BOX BRACKET CRACKED.,OK,,BATTERY BOX BRACKET,CRACKED,,REMOVED & REPLACED BRACKET.,,,BRACKET,REMOVED & REPLACED,
103310,SIMULATED OIL LEAK ON ENGINE,DIFFICULT,,,,,REMOVED SIMULATION,,,SIMULATION,REMOVED,
103311,BAFFLE PLUG ABOVE #4 CYLINDER HAS BROKEN TABS.,OK,ABOVE #4 CYLINDER,BAFFLE PLUG TABS,BROKEN,,REPLACED BAFFLE PLUGS WITH NEW.,,NEW,BAFFLE PLUGS,REPLACED,
103312,#2 ROCKER COVER LEAKING.,OK,#2,ROCKER COVER,LEAKING,,REMOVED & REPLACED #2 ROCKER COVER GASKET.,,,ROCKER COVER GASKET,REMOVED & REPLACED,
103313,#2 OIL RETURN LINE CHAFING ON BAFFLING.,OK,#2,OIL RETURN LINE,CHAFING,,INSTALLED CHAFE WRAP & APPLIED SILICONE TO AREA. NO DAM,,,"CHAFE WRAP, SILICONE",INSTALLED & APPLIED,
103314,#2 & 4 INTERCYLINDER BAFFLE CRACKED.,OK,#2 & 4 INTERCYLINDER,BAFFLE,CRACKED,,STOP DRILLED CRACK.,,,DRILLED CRACK,STOP,
103315,INTAKES 2 & 3 LEAKING ON L/H ENGINE.,OK,2 & 3 ON L/H ENGINE,INTAKES,LEAKING,,REPLACED 2 & 3 GASKETS.,,,GASKETS,REPLACED,
103316,INTAKES 2 & 4 LEAKING ON R/H ENGINE.,OK,2 & 4 ON R/H ENGINE,INTAKES,LEAKING,,REMOVED & REPLACED GASKETS.,,,GASKETS,REMOVED & REPLACED,
103317,#3 CYLINDER L/H ENGINE THRUST BUTTONS WORN.,OK,#3 CYLINDER L/H ENGINE,THRUST BUTTONS,WORN,,REMOVED & REPLACED BUTTONS.,,,BUTTONS,REMOVED & REPLACED,
103318,ALL 4 ROCKER COVERS LEAKING ON R/H ENGINE.,OK,ALL 4 ON R/H ENGINE,ROCKER COVERS,LEAKING,,"REMOVED ROCKER COVERS, CLEANED COVERS & INSTALLED NEW G",,NEW,"ROCKER COVERS, COVERS, G","REMOVED, CLEANED, INSTALLED",
103319,"ROCKER COVERS 1, 2, 3 & 4 LEAKING ON L/H ENGINE.",OK,"1, 2, 3 & 4 ON L/H ENGINE",ROCKER COVERS,LEAKING,,REMOVED ROCKER COVERS & CLEANED OLD GASKET MATERIAL FRO,,,"ROCKER COVERS, GASKET MATERIAL","REMOVED, CLEANED",
103320,#2 BAFFLE SEAL DISCONNECTED.,OK,#2,BAFFLE SEAL,DISCONNECTED,,RESECURED LOOSE BAFFLE SEAL.,,,BAFFLE SEAL,RESECURED,
103321,WIRING BETWEEN #2 - 4 UNSUPPORTED.,OK,#2 - 4,WIRING,UNSUPPORTED,,RESECURED WIRING TO BAFFLE STANDOFF.,,,WIRING,RESECURED,
103322,#1 CHT RED X AT FULL POWER.,OK,#1,CHT,RED X,,OPS CHECK GOOD.,,,OPS,CHECK,
103323,#1 EXHAUST GAS TEMPERATURE RED X.,OK,#1,EXHAUST GAS,TEMPERATURE,,"REMOVED & REPLACED #1 EGT, OPS CHECK GOOD.",,,EGT,REMOVED & REPLACED,
103324,#1 ROCKER COVER LEAKING.,OK,#1,ROCKER COVER,LEAKING,,REMOVED & REPLACED ROCKER COVER GASKET.,,,ROCKER COVER GASKET,REMOVED & REPLACED,
103325,#1 CHT RED X AT FULL POWER.,OK,#1,CHT,RED X,,REMOVED & REPLACED CHT PROBE ON #1 CYL.,,REPLACED,CHT PROBE,REMOVED & REPLACED,
103326,"#1, 2, 4 INTAKE GASKETS LEAKING.",OK,"#1, 2, 4",INTAKE GASKETS,LEAKING,,REMOVED & REPLACED INTAKE GASKETS.,,,INTAKE GASKETS,REMOVED & REPLACED,
103327,ENGINE FAILED ONCE ON RUN UP. ENGINE RAN ROUGH & ALMOST QUIT,OK,ENGINE,,FAILED & ROUGH & QUIT,,PLACED HELICOPTER IN HEATER HANGAR. STARTED ENGINE USIN,,,"HELICOPTER, ENGINE","PLACED, STARTED",
103328,INTAKES 2 & 4 LEAKING ON R/H ENG.,OK,2 & 4 ON R/H ENG,INTAKES,LEAKING,,REMOVED & REPLACED INTAKE GASKETS.,,,INTAKE GASKETS,REMOVED & REPLACED,
103329,INTAKES 1 & 3 LEAKING ON L/H ENG.,OK,1 & 3 ON L/H ENG,INTAKES,LEAKING,,"UPON FURTHER INSP, NO LEAK FROM INTAKE TUBE FOUND.",,,INTAKE TUBE,INSP,
103330,#3 & 4 CYLINDER INTAKE GASKETS ARE LEAKING.,OK,#3 & 4 CYLINDER,INTAKE GASKETS,LEAKING,,REMOVED & REPLACED GASKETS.,,,GASKETS,REMOVED & REPLACED,
103331,#4 INTAKE IS LEAKING.,OK,#4,INTAKE,LEAKING,,REMOVED & REPLACED GASKET.,,,GASKET,REMOVED & REPLACED,
103332,R/H FORWARD ENGINE BAFFLE SEAL LOOSE.,OK,R/H FORWARD ENGINE,BAFFLE SEAL,LOOSE,,REATTACHED BAFFLE SEAL.,,,BAFFLE SEAL,REATTACHED,
103333,#3 INTAKE LEAKING.,OK,#3,INTAKE,LEAKING,,REPLACED GASKET.,,,GASKET,REPLACED,
103334,"2 BAFFLE SCREWS MISSING, ABOVE STARTER.",OK,"2, ABOVE STARTER",BAFFLE SCREWS,MISSING,,INSTALLED SCREWS.,,,SCREWS,INSTALLED,
103335,#4 INTAKE LEAKING.,OK,#4,INTAKE,LEAKING,,REMOVED & REPLACED INTAKE GASKET.,,,INTAKE GASKET,REMOVED & REPLACED,
103336,R/H FORWARD BAFFLE MATERIAL LOOSE.,OK,R/H FORWARD,BAFFLE MATERIAL,LOOSE,,RESECURED BAFFLE MATERIAL.,,,BAFFLE MATERIAL,RESECURED,
103337,CYLINDER #2 INTAKE GASKET LEAKING.,OK,CYLINDER #2,INTAKE GASKET,LEAKING,,REMOVED & REPLACED CYLINDER #2 INTAKE GASKET.,,,INTAKE GASKET,REMOVED & REPLACED,
103338,"CYLINDER #1, 4 ROCKER COVERS LEAKING.",OK,"CYLINDER #1, 4",ROCKER COVERS,LEAKING,,"REMOVED & REPLACED CYLINDER #1, 4 ROCKER COVER GASKETS.",,,ROCKER COVER GASKETS,REMOVED & REPLACED,
103339,#1 & 2 CYLINDER ROCKER COVER GASKETS LEAKING.,OK,#1 & 2 CYLINDER,ROCKER COVER GASKETS,LEAKING,,REMOVED & REPLACED ROCKER COVER GASKETS.,,,ROCKER COVER GASKETS,REMOVED & REPLACED,
103340,#3 INTAKE GASKET LEAKING.,OK,#3,INTAKE GASKET,LEAKING,,REMOVED & REPLACED #3 INTAKE GASKET.,,,INTAKE GASKET,REMOVED & REPLACED,
103341,#2 CYLINDER INTAKE GASKET LEAKING.,OK,#2 CYLINDER,INTAKE GASKET,LEAKING,,REMOVED & REPLACED #2 CYLINDER INTAKE GASKET.,,,INTAKE GASKET,REMOVED & REPLACED,
103342,BAFFLE CRACKED ABOVE #1 CYL.,OK,ABOVE #1 CYL,BAFFLE,CRACKED,,STOP DRILLED CRACK.,,,DRILLED CRACK,STOP,
103343,#2 INTAKE GASKET LEAKING.,OK,#2,INTAKE GASKET,LEAKING,,REMOVED & REPLACED INTAKE GASKET.,,,INTAKE GASKET,REMOVED & REPLACED,
103344,#3 & 4 ROCKER COVER GASKETS LEAKING.,OK,#3 & 4,ROCKER COVER GASKETS,LEAKING,,REMOVED & REPLACED ROCKER COVERS.,,,ROCKER COVERS,REMOVED & REPLACED,
103345,"#1, 2, 4 INTAKES LEAKING.",OK,"#1, 2, 4",INTAKES,LEAKING,,REMOVED & REPLACED GASKETS.,,,GASKETS,REMOVED & REPLACED,
103346,R/H ENGINE BAFFLE PLUG LOCK TAB BROKEN.,OK,R/H ENGINE,BAFFLE PLUG LOCK TAB,BROKEN,,INSTALLED NEW BAFFLE PLUG.,,NEW,BAFFLE PLUG,INSTALLED,
103347,#4 CYLINDER INTAKE GASKET IS LEAKING.,OK,#4 CYLINDER,INTAKE GASKET,LEAKING,,REMOVED & REPLACED GASKET.,,,GASKET,REMOVED & REPLACED,
103348,#3 INTAKE LEAKING.,OK,#3,INTAKE,LEAKING,,REMOVED & REPLACED INTAKE GASKET.,,,INTAKE GASKET,REMOVED & REPLACED,
103349,SCREW MISSING R/H BAFFLE.,OK,R/H,BAFFLE SCREW,MISSING,,REPLACED MISSING SCREW.,,,SCREW,REPLACED,
103350,FORWARD LOWER ENGINE BAFFLE SEAL WORN ABOVE ENGINE AIR INTAKE.,OK,FORWARD LOWER ENGINE,BAFFLE SEAL,WORN,,INSTALLED RTV TO AREAS.,,,RTV,INSTALLED,
103351,CYLINDER #3 INTAKE GASKET IS LEAKING.,OK,CYLINDER #3,INTAKE GASKET,LEAKING,,REPLACED #3 INTAKE GASKET.,,,INTAKE GASKET,REPLACED,
103352,RIGHT BAFFLE PLUG DAMAGED.,OK,RIGHT,BAFFLE PLUG,DAMAGED,,REPLACED RIGHT BAFFLE PLUG.,,,BAFFLE PLUG,REPLACED,
103353,A/C & PILOT REQUIRE START ASSIST.,DIFFICULT,,,,,STARTED A/C.,,,A/C,STARTED,
103354,#3 INTAKE GASKET LEAKING.,OK,#3,INTAKE GASKET,LEAKING,,INSTALLED NEW #3 INTAKE GASKET.,,NEW,INTAKE GASKET,INSTALLED,
103355,ENGINE BACK BONE BOLTS SEEPING.,OK,ENGINE,BACK BONE BOLTS,SEEPING,,RETORQUED BACK BONE BOLTS.,,,BACK BONE BOLTS,RETORQUED,
103356,OIL FILLER TUBE LOOSE.,OK,,OIL FILLER TUBE,LOOSE,,TIGHTENED OIL FILLER TUBE & SAFETIED.,,,OIL FILLER TUBE,TIGHTENED & SAFETIED,
103357,INTER BAFFLE ROD FASTENER BROKEN.,OK,INTER,BAFFLE ROD FASTENER,BROKEN,,REMOVED & REPLACED INTER BAFFLE ROD FASTENER.,,,BAFFLE ROD FASTENER,REMOVED & REPLACED,
103358,#3 AFT BAFFLE TAB RIVETS LOOSE.,OK,#3 AFT,BAFFLE TAB RIVETS,LOOSE,,"REMOVED BAFFLE, REMOVED RIVETS & INSTALLED NEW HARDWARE",,NEW,"BAFFLE, RIVETS, HARDWARE","REMOVED , REMOVED & INSTALLED",
103359,#4 INTAKE GASKET LEAKING.,OK,#4,INTAKE GASKET,LEAKING,,REMOVED & REPLACED #4 INTAKE GASKET.,,,INTAKE GASKET,REMOVED & REPLACED,
103360,SPRING CONNECTOR BETWEEN #1 & 3 CYLINDER BAFFLES IS BROKEN.,OK,BETWEEN #1 & 3 CYLINDER,BAFFLE SPRING CONNECTOR,BROKEN,,REMOVED & REPLACED SPRING CONNECTOR BETWEEN #1 & 3 CYLINDERS,,,SPRING CONNECTOR,REMOVED & REPLACED,
103361,#3 BAFFLE CRACKED.,OK,#3,BAFFLE,CRACKED,,STOP DRILLED CRACK IN #3 ENGINE BAFFLE.,,,ENGINE BAFFLE,STOP DRILLED CRACK,
103362,"ENGINE FORWARD LOWER COWL SEAL WORN, ABOVE AIR INTAKE.",OK,"ENGINE FORWARD LOWER COWL, ABOVE AIR INTAKE",SEAL,WORN,,"APPLIED SILICONE SEALANT TO SEAL, NO DAMAGE NOTED.",,SILICONE,SEALANT,APPLIED,
103363,"BOLT MISSING ON #4 BAFFLE, R/H ENG.",OK,#4 BAFFLE ON R/H ENG,BAFFLE BOLT,MISSING,,REPLACED BOLT.,,,BOLT,REPLACED,
103364,CYLINDER #4 ROCKER COVER GASKET IS LEAKING.,OK,CYLINDER #4,ROCKER COVER GASKET,LEAKING,,REMOVED & REPLACED CYLINDER #4 ROCKER COVER GASKET.,,,ROCKER COVER GASKET,REMOVED & REPLACED,
103365,#1 & 2 INTAKE GASKETS LEAKING.,OK,#1 & 2,INTAKE GASKETS,LEAKING,,REMOVED & REPLACED #1 & 2 INTAKE GASKETS.,,,INTAKE GASKETS,REMOVED & REPLACED,
103366,R/H ENGINE #3 CYLINDER INTAKE GASKET LEAKING.,OK,R/H ENGINE #3 CYLINDER,INTAKE GASKET,LEAKING,,REMOVED & REPLACED GASKET.,,,GASKET,REMOVED & REPLACED,
103367,#3 ROCKER COVER GASKET LEAKING.,OK,#3,ROCKER COVER GASKET,LEAKING,,REMOVED & REPLACED ROCKER COVER GASKET.,,,ROCKER COVER GASKET,REMOVED & REPLACED,
103368,#4 ROCKER COVER IS LEAKING.,OK,#4,ROCKER COVER,LEAKING,,REMOVED & REPLACED #4 CYLINDER ROCKER COVER GASKET.,,,ROCKER COVER GASKET,REMOVED & REPLACED,
103369,ALL ROCKER COVER SCREWS NEED TIGHTENING.,OK,ALL,ROCKER COVER SCREWS,NEED PROBLEM,,RESECURED ALL ROCKER COVER SCREWS.,,,ROCKER COVER SCREWS,RESECURED,
103370,RIGHT BAFFLE TIE ROD IS BROKEN.,OK,RIGHT,BAFFLE TIE ROD,BROKEN,,DRILLED NEW TIE ROD HOLE IN R/H AFT BAFFLE. INSTALLED S,,,"TIE ROD HOLE, TIE ROD","DRILLED, INSTALLED",
103371,"L/H ENGINE #2, 3 ROCKER COVER GASKETS ARE LEAKING.",OK,"L/H ENGINE #2, 3",ROCKER COVER GASKETS,LEAKING,,REMOVED & REPLACED ROCKER COVER GASKETS.,,,ROCKER COVER GASKETS,REMOVED & REPLACED,
103372,BAFFLE SEAL WORN & WEARING ABOVE ENGINE INLET.,OK,ABOVE ENGINE INLET,BAFFLE SEAL,WORN & WEARING,,SEALED UP AREAS WITH RTV.,,,RTV,SEALED UP,
103373,"R/H FORWARD BAFFLE, #1 CYLINDER SIDE, HAS A CRACK.",OK,"R/H FORWARD BAFFLE, #1 CYLINDER SIDE",BAFFLE,CRACK,,"STOP DRILLED CRACKS, FABRICATED PATCH & RIVETED IAW CES",,,"DRILLED CRACK , PATCH","STOP , FABRICATED & RIVETED",
103374,#1 & 2 ROCKER COVERS LEAKING.,OK,#1 & 2,ROCKER COVERS,LEAKING,,REMOVED & REPLACED ROCKER GASKETS.,,,ROCKER GASKETS,REMOVED & REPLACED,
103375,#1 & 3 ROCKER DRAIN LINES LEAKING.,OK,#1 & 3,ROCKER DRAIN LINES,LEAKING,,TIGHTENED ROCKER DRAIN LINE CLAMPS.,,,ROCKER DRAIN LINE CLAMPS,TIGHTENED,
103376,L/H ENGINE #4 CYLINDER INTAKE GASKET IS LEAKING.,OK,L/H ENGINE #4 CYLINDER,INTAKE GASKET,LEAKING,,REPLACED GASKET.,,,GASKET,REPLACED,
103377,R/H ENGINE #3 & 4 CYLINDER INTAKE GASKETS ARE LEAKING.,OK,R/H ENGINE #3 & 4 CYLINDER,INTAKE GASKETS,LEAKING,,REMOVED & REPLACED GASKETS.,,,GASKETS,REMOVED & REPLACED,
103378,#2 INTAKE LEAKING.,OK,#2,INTAKE,LEAKING,,REMOVED & REPLACED GASKET.,,,GASKET,REMOVED & REPLACED,
103379,INTAKE #3 LEAKING ON R/H ENGINE.,OK,#3 ON R/H ENGINE,INTAKE,LEAKING,,REMOVED & REPLACED GASKET.,,,GASKET,REMOVED & REPLACED,
103380,#1 & 2 ROCKER COVERS LEAKING ON L/H ENGINE.,OK,#1 & 2 ON L/H ENGINE,ROCKER COVERS,LEAKING,,REMOVED & REPLACED ROCKER COVER GASKETS.,,,ROCKER COVER GASKETS,REMOVED & REPLACED,
103381,R/H FORWARD ENGINE BAFFLE LOOSE.,OK,R/H FORWARD ENGINE,BAFFLE,LOOSE,,RESECURED BAFFLE SEAL.,,,BAFFLE SEAL,RESECURED,
103382,#2 INTAKE TUBE GASKET LEAKING.,OK,#2,INTAKE TUBE GASKET,LEAKING,,REMOVED & REPLACED GASKET.,,,GASKET,REMOVED & REPLACED,
103383,"FORWARD LOWER BAFFLE SEAL FOR ENG, INTAKE WEARING INTO IT.",OK,FORWARD LOWE,"BAFFLE SEAL, INTAKE",WEARING,,PATCHED BAFFLE WITH SILICONE SEALANT.,,SILICONE SEALANT,BAFFLE,PATCHED,
103384,R/H ENGINE WOULD NOT START.,OK,R/H ENGINE,,WOULD NOT START,,"STARTED A/C, ALL CHECKS GOOD.",,,A/C,STARTED,
103385,ENGINE NEEDS TO BE PRESERVED.,OK,ENGINE,,NEED PROBLEM,,PERFORMED CORROSION PREVENTION IN ENGINES INSTALLED IN,,,CORROSION PREVENTION,PERFORMED,
103386,ENGINE NEEDS TO BE PRESERVED.,OK,ENGINE,,NEED PROBLEM,,PERFORMED CORROSION PREVENTION IN ENGINE IAW LYCOMING O,,,ENGINE,PERFORMED,
103387,ENGINE NEEDS TO BE PRESERVED.,OK,ENGINE,,NEED PROBLEM,,PERFORMED CORROSION PREVENTION IN ENGINE IAW LYCOMING O,,,ENGINE,PERFORMED,
103388,ENGINE NEEDS TO BE PRESERVED.,OK,ENGINE,,NEED PROBLEM,,PERFORMED CORROSION PREVENTION IAW LYCOMING OPS MANUAL.,,,CORROSION PREVENTION,PERFORMED,
103389,ENGINE NEEDS TO BE PRESERVED.,OK,ENGINE,,NEED PROBLEM,,PERFORMED CORROSION PROTECTION IAW LYCOMING OPS MANUAL.,,,CORROSION PROTECTION,PERFORMED,
103390,ENGINE NEEDS TO BE PRESERVED.,OK,ENGINE,,NEED PROBLEM,,"RAN UP A/C, OPS CHECK GOOD.",,,"A/C , OPS ","RAN , CHECK",
103391,ENGINE NEEDS TO BE PRESERVED.,OK,ENGINE,,NEED PROBLEM,,PERFORMED CORROSION PREVENTION IN ENGINES INSTALLED IN,,,CORROSION PREVENTION,PERFORMED,
103392,ENGINE NEEDS TO BE PRESERVED.,OK,ENGINE,,NEED PROBLEM,,PERFORMED CORROSION PREVENTION IN ENGINE IAW LYCOMING O,,,ENGINE,PERFORMED,
103393,#4 INTAKE GASKET LEAKING.,OK,#4,INTAKE GASKET,LEAKING,,REMOVED & REPLACED INTAKE GASKET.,,,INTAKE GASKET,REMOVED & REPLACED,
103394,SCREW MISSING FROM R/H ENGINE #4 BAFFLE.,OK,R/H ENGINE #4,BAFFLE SCREW,MISSING,,INSTALLED FASTENER.,,,FASTENER,INSTALLED,
103395,"L/H ENG, R/H REAR ENGINE BAFFLE CRACKED.",OK,"L/H ENG, R/H REAR ENGINE",BAFFLE,CRACKED,,STOP DRILLED CRACK.,,,DRILLED CRACK,STOP,
103396,BAFFLE TIE ROD MISSING UNDER #2 & 4 CYLINDERS.,OK,UNDER #2 & 4 CYLINDERS,BAFFLE TIE ROD,MISSING,,INSTALLED BAFFLE ROD.,,,BAFFLE ROD,INSTALLED,
103397,RIVNUT STRIPPED OUT ON BAFFLE FOR OIL COOLER.,OK,BAFFLE FOR OIL COOLER,RIVNUT,STRIPPED OUT,,REMOVED & REPLACED RIVNUT.,,,RIVNUT,REMOVED & REPLACED,
103398,"ENGINE BAFFLE CRACKED, #3 CYL.",OK,ENGINE #3 CYL,BAFFLE,CRACKED,,"REMOVED CRACKED BAFFLE, FABRICATED & INSTALLED NEW BAFF",,NEW,BAFFLE,"REMOVED , FABRICATED & INSTALLED",
103399,#2 CYLINDER BAFFLE CRACKED.,OK,#2 CYLINDER,BAFFLE,CRACKED,,STOP DRILLED CRACK & FABRICATED PATCH USING LIKE MATERI,,LIKE MATERIAL,"DRILLED CRACK,PATCH","STOP , FABRICATED",
103400,CYLINDER #3 AFT BAFFLE IS CRACKED.,OK,CYLINDER #3 AFT,BAFFLE,CRACKED,,"STOP DRILLED CRACK, FABRICATED PATCH OF LIKE MATERIAL,",,LIKE MATERIAL,"DRILLED CRACK , PATCH","STOP , FABRICATED",
103401,CYLINDER #1 FORWARD BAFFLE IS CRACKED.,OK,CYLINDER #1 FORWARD,BAFFLE,CRACKED,,STOP DRILLED CRACKS & FABRICATED PATCHES OF LIKE MATERI,,LIKE MATERI,"DRILLED CRACK , PATCHES","STOP , FABRICATED",
103402,#4 ROCKER COVER IS LEAKING.,OK,#4,ROCKER COVER,LEAKING,,REMOVED & REPLACED GASKET.,,,GASKET,REMOVED & REPLACED,
103403,#2 & 4 INTAKES ARE LEAKING.,OK,#2 & 4,INTAKES,LEAKING,,REMOVED & REPLACED GASKETS.,,,GASKETS,REMOVED & REPLACED,
103404,#2 INTAKE GASKET LEAKING.,OK,#2,INTAKE GASKET,LEAKING,,REMOVED & REPLACED INTAKE GASKET.,,,INTAKE GASKET,REMOVED & REPLACED,
103405,"#2, 3, 4 ROCKER COVER GASKETS LEAKING.",OK,"#2, 3, 4",ROCKER COVER GASKETS,LEAKING,,REMOVED & REPLACED ROCKER COVER GASKETS.,,,ROCKER COVER GASKETS,REMOVED & REPLACED,
103406,#2 & 4 CYLINDER BAFFLE CONNECTION ROD BROKEN.,OK,#2 & 4 CYLINDER,BAFFLE CONNECTION ROD,BROKEN,,REMOVED & REPLACED BAFFLE CONNECTING SPRING FOR #2 & 4,,,BAFFLE CONNECTING SPRING,REMOVED & REPLACED,
103407,#2 INTAKE GASKET LEAKING.,OK,#2,INTAKE GASKET,LEAKING,,REPLACED #2 INTAKE GASKET.,,,INTAKE GASKET,REPLACED,
103408,R/H REAR ENGINE BAFFLE SCREW MISSING.,OK,R/H REAR ENGINE,BAFFLE SCREW,MISSING,,INSTALLED NEW SCREW.,,NEW,SCREW,INSTALLED,
103409,#4 INDUCTION TUBE GASKET LEAKING.,OK,#4,INDUCTION TUBE GASKET,LEAKING,,INSTALLED NEW #4 INDUCTION TUBE GASKET.,,NEW,INDUCTION TUBE GASKET,INSTALLED,
103410,#3 ROCKER LEAKING.,OK,#3,ROCKER,LEAKING,,REMOVED & REPLACED #3 ROCKER COVER GASKET.,,,ROCKER COVER GASKET,REMOVED & REPLACED,
103411,#4 INTAKE IS LEAKING.,OK,#4,INTAKE,LEAKING,,REMOVED & REPLACED INTAKE GASKET.,,,INTAKE GASKET,REMOVED & REPLACED,
103412,#2 ROCKER GASKET LEAKING.,OK,#2,ROCKER GASKET,LEAKING,,REPLACED GASKET.,,,GASKET,REPLACED,
103413,"#1, 3 & 4 INTAKE GASKETS LEAKING.",OK,"#1, 3 & 4",INTAKE GASKETS,LEAKING,,REPLACED GASKETS.,,,GASKETS,REPLACED,
103414,R/H ENGINE #3 INTAKE LEAKING.,OK,R/H ENGINE #3,INTAKE,LEAKING,,REPLACED GASKET.,,,GASKET,REPLACED,
103415,L/H ENGINE #4 INTAKE GASKET LEAKS.,OK,L/H ENGINE #4,INTAKE GASKET,LEAKS,,REPLACED GASKET.,,,GASKET,REPLACED,
103416,#2 INTAKE TUBE GASKET LEAKING.,OK,#2,INTAKE TUBE GASKET,LEAKING,,REMOVED & REPLACED #2 INTAKE TUBE GASKET.,,,INTAKE TUBE GASKET,REMOVED & REPLACED,
103417,#2 INTAKE GASKET IS LEAKING.,OK,#2,INTAKE GASKET,LEAKING,,REPLACED #2 INTAKE GASKET.,,,INTAKE GASKET,REPLACED,
103418,#3 & 4 INTAKES LEAKING ON R/H ENGINE.,OK,#3 & 4 ON R/H ENGINE,INTAKES,LEAKING,,REMOVED & REPLACED INTAKE GASKETS.,,,INTAKE GASKETS,REMOVED & REPLACED,
103419,"#2, 3 & 4 INTAKES LEAKING ON L/H ENGINE.",OK,"#2, 3 & 4 ON L/H ENGINE",INTAKES,LEAKING,,REMOVED & REPLACED INTAKE GASKETS.,,,INTAKE GASKETS,REMOVED & REPLACED,
103420,#2 ENGINE CYLINDER INTAKE LEAKS.,OK,#2 ENGINE CYLINDER,INTAKE,LEAKS,,REPLACED GASKET.,,,GASKET,REPLACED,
103421,FORWARD BLACK ENGINE SEAL WORN.,OK,FORWARD BLACK ENGINE,SEAL,WORN,,INSTALLED RTV SILICONE IN WORN AREAS.,,,RTV SILICONE,INSTALLED,
103422,#3 AFT BAFFLE SUPPORT BRACKET MISSING SCREW.,OK,#3 AFT,BAFFLE SUPPORT BRACKET SCREW,MISSING,,INSTALLED MISSING BRACKET SCREW.,,MISSING,SCREW,INSTALLED,
103423,#2 & 4 CYLINDER BAFFLE FASTENER IS BROKEN.,OK,#2 & 4 CYLINDER,BAFFLE FASTENER,BROKEN,,REMOVED & REPLACED FASTENER.,,,FASTENER,REMOVED & REPLACED,
103424,MOMENTARY STUCK VALVE WITH SLIGHT DROP IN RPM. IN CRUISE FLIGH,OK,,"VALVE , RPM","STUCK ,  DROP",,REMOVED BAFFLES AS REQUIRED & DISCONNECTED OIL LINES TO,,,"BAFFLES, OIL LINES",REMOVED & DISCONNECTED,
103425,MOMENTARY STUCK VALVE WITH SLIGHT DROP IN RPM. IN CRUISE FLIGH,OK,,"VALVE , RPM","STUCK ,  DROP",,"PERFORMED LYCOMING ON CYLINDER #2, 4. FOUND #4 CYLINDER T",,,,,
103426,#3 CYLINDER INTAKE FEELS LOOSE.,OK,#3 CYLINDER,INTAKE,LOOSE,,REMOVED INTAKE TUBE FROM INVENTORY ENGINE. INSTALLED ON,,,INTAKE TUBE,"REMOVED, INSTALLED",
103427,#2 INTAKE LEAKING.,OK,#2,INTAKE,LEAKING,,REMOVED & REPLACED #2 INTAKE GASKET.,,,INTAKE GASKET,REMOVED & REPLACED,
103428,#3 ROCKER COVER LEAKING.,OK,#3,ROCKER COVER,LEAKING,,REMOVED & REPLACED #3 ROCKER COVER GASKET.,,,ROCKER COVER GASKET,REMOVED & REPLACED,
103429,#4 INTAKE GASKET LEAKING.,OK,#4,INTAKE GASKET,LEAKING,,REMOVED & REPLACED GASKET.,,,GASKET,REMOVED & REPLACED,
103430,#4 INTAKE GASKET LEAKS.,OK,#4,INTAKE GASKET,LEAKS,,REMOVED & REPLACED INTAKE GASKET.,,,INTAKE GASKET,REMOVED & REPLACED,
103431,R/H BAFFLING CONNECTING ROD IS BROKEN.,OK,R/H,BAFFLING CONNECTING ROD,BROKEN,,REMOVED & REPLACED ROD.,,,ROD,REMOVED & REPLACED,
103432,CYLINDER #3 INTAKE GASKET IS LEAKING.,OK,CYLINDER #3,INTAKE GASKET,LEAKING,,REMOVED & REPLACED INTAKE GASKET.,,,INTAKE GASKET,REMOVED & REPLACED,
103433,L/H I/B BAFFLING CONNECTING ROD IS BROKEN.,OK,L/H I/B,BAFFLING CONNECTING ROD,BROKEN,,REMOVED & REPLACED CONNECTING ROD.,,,CONNECTING ROD,REMOVED & REPLACED,
103434,#3 INTAKE GASKET LEAKING.,OK,#3,INTAKE GASKET,LEAKING,,REMOVED & REPLACED INTAKE GASKET.,,,INTAKE GASKET,REMOVED & REPLACED,
103435,BOTH BAFFLE PLUGS WORN.,OK,BOTH,BAFFLE PLUGS,WORN,,REPLACED BOTH BAFFLE PLUGS.,,,BAFFLE PLUGS,REPLACED,
103436,"CYLINDER #2, 3 & 4 INTAKE GASKETS LEAKING.",OK,"CYLINDER #2, 3 & 4",INTAKE GASKETS,LEAKING,,REMOVED & REPLACED INTAKE GASKETS.,,,INTAKE GASKETS,REMOVED & REPLACED,
103437,#2 & 4 ROCKER GASKETS ARE LEAKING.,OK,#2 & 4,ROCKER GASKETS,LEAKING,,REMOVED & REPLACED ROCKER COVER GASKETS. LEAK CHECK GOOD.,,,"ROCKER COVER GASKETS, LEAK","REMOVED & REPLACED, CHECK",
103438,#3 EXHAUST PUSH ROD SEAL (I/B) LEAKING.,OK,#3,EXHAUST PUSH ROD SEAL (I/B),LEAKING,,REMOVED & REPLACED #3 EXHAUST PUSH ROD SEALS. LEAK CHECK G,,,"EXHAUST PUSH ROD SEALS, LEAK","REMOVED & REPLACED, CHECK",
103439,CYLINDER #3 & 4 INTAKE GASKETS LEAKING.,OK,CYLINDER #3 & 4,INTAKE GASKETS,LEAKING,,REMOVED & REPLACED GASKETS.,,,GASKETS,REMOVED & REPLACED,
103440,#2 & 4 INTAKE GASKETS LEAKING (L/H ENGINE).,OK,#2 & 4 (L/H ENGINE),INTAKE GASKETS,LEAKING,,INSTALLED NEW INTAKE GASKETS.,,NEW,INTAKE GASKETS,INSTALLED,
103441,#1 ROCKER GASKET LEAKING ON L/H ENGINE.,OK,#1 ON L/H ENGINE,ROCKER GASKET,LEAKING,,INSTALLED NEW ROCKER BOX COVER GASKET.,,NEW,ROCKER BOX COVER GASKET,INSTALLED,
103442,#3 & 4 ROCKER COVER GASKETS LEAKING (R/H ENGINE).,OK,#3 & 4 R/H ENGINE,ROCKER COVER GASKETS,LEAKING,,INSTALLED NEW #3 & 4 ROCKER BOX COVER GASKETS.,,NEW,ROCKER BOX COVER GASKETS,INSTALLED,
103443,"#3 & 4 INTAKE GASKETS LEAKING, L/H ENGINE.",OK,L/H ENGINE #3 & 4,INTAKE GASKETS,LEAKING,,REMOVED & REPLACED INTAKE GASKETS.,,,INTAKE GASKETS,REMOVED & REPLACED,
103444,#2 & 4 INTAKE GASKETS LEAKING ON R/H ENGINE.,OK,#2 & 4 ON R/H ENGINE,INTAKE GASKETS,LEAKING,,REMOVED & REPLACED INTAKE GASKETS.,,,INTAKE GASKETS,REMOVED & REPLACED,
103445,CYLINDER #3 AFT BAFFLE IS WORN.,OK,CYLINDER #3 AFT,BAFFLE,WORN,,"REPAIRED BAFFLE, FABRICATED PATCH OF LIKE MATERIAL & RI",,,"BAFFLE, PATCH","REPAIRED, FABRICATED",
103446,"#1 CYLINDER HAS OIL LEAKING AT CYLINDER BASE, LOWER AFT CORNER.",OK,#1 CYLINDER LOWER AFT CORNER,,LEAKING,,"WASHED ENGINE, RAN A/C, LEAK CHECK GOOD.",,,"ENGINE, A/C, LEAK","WASHED, RAN, CHECK",
103447,DUCT TAPE ON BACK OF OIL COOLER,OK,BACK,OIL COOLER,TAPE,,REMOVED DUCT TAPE,,,DUCT TAPE,REMOVED,
103448,WRENCH ON TYRAP ON TOE OF ENGINE,DIFFICULT,,,,,REMOVED WRENCH AND TYRAP,,,"WRENCH, TYRAP",REMOVED,
103449,#2 INTAKE LEAKING.,OK,#2,INTAKE,LEAKING,,REMOVED & REPLACED CYLINDER #2 INTAKE GASKET.,,,INTAKE GASKET,REMOVED & REPLACED,
103450,"SEAL WEARING AT FORWARD LOWER BAFFLE, ABOVE INTAKE.",OK,"FORWARD LOWER BAFFLE, ABOVE INTAKE",SEAL,WORN,,INSTALLED RTV IN AREAS.,,,RTV,INSTALLED,
103451,ENGINE R/H REAR BAFFLE MOUNTING BRACKET LOOSE.,OK,ENGINE R/H REAR,BAFFLE MOUNTING BRACKET,LOOSE,,LOOSENED OIL COOLER & OIL FILLER TUBE.,,,OIL COOLER & OIL FILLER TUBE,LOOSENED,
103452,ENGINE R/H REAR BAFFLE MOUNTING BRACKET LOOSE.,OK,ENGINE R/H REAR,BAFFLE MOUNTING BRACKET,LOOSE,,REMOVED ENGINE BAFFLE. DRILLED HOLES IN ENGINE BAFFLE &,,,"ENGINE BAFFLE, HOLES","REMOVED, DRILLED",
103453,"SCREW MISSING I/B OF OIL COOLER, FOR ENGINE BAFFLE.",OK,I/B OF OIL COOLER,BAFFLE SCREW,MISSING,,REPLACED SCREW.,,,SCREW,REPLACED,
103454,ENGINE HAD FLUCTUATING OIL PRESSURE READINGS. ENGINE ROUGHNE,OK,ENGINE,OIL,"PRESSURE , ROUGHNE",,"RAN UP A/C, UNABLE TO DUPLICATE DISCREPANCY. OPS CHECK OK.",,,"A/C , OPS","RAN , CHECK",
103455,#3 CYLINDER RUNNING VERY CLEAN.,DIFFICULT,,,,,REMOVED #3 INJECTOR & ULTRASONICALLY CLEANED. REINSTALL,,,INJECTOR,"REMOVED & CLEANED, REINSTALLED",
103456,CYLINDER #2 INTAKE GASKET LEAKING.,OK,CYLINDER #2,INTAKE GASKET,LEAKING,,REMOVED & REPLACED INTAKE GASKET.,,,INTAKE GASKET,REMOVED & REPLACED,
103457,CYLINDER #1 ROCKER COVER GASKET IS LEAKING.,OK,CYLINDER #1,ROCKER COVER GASKET,LEAKING,,REMOVED & REPLACED GASKET.,,,GASKET,REMOVED & REPLACED,
103458,FRONT ENGINE OIL SEAL LEAKING.,OK,FRONT ENGINE,OIL SEAL,LEAKING,,"REMOVED PROP ASSY, LOOSENED ALTERNATOR BELT TENSION & R",,,"PROP ASSY, ALTERNATOR BELT TENSION","REMOVED, LOOSENED",
103459,FRONT ENGINE OIL SEAL LEAKING.,OK,FRONT ENGINE,OIL SEAL,LEAKING,,INSTALLED CRANKCASE SEAL & SPRING IAW LYCOMING,,,"CRANKCASE SEAL, SPRING",INSTALLED,
103460,ENGINE NEEDS TO BE FOGGED.,OK,ENGINE,,NEED PROBLEM,,FOGGED ENGINE.,,,ENGINE,FOGGED,
103461,ENGINE NEEDS TO BE FOGGED.,OK,ENGINE,,NEED PROBLEM,,DE-PRESERVED ENGINE. LUBRICATED MAIN & TAIL ROTOR. RAN,,,"ENGINE, MAIN & TAIL ROTOR","DE-PRESERVED, LUBRICATED, RAN",
103462,ENGINE NEEDS TO BE FOGGED.,OK,ENGINE,,NEED PROBLEM,,PERFORMED CORROSION PREVENTION IN ENGINE IAW LYCOMING O,,,ENGINE,PERFORMED,
103463,ENGINE NEEDS TO BE FOGGED.,OK,ENGINE,,NEED PROBLEM,,PERFORMED CORROSION PREVENTION IN ENGINE IAW LYCOMING O,,,ENGINE,PERFORMED,
103464,LEFT SIDE #4 CYLINDER INTAKE GASKET LEAKING.,OK,LEFT SIDE #4 CYLINDER,INTAKE GASKET,LEAKING,,REMOVED & REPLACED GASKET.,,,GASKET,REMOVED & REPLACED,
103465,R/H ENGINE #1 INTAKE IS LEAKING.,OK,R/H ENGINE #1,INTAKE,LEAKING,,REMOVED & REPLACED R/H ENGINE CYLINDER #1 INTAKE GASKET.,,,INTAKE GASKET,REMOVED & REPLACED,
103466,"ENGINE BAFFLE CRACKED, AFT OF #3 CYL, L/H ENG.",OK,L/H ENG AFT OF #3 CYL,BAFFLE,CRACKED,,STOP DRILLED CRACKS.,,,DRILLED CRACKS,STOP,
103467,"#3 & 4 INTAKE GASKET LEAKING, R/H ENGINE.",OK,#3 & 4 R/H ENGINE,INTAKE GASKET,LEAKING,,INSTALLED NEW L/H & R/H INTAKE GASKETS.,,NEW,INTAKE GASKETS,INSTALLED,
103468,"#4 ROCKER COVER GASKET LEAKING, R/H ENGINE.",OK,"#4, R/H ENGINE",ROCKER COVER GASKET,LEAKING,,INSTALLED NEW #4 ROCKER BOX COVER GASKET.,,NEW,ROCKER BOX COVER GASKET,INSTALLED,
103469,#3 CYLINDER ON R/H ENGINE HAS LOW COMPRESSION.,OK,#3 CYLINDER ON R/H ENGINE,,COMPRESSION,,"REMOVED ROCKER COVER, STAKED VALVES. COMPRESSION 68/80,",,,"ROCKER COVER, VALVES, COMPRESSION","REMOVED, STAKED, VERIFIED",
103470,#2 INTAKE LEAKING.,OK,#2,INTAKE,LEAKING,,REMOVED & REPLACED #2 INTAKE GASKET.,,,INTAKE GASKET,REMOVED & REPLACED,
103471,#3 ROCKER COVER LEAKING.,OK,#3,ROCKER COVER,LEAKING,,REMOVED & REPLACED #3 ROCKER COVER GASKET.,,,ROCKER COVER GASKET,REMOVED & REPLACED,
103472,#4 ROCKER COVER GASKET LEAKING.,OK,#4,ROCKER COVER GASKET,LEAKING,,REMOVED & REPLACED GASKET.,,,GASKET,REMOVED & REPLACED,
103473,#1 INTAKE GASKET LEAKING.,OK,#1,INTAKE GASKET,LEAKING,,REMOVED & REPLACED INTAKE GASKET.,,,INTAKE GASKET,REMOVED & REPLACED,
103474,#2 CYLINDER INTAKE GASKET LEAKING.,OK,#2 CYLINDER,INTAKE GASKET,LEAKING,,REMOVED & REPLACED INTAKE GASKET.,,,INTAKE GASKET,REMOVED & REPLACED,
103475,#2 & 4 INTAKES ARE LEAKING.,OK,#2 & 4,INTAKES,LEAKING,,REPLACED #2 & 4 INTAKE GASKETS.,,,INTAKE GASKETS,REPLACED,
103476,"#2, 3, 4 ROCKER COVERS ARE LEAKING.",OK,"#2, 3, 4",ROCKER COVERS,LEAKING,,REPLACED ROCKER COVER GASKETS.,,,ROCKER COVER GASKETS,REPLACED,
103477,#4 INTAKE GASKET LEAKING.,OK,#4,INTAKE GASKET,LEAKING,,REMOVED & REPLACED #4 INTAKE GASKET.,,,INTAKE GASKET,REMOVED & REPLACED,
103478,LOW COMPRESSION ON #3 CYL.,OK,#3 CYL,,COMPRESSION,,RAN UP A/C & PERFORMED COMPRESSION TEST ON #3 CYL. COMPRESSOR,,,"A/C, COMPRESSOR","RAN , TEST",
103479,"#1, 2, 3 & 4 INTAKE GASKETS LEAKING.",OK,"#1, 2, 3 & 4",INTAKE GASKETS,LEAKING,,"REPLACED INTAKE GASKETS, LEAK CHECK GOOD.",,,"INTAKE GASKETS, LEAK","REPLACED, CHECK",
103480,#1 OIL RETURN LINE LEAKING.,OK,#1,OIL RETURN LINE,LEAKING,,"TIGHTENED CYLINDER #1 OIL RETURN LINE CLAMPS, LEAK CHECK GOOD.",,,"OIL RETURN LINE CLAMPS, LEAK","TIGHTENED, CHECK",
103481,#3 CYLINDER BAFFLE PLUG DAMAGED.,OK,#3 CYLINDER,BAFFLE PLUG,DAMAGED,,REMOVED & REPLACED BAFFLE PLUG.,,,BAFFLE PLUG,REMOVED & REPLACED,
103482,#3 IGNTION LEAD STAND OFF IS BROKEN.,OK,#3,IGNITION LEAD STAND OFF,BROKEN,,INSTALLED NEW STAND OFF.,,NEW,STAND OFF,INSTALLED,
103483,#3 & 4 ROCKER COVERS LEAKING.,OK,#3 & 4,ROCKER COVERS,LEAKING,,.S,,,,,
103484,#3 & 4 ROCKER COVERS LEAKING.,OK,#3 & 4,ROCKER COVERS,LEAKING,,REMOVED & REPLACED GASKETS ON #3 & 4 CYLS.,,,GASKETS,REMOVED & REPLACED,
103485,#2 INTAKE GASKET TORN AND #4.,OK,#2,INTAKE GASKET,TORN,,"REMOVED MUFFLER SHROUD, OIL FILTER, #2, 4 INTAKE TUBES,",,,"MUFFLER SHROUD, OIL FILTER, INTAKE TUBES",REMOVED,
103486,#1 & 2 ROCKER GASKETS ARE LEAKING.,OK,#1 & 2,ROCKER GASKETS,LEAKING,,REMOVED & REPLACED ROCKER COVER GASKETS.,,,ROCKER COVER GASKETS,REMOVED & REPLACED,
103487,#3 AFT BAFFLE BRACKET RIVETS HAVE PULLED THRU BRACKET.,OK,#3 AFT,BAFFLE BRACKET RIVETS,PULLED THRU,,REPLACED WITH NEW BAFFLE.,,NEW,BAFFLE,REPLACED,
103488,START ASSIST NEEDED.,OK,,,NEED PROBLEM,,STARTED A/C.,,,A/C,STARTED,
103489,CYLINDER #3 INTAKE LEAKING.,OK,CYLINDER #3,INTAKE,LEAKING,,REMOVED & REPLACED CYLINDER #3 INTAKE GASKET.,,,INTAKE GASKET,REMOVED & REPLACED,
103490,CYLINDER #4 BAFFLE HOLE/PLUG WORN.,OK,CYLINDER #4,BAFFLE HOLE/PLUG,WORN,,REPAIRED WITH RIVETED DOUBLER & REPLACED BAFFLE PLUG.,,,"DOUBLER, BAFFLE PLUG",REPAIRED & REPLACED,
103491,"CYLINDER #2, 4 INTAKE TUBES LEAKING AT FLEXIBLE TUBE CONNECTION.",OK,"CYLINDER #2, 4",INTAKE TUBES,LEAKING,,DETERIMED LEAKS WERE COMING FROM INTAKE FLANGES. REMOVE,,,INTAKE FLANGES,REMOVE,
103492,#2 & 3 INDUCTION TUBE GASKETS LEAKING.,OK,#2 & 3,INDUCTION TUBE GASKETS,LEAKING,,INSTALLED NEW INDUCTION TUBE GASKETS.,,NEW,INDUCTION TUBE GASKETS,INSTALLED,
103493,#3 INTAKE LEAKING ON L/H ENGINE.,OK,#3 ON L/H ENGINE,INTAKE,LEAKING,,REMOVED & REPLACED INTAKE GASKET.,,,INTAKE GASKET,REMOVED & REPLACED,
103494,#1 ROCKER COVER LEAKING ON R/H ENGINE.,OK,#1 ON R/H ENGINE,ROCKER COVER,LEAKING,,REMOVED & REPLACED ROCKER COVER.,,,ROCKER COVER,REMOVED & REPLACED,
103495,"INTAKES 2, 3 & 4 LEAKING ON R/H ENGINE.",OK,"2, 3 & 4 ON R/H ENGINE",INTAKES,LEAKING,,REPLACED INTAKE GASKETS ON R/H ENGINE.,,,INTAKE GASKETS,REPLACED,
103496,"CRACKS IN BAFFLE, FORWARD R/H SIDE.",OK,FORWARD R/H SIDE,BAFFLE,CRACKED,,"REMOVED ALTERNATOR, WIRES & BAFFLE SPRING TO REMOVE ASS",,,"ALTERNATOR, WIRES & BAFFLE SPRING",REMOVED,
103497,"CRACKS IN BAFFLE, FORWARD R/H SIDE.",OK,FORWARD R/H SIDE,BAFFLE,CRACKED,,COMPLETED PATCH WITH SAM MATERIAL & PAINTED IAW SR,,,PATCH & SAM MATERIAL,COMPLETED & PAINTED,
103498,CYLINDER #1 FORWARD BAFFLE SEAL IS TORN LOOSE FROM FASTENER.,OK,CYLINDER #1 FORWARD,BAFFLE SEAL,TORN LOOSE,,REMOVED & REPLACED BAFFLE SEAL FASTENER.,,,BAFFLE SEAL FASTENER,REMOVED & REPLACED,
103499,"#1, 2, 3 & 4 INTAKE GASKETS ARE LEAKING.",OK,"#1, 2, 3 & 4",INTAKE GASKETS,LEAKING,,REPLACED WITH NEW INTAKE GASKETS.,,NEW,INTAKE GASKETS,REPLACED,
103500,LEFT & RIGHT SIDE BAFFLE PLUGS LOOSE.,OK,LEFT & RIGHT SIDE,BAFFLE PLUGS,LOOSE,,REMOVED & REPLACED WITH NEW BAFFLE PLUGS.,,NEW,BAFFLE PLUGS,REMOVED & REPLACED,
103501,"L/H ENG, #3 INTAKE TUBE GASKET LEAKING.",OK,L/H ENG #3,INTAKE TUBE GASKET,LEAKING,,REMOVED & REPLACED INTAKE GASKET.,,,INTAKE GASKET,REMOVED & REPLACED,
103502,LEFT ENGINE #3 INTAKE LEAKING.,OK,LEFT ENGINE #3,INTAKE,LEAKING,,REPLACED GASKET.,,,GASKET,REPLACED,
103503,#4 CYLINDER INTAKE GASKET IS LEAKING.,OK,#4 CYLINDER,INTAKE GASKET,LEAKING,,REMOVED & REPLACED GASKET.,,,GASKET,REMOVED & REPLACED,
103504,#1 CYLINDER FORWARD BAFFLE SEAL HAS A HOLE WORN IN IT.,OK,#1 CYLINDER FORWARD,BAFFLE SEAL,WORN,,REPAIRED WITH HIGH TEMPERATURE SILICONE.,,HIGH TEMPERATURE SILICONE,HIGH TEMPERATURE SILICONE,REPAIRED,
103505,#1 ROCKER COVER LEAKING.,OK,#1,ROCKER COVER,LEAKING,,"REMOVED, CLEANED & REPLACED WITH NE GASKET.",,NE,GASKET,"REMOVED, CLEANED & REPLACED",
103506,"#2, 3 INTAKE GASKETS LEAKING.",OK,"#2, 3",INTAKE GASKETS,LEAKING,,REMOVED & REPLACED WITH NEW INTAKE GASKETS.,,NEW,INTAKE GASKETS,REMOVED & REPLACED,
103507,L/H & R/H BAFFLE PLUGS LOOSE & BROKEN.,OK,L/H & R/H,BAFFLE PLUGS,LOOSE & BROKEN,,REMOVED & REPLACED WITH NEW BAFFLE PLUGS.,,NEW,BAFFLE PLUGS,REMOVED & REPLACED,
103508,CYLINDER #4 INTAKE LEAKING.,OK,CYLINDER #4,INTAKE,LEAKING,,REMOVED & REPLACED INTAKE GASKET.,,,INTAKE GASKET,REMOVED & REPLACED,
103509,"UPON RUN UP, HAD MAGNETOS DROP OF 300+ RPM WITH AGGRESSIVE SHAKING.",OK,,MAGNETOS,DROP,,PERFORMED RUN UP ON ENGINE & NOTED NORMAL INDICATIONS &,,,ENGINE,RUN,
103510,#2 INTAKE SLIGHT LEAK.,OK,#2,INTAKE,LEAK,,INSTALLED NEW INTAKE GASKET.,,NEW,INTAKE GASKET,INSTALLED,
103511,FORWARD LOWER BAFFLE BLACK SEAL WORN FROM INTAKE.,OK,FORWARD LOWER BAFFLE,BLACK SEAL,WORN,,INSTALLED RTV IN WORN AREAS.,,,RTV,INSTALLED,
103512,BAFFLE PLUGS ARE WORN OUT.,OK,,BAFFLE PLUGS,WORN,,REMOVED & REPLACED PLUGS.,,,PLUGS,REMOVED & REPLACED,
103513,#2 CYLINDER INTAKE GASKET LEAKING.,OK,#2 CYLINDER,INTAKE GASKET,LEAKING,,REMOVED & REPLACED INTAKE GASKET.,,,INTAKE GASKET,REMOVED & REPLACED,
103514,#4 INTAKE TUBE GASKET LEAKING.,OK,#4,INTAKE TUBE GASKET,LEAKING,,INSTALLED NEW #4 INTAKE GASKET.,,NEW,INTAKE GASKET,INSTALLED,
103515,"L/H ENGINE #2, 3 CYLINDER INTAKE GASKETS LEAKING.",OK,"L/H ENGINE #2, 3 CYLINDER",INTAKE GASKETS,LEAKING,,"REMOVED & REPLACED L/H ENGINE CYLINDER #2, 3 INTAKE GASKETS.",,,INTAKE GASKETS,REMOVED & REPLACED,
103516,R/H ENGINE #3 & 4 CYLINDER INTAKE GASKETS LEAKING.,OK,R/H ENGINE #3 & 4 CYLINDER,INTAKE GASKETS,LEAKING,,REMOVED & REPLACED R/H ENGINE CYLINDER #3 & 4 INTAKE GASKETS.,,,INTAKE GASKETS,REMOVED & REPLACED,
103517,#4 ROCKER COVER MISSING SCREW.,OK,#4,ROCKER COVER SCREW,MISSING,,INSTALLED MISSING SCREW.,,,SCREW,INSTALLED,
103518,"SCREW LOOSE, 1 FOR BAFFLE BEHIND OIL DIPSTICK TUBE.",OK,BEHIND OIL DIPSTICK TUBE,BAFFLE SCREW,LOOSE,,TIGHTENED LOOSE CYLINDER #3 AFT BAFFLE SCREW.,,,BAFFLE SCREW,TIGHTENED,
103519,R/H BAFFLE PLUG LOOSE.,OK,R/H,BAFFLE PLUG,LOOSE,,INSTALLED NEW BAFFLE PLUG.,,NEW,BAFFLE PLUG,INSTALLED,
103520,#4 INTAKE GASKET LEAKING.,OK,#4,INTAKE GASKET,LEAKING,,REMOVED & REPLACED WITH NEW GASKET.,,NEW,GASKET,REMOVED & REPLACED,
103521,#4 INTAKE LEAKING.,OK,#4,INTAKE,LEAKING,,REMOVED & REPLACED INTAKE GASKET.,,,INTAKE GASKET,REMOVED & REPLACED,
103522,L/H #4 INTAKE GASKET LEAKING.,OK,L/H #4,INTAKE GASKET,LEAKING,,REMOVED & REPLACED GASKET.,,,GASKET,REMOVED & REPLACED,
103523,R/H #1 INTAKE GASKET LEAKING.,OK,R/H #1,INTAKE GASKET,LEAKING,,REMOVED & REPLACED GASKET.,,,GASKET,REMOVED & REPLACED,
103524,#1 INTAKE GASKET IS LEAKING.,OK,#1,INTAKE GASKET,LEAKING,,INSTALLED NEW GASKET.,,NEW,GASKET,INSTALLED,
103525,#2 & 4 ROCKER GASKETS ARE LEAKING.,OK,#2 & 4,ROCKER GASKETS,LEAKING,,INSTALLED NEW ROCKER BOX COVER GASKETS.,,NEW,ROCKER BOX COVER GASKETS,INSTALLED,
103526,#3 & 4 INTAKES ARE LEAKING.,OK,#3 & 4,INTAKES,LEAKING,,REPLACED INTAKE GASKETS.,,,INTAKE GASKETS,REPLACED,
103527,#1 CYLINDER HAS LOW COMPRESSION (30/80).,OK,#1 CYLINDER,,COMPRESSION,,"RAN A/C, OPS & LEAK CHECK GOOD.",,,"A/C, OPS & LEAK","RAN , CHECK",
103528,#1 CYLINDER HAS LOW COMPRESSION (30/80).,OK,#1 CYLINDER,,COMPRESSION,,SERVICED WITH 8 QTS OF MINERAL OIL.,,,OIL,SERVICED,
103529,#1 CYLINDER HAS LOW COMPRESSION (30/80).,OK,#1 CYLINDER,,COMPRESSION,,REMOVED ROCKER COVER & STAKED VALVE WITH NO EFFECT.,,,"ROCKER COVER, VALVE",REMOVED & STAKED,
103530,#1 CYLINDER HAS LOW COMPRESSION (30/80).,OK,#1 CYLINDER,,COMPRESSION,,"REMOVED BAFFLING, EXHAUST, ALTERNATOR, AIR INTAKE ELBOW",,,"BAFFLING, EXHAUST, ALTERNATOR, AIR INTAKE ELBOW",REMOVED,
103531,#1 CYLINDER HAS LOW COMPRESSION (30/80).,OK,#1 CYLINDER,,COMPRESSION,,"REINSTALLED EXHAUST, BAFFLING, AIR INTAKE ELBOW, #1 INT",,,EXHAUST & BAFFLING & AIR INTAKE ELBOW & #1 INT,REINSTALLED,
103532,#2 CYLINDER INTAKE GASKET LEAKING.,OK,#2 CYLINDER,INTAKE GASKET,LEAKING,,REMOVED & REPLACED CYLINDER #2 INTAKE GASKET.,,,INTAKE GASKET,REMOVED & REPLACED,
103533,"#1, 2, 3 4 INTAKE GASKETS LEAKING.",OK,"#1, 2, 3, 4",INTAKE GASKETS,LEAKING,,REMOVED & REPLACED INTAKE GASKETS.,,,INTAKE GASKETS,REMOVED & REPLACED,
103534,L/H & R/H SIDE BAFFLE PLUGS LOOSE & BROKEN.,OK,L/H & R/H SIDE,BAFFLE PLUGS,LOOSE & BROKEN,,REMOVED & REPLACED WITH NEW BAFFLE PLUGS.,,NEW,BAFFLE PLUGS,REMOVED & REPLACED,
103535,#2 & 4 CYLINDER HARNESS ANCHORS ARE BROKEN.,OK,#2 & 4 CYLINDER,HARNESS ANCHORS,BROKEN,,INSTALLED NEW STANDOFFS.,,NEW,STANDOFFS,INSTALLED,
103536,R/H ENGINE #4 AFT BAFFLE CRACKED.,OK,R/H ENGINE #4 AFT,BAFFLE,CRACKED,,STOP DRILLED CRACK.,,,DRILLED CRACK,STOP,
103537,R/H ENGINE #2 & 4 INTAKE GASKETS ARE LEAKING.,OK,R/H ENGINE #2 & 4,INTAKE GASKETS,LEAKING,,REMOVED & REPLACED WITH NEW GASKETS.,,NEW,GASKETS,REMOVED & REPLACED,
103538,ALL 4 INTAKE GASKETS ON L/H ENGINE ARE LEAKING.,OK,ALL 4 ON L/H ENGINE,INTAKE GASKETS,LEAKING,,REMOVED & REPLACED WITH NEW GASKETS.,,NEW,GASKETS,REMOVED & REPLACED,
103539,LUECO MARKINGS REQUIRED.,OK,,LUECO MARKINGS,REQUIRE PROBLEM,,MARKED ENGINE & CYLINDERS.,,,"ENGINE,CYLINDERS",MARKED,
103540,L/H #4 INTAKE GASKET LEAKING.,OK,L/H #4,INTAKE GASKET,LEAKING,,REMOVED & REPLACED WITH NEW GASKET.,,NEW,GASKET,REMOVED & REPLACED,
103541,R/H #1 INTAKE GASKET LEAKING.,OK,R/H #1,INTAKE GASKET,LEAKING,,REMOVED & REPLACED WITH NEW GASKET.,,NEW,GASKET,REMOVED & REPLACED,
103542,#3 & 4 INTAKE LEAKING ON R/H ENGINE.,OK,#3 & 4 ON R/H ENGINE,INTAKE,LEAKING,,REMOVED & REPLACED INTAKE GASKETS.,,,INTAKE GASKETS,REMOVED & REPLACED,
103543,"ENGINE QUIT AT IDLE, LOW RPM DURING TAXI, SMALL ADJUSTMENTS",OK,ENGINE,,"QUIT , RPM",,ATTEMPTED TO START ENGINE SEVERAL TIMES WITH NO SUCCESS.,,,ENGINE,ATTEMPTED TO START,
103544,L/H ENGINE #2 & 3 INTAKES ARE LEAKING.,OK,L/H ENGINE #2 & 3,INTAKES,LEAKING,,REPLACED #3 GASKET.,,,GASKET,REPLACED,
103545,R/H ENGINE #1 & 3 ROCKER COVERS ARE LEAKING.,OK,R/H ENGINE #1 & 3,ROCKER COVERS,LEAKING,,LEAK CHECK GOOD.,,,LEAK,CHECK,
103546,R/H ENGINE #4 INTAKE IS LEAKING.,OK,R/H ENGINE #4,INTAKE,LEAKING,,"REPLACED GASKET, CLEANED AREA.",,,"GASKET, AREA","REPLACED, CLEANED",
103547,R/H ENGINE #1 & 3 ROCKER COVERS ARE LEAKING.,OK,R/H ENGINE #1 & 3,ROCKER COVERS,LEAKING,,REPLACED BOTH GASKETS.,,,GASKETS,REPLACED,
103548,L/H ENGINE #2 & 3 INTAKES ARE LEAKING.,OK,L/H ENGINE #2 & 3,INTAKES,LEAKING,,REMOVED & REPLACED #2 GASKET.,,,GASKET,REMOVED & REPLACED,
103549,L/H ENGINE #4 CYLINDER HAS NO COMPRESSION.,OK,L/H ENGINE #4 CYLINDER,,COMPRESSION,,REMOVED ROCKER COVER & STAKED VALVE WITH NO EFFORT.,,,"ROCKER COVER, VALVE","REMOVED, STAKED",
103550,L/H ENGINE #4 CYLINDER HAS NO COMPRESSION.,OK,L/H ENGINE #4 CYLINDER,,COMPRESSION,,"REMOVED #4 CYLINDER BAFFLES, OIL LINES & OIL COOLER. REMOVED",,,"BAFFLES, OIL LINES, OIL COOLER",REMOVED,
103551,L/H ENGINE #4 CYLINDER HAS NO COMPRESSION.,OK,L/H ENGINE #4 CYLINDER,,COMPRESSION,,COMPLETED REINSTALLATION OF CYLINDER #4 BAFFLING. REINSTALLE,,,CYLINDER BAFFLING,COMPLETED REINSTALLATION & REINSTALLE,
103552,#2 INTAKE GASKET LEAKING.,OK,#2,INTAKE GASKET,LEAKING,,REMOVED & REPLACED WITH NEW GASKET.,,NEW,GASKET,REMOVED & REPLACED,
103553,#4 ROCKER GASKET LEAKING.,OK,#4,ROCKER GASKET,LEAKING,,REMOVED & REPLACED WITH NEW GASKET.,,NEW,GASKET,REMOVED & REPLACED,
103554,#2 INTAKE LEAKING.,OK,#2,INTAKE,LEAKING,,REMOVED & REPLACED #2 INTAKE GASKET.,,,INTAKE GASKET,REMOVED & REPLACED,
103555,START ASSIST.,DIFFICULT,,,,,STARTED A/C FOR PILOT.,,,A/C,STARTED,
103556,"#1, 2, 3, 4 INTAKE GASKETS LEAKING.",OK,"#1, 2, 3, 4",INTAKE GASKETS,LEAKING,,REMOVED & REPLACED WITH NEW GASKETS.,,NEW,GASKETS,REMOVED & REPLACED,
103557,"#4 INTAKE, O/B BOLT LOCK WASHER WRONG POSITION.",OK,#4,INTAKE O/B BOLT LOCK WASHER,WRONG POSITION,,INSTALLED NEW LOCK WASHER TO CORRECT POSITION.,,NEW,LOCK WASHER,INSTALLED,
103558,"#4 INTAKE GASKET LEAKING, R/H ENGINE.",OK,"#4, R/H ENGINE",INTAKE GASKET,LEAKING,,REPLACED GASKET.,,,GASKET,REPLACED,
103559,R/H ENGINE #3 BAFFLE SEAL SECTION LOOSE.,OK,R/H ENGINE #3,BAFFLE SEAL SECTION,LOOSE,,REMOVED & REPLACED BAFFLE SEAL.,,,BAFFLE SEAL,REMOVED & REPLACED,
103560,"ENGINE BAFFLE CRACKED, BEHIND #3 CYL, R/H ENGINE.",OK,"R/H ENGINE, BEHIND #3 CYL",BAFFLE,CRACKED,,STOP DRILLED CRACK.,,,DRILLED CRACK,STOP,
103561,#4 INTAKE GASKET LEAKING.,OK,#4,INTAKE GASKET,LEAKING,,REMOVED & REPLACED #4 INTAKE GASKET.,,,INTAKE GASKET,REMOVED & REPLACED,
103562,#3 & 4 ROCKER COVER GASKETS LEAKING.,OK,#3 & 4,ROCKER COVER GASKETS,LEAKING,,REMOVED & REPLACED ROCKER COVER GASKETS.,,,ROCKER COVER GASKETS,REMOVED & REPLACED,
103563,SCREW MISSING ON #1 OUTER CYLINDER BAFFLING.,OK,#1 OUTER CYLINDER,BAFFLING SCREW,MISSING,,REPLACED MISSING SCREW WITH REQUIRED HARDWARE.,,REQUIRED HARDWARE,SCREW,REPLACED,
103564,AFT CRANKCASE SPIN BOLT MISSING NUT.,OK,AFT CRANKCASE SPIN BOLT,NUT,MISSING,,INSTALLED NUT & WASHER. TORQUED.,,,"NUT,WASHER","INSTALLED,TORQUED",
103565,R/H SIDE BAFFLE PLUG LOOSE WITH TABS BROKEN.,OK,R/H SIDE,"BAFFLE PLUG , TABS","LOOSE , BROKEN",,REMOVED & REPLACED WITH NEW BAFFLE PLUG.,,NEW,BAFFLE PLUG,REMOVED & REPLACED,
103566,THROTTLE AT IDLE ENGINE RAN ROUGH.,OK,THROTTLE AT IDLE ENGINE,,ROUGH,,RAN UP ENGINE TO OPERATING TEMPS. ENGINE IDLE SPEED & M,,,ENGINE,RAN,
103567,R/H ENGINE REAR BAFFLE MOUNTING SCREW LOOSE.,OK,R/H ENGINE REAR,BAFFLE MOUNTING SCREW,LOOSE,,TIGHTENED SCREW.,,,SCREW,TIGHTENED,
103568,#1 INDUCTION TUBE GASKET LEAKING.,OK,#1,INDUCTION TUBE GASKET,LEAKING,,REMOVED & REPLACED #1 INTAKE GASKET.,,,INTAKE GASKET,REMOVED & REPLACED,
103569,"CYLINDER #2, 3 & 4 ROCKER COVER GASKETS ARE LEAKING.",OK,"CYLINDER #2, 3 & 4",ROCKER COVER GASKETS,LEAKING,,REMOVED & REPLACED GASKETS.,,,GASKETS,REMOVED & REPLACED,
103570,TOP OF ENGINE CRANKCASE IS LEAKING OIL THROUGH 2 MIDDLE THRO,OK,TOP OF ENGINE CRANKCASE,OIL,LEAKING,,REMOVED BOLTS FROM WHERE OIL WAS LEAKING. CLEANED BOLT,,,"BOLTS, BOLT","REMOVED, CLEANED",
103571,"R/H ENG, R/H REAR BAFFLE CRACKED.",OK,"R/H ENG, R/H REAR",BAFFLE,CRACKED,,STOP DRILLED CRACK.,,,DRILLED CRACK,STOP,
103572,"R/H ENG, L/H REAR BAFFLE SUPPORT CRACKED.",OK,"R/H ENG, L/H REAR",BAFFLE SUPPORT,CRACKED,,STOP DRILLED CRACK.,,,DRILLED CRACK,STOP,
103573,L/H ENGINE #2 & 3 INTAKE GASKETS LEAKING.,OK,L/H ENGINE #2 & 3,INTAKE GASKETS,LEAKING,,REMOVED & REPLACED INTAKE GASKETS.,,,INTAKE GASKETS,REMOVED & REPLACED,
103574,#4 BAFFLE HAS LOOSE HARDWARE ON R/H ENGINE.,OK,#4 ON R/H ENGINE,BAFFLE HARDWARE,LOOSE,,TIGHTENED HARDWARE.,,,HARDWARE,TIGHTENED,
103575,INTAKES #2 & 4 LEAKING ON R/H ENGINE.,OK,#2 & 4 ON R/H ENGINE,INTAKES,LEAKING,,INSTALLED NEW INTAKE GASKETS.,,NEW,INTAKE GASKETS,INSTALLED,
103576,#4 RUBBER BAFFLE SEAL TORN ON R/H ENGINE.,OK,#4 ON R/H ENGINE,RUBBER BAFFLE SEAL,TORN,,REATTACHED RUBBER BAFFLE SEAL.,,,RUBBER BAFFLE SEAL,REATTACHED,
103577,"INTAKES #2, 3 & 4 ARE LEAKING ON L/H ENGINE.",OK,"#2, 3 & 4 ON L/H ENGINE",INTAKES,LEAKING,,REMOVED & REPLACED INTAKE GASKETS.,,,INTAKE GASKETS,REMOVED & REPLACED,
103578,CYLINDER #2 INTAKE LEAKING.,OK,CYLINDER #2,INTAKE,LEAKING,,REMOVED & REPLACED INTAKE GASKET.,,,INTAKE GASKET,REMOVED & REPLACED,
103579,CYLINDER #4 ROCKER COVER GASKET LEAKING.,OK,CYLINDER #4,ROCKER COVER GASKET,LEAKING,,REPLACED ROCKER COVER GASKET.,,,ROCKER COVER GASKET,REPLACED,
103580,#4 CYLINDER BAFFLE INSP HOLE DOUBLER REQUIRED.,OK,#4 CYLINDER,BAFFLE INSP HOLE DOUBLER,REQUIRE PROBLEM,,INSTALLED BAFFLE INSP HOLE DOUBLER IAW SE SRM 51,,,BAFFLE INSP HOLE DOUBLER,INSTALLED,
103581,LEFT ENGINE BLEED AIR LINE CHAFING.,OK,LEFT ENGINE,BLEED AIR LINE,CHAFING,,REPOSITIONED LINE.,,,LINE,REPOSITIONED,
103582,L/H AFT COWL I/B ACCESS PANEL SCREW STRIPPED.,OK,L/H AFT COWL,I/B ACCESS PANEL SCREW,STRIPPED,,REMOVED SCREW & REPLACED WITH NEW.,,NEW,SCREW,REMOVED & REPLACED,
103583,L/H ENGINE REPORTED AS SMOKING AFTER SHUT DOWN.,OK,L/H ENGINE,,SHUT DOWN,,"INSPECTED PURGE SYSTEM, CHECK OK.",,,PURGE SYSTEM,"INSPECTED, CHECK",
103584,#1 & 4 INTAKE GASKETS LEAKING.,OK,#1 & 4,INTAKE GASKETS,LEAKING,,REMOVED & REPLACED INTAKE GASKETS.,,,INTAKE GASKETS,REMOVED & REPLACED,
103585,#2 & 3 ROCKER COVER GASKETS LEAKING.,OK,#2 & 3,ROCKER COVER GASKETS,LEAKING,,REMOVED & REPLACED ROCKER COVER GASKETS.,,,ROCKER COVER GASKETS,REMOVED & REPLACED,
103586,#1 & 2 INTAKE GASKETS LEAKING.,OK,#1 & 2,INTAKE GASKETS,LEAKING,,REMOVED & REPLACED INTAKE GASKETS.,,,INTAKE GASKETS,REMOVED & REPLACED,
103587,R/H ENGINE ROUGH DURING TAXI.,OK,R/H ENGINE,,ROUGH,,RAN A/C & CONFIRMED DISCREP. INSPECTED #3 CYLINDER WITH BORESC,,,"A/C,#3 CYLINDER","RAN & CONFIRMED,INSPECTED",
103588,CYLINDER #1 ROCKER GASKET LEAKING.,OK,CYLINDER #1,ROCKER GASKET,LEAKING,,REMOVED & REPLACED GASKET.,,,GASKET,REMOVED & REPLACED,
103589,#1 INTAKE GASKET LEAKING.,OK,#1,INTAKE GASKET,LEAKING,,REMOVED & REPLACED INTAKE GASKET.,,,INTAKE GASKET,REMOVED & REPLACED,
103590,#1 ROCKER COVER GASKET LEAKING.,OK,#1,ROCKER COVER GASKET,LEAKING,,REMOVED & REPLACED ROCKER COVER GASKET.,,,ROCKER COVER GASKET,REMOVED & REPLACED,
103591,START ASSIST.,DIFFICULT,,,,,STARTED A/C FOR PILOT.,,,A/C,STARTED,
103592,#2 INTAKE GASKET LEAKING.,OK,#2,INTAKE GASKET,LEAKING,,REPLACED GASKET.,,,GASKET,REPLACED,
103593,#2 INTAKE GASKET LEAKING.,OK,#2,INTAKE GASKET,LEAKING,,REMOVED & REPLACED WITH NEW GASKET.,,NEW,GASKET,REMOVED & REPLACED,
103594,#2 INTAKE LEAKING.,OK,#2,INTAKE,LEAKING,,REMOVED & REPLACED #2 INTAKE GASKET.,,,INTAKE GASKET,REMOVED & REPLACED,
103595,#2 INTAKE LEAKS.,OK,#2,INTAKE,LEAKS,,REMOVED & REPLACED WITH NEW INTAKE GASKET.,,NEW,INTAKE GASKET,REMOVED & REPLACED,
103596,#2 & 4 INTAKE GASKETS LEAKING.,OK,#2 & 4,INTAKE GASKETS,LEAKING,,REMOVED & REPLACED INTAKE GASKETS.,,,INTAKE GASKETS,REMOVED & REPLACED,
103597,#3 & 4 ROCKER COVER GASKETS LEAKING.,OK,#3 & 4,ROCKER COVER GASKETS,LEAKING,,REMOVED & REPLACED ROCKER COVER GASKETS.,,,ROCKER COVER GASKETS,REMOVED & REPLACED,
103598,L/H ENGINE BAFFLE CRACKED.,OK,L/H ENGINE,BAFFLE,CRACKED,,FABRICATED PATCH FOR SIDE BAFFLE. DRILLED & RIVETED PAT,,,"PATCH, SIDE BAFFLE","FABRICATED , DRILLED & RIVETED",
103599,R/H #3 ROCKER COVER LEAKING.,OK,R/H #3,ROCKER COVER,LEAKING,,"REMOVED, CLEANED & INSTALLED NEW GASKET.",,NEW,GASKET,"REMOVED , CLEANED & INSTALLED",
103600,R/H ENGINE #4 INTAKE GASKET LEAKING.,OK,R/H ENGINE #4,INTAKE GASKET,LEAKING,,REMOVED & REPLACED WITH NEW GASKET.,,NEW,GASKET,REMOVED & REPLACED,
103601,"L/H ENGINE #2, 3, 4 INTAKE GASKETS LEAKING.",OK,"L/H ENGINE #2, 3, 4",INTAKE GASKETS,LEAKING,,REMOVED & REPLACED INTAKE GASKETS WITH NEW.,,NEW,INTAKE GASKETS,REMOVED & REPLACED,
103602,#2 INTAKE GASKET LEAKING.,OK,#2,INTAKE GASKET,LEAKING,,INSTALLED NEW #2 INTAKE GASKET.,,NEW,INTAKE GASKETS,INSTALLED,
103603,#3 ROCKER COVER GASKET LEAKING.,OK,#3,ROCKER COVER GASKET,LEAKING,,REMOVED & REPLACED GASKET.,,,GASKET,REMOVED & REPLACED,
103604,#2 INTAKE GASKET LEAKING.,OK,#2,INTAKE GASKET,LEAKING,,REMOVED & REPLACED INTAKE GASKET.,,,INTAKE GASKET,REMOVED & REPLACED,
103605,L/H ENGINE #4 CYLINDER INTAKE GASKET IS LEAKING.,OK,L/H ENGINE #4 CYLINDER,INTAKE GASKET,LEAKING,,REMOVED & REPLACED GASKET.,,,GASKET,REMOVED & REPLACED,
103606,L/H ENGINE #4 CYLINDER SIDE BAFFLE IS MISSING A BOLT.,OK,L/H ENGINE #4 CYLINDER SIDE,BAFFLE BOLT,MISSING,,INSTALLED NEW HARDWARE.,,NEW,HARDWARE,INSTALLED,
103607,R/H ENGINE #4 CYLINDER ROCKER COVER GASKET IS LEAKING.,OK,R/H ENGINE #4 CYLINDER,ROCKER COVER GASKET,LEAKING,,REMOVED & REPLACED GASKET.,,,GASKET,REMOVED & REPLACED,
103608,L/H ENGINE #2 & 4 CYLINDER ROCKER COVER GASKETS ARE LEAKING.,OK,L/H ENGINE #2 & 4 CYLINDER,ROCKER COVER GASKETS,LEAKING,,REMOVED & REPLACED GASKETS.,,,GASKETS,REMOVED & REPLACED,
103609,#3 ROCKER COVER GASKET LEAKING.,OK,#3,ROCKER COVER GASKET,LEAKING,,"REMOVED, CLEANED & INSTALLED NEW GASKET.",,NEW,GASKET,"REMOVED , CLEANED & INSTALLED",
103610,"COWL SEAL, ABOVE #3 CYLINDER BAFFLE, FELL OFF RIVET.",OK,ABOVE #3 CYLINDER BAFFLE,COWL SEAL RIVET,FELL OFF,,REMOVED & REPLACED RIVET.,,,RIVET,REMOVED & REPLACED,
103611,#3 INTAKE GASKET LEAKS ON L/H ENGINE.,OK,#3 ON L/H ENGINE,INTAKE GASKET,LEAKS,,"REMOVED, CLEANED & INSTALLED NEW GASKET.",,NEW,GASKET,"REMOVED , CLEANED & INSTALLED",
103612,#2 & 4 INTAKE GASKETS LEAKING ON R/H ENGINE.,OK,#2 & 4 ON R/H ENGINE,INTAKE GASKETS,LEAKING,,REMOVED & REPLACED WITH NEW GASKETS.,,NEW,GASKETS,REMOVED & REPLACED,
103613,"R/H ENGINE, R/H FRONT ENGINE BAFFLE SEAL NEEDS TO BE RESECUR",OK,"R/H ENGINE, R/H FRONT ENGINE",BAFFLE SEAL,NEED PROBLEM,,"RESECURED R/H ENGINE, R/H FRONT ENGINE BAFFLE SEAL.",,,BAFFLE SEAL,RESECURED,
103614,"L/H #2, 3 & 4 INTAKE TUBE GASKETS LEAKING.",OK,"L/H #2, 3 & 4",INTAKE TUBE GASKETS,LEAKING,,"REPLACED L/H #2, 3, 4 INTAKE GASKETS.",,,INTAKE GASKETS,REPLACED,
103615,BOTH BAFFLE PLUG TABS BROKEN OFF.,OK,BOTH,BAFFLE PLUG TABS,BROKEN,,INSTALLED NEW PLUGS.,,NEW,PLUGS,INSTALLED,
103616,#2 & 4 CYLINDER INTAKE GASKETS LEAKING.,OK,#2 & 4 CYLINDER,INTAKE GASKETS,LEAKING,,REMOVED & REPLACED INTAKE GASKETS.,,,INTAKE GASKETS,REMOVED & REPLACED,
103617,ROCKER BOX COVER SCREWS LOOSE.,OK,,ROCKER BOX COVER SCREWS,LOOSE,,TIGHTENED SCREWS.,,,SCREWS,TIGHTENED,
103618,#4 CYLINDER HARNESS CLAMP BROKEN.,OK,#4 CYLINDER,HARNESS CLAMP,BROKEN,,INSTALLED NEW CLAMP.,,NEW,CLAMP,INSTALLED,
103619,#3 & 4 ROCKER COVER GASKETS ARE LEAKING.,OK,#3 & 4,ROCKER COVER GASKETS,LEAKING,,REMOVED & REPLACED WITH NEW GASKETS.,,NEW,GASKETS,REMOVED & REPLACED,
103620,"DEPARTING 17L @ 2450 LBS, DURING CLIMB OUT @ 2000' MSL, WERE",DIFFICULT,,,,,"PERFORMD FULL GROUND RUN, NO DEFECTS NOTED. MX FLIGHT R",,,,GROUND RUN,
103621,#4 INTAKE GASKET IS LEAKING.,OK,#4,INTAKE GASKET,LEAKING,,REMOVED & REPLACED WITH NEW GASKET.,,NEW,GASKET,REMOVED & REPLACED,
103622,SCREW MISSING ON #3 BAFFLE BRACKET.,OK,#3,BAFFLE BRACKET SCREW,MISSING,,FOUND SCREW & REINSTALLED.,,,SCREW,FOUND & REINSTALLED,SCREW
103623,FOUND BROKEN COVER SCREW ON GROUND.,OK,GROUND,COVER SCREW,BROKEN,,"REMOVED COWL, ALL SCREWS ACCOUNTED FOR. REPLACED COWL.",,,"COWL, SCREWS","REMOVED, REPLACED",
103624,L/H FORWARD #2 ENGINE BAFFLE CRACKED.,OK,L/H FORWARD #2 ENGINE,BAFFLE,CRACKED,,STOP DRILLED CRACK.,,,DRILLED CRACK,STOP,
103625,#1 & 2 INTAKE GASKETS LEAKING.,OK,#1 & 2,INTAKE GASKETS,LEAKING,,REMOVED & REPLACED INTAKE GASKETS.,,,INTAKE GASKETS,REMOVED & REPLACED,
103626,#4 ROCKER GASKET LEAKING.,OK,#4,ROCKER GASKET,LEAKING,,TIGHTENED LOOSE BOLTS.,,,BOLTS,TIGHTENED,
103627,#2 CYLINDER BAFFLE SEAL NEEDS TO BE SECURED.,OK,#2 CYLINDER,BAFFLE SEAL,NEED PROBLEM,,RESECURED CYLINDER #2 SIDE BAFFLE SEAL.,,,BAFFLE SEAL,RESECURED,
103628,#1 CYLINDER FORWARD BAFFLE CRACKED.,OK,#1 CYLINDER FORWARD,BAFFLE,CRACKED,,STOP DRILLED CRACK.,,,DRILLED CRACK,STOP,
103629,#4 INTAKE GASKET LEAKING.,OK,#4,INTAKE GASKET,LEAKING,,REMOVED & REPLACED GASKET.,,,GASKET,REMOVED & REPLACED,
103630,"ON POST RUN UP, FOUND ENGINE RUNNING ROUGH AT IDLE. #2 CYLINDER C",OK,#2 CYLINDER,,ROUGH,,OPS & LEAK CHECK GOOD.,,,OPS & LEAK,CHECK,
103631,"ON POST RUN UP, FOUND ENGINE RUNNING ROUGH AT IDLE. #2 CYLINDER C",OK,#2 CYLINDER,,ROUGH,,REMOVED PUSH RODS & VALVE SPRING. FOUND STEP ON INTAKE,,,"PUSH RODS & VALVE SPRING, INTAKE","REMOVED, FOUND",STEP ON INTAKE
103632,"ON POST RUN UP, FOUND ENGINE RUNNING ROUGH AT IDLE. #2 CYLINDER C",OK,#2 CYLINDER,,ROUGH,,REPLACED CYLINDER WITH NEW CYLINDER ASSY. TORQUED TO CASE. DRY,,NEW,CYLINDER,"REPLACED, TORQUED",
103633,"L/H ENG, L/H BAFFLE TIE ROD BROKEN.",OK,L/H ENG,BAFFLE TIE ROD,BROKEN,,REMOVED & REPLACED BROKEN BAFFLE TIE.,,,BAFFLE TIE,REMOVED & REPLACED,
103634,CYLINDER #3 PUSH ROD TUBE ADEL CLAMP HAS WORN RUBBER.,OK,CYLINDER #3,PUSH ROD TUBE ADEL CLAMP RUBBER,WORN,,REMOVED & REPLACED ADEL CLAMP.,,,ADEL CLAMP,REMOVED & REPLACED,
103635,#3 INTAKE GASKET LEAKING.,OK,#3,INTAKE GASKET,LEAKING,,REMOVED & REPLACED #3 INTAKE GASKET.,,,INTAKE GASKET,REMOVED & REPLACED,
103636,#4 ROCKER COVER GASKET LEAKING.,OK,#4,ROCKER COVER GASKET,LEAKING,,REMOVED & REPLACED #4 CYLINDER ROCKER COVER GASKET.,,,ROCKER COVER GASKET,REMOVED & REPLACED,
103637,"UPON RUN UP, ROUGH MAGNETOS & NOT W/IN TOLERANCE. RAN FOULED PROC",OK,MAGNETOS,MAGNETOS,ROUGH,,RAN A/C & FOUND R/H MAGNETOS TO HAVE ROUGH MAGNETOS DROP. REMOVED,,,"A/C, MAGNETOS","RAN & FOUND, REMOVED",R/H MAGNETOS TO HAVE ROUGH MAGNETOS DROP
103638,START ASSIST REQUIRED.,OK,,,REQUIRE PROBLEM,,STARTED A/C USING NORMAL PROCEDURES.,,,A/C,STARTED,
103639,START ASSIST REQUIRED.,OK,,,REQUIRE PROBLEM,,STARTED A/C USING NORMAL PROCEDURES.,,,A/C,STARTED,
103640,#4 INTAKE GASKET LEAKING.,OK,#4,INTAKE GASKET,LEAKING,,"REMOVED, CLEANED & REPLACED WITH NEW GASKET.",,NEW,GASKET,"REMOVED , CLEANED & REPLACED",
103641,L/H REAR ENGINE BAFFLE CRACKED.,OK,L/H REAR ENGINE,BAFFLE,CRACKED,,STOP DRILLED CRACK.,,,DRILLED CRACK,STOP,
103642,#2 INTAKE GASKET LEAKING.,OK,#2,INTAKE GASKET,LEAKING,,REMOVED & REPLACED #2 INTAKE GASKET.,,,INTAKE GASKET,REMOVED & REPLACED,
103643,#2 & 4 ROCKER COVER GASKET LEAKING.,OK,#2 & 4,ROCKER COVER GASKET,LEAKING,,REMOVED & REPLACED ROCKER COVER GASKETS.,,,ROCKER COVER GASKETS,REMOVED & REPLACED,
103644,"ENGINE BAFFLE CRACKED, ABOVE #1 CYL.",OK,ABOVE #1 CYL,BAFFLE,CRACKED,,STOP DRILLED CRACK.,,,DRILLED CRACK,STOP,
103645,#2 ROCKER COVER GASKET LEAKING.,OK,#2,ROCKER COVER GASKET,LEAKING,,REMOVED & REPLACED ROCKER COVER GASKET.,,,ROCKER COVER GASKET,REMOVED & REPLACED,
103646,CYLINDER #2 & 4 INTAKE GASKET LEAKING.,OK,CYLINDER #2 & 4,INTAKE GASKET,LEAKING,,REMOVED & REPLACED INTAKE GASKETS.,,,INTAKE GASKETS,REMOVED & REPLACED,
103647,ROCKER COVER GASKET CYLINDER #3 & 4 LEAKING.,OK,CYLINDER #3 & 4,ROCKER COVER GASKET,LEAKING,,REMOVED & REPLACED ROCKER COVER GASKETS.,,,ROCKER COVER GASKETS,REMOVED & REPLACED,
103648,R/H BAFFLE SPRING BROKEN.,OK,R/H,BAFFLE SPRING,BROKEN,,INSTALLED NEW BAFFLE SPRING.,,NEW,BAFFLE SPRING,INSTALLED,
103649,#2 CYLINDER INTAKE GASKET LEAKING.,OK,#2 CYLINDER,INTAKE GASKET,LEAKING,,REPLACED INTAKE GASKET.,,,INTAKE GASKET,REPLACED,
103650,#1 CYLINDER ROCKER COVER LEAKING.,OK,#1 CYLINDER,ROCKER COVER,LEAKING,,REPLACED ROCKER COVER GASKET.,,,ROCKER COVER GASKET,REPLACED,
103651,R/H #3 INTAKE GASKET IS LEAKING.,OK,R/H #3,INTAKE GASKET,LEAKING,,REPLACED #3 INTAKE GASKET.,,,INTAKE GASKET,REPLACED,
103652,R/H #3 AFT BAFFLE SEAL HAS A HOLE.,OK,R/H #3 AFT,BAFFLE SEAL,HOLE,,REMOVED SEAL & INSTALLED NEW SEAL WITH POP RIVETS.,,NEW,SEAL,REMOVED & INSTALLED,
103653,CYLINDER #3 BAFFLE SCREW LOOSE.,OK,CYLINDER #3,BAFFLE SCREW,LOOSE,,TIGHTENED #3 CYLINDER BAFFLE SCREW.,,,BAFFLE SCREW,TIGHTENED,
103654,L/H ENGINE INTAKE 2 & 3 LEAKING.,OK,L/H ENGINE 2 & 3,INTAKE,LEAKING,,REMOVED & REPLACED GASKETS.,,,GASKETS,REMOVED & REPLACED,
103655,BAFFLE SEAL LOOSE ABOVE #4 CYLINDER ON L/H ENGINE.,OK,ABOVE #4 CYLINDER ON L/H ENGINE,BAFFLE SEAL,LOOSE,,SECURED BAFFLE SEAL.,,,BAFFLE SEAL,SECURED,
103656,OIL COOLERS DIRTY.,OK,,OIL COOLERS,DIRTY,,CLEANED FORWARD & AFT OIL COOLERS.,,,OIL COOLERS,CLEANED,
103657,SNIFFLER VALVES DIRTY.,OK,,SNIFFLER VALVES,DIRTY,,"REMOVED, CLEANED & REINSTALLED BOTH SNIFFLER VALVES.",,,SNIFFLER VALVES,REMOVED & CLEANED & REINSTALLED,
103658,#2 ROCKER COVER GASKET LEAKING.,OK,#2,ROCKER COVER GASKET,LEAKING,,REMOVED & REPLACED #2 ROCKER COVER GASKET.,,,ROCKER COVER GASKET,REMOVED & REPLACED,
103659,#3 INTAKE GASKET LEAKING.,OK,#3,INTAKE GASKET,LEAKING,,REMOVED & REPLACED INTAKE GASKET.,,,INTAKE GASKET,REMOVED & REPLACED,
103660,CRACK EXTENDING BEYOND STOP DRILL ON UPPER #2 CYLINDER BAFFLE.,OK,UPPER ON #2 CYLINDER,BAFFLE,CRACK,,STOP DRILLED CRACK.,,,DRILLED CRACK,STOP,
103661,#2 INTAKE GASKET LEAKING.,OK,#2,INTAKE GASKET,LEAKING,,LEAK CHECK GOOD.,,,LEAK,CHECK,
103662,#2 INTAKE GASKET LEAKING.,OK,#2,INTAKE GASKET,LEAKING,,REPLACED GASKET.,,,GASKET,REPLACED,
103663,#3 ROCKER COVER GASKET LEAKING.,OK,#3,ROCKER COVER GASKET,LEAKING,,LEAK CHECK GOOD.,,,LEAK,CHECK,
103664,#3 ROCKER COVER GASKET LEAKING.,OK,#3,ROCKER COVER GASKET,LEAKING,,REPLACED GASKET.,,,GASKET,REPLACED,
103665,#3 AFT BAFFLE SCREW APPEARS TO BE LOOSE BEHIND DIPSTICK TUBE,OK,#3 AFT BEHIND DIPSTICK TUBE,BAFFLE SCREW,LOOSE,,TIGHTENED SCREW.,,,SCREW,TIGHTENED,
103666,FORWARD LOWER ENGINE SEAL WORN ABOVE AIR INTAKE.,OK,FORWARD LOWER ENGINE,SEAL,WORN,,FILLED IN WORN SPOTS WITH BLACK RTV.,,BLACK RTV,SPOTS,FILLED IN,
103667,#2 INTAKE LEAKING.,OK,#2,INTAKE,LEAKING,,REMOVED & REPLACED INTAKE GASKET.,,,INTAKE GASKET,REMOVED & REPLACED,
103668,CYLINDER #2 INTAKE GASKET LEAKING.,OK,CYLINDER #2,INTAKE GASKET,LEAKING,,REMOVED & REPLACED INTAKE GASKET.,,,INTAKE GASKET,REMOVED & REPLACED,
103669,L/H ENGINE #2 BAFFLE LOOSE.,OK,L/H ENGINE #2,BAFFLE,LOOSE,,SECURED BAFFLE SECTION.,,,BAFFLE SECTION,SECURED,
103670,"#1, 2, 4 ROCKER GASKETS LEAKING.",OK,"#1, 2, 4",ROCKER GASKETS,LEAKING,,"REMOVED, CLEANED & REPLACED WITH NEW GASKETS.",,NEW,GASKETS,"REMOVED , CLEANED & REPLACED",
103671,"#2, 3, 4 INTAKE GASKETS LEAKING ON L/H ENG.",OK,"#2, 3, 4 ON L/H ENG",INTAKE GASKETS,LEAKING,,REMOVED & REPLACED INTAKE GASKETS.,,,INTAKE GASKETS,REMOVED & REPLACED,
103672,#1 ROCKER COVER GASKET LEAKING ON R/H ENG.,OK,#1 ON R/H ENG,ROCKER COVER GASKET,LEAKING,,REMOVED & REPLAED ROCKER COVER GASKET.,,,ROCKER COVER GASKET,REMOVED & REPLAED,
103673,#3 ROCKER COVER GASKET LEAKING ON L/H ENG.,OK,#3 ON L/H ENG,ROCKER COVER GASKET,LEAKING,,REMOVED & REPLACED ROCKER COVER GASKET.,,,ROCKER COVER GASKET,REMOVED & REPLACED,
103674,#3 & 4 INTAKE GASKETS LEAKING ON R/H ENG.,OK,#3 & 4 ON R/H ENG,INTAKE GASKETS,LEAKING,,REMOVED & REPLACED INTAKE GASKETS ON R/H ENGINE.,,,INTAKE GASKETS,REMOVED & REPLACED,
103675,#2 INTAKE LEAKING.,OK,#2,INTAKE,LEAKING,,REMOVED & REPLACED INTAKE GASKET.,,,INTAKE GASKET,REMOVED & REPLACED,
103676,#4 CYLINDER ROCKER COVER IS MISSING SCREW.,OK,#4 CYLINDER,ROCKER COVER SCREW,MISSING,,INSTALLED NEW SCREW.,,NEW,SCREW,INSTALLED,
103677,R/H ENGINE #3 INTAKE TUBE GASKET LEAKING.,OK,R/H ENGINE #3,INTAKE TUBE GASKET,LEAKING,,"REMOVED, CLEANED & REPLACED WITH NEW GASKET.",,NEW,GASKET,"REMOVED , CLEANED & REPLACED",
103678,"L/H ENGINE #2, 3 & 4 INTAKE TUBE GASKETS LEAKING.",OK,"L/H ENGINE #2, 3 & 4",INTAKE TUBE GASKETS,LEAKING,,"REMOVED, CLEANED & REPLACED WITH NEW GASKETS.",,NEW,GASKETS,"REMOVED , CLEANED & REPLACED",
103679,"L/H ENGINE #1, 2, 3 & 4 ROCKER BOX COVER GASKETS LEAKING.",OK,"L/H ENGINE #1, 2, 3 & 4",ROCKER BOX COVER GASKETS,LEAKING,,"REMOVED, CLEANED & REPLACED WITH NEW GASKETS.",,NEW,GASKETS,"REMOVED , CLEANED & REPLACED",
103680,#3 ROCKER BOX COVER GASKET LEAKING.,OK,#3,ROCKER BOX COVER GASKET,LEAKING,,INSTALLED NEW ROCKER BOX COVER GASKET.,,NEW,ROCKER BOX COVER GASKET,INSTALLED,
103681,#2 ROCKER GASKET LEAKING.,OK,#2,ROCKER GASKET,LEAKING,,TIGHTENED BOLTS.,,,BOLTS,TIGHTENED,
103682,#1 CYLINDER ROCKER GASKET LEAKING.,OK,#1 CYLINDER,ROCKER GASKET,LEAKING,,REPLACED GASKET.,,,GASKET,REPLACED,
103683,"#2, 4 CYLINDER INTERCOOLING BAFFLE WIRE NEEDS TO BE REPOSITI",OK,"#2, 4 CYLINDER",INTERCOOLING BAFFLE WIRE,NEED PROBLEM,,REPOSITIONED WIRE IN NEW BAFFLE SLOT & APPLIED SPIRAL W,,,WIRE,REPOSITIONED & APPLIED,
103684,R/H ENGINE #3 & 4 INTAKE GASKETS LEAKING.,OK,R/H ENGINE #3 & 4,INTAKE GASKETS,LEAKING,,REMOVED & REPLACED INTAKE GASKETS.,,,INTAKE GASKETS,REMOVED & REPLACED,
103685,#2 & 4 CYLINDER INTAKES LEAKING ON L/H ENGINE.,OK,#2 & 4 CYLINDER ON L/H ENGINE,INTAKES,LEAKING,,REMOVED & REPLACED INTAKE GASKETS.,,,INTAKE GASKETS,REMOVED & REPLACED,
103686,BAFFLE PLUG OUT,OK,,BAFFLE PLUG,OUT,,INSTALLED PLUG,,,PLUG,INSTALLED,
103687,SHORT DIPSTICK INSTALLED,DIFFICULT,,,,,REMOVED SHORT DIPSTICK AND INSTALLED LONG ONE,,LONG,DIPSTICK,REMOVED & INSTALLED,
103688,FORWARD LOWER SEAL ON BAFFLING WORN AT AIR INTAKE.,OK,FORWARD LOWER,BAFFLING SEAL,WORN,,INSTALLED RTV TO AREAS.,,,RTV,INSTALLED,
103689,L/H ENGINE ALL ROCKER BOX COVER SCREWS LOOSE.,OK,L/H ENGINE ALL,ROCKER BOX COVER SCREWS,LOOSE,,TIGHTENED SCREWS.,,,SCREWS,TIGHTENED,
103690,L/H ENGINE #1 ROCKER COVER GASKET LEAKING.,OK,L/H ENGINE #1,ROCKER COVER GASKET,LEAKING,,REMOVED OLD GASKET & REPLACED WITH NEW.,,NEW,GASKET,REMOVED & REPLACED,
103691,L/H ENGINE #4 INTAKE GASKET LEAKING.,OK,L/H ENGINE #4,INTAKE GASKET,LEAKING,,"REMOVED OLD GASKET, REPLACED WITH NEW GASKET.",,NEW,GASKET,REMOVED & REPLACED,
103692,#4 INTAKE GASKET LEAKING.,OK,#4,INTAKE GASKET,LEAKING,,INSTALLED NEW GASKET.,,NEW,GASKET,INSTALLED,
103693,BAFFLE PLUGS NEED TO BE REPLACED.,OK,,BAFFLE PLUGS,NEED PROBLEM,,INSTALLED NEW BAFFLE PLUGS.,,NEW,BAFFLE PLUGS,INSTALLED,
103694,"#4 CYLINDER HAS LOW COMPRESSION, LEAKING #4 EXHAUST VALVE.",OK,"#4 CYLINDER , #4",EXHAUST VALVE,LEAKING,COMPRESSION,REMOVED PISTON & INJECTOR.,,,"PISTON, INJECTOR",REMOVED,
103695,#2/4 BAFFLE CONNECT WIRE INSTALLED BELOW INTERCYLINDER BAFFL,DIFFICULT,,,,,REROUTED BAFFLE CONNECT WIRE.,,,BAFFLE CONNECT WIRE,REROUTED,
103696,"#4 CYLINDER HAS LOW COMPRESSION, LEAKING #4 EXHAUST VALVE.",OK,"#4 CYLINDER , #4",EXHAUST VALVE,LEAKING,COMPRESSION,RAN ENGINE. OPS & LEAK CHECK GOOD.,,,"ENGINE, OPS & LEAK","RAN, CHECK",
103697,"#4 CYLINDER HAS LOW COMPRESSION, LEAKING #4 EXHAUST VALVE.",OK,"#4 CYLINDER , #4",EXHAUST VALVE,LEAKING,COMPRESSION,REMOVED CYLINDER #4 & VERIFIED EXHAUST VALVE TO BE BURNT.,,,"CYLINDER,#4 EXHAUST VALVE","REMOVED, VERIFIED",
103698,"#4 CYLINDER HAS LOW COMPRESSION, LEAKING #4 EXHAUST VALVE.",OK,"#4 CYLINDER , #4",EXHAUST VALVE,LEAKING,COMPRESSION,"BEGAN CYLINDER REMOVAL, EXHAUST STACK, INTAKE TUBE & BAFFLE",,,"CYLINDER, EXHAUST STACK, INTAKE TUBE, BAFFLE",BEGAN,
103699,"#4 CYLINDER HAS LOW COMPRESSION, LEAKING #4 EXHAUST VALVE.",OK,"#4 CYLINDER , #4",EXHAUST VALVE,LEAKING,COMPRESSION,INSTALLED NEW CYLINDER & PISTON KIT IAW LYCOM,,NEW,"CYLINDER, PISTON KIT",INSTALLED,
103700,CYLINDER #3 INTAKE GASKET LEAKING.,OK,CYLINDER #3,INTAKE GASKET,LEAKING,,REMOVED & REPLACED INTAKE GASKET.,,,INTAKE GASKET,REMOVED & REPLACED,
103701,BAFFLE PLUGS ARE WORN.,OK,,BAFFLE PLUGS,WORN,,INSTALLED NEW BAFFLE PLUGS.,,NEW,BAFFLE PLUGS,INSTALLED,
103702,ENGINE BAFFLE SCREW LOOSE BEHIND OIL FILLER TUBE.,OK,BEHIND OIL FILLER TUBE,BAFFLE SCREW,LOOSE,,TIGHTENED SCREW.,,,SCREW,TIGHTENED,
103703,CABLE SHEATH LOOSE ON PILOTS SEAT.,OK,PILOTS SEAT,CABLE SHEATH,LOOSE,,SECURED CABLE SHEATH. OPS CHECK GOOD.,,,CABLE SHEATH,SECURED,
103704,SNIFFLER VALVES DIRTY.,OK,,SNIFFLER VALVES,DIRTY,,CLEANED BOTH SNIFFLER VALVES.,,,SNIFFLER VALVES,CLEANED,
103705,#3 BAFFLE SEAL RIVETS LOOSE.,OK,#3,BAFFLE SEAL RIVETS,LOOSE,,REMOVED & INSTALLED NEW RIVET IAW SE SRM 51-40-0,,NEW,RIVET,REMOVED & INSTALLED,
103706,TOP BOLT ON ENGINE CASE LEAKING.,OK,"ENGINE, TOP",BOLT,LEAKING,,CLEANED & SEALED BOLTS.,,,BOLTS,CLEANED & SEALED,
103707,#4 CYLINDER INTAKE GASKET LEAKING.,OK,#4 CYLINDER,INTAKE GASKET,LEAKING,,REMOVED & REPLACED GASKET WITH NEW.,,NEW,GASKET,REMOVED & REPLACED,
103708,ENGINE BAFFLE CRACKED ABOVE #1 CYL.,OK,ABOVE #1 CYL.,BAFFLE,CRACKED,,STOP DRILLED CRACK.,,,DRILLED CRACK,STOP,
103709,#2 INTAKE TUBE GASKET LEAKING.,OK,#2,INTAKE TUBE GASKET,LEAKING,,INSTALLED NEW INTAKE GASKET.,,NEW,INTAKE GASKET,INSTALLED,
103710,MISSING SCREW ON CYLINDER #3 BAFFLE.,OK,CYLINDER #3,BAFFLE SCREW,MISSING,,INSTALLED SCREW.,,,SCREW,INSTALLED,
103711,"R/H AFT ENGINE BAFFLE SCREW MISSING, SECURED TO ENGINE CASE.",OK,R/H AFT ENGINE,BAFFLE SCREW,MISSING,,INSTALLED SCREW ON ENGINE BAFFLE.,,,SCREW,INSTALLED,
103712,"#1, 2, 3, 4 ROCKER COVER GASKETS NEED TO BE REPLACED.",OK,"#1, 2, 3, 4",ROCKER COVER GASKETS,NEED PROBLEM,,REMOVED & REPLACED ROCKER COVER GASKETS.,,,ROCKER COVER GASKETS,REMOVED & REPLACED,
103713,"MISSING BAFFLE SCREW ON R/H UPPER ROCKER COVER, #1 CYL.",OK,"R/H UPPER ROCKER COVER, #1 CYL",BAFFLE SCREW,MISSING,,INSTALLED NEW BAFFLE SCREW ON R/H #1 CYLINDER BAFFLE.,,NEW,BAFFLE SCREW,INSTALLED,
103714,#4 ROCKER COVER GASKET LEAKING.,OK,#4,ROCKER COVER GASKET,LEAKING,,REMOVED & REPLACED #4 ROCKER COVER GASKET.,,,ROCKER COVER GASKET,REMOVED & REPLACED,
103715,CYLINDER #2 INTAKE GASKET LEAKING.,OK,CYLINDER #2,INTAKE GASKET,LEAKING,,REMOVED & REPLACED INTAKE GASKET.,,,INTAKE GASKET,REMOVED & REPLACED,
103716,"ROCKER COVER GASKET, CYLINDER #3, LEAKING.",OK,CYLINDER #3,ROCKER COVER GASKET,LEAKING,,REMOVED & REPLACED ROCKER COVER GASKET.,,,ROCKER COVER GASKET,REMOVED & REPLACED,
103717,L/H #3 INTAKE GASKET LEAKING.,OK,L/H #3,INTAKE GASKET,LEAKING,,REMOVED & REPLACED GASKET.,,,GASKET,REMOVED & REPLACED,
103718,R/H #4 ROCKER COVER IS LEAKING.,OK,R/H #4,ROCKER COVER,LEAKING,,REPLACED ROCKER COVER GASKET.,,,ROCKER COVER GASKET,REPLACED,
103719,"L/H #3, 4 ROCKER COVER GASKETS LEAKING.",OK,"L/H #3, 4",ROCKER COVER GASKETS,LEAKING,,REMOVED & REPLACED GASKETS.,,,GASKETS,REMOVED & REPLACED,
103720,L/H ENGINE BAFFLE TIE ROD IS RUBBING ON #2 OIL RETURN LINE CLAM,OK,L/H ENGINE ON #2,BAFFLE TIE ROD & OIL RETURN LINE CLAM,RUBBING,,REPOSITIONED CLAMP.,,,CLAMP,REPOSITIONED,
103721,#3 INTAKE TUBE GASKET LEAKING.,OK,#3,INTAKE TUBE GASKET,LEAKING,,INSTALLED NEW INTAKE TUBE GASKET.,,NEW,INTAKE TUBE GASKET,INSTALLED,
103722,#4 INATKE GASKET LEAKING.,OK,#4,INATKE GASKET,LEAKING,,REMOVED & REPLACED WITH NEW GASKET.,,NEW,GASKET,REMOVED & REPLACED,
103723,#1 ROCKER COVER GASKET LEAKING.,OK,#1,ROCKER COVER GASKET,LEAKING,,"REMOVED, CLEANED & REPLACED GASKET.",,,GASKET,"REMOVED , CLEANED & REPLACED",
103724,BAFFLE SCREW BEHIND DIPSTICK MISSING.,OK,BEHIND DIPSTICK,BAFFLE SCREW,MISSING,,INSTALLED SCREW IN BAFFLE & RESAFETY WIRED DIPSTICK TUB,,,"SCREW, DIPSTICK TUB","INSTALLED, RESAFETY WIRED",
103725,OIL COOLER TIMED OUT.,OK,,OIL COOLER,TIMED OUT,,REMOVED & REPLACED OIL COOLER. INSTALLED OI,,,"OIL COOLER,OIL","REMOVED & REPLACED,INSTALLED",
103726,RIVET PULLED THROUGH ENGINE BAFFLE SEAL ABOVE #2 CYL.,OK,ENGINE BAFFLE ABOVE #2 CYL.,RIVET,PULLED,,REMOVED RIVET & SECURED BAFFLE WITH LIKE HARDWARE.,,LIKE HARDWARE,"RIVET, BAFFLE","REMOVED, SECURED",
103727,"#2, 3 ROCKER COVER GASKETS LEAKING.",OK,"#2, 3",ROCKER COVER GASKETS,LEAKING,,REMOVED & REPLACED ROCKER COVER GASKETS.,,,ROCKER COVER GASKETS,REMOVED & REPLACED,
103728,FOREIGN OBJECT DAMAGE ON OIL COOLER,OK,OIL COOLER,OIL COOLER,DAMAGE,,REMOVED FOREIGN OBJECT DAMAGE OFF OIL COOLER,,,OIL COOLER,REMOVED,
103729,FOREIGN OBJECT DAMAGE ON TOP OF ENGINE,OK,TOP OF ENGINE,FOREIGN OBJECT,DAMAGE,,REMOVED FOREIGN OBJECT DAMAGE FROM TOP OF ENGINE,,,FOREIGN OBJECT DAMAGE,REMOVED,
103730,#2 CYLINDER ROCKER COVER GASKET LEAKING.,OK,#2 CYLINDER,ROCKER COVER GASKET,LEAKING,,REPLACED ROCKER COVER GASKET.,,,ROCKER COVER GASKET,REPLACED,
103731,R/H ENGINE #2 & 4 INTAKE HAVE SLIGHT LEAK.,OK,R/H ENGINE #2 & 4,INTAKE,LEAK,,REPLACED GASKETS.,,,GASKETS,REPLACED,
103732,ROCKER COVER GASKET CYLINDER #2 LEAKING.,OK,CYLINDER #2,ROCKER COVER GASKET,LEAKING,,REMOVED & REPLACED GASKET.,,,GASKET,REMOVED & REPLACED,
103733,INTAKE GASKET CYLINDER #4 LEAKING.,OK,CYLINDER #4,INTAKE GASKET,LEAKING,,REMOVED & REPLACED INTAKE GASKET.,,,INTAKE GASKET,REMOVED & REPLACED,
103734,LEFT ENGINE LOWER FIRE SEAL LOOSE.,OK,LEFT ENGINE LOWER,FIRE SEAL,LOOSE,,REPLACED SEAL.,,,SEAL,REPLACED,
103735,R/H ENGINE INTAKE SCREEN LOOSE.,OK,R/H ENGINE,INTAKE SCREEN,LOOSE,,REPLACED R/H ENGINE INTAKE SCREEN.,,,INTAKE SCREEN,REPLACED,
103736,"1 FIRST STAGE COMPRESSOR BLADE HAS DAMAGE, NEAR TIP.",OK,1 FIRST STAGE,COMPRESSOR BLADE,DAMAGE,,INSPECTED & FOUND NICKED LEADING EDGE FIRST STAGE COMPR,,,LEADING EDGE FIRST STAGE COMPR,INSPECTED & FOUND,NICKED LEADING EDGE FIRST STAGE COMPR
103737,R/H ENGINE AFT BAFFLE SUPPORT BRACKET RIVETS ARE SHEARED.,OK,R/H ENGINE AFT,BAFFLE SUPPORT BRACKET RIVETS,SHEARED,,REMOVED BAFFLE. INSTALLED NEW RIVETS IAW,,NEW,"BAFFLE,RIVETS","REMOVED,INSTALLED",
103738,R/H ENGINE #3 INTAKE TUBE GASKET LEAKING.,OK,R/H ENGINE #3,INTAKE TUBE GASKET,LEAKING,,REPLACED GASKET.,,,GASKET,REPLACED,
103739,R/H ENGINE #2 & 3 ROCKER BOX COVER GASKET LEAKING.,OK,R/H ENGINE #2 & 3,ROCKER BOX COVER GASKET,LEAKING,,REPLACED GASKETS.,,,GASKETS,REPLACED,
103740,L/H ENGINE #2 & 4 INTAKE TUBE GASKETS LEAKING.,OK,L/H ENGINE #2 & 4,INTAKE TUBE GASKETS,LEAKING,,REMOVED & REPLACED WITH NEW GASKETS.,,NEW,GASKETS,REMOVED & REPLACED,
103741,R/H ENGINE #2 & 4 ROCKER COVER GASKETS LEAKING.,OK,R/H ENGINE #2 & 4,ROCKER COVER GASKETS,LEAKING,,REMOVED & REPLACED ROCKER COVER GASKETS.,,,ROCKER COVER GASKETS,REMOVED & REPLACED,
103742,"#1, 2 & 4 CYLINDER ROCKER COVER GASKETS ARE LEAKING.",OK,"#1, 2 & 4 CYLINDER",ROCKER COVER GASKETS,LEAKING,,REMOVED & REPLACED WITH NEW GASKETS.,,NEW,GASKETS,REMOVED & REPLACED,
103743,INTAKE GASKET CYLINDER #4 LEAKING.,OK,CYLINDER #4,INTAKE GASKET,LEAKING,,REMOVED & REPLACED INTAKE GASKET.,,,INTAKE GASKET,REMOVED & REPLACED,
103744,#1 CYLINDER BAFFLE SEAL LOOSE.,OK,#1 CYLINDER,BAFFLE SEAL,LOOSE,,SECURED SEAL.,,,SEAL,SECURED,
103745,"#1, 2 CYLINDER ROCKER COVER GASKETS LEAKING.",OK,"#1, 2 CYLINDER",ROCKER COVER GASKETS,LEAKING,,REMOVED & REPLACED GASKETS.,,,GASKETS,REMOVED & REPLACED,
103746,#2 INTAKE LEAKING.,OK,#2,INTAKE,LEAKING,,REMOVED & REPLACED INTAKE GASKET.,,,INTAKE GASKET,REMOVED & REPLACED,
103747,#2 & 4 ROCKER COVERS LEAKING.,OK,#2 & 4,ROCKER COVERS,LEAKING,,REMOVED & REPLACED ROCKER COVER GASKETS.,,,ROCKER COVER GASKETS,REMOVED & REPLACED,
103748,#2 INTAKE GASKET LEAKING.,OK,#2,INTAKE GASKET,LEAKING,,REMOVED & REPLACED GASKET.,,,GASKET,REMOVED & REPLACED,
103749,#3 & 4 ROCKER GASKETS LEAKING.,OK,#3 & 4,ROCKER GASKETS,LEAKING,,REMOVED & REPLACED GASKETS.,,,GASKETS,REMOVED & REPLACED,
103750,LEFT O/B BAFFLE TIE WIRE BROKEN.,OK,LEFT O/B,BAFFLE TIE WIRE,BROKEN,,INSTALLED BAFFLE TIE LISTED IN PARTS MANUAL. FOU,,LISTED IN PARTS MANUAL,BAFFLE TIE,INSTALLED,
103751,INTAKES 3 & 4 LEAKING.,OK,3 & 4,INTAKES,LEAKING,,REMOVED & REPLACED INTAKE GASKETS.,,,INTAKE GASKETS,REMOVED & REPLACED,
103752,#3 EXHAUST VALVE LEAKING ON R/H ENGINE.,OK,#3 ON R/H ENGINE,EXHAUST VALVE,LEAKING,,"RUN UP, OPS & LEAK CHECK OK.",,,"ENGINE, OPS & LEAK","RUN , CHECK",
103753,R/H ENGINE CYLINDER #4 SIDE BAFFLE SEAL IS COMING LOOSE.,OK,R/H ENGINE CYLINDER #4 SIDE,BAFFLE SEAL,LOOSE,,RESECURED LOOSE SEAL.,,,SEAL,RESECURED,
103754,R/H CYLINDER #3 AFT BAFFLE IS CRACKED.,OK,R/H CYLINDER #3 AFT,BAFFLE,CRACKED,,FABRICATED PATCH OF LIKE MATERIAL & RIVETED IAW,,LIKE MATERIAL,PATCH,FABRICATED & RIVETED,
103755,#3 EXHAUST VALVE LEAKING ON R/H ENGINE.,OK,#3 ON R/H ENGINE,EXHAUST VALVE,LEAKING,,"INSTALLED CYLINDER ROCKERS, CYLINDER BAFFLE, TORQUED SPARK PLUGS",,,"CYLINDER ROCKERS, CYLINDER BAFFLE, SPARK PLUGS","INSTALLED, TORQUED",
103756,#3 EXHAUST VALVE LEAKING ON R/H ENGINE.,OK,#3 ON R/H ENGINE,EXHAUST VALVE,LEAKING,,TRIED TO STAKE VALVE WITH NO AFFECT. ROCKER COVER IS REMO,,,"VALVE, ROCKER COVER","TRIED TO STAKE, REMOVED",
103757,#3 EXHAUST VALVE LEAKING ON R/H ENGINE.,OK,#3 ON R/H ENGINE,EXHAUST VALVE,LEAKING,,REMOVED & INSTALLED REPAIRED CYLINDER ASSY. TORQUED MOUNTING,,REPAIRED,CYLINDER ASSY,REMOVED & INSTALLED & TORQUED,
103758,"L/H ENG, L/H FORWARD BAFFLE SEAL IS LOOSE.",OK,"L/H ENG, L/H FORWARD",BAFFLE SEAL,LOOSE,,RESECURED BAFFLE SEAL.,,,BAFFLE SEAL,RESECURED,
103759,INTAKE GASKET CYLINDER #4 LEAKING.,OK,CYLINDER #4,INTAKE GASKET,LEAKING,,REMOVED & REPLACED INTAKE GASKET.,,,INTAKE GASKET,REMOVED & REPLACED,
103760,L/H FORWARD ENGINE BAFFLE CRACKED.,OK,L/H FORWARD ENGINE,BAFFLE,CRACKED,,STOP DRILLED CRACK.,,,DRILLED CRACK,STOP,
103761,L/H REAR ENGINE BAFFLE SUPPORT CRACKED.,OK,L/H REAR ENGINE,BAFFLE SUPPORT,CRACKED,,FABRICATED NEW BAFFLE SUPPORT OF LIKE MATERIAL & RIVETE,,NEW,BAFFLE SUPPORT,FABRICATED & RIVETED,
103762,INTAKES #2 & 4 LEAKING ON R/H ENGINE.,OK,#2 & 4 ON R/H ENGINE,INTAKES,LEAKING,,REMOVED & REPLACED INTAKE GASKETS.,,,INTAKE GASKETS,REMOVED & REPLACED,
103763,R/H ENGINE #1 CYLINDER HAS LOW COMPRESSIONS (55 PSI).,OK,R/H ENGINE #1 CYLINDER,,COMPRESSION,,"STAKED EXHAUST VALVE, OPS CHECK GOOD ON COMPRESSIONS. REMO",,,"EXHAUST VALVE, COMPRESSIONS","STAKED, CHECK",
103764,"#2, 3, 4 INTAKE GASKETS LEAKING.",OK,"#2, 3, 4",INTAKE GASKETS,LEAKING,,REMOVED & REPLACED INTAKE GASKETS.,,,INTAKE GASKETS,REMOVED & REPLACED,
103765,#4 ROCKER COVER GASKET LEAKING.,OK,#4,ROCKER COVER GASKET,LEAKING,,REMOVED & REPLACED #4 ROCKER COVER GASKET.,,,ROCKER COVER GASKET,REMOVED & REPLACED,
103766,#4 ROCKER COVER GASKET LEAKING.,OK,#4,ROCKER COVER GASKET,LEAKING,,REMOVED & REPLACED GASKET.,,,GASKET,REMOVED & REPLACED,
103767,#4 CYLINDER INTAKE LEAKING.,OK,#4 CYLINDER,INTAKE,LEAKING,,REMOVED & REPLACED INTAKE GASKET.,,,INTAKE GASKET,REMOVED & REPLACED,
103768,L/H ENGINE #1 & 4 ROCKER COVERS ARE LEAKING.,OK,L/H ENGINE #1 & 4,ROCKER COVERS,LEAKING,,REPLACED GASKETS.,,,GASKETS,REPLACED,
103769,"L/H & R/H ENGINE FIREWALLS NEED TO BE SEALED, WHERE ENGINE CONTROL",OK,L/H & R/H ENGINE FIREWALLS,FIREWALLS,NEED PROBLEM,,CLEANED FIREWALL ON BOTH ENGINES & APPLIED FIREWALL SEA,,,FIREWALL,CLEANED & APPLIED,
103770,"R/H ENG, R/H BAFFLE TIE ROD IS RUBBING ON OIL RETURN LINE HO",OK,"R/H ENG, R/H BAFFLE",TIE ROD,RUBBING,,MOVED R/H ENGINE BAFFLE TIE ROD OFF OF OIL RETURN LINE HOS,,,BAFFLE TIE ROD,MOVED,
103771,#3 INTAKE LEAKING ON R/H ENGINE.,OK,#3 ON R/H ENGINE,INTAKE,LEAKING,,REMOVED & REPLACED #3 INTAKE GASKET.,,,INTAKE GASKET,REMOVED & REPLACED,
103772,#2 INTAKE GASKET LEAKING.,OK,#2,INTAKE GASKET,LEAKING,,REPLACED INTAKE GASKET.,,,INTAKE GASKET,REPLACED,
103773,BOTH ENGINE BAFFLE PLUGS WORN.,OK,BOTH ENGINE,BAFFLE PLUGS,WORN,,REPLACED PLUGS.,,,PLUGS,REPLACED,
103774,TOP BOLT ON CRANKCASE HAS OIL LEAK.,OK,TOP,CRANKCASE BOLT,LEAK,,"REMOVED BOLT, APPLIED SEALANT TO BOLT & REINSTALLED BOL",,,"BOLT, SEALANT","REMOVED , APPLIED & REINSTALLED",
103775,FOREIGN OBJECT DAMAGE ON TOP OF ENGINE,OK,TOP OF ENGINE,FOREIGN OBJECT,DAMAGE,,REMOVED FOREIGN OBJECT DAMAGE FROM TOP OF ENGINE,,,FOREIGN OBJECT DAMAGE,REMOVED,
103776,OIL COOLER BOLT BACKED OFF,OK,,OIL COOLER BOLT,BACKED OFF,,TIGHTENED BOLT ON THE OIL COOLER,,,BOLT,TIGHTENED,
103777,#4 & 1 INTAKE GASKET LEAKING.,OK,#4 & 1,INTAKE GASKET,LEAKING,,REMOVED & REPLACED INTAKE GASKETS.,,,INTAKE GASKETS,REMOVED & REPLACED,
103778,#2 ROCKER COVER GASKET LEAKING.,OK,#2,ROCKER COVER GASKET,LEAKING,,REMOVED & REPLACED #2 ROCKER COVER GASKET.,,,ROCKER COVER GASKET,REMOVED & REPLACED,
103779,CRACKS NOTED EXTENDING FROM RIVET ON INSIDE OF #! CYLINDER BAFFLE,OK,#1 CYLINDER,BAFFLE,CRACKED,,"STOP DRILLED CRACKS ON #1 CYLINDER BAFFLE, ON INSIDE.",,,BAFFLE,STOP DRILLED,
103780,ENGINE R/H REAR BAFFLE SUPPORT BRACKET LOOSE.,OK,ENGINE R/H REAR,BAFFLE SUPPORT BRACKET,LOOSE,,"REMOVED REAR BAFFLE, DRILLED OUT RIVETS ON BAFFLE SUPPO",,,"REAR BAFFLE, BAFFLE SUPPORT","REMOVED, DRILLED",
103781,#4 INTAKE LEAKING.,OK,#4,INTAKE,LEAKING,,REMOVED & REPLACED #4 INTAKE GASKET.,,,INTAKE GASKET,REMOVED & REPLACED,
103782,DAMAGED GROMMET FOR OIL PRESSURE SWITCH WIRE HARNESS THROUGH,OK,FOR OIL PRESSURE SWITCH WIRE HARNESS,GROMMET,DAMAGED,,"REMOVED & REPLACED GROMMET. INSPECTED WIRES FOR DAMAGE,",,,"GROMMET, WIRES","REMOVED & REPLACED, INSPECTED",
103783,"AFT L/H ENGINE BAFFLE CRACKED, TOP CORNER NEXT TO CYLINDER #4.",OK,AFT L/H ENGINE,BAFFLE,CRACKED,,STOP DRILLED CRACK.,,,DRILLED CRACK,STOP,
103784,OIL COLLECTING ON BOTTOM OF L/H NACELLE. POOLING ON INTERIOR,OK,"BOTTOM OF L/H NACELLE, INTERIOR",OIL,COLLECTING,,INSPECTED. REPALCED O-RING ON ENGINE BREATHER FITTING.,,REPLACED,"O-RING, BREATHER FITTING","INSPECTED, REPLACED",
103785,OIL COLLECTING ON BOTTOM OF L/H NACELLE. POOLING ON INTERIOR,OK,"BOTTOM OF L/H NACELLE, INTERIOR",OIL,COLLECTING,,"ADDED, RAN, NO LEAKS OR SEEP FOUND. COWLED &",,,"OIL, COWL","ADDED & RAN, COWLED",
103786,OIL COLLECTING ON BOTTOM OF L/H NACELLE. POOLING ON INTERIOR,OK,"BOTTOM OF L/H NACELLE, INTERIOR",OIL,COLLECTING,,REMOVED L/H LOWER NACELLE PANEL. BEGAN VISUAL INSP TO F,,,"LOWER NACELLE PANEL, VISUAL INSP","REMOVED, BEGAN",
103787,START ASSIST ON L/H ENGINE.,DIFFICULT,,,,,STARTED A/C FOR PILOT.,,,A/C,STARTED,
103788,"DURING CRUISE, RPM OVERSPED, HIGHEST NUMBER SEEN WAS 2740. N",OK,,,OVERSPED,,ANALYZED FDM CARD DATA. FOUND TO BE MOMENTARY OVERSPEED,,,FDM CARD DATA,ANALYZED,
103789,CREW WAS UNABLE TO START L/H ENGINE.,OK,L/H ENGINE,,UNABLE TO START,,GOT L/H ENGINE STARTED FOR CREW.,,,ENGINE,STARTED,
103790,"START ASSIST, L/H ENGINE.",DIFFICULT,,,,,STARTED L/H ENGINE FOR PILOT.,,,ENGINE,STARTED,
103791,ENGINE IDLE SPEED AT 780 RPM.,DIFFICULT,,,,,"RAN UP A/C, UNABLE TO DUPLICATE DISCREPANCY. OPS CHECK GOO",,,"A/C , OPS","RAN , CHECK",
103792,#2 & 3 INTAKE GASKETS LEAKING ON R/H ENGINE.,OK,#2 & 3 ON R/H ENGINE,INTAKE GASKETS,LEAKING,,REMOVED & REPLACED GASKETS.,,,GASKETS,REMOVED & REPLACED,
103793,#2 & 3 CYLINDER ROCKER COVERS LEAKING.,OK,#2 & 3 CYLINDER,ROCKER COVER,LEAKING,,REMOVED & REPLACED ROCKER COVER GASKETS.,,,ROCKER COVER GASKETS,REMOVED & REPLACED,
103794,R/H ENGINE #3 INTAKE GASKET LEAKING.,OK,R/H ENGINE #3,INTAKE GASKET,LEAKING,,REMOVED & REPLACED GASKET.,,,GASKET,REMOVED & REPLACED,
103795,ALL VALVE COVERS LOOSE.,OK,ALL,VALVE COVERS,LOOSE,,TIGHTENED ALL COVERS.,,,COVERS,TIGHTENED,
103796,1 BAFFLE BUTTON WORN.,OK,1,BAFFLE BUTTON,WORN,,"REPLACED WITH NEW, R/H SIDE.",,NEW,BAFFLE BUTTON,REPLACED,
103797,#2 INTAKE GASKET LEAKING.,OK,#2,INTAKE GASKET,LEAKING,,REMOVED & REPLACED #2 INTAKE GASKET.,,,INTAKE GASKET,REMOVED & REPLACED,
103798,#4 ROCKER COVER IS LEAKING.,OK,#4,ROCKER COVER,LEAKING,,REMOVED & REPLACED GASKET.,,,GASKET,REMOVED & REPLACED,
103799,"FORWARD BAFFLE SEAL WORN, BY AIR FILTER.",OK,FORWARD,BAFFLE SEAL,WORN,,APPLIED RTV TO WORN AREAS.,,,RTV,APPLIED,
103800,"L/H ENG, L/H REAR ENGINE BAFFLE CRACKED.",OK,"L/H ENG, L/H REAR ENGINE",BAFFLE,CRACKED,,STOP DRILLED CRACK.,,,DRILLED CRACK,STOP,
103801,R/H ENGINE #3 & 4 INTAKE GASKETS LEAKING.,OK,R/H ENGINE #3 & 4,INTAKE GASKETS,LEAKING,,REMOVED & REPLACED GASKETS.,,,GASKETS,REMOVED & REPLACED,
103802,L/H ENGINE #3 INTAKE LEAKING.,OK,L/H ENGINE #3,INTAKE,LEAKING,,REMOVED & REPLACED INTAKE GASKET.,,,INTAKE GASKET,REMOVED & REPLACED,
103803,"#2 & 3 ROCKER COVER GASKETS LEAKING, L/H ENGINE.",OK,"#2 & 3, L/H ENGINE",ROCKER COVER GASKETS,LEAKING,,REMOVED & REPLACED ROCKER COVER GASKETS.,,,ROCKER COVER GASKETS,REMOVED & REPLACED,
103804,#3 & 4 INTAKES LEAKING.,OK,#3 & 4,INTAKES,LEAKING,,REMOVED & REPLACED INTAKE GASKETS.,,,INTAKE GASKETS,REMOVED & REPLACED,
103805,"OIL LEAK AT FRONT LOWER PORTION OF CRANKCASE, NEAR OIL SEAL.",OK,"FRONT LOWER PORTION OF CRANKCASE, NEAR OIL SEAL.",OIL,LEAK,,"RAN ENGINE, LEAK CHECK GOOD.",,,"ENGINE, LEAK","RAN, CHECK",
103806,"OIL LEAK AT FRONT LOWER PORTION OF CRANKCASE, NEAR OIL SEAL.",OK,"FRONT LOWER PORTION OF CRANKCASE, NEAR OIL SEAL.",OIL,LEAK,,REPLACED CRANKSHAFT OIL SEAL IAW LYCOMING . REI,,,CRANKSHAFT OIL SEAL,REPLACED,
103807,SCREW MISSING FROM #3 SIDE BAFFLE.,OK,#3 SIDE,BAFFLE SCREW,MISSING,,INSTALLED SCREW.,,,SCREW,INSTALLED,
103808,#3 INTAKE TUBE GASKET IS LEAKING.,OK,#3,INTAKE TUBE GASKET,LEAKING,,REMOVED & REPLACED INTAKE GASKET.,,,INTAKE GASKET,REMOVED & REPLACED,
103809,#2 ROCKER BOX COVER IS LEAKING.,OK,#2,ROCKER BOX COVER,LEAKING,,REMOVED & REPLACED ROCKER COVER GASKET.,,,ROCKER COVER GASKET,REMOVED & REPLACED,
103810,L/H ENGINE #2 FORWARD ENGINE BAFFLE LOOSE.,OK,L/H ENGINE #2 FORWARD ENGINE,BAFFLE,LOOSE,,"CLEANED THREADS, INSTALLED PROPER SCREW.",,PROPER,"THREADS, SCREW","CLEANED, INSTALLED",
103811,R/H ENGINE #1 ROCKER BOX COVER GASKET LEAKING.,OK,R/H ENGINE #1,ROCKER BOX COVER GASKET,LEAKING,,REPLACED GASKET WITH NEW SILICONE GASKET.,,NEW SILICONE,GASKET,REPLACED,
103812,R/H ENGINE #2 CYLINDER COMPRESSION 15/80 (EXHAUST LEAK).,OK,R/H ENGINE #2 CYLINDER,EXHAUST,COMPRESSION,,REMOVED CYLINDER FROM ENGINE. REMOVED BOTH EXHAUST & INTAKE,,,"CYLINDER, EXHAUST, INTAKE","REMOVED , REMOVED & REMOVED",
103813,R/H ENGINE #2 CYLINDER COMPRESSION 15/80 (EXHAUST LEAK).,OK,R/H ENGINE #2 CYLINDER,EXHAUST,COMPRESSION,,"REINSTALLED CYL, TORQUED TO SPECS. CHECK DRY VALVE CLEARAN",,,"CYL, DRY VALVE CLEARANCE","REINSTALLED & TORQUED, CHECK",
103814,#4 INTAKE LEAKING.,OK,#4,INTAKE,LEAKING,,REMOVED & REPLACED INTAKE GASKET.,,,INTAKE GASKET,REMOVED & REPLACED,
103815,#4 INTAKE GASKET LEAKING.,OK,#4,INTAKE GASKET,LEAKING,,REMOVED & REPLACED #4 INTAKE GASKET.,,,INTAKE GASKET,REMOVED & REPLACED,
103816,SCREW MISSING ON AFT #4 CYLINDER ENGINE BAFFLE.,OK,AFT #4 CYLINDER ENGINE,BAFFLE SCREW,MISSING,,INSTALLED NEW SCREW & APPLICABLE WASHERS ON #4 CYLINDER ENGINE,,NEW,"SCREW, WASHERS",INSTALLED & APPLIED,
103817,"CREW REQUESTED START ASSTI, L/H ENGINE WOULD NOT START.",OK,L/H ENGINE,,WOULD NOT START,,STARTED L/H ENGINE FOR CREW.,,,ENGINE,STARTED,
103818,"#2, 3, 4 INTAKE GASKETS LEAKING ON L/H ENG.",OK,"#2, 3, 4 ON L/H ENG",INTAKE GASKETS,LEAKING,,REMOVED & REPLACED INTAKE GASKETS.,,,INTAKE GASKETS,REMOVED & REPLACED,
103819,#3 VALVE COVER GASKET LEAKING ON L/H ENGINE.,OK,#3 ON L/H ENGINE,VALVE COVER GASKET,LEAKING,,REMOVED & REPLACED #3 VALVE COVER GASKET.,,,VALVE COVER GASKET,REMOVED & REPLACED,
103820,"#1, 2, 3 VALVE COVER GASKETS LEAKING ONR/H ENGINE.",OK,"#1, 2, 3 ON R/H ENGINE",VALVE COVER GASKETS,LEAKING,,REMOVED & REPLACED VALVE COVER GASKETS.,,,VALVE COVER GASKETS,REMOVED & REPLACED,
103821,ALL ROCKER COVER SCREWS ARE LOOSE.,OK,ALL,ROCKER COVER SCREWS,LOOSE,,TIGHTENED ALL SCREWS.,,,SCREWS,TIGHTENED,
103822,#2 & 4 CYLINDER INTAKE GASKETS LEAKING.,OK,#2 & 4 CYLINDER,INTAKE GASKETS,LEAKING,,REMOVED & REPLACED GASKETS.,,,GASKETS,REMOVED & REPLACED,
103823,#2 & 4 INTAKE LEAKING.,OK,#2 & 4,INTAKE,LEAKING,,REMOVED & REPLACED GASKETS.,,,GASKETS,REMOVED & REPLACED,
103824,"#3, 4 & 1 INTAKES ARE LEAKING.",OK,"#3, 4 & 1",INTAKES,LEAKING,,REPLACED INTAKE GASKETS.,,,INTAKE GASKETS,REPLACED,
103825,#3 ROCKER COVER IS LEAKING.,OK,#3,ROCKER COVER,LEAKING,,REPLACED ROCKER COVER GASKET.,,,ROCKER COVER GASKET,REPLACED,
103826,L/H ENGINE #3 INTAKE GASKET LEAKING.,OK,L/H ENGINE #3,INTAKE GASKET,LEAKING,,REMOVED & REPLACED GASKET.,,,GASKET,REMOVED & REPLACED,
103827,"#2 INTAKE GASKET LEAKING, R/H ENGINE.",OK,"#2, R/H ENGINE",INTAKE GASKET,LEAKING,,REMOVED & REPLACED GASKET.,,,GASKET,REMOVED & REPLACED,
103828,"CRACK IN ENGINE BAFFLE, ABOVE #3 CYL, R/H ENGINE.",OK,"ENGINE BAFFLE, ABOVE #3 CYL, R/H ENGINE",BAFFLE,CRACKED,,STOP DRILLED CRACK.,,,DRILLED CRACK,STOP,
103829,L/H ENGINE COWL SEAL UNSECURED ABOVE #4 CYL.,OK,L/H ENGINE ABOVE #4 CYL,COWL SEAL,UNSECURED,,SECURED COWL SEAL ABOVE #4 CYL.,,,COWL SEAL,SECURED,
103830,R/H ENGINE PRIMER LINE CHAFING ON #2 INTAKE TUBE.,OK,R/H ENGINE ON #2,PRIMER LINE,CHAFING,,REMOVED & REPLACED TUBE. NO DAMAGE NOTED ON PRIMER LINE,,REPLACED,"TUBE, PRIMER LINE","REMOVED & REPLACED, NO DAMAGE NOTED",
103831,L/H SIDE BAFFLING ON #3 CYLINDER CRACKED.,OK,L/H SIDE ON #3 CYLINDER,BAFFLING,CRACKED,,STOP DRILLED CRACK.,,,DRILLED CRACK,STOP,
103832,"BAFFLE SEAL ABOVE #4 CYL, L/H ENG, HAS PULLED RIVET.",OK,"ABOVE #4 CYL, L/H ENG",BAFFLE SEAL RIVET,PULLED,,RESECURED BAFFLE SEAL.,,,BAFFLE SEAL,RESECURED,
103833,SCREW MISSING IN #3 SIDE BAFFLE.,OK,#3 SIDE,BAFFLE SCREW,MISSING,,INSTALLED SCREW.,,,SCREW,INSTALLED,
103834,L/H BAFFLE PLUG NEEDS TO BE REPLACED.,OK,L/H,BAFFLE PLUG,NEED PROBLEM,,INSTALLED NEW PLUG.,,NEW,PLUG,INSTALLED,
103835,#2 & 3 INTAKE GASKETS LEAKING ON L/H ENGINE.,OK,#2 & 3 ON L/H ENGINE,INTAKE GASKETS,LEAKING,,REMOVED & REPLACED GASKETS.,,,GASKETS,REMOVED & REPLACED,
103836,#2 INTAKE GASKET LEAKING ON R/H ENGINE.,OK,#2 ON R/H ENGINE,INTAKE GASKET,LEAKING,,REMOVED & REPLACED WITH NEW GASKET.,,NEW,GASKET,REMOVED & REPLACED,
103837,LOOSE RIVETS NOTED ON R/H SIDE OF CARBURETOR AIR BOX ON L/H ENGINE,OK,R/H SIDE OF CARBURETOR AIR BOX ON L/H ENGINE,RIVETS,LOOSE,,REMOVED LOOSE RIVETS & INSTALLED SCREWS.,,,"RIVETS, SCREWS",REMOVED & INSTALLED,
103838,#1 CYLINDER BAFFLING CRACKED BY ALTERNATOR BELT.,OK,#1 CYLINDER,BAFFLING,CRACKED,,STOP DRILLED CRACK.,,,DRILLED CRACK,STOP,
103839,OIL COOLER SUPPORT BRACKET ON CYLINDER #4 CRACKED.,OK,CYLINDER #4,OIL COOLER SUPPORT BRACKET,CRACKED,,FABRICATED NEW BRACKET OUT OF LIKE MATERIAL.,,NEW,BRACKET,FABRICATED,
103840,#2 INTAKE LEAKING ON R/H ENGINE.,OK,#2 ON R/H ENGINE,INTAKE,LEAKING,,REPLACED GASKET.,,,GASKET,REPLACED,
103841,#3 SIDE BAFFLE CRACKED ON R/H ENGINE.,OK,#3 SIDE ON R/H ENGINE ,BAFFLE,CRACKED,,STOP DRILLED CRACK.,,,DRILLED CRACK,STOP,
103842,#3 INTAKE LEAKING ON R/H ENGINE.,OK,#3 ON R/H ENGINE,INTAKE,LEAKING,,REMOVED & REPLACED GASKET.,,,GASKET,REMOVED & REPLACED,
103843,#2 & 4 INTAKES LEAKING ON L/H ENGINE.,OK,#2 & 4 ON L/H ENGINE,INTAKES,LEAKING,,REMOVED & REPLACED INTAKE GASKETS.,,,INTAKE GASKETS,REMOVED & REPLACED,
103844,#3 AFT BAFFLE CRACKED ON R/H ENGINE.,OK,#3 AFT ON R/H ENGINE,BAFFLE,CRACKED,,"REMOVED BAFFLE, STOP DRILLED CRACK, FABRICATED & INSTAL",,,"BAFFLE, DRILLED CRACK","REMOVED, STOP , FABRICATED & INSTALLED",
103845,BAFFLE REPAIR PERFORMED ON PD #12 HAS RIVETS THAT ARE RUBBIN,OK,PD #12,BAFFLE RIVETS,RUBBIN,,"REMOVED BAFFLE, REMOVED PREVIOUSLY INSTALLED PATCH. FAB",,,"BAFFLE, PATCH","REMOVED, REMOVED",
103846,#1 FORWARD BAFFLE SEAL LOOSE.,OK,#1 FORWARD,BAFFLE SEAL,LOOSE,,INSTALLED NEW POP RIVET.,,NEW,POP RIVET,INSTALLED,
103847,#4 ROCKER COVER GASKET LEAKING.,OK,#4,ROCKER COVER GASKET,LEAKING,,REMOVED & REPLACED GASKET.,,,GASKET,REMOVED & REPLACED,
103848,#3 REAR BAFFLE SCREW LOOSE.,OK,#3 REAR,BAFFLE SCREW,LOOSE,,REMOVED OIL FILLER TUBE TO TIGHTEN SCREW. TIGHTENED SCR,,,"OIL FILLER TUBE, SCREW","REMOVED, TIGHTENED",
103849,#3 INTAKE GASKET LEAKING.,OK,#3,INTAKE GASKET,LEAKING,,REPLACED GASKET.,,,GASKET,REPLACED,
103850,#2 INTAKE GASKET LEAKING.,OK,#2,INTAKE GASKET,LEAKING,,REMOVED & REPLACED GASKET.,,,GASKET,REMOVED & REPLACED,
103851,"BAFFLE SEAL LOOSE, FORWARD OF #1 CYL.",OK,FORWARD OF #1 CYL,BAFFLE SEAL,LOOSE,,SECURED BAFFLE SEAL.,,,BAFFLE SEAL,SECURED,
103852,1 BAFFLE PLUG WORN.,OK,1,BAFFLE PLUG,WORN,,REPLACED 1 PLUG.,,,PLUG,REPLACED,
103853,R/H BAFFLE PLUG MISSING.,OK,R/H,BAFFLE PLUG,MISSING,,REPLACED PLUG.,,,PLUG,REPLACED,
103854,R/H BAFFLE PLUG MISSING.,OK,R/H,BAFFLE PLUG,MISSING,,INSTALLED BAFFLE PLUG DOUBLER.,,,BAFFLE PLUG DOUBLER,INSTALLED,
103855,R/H FORWARD BAFFLE HAS A CRACK.,OK,R/H FORWARD,BAFFLE,CRACKED,,STOP DRILLED CRACK.,,,DRILLED CRACK,STOP,
103856,CRACK IN R/H AFT ENGINE BAFFLE.,OK,R/H AFT ENGINE,BAFFLE,CRACK,,STOP DRILLED CRACK.,,,DRILLED CRACK,STOP,
103857,FORWARD R/H ENGINE BAFFLE SEAL NEEDS TO BE RESECURED.,OK,FORWARD R/H ENGINE,BAFFLE SEAL,NEED PROBLEM,,INSTALLED POP RIVET.,,,POP RIVET,INSTALLED,
103858,L/H BAFFLE SEAL ON CYLINDER #2 HAS STAPLE PULLED THROUGH.,OK,L/H CYLINDER #2,BAFFLE SEAL STAPLE,PULLED,,INSTALLED POP RIVET.,,,POP RIVET,INSTALLED,
103859,"DURING FLARE PHASE OF LANDING, ENGINE QUIT. ATTEMPTED TO RES",OK,ENGINE,,QUIT,,RETRIEVED A/C FROM RUNWAY.,,,A/C,RETRIEVED,
103860,"DURING FLARE PHASE OF LANDING, ENGINE QUIT. ATTEMPTED TO RES",OK,ENGINE,,QUIT,,PERFORMED GROUND RUN OF ENGINE. TRIED TO PERFORM SEASON,,,"ENGINE, SEASON","GROUND RUN, PERFORM",
103861,#4 INDUCTION TUBE GASKET LEAKING.,OK,#4,INDUCTION TUBE GASKET,LEAKING,,REMOVED & REPLACED GASKET.,,,GASKET,REMOVED & REPLACED,
103862,OIL IS LEAKING FROM TOP OF R/H ENGINE COWLING.,OK,TOP OF R/H ENGINE COWLING,OIL,LEAKING,,RUN UP LEAK CHECK GOOD.,,,LEAK,CHECK,
103863,OIL IS LEAKING FROM TOP OF R/H ENGINE COWLING.,OK,TOP OF R/H ENGINE COWLING,OIL,LEAKING,,INSP REVEALED 3 BOLTS ON BACK BONE LEAKING. CLEANED ALL,,,"BOLTS, ALL",INSP & CLEANED,
103864,R/H SIDE AFT BAFFLE SEAL RIVET PULLED THRU.,OK,R/H SIDE AFT,BAFFLE SEAL RIVET,PULLED THRU,,REPLACED RIVET.,,,RIVET,REPLACED,
103865,CRACK NOTED BY NUTPLATE ON #1 CYLINDER BAFFLE.,OK,#1 CYLINDER,BAFFLE NUTPLATE,CRACK,,STOP DRILLED CRACK.,,,DRILLED CRACK,STOP,
103866,#3 & 4 INTAKE GASKETS LEAKING.,OK,#3 & 4,INTAKE GASKETS,LEAKING,,REMOVED & REPLACED INTAKE GASKETS.,,,INTAKE GASKETS,REMOVED & REPLACED,
103867,"WHILE PERFORMING GO-AROUND @ D37 ON CLIMBOUT, ENGINE SPUTTER",OK,ENGINE,,SPUTTER,,RAN A/C & PERFORMED GROUND RUN SEVERAL TIMES. COULD NOT,,,A/C,"RAN , GROUND RUN",
103868,#3 & 4 ROCKER COVER GASKETS LEAKING.,OK,#3 & 4,ROCKER COVER GASKETS,LEAKING,,REMOVED & REPLACED GASKETS.,,,GASKETS,REMOVED & REPLACED,
103869,SEAL WORN ABOVE AIR INTAKE.,OK,ABOVE AIR INTAKE,SEAL,WORN,,REPAIRED SEAL.,,,SEAL,REPAIRED,
103870,L/H ENGINE #4 INTAKE GASKET LEAKING.,OK,L/H ENGINE #4,INTAKE GASKET,LEAKING,,REMOVED & REPLACED L/H ENGINE INTAKE GASKET.,,,INTAKE GASKET,REMOVED & REPLACED,
103871,L/H ENGINE AFT L/H BAFFLE CRACKED.,OK,L/H ENGINE AFT L/H,BAFFLE,CRACKED,,INSPECTED L/H AFT BAFFLE CRACK PREVIOUSLY C/W.,,,BAFFLE CRACK,INSPECTED,
103872,"#4 CYLINDER INTAKE TUBE FLANGE WORN, L/H ENG.",OK,#4 CYLINDER L/H ENG,INTAKE TUBE FLANGE,WORN,,REMOVED & REPLACED INTAKE TUBE FLANGE.,,,INTAKE TUBE FLANGE,REMOVED & REPLACED,
103873,R/H ENGINE #4 BAFFLE CRACKED.,OK,R/H ENGINE #4,BAFFLE,CRACKED,,REMOVED R/H ENGINE OIL COOLER FROM #4 CYLINDER BAFFLE. STOP DRI,,,"OIL COOLER, BAFFLE","REMOVED, STOP DRILLED",
103874,#4 INTAKE GASKET LEAKING ON R/H ENGINE.,OK,#4 ON R/H ENGINE,INTAKE GASKET,LEAKING,,REMOVED & REPLACED #4 INTAKE GASKET ON R/H ENGINE.,,,INTAKE GASKET,REMOVED & REPLACED,
103875,"#4 CYLINDER INTAKE TUBE NEEDS TO BE REPLACED, L/H ENG.",OK,L/H ENG #4 CYLINDER,INTAKE TUBE,NEED PROBLEM,,REMOVED & REPLACED L/H ENGINE #4 INTAKE TUBE.,,,INTAKE TUBE,REMOVED & REPLACED,
103876,#2 INTAKE LEAKING.,OK,#2,INTAKE,LEAKING,,REPLACED CYLINDER #2 INTAKE GASKET.,,,INTAKE GASKET,REPLACED,
103877,#4 CYLINDER AFT BAFFLE IS CRACKED.,OK,#4 CYLINDER AFT,BAFFLE,CRACKED,,STOP DRILLED CRACK.,,,DRILLED CRACK,STOP,
103878,#2 ROCKER COVER GASKET LEAKING.,OK,#2,ROCKER COVER GASKET,LEAKING,,REPLACED GASKET.,,,GASKET,REPLACED,
103879,"#1, 3, 4 ROCKER COVER SCREWS LOOSE.",OK,"#1, 3, 4",ROCKER COVER SCREWS,LOOSE,,TIGHTENED ROCKER COVER SCREWS.,,,ROCKER COVER SCREWS,TIGHTENED,
103880,#2 ROCKER COVER LEAKING.,OK,#2,ROCKER COVER,LEAKING,,REPLACED #2 ROCKER COVER GASKET.,,,ROCKER COVER GASKET,REPLACED,
103881,#2 CYLINDER BOTTOM ENGINE BAFFLE SEAL NEEDS TO BE SECURED.,OK,#2 CYLINDER BOTTOM ENGINE ,BAFFLE SEAL,NEED PROBLEM,,SECURED SEAL WITH POP RIVET.,,,SEAL,SECURED,
103882,"1, 2, 3 ROCKER COVER GASKETS LEAKING.",OK,"1, 2, 2003",ROCKER COVER GASKETS,LEAKING,,"REMOVED, CLEANED & REPLACED WITH NEW SILICONE GASKETS.",,SILICONE,GASKETS,"REMOVED, CLEANED & REPLACED",
103883,FORWARD LOWER SEAL WORN ABOVE INTAKE FILTER HOUSING.,OK,FORWARD LOWER ABOVE INTAKE FILTER HOUSING,SEAL,WORN,,INSTALLED RTV TO WORN AREAS.,,,RTV,INSTALLED,
103884,BAFFLE SCREW MISSING ABOVE STARTER.,OK,ABOVE STARTER,BAFFLE SCREW,MISSING,,INSTALLED NEW BAFFLE SCREW & WASHERS.,,NEW,BAFFLE SCREW & WASHERS,INSTALLED,
103885,#1 CYLINDER BAFFLING CRACKED.,OK,#1 CYLINDER,BAFFLING,CRACKED,,STOP DRILLED CRACK.,,,DRILLED CRACK,STOP,
103886,#4 INTAKE GASKET LEAKING.,OK,#4,INTAKE GASKET,LEAKING,,REPLACED GASKET.,,,GASKET,REPLACED,
103887,#4 ROCKER COVER GASKET LEAKING.,OK,#4,ROCKER COVER GASKET,LEAKING,,REMOVED OLD GASKET & INSTALLED NEW ONE.,,NEW,GASKET,REMOVED & INSTALLED,
103888,CRACK EXTENDING BEYOND RIVET ON #1 CYLINDER BAFFLE.,OK,#1 CYLINDER,BAFFLE,CRACK,,"REMOCED BAFFLE, CLEANED. INSP, FOUND PAINT CRACKED. INS",,,"BAFFLE, PAINT","REMOVED & CLEANED, INSPECTED",
103889,#2 INTAKE LEAKING ON L/H ENG.,OK,#2 ON L/H ENG,INTAKE,LEAKING,,REMOVED & REPLACED GASKET.,,,GASKET,REMOVED & REPLACED,
103890,R/H ENGINE CRANKCASE LIFTING EYEBOLT LEAKING OIL.,OK,R/H ENGINE,CRANKCASE LIFTING EYEBOLT,LEAKING,,LEAK CHECK GOOD.,,,LEAK,CHECK,
103891,#1 ROCKER COVER LEAKING ON R/H ENG.,OK,#1 ON R/H ENG,ROCKER COVER,LEAKING,,REMOVED & REPLACED GASKET.,,,GASKET,REMOVED & REPLACED,
103892,#2 & 3 INTAKES LEAKING ON R/H ENG.,OK,#2 & 3 ON R/H ENG,INTAKES,LEAKING,,REMOVED & REPLACED GASKETS.,,,GASKETS,REMOVED & REPLACED,
103893,#3 & 4 ROCKER COVERS LEAKING IN L/H ENG.,OK,#3 & 4 L/H ENG,ROCKER COVERS,LEAKING,,REMOVED & REPLACED GASKETS.,,,GASKETS,REMOVED & REPLACED,
103894,"BAFFLE SEAL BETWEEN CYLINDERS 2 & 4 ON R/H ENG, LOOSE.",OK,BETWEEN CYLINDERS 2 & 4 ON R/H ENG,BAFFLE SEAL,LOOSE,,RESECURED BAFFLE SEAL.,,,BAFFLE SEAL,RESECURED,
103895,R/H ENGINE CRANKCASE LIFTING EYEBOLT LEAKING OIL.,OK,R/H ENGINE,CRANKCASE LIFTING EYEBOLT,LEAKING,,"CLEANED AREA, REMOVED BOLT, CLEANED & INSTALLED BOLT &",,,"AREA, BOLT","CLEANED, REMOVED & CLEANED & INSTALLED",
103896,"2, 3, 4 ROCKER COVER GASKETS LEAKING.",OK,"2, 3, 2004",ROCKER COVER GASKETS,LEAKING,,REMOVED & REPLACED ROCKER COVER GASKETS.,,,ROCKER COVER GASKETS,REMOVED & REPLACED,
103897,#1 SIDE BAFFLE BENT.,OK,#1 SIDE,BAFFLE,BENT,,STRAIGHTENED BAFFLE.,,,BAFFLE,STRAIGHTENED,
103898,#1 BAFFLE BENT.,OK,#1,BAFFLE,BENT,,"REMOVED BAFFLE, STRAIGHTENED BAFFLE & REINSTALLED.",,,BAFFLE,REMOVED & STRAIGHTENED & REINSTALLED,
103899,SOME ROCKER COVER SCREWS LOOSE.,OK,,ROCKER COVER SCREWS,LOOSE,,TIGHTENED ALL ROCKER COVER SCREWS.,,,ROCKER COVER SCREWS,TIGHTENED,
103900,#2 & 4 INTAKE GASKETS LEAKING.,OK,#2 & 4,INTAKE GASKETS,LEAKING,,REMOVED & REPLACED INTAKE GASKETS.,,,INTAKE GASKETS,REMOVED & REPLACED,
103901,EXCESSIVE FREE PLAY NOTED BETWEEN PILOT & COPILOT YOKES WITH A,DIFFICULT,,,,,ADJUSTED CENTER TURNBUCKLE ON CONTROL COLUMN & ADJUSTED,,,"CENTER TURNBUCKLE, CONTROL COLUMN",ADJUSTED,
103902,BOTTOM OF OIL COOLER NEEDS SEALANT REPLACED BETWEEN COOLER &,OK,BOTTOM,OIL COOLER,NEED PROBLEM,,INSTALLED SEALANT.,,,SEALANT,INSTALLED,
103903,INTERCYLINDER BAFFLE TENSION WIRE CHAFING ON #1 CYLINDER OIL RETU,OK,#1 INTERCYLINDER,BAFFLE TENSION WIRE,CHAFING,,PUT BEND IN BAFFLE TENSIONER WIRE TO AVOID OIL RETURN L,,,BAFFLE TENSIONER WIRE,PUT,
103904,BOTH BAFFLE BUTTONS WORN,OK,BOTH,BAFFLE BUTTONS,WORN,,INSTALLED NEW PLUGS,,NEW,PLUGS,INSTALLED,
103905,"#1 CYLINDER COMPRESSION LOW, 25LBS. COMING FROM EXHAUST",OK,#1 CYLINDER,EXHAUST,COMPRESSION,,"RAN AIRCRAFT, OPS AND LEAK CHECK GOOD",,,"A/C, OPS & LEAK","RAN, CHECK",
103906,"#1 CYLINDER COMPRESSION LOW, 25LBS. COMING FROM EXHAUST",OK,#1 CYLINDER,EXHAUST,COMPRESSION,,"REMOVED CYLINDER, FOUND BENT EXHAUST VALVE. INSTALLED R",,,"CYLINDER, EXHAUST VALVE","REMOVED , FOUND & INSTALLED",BENT EXHAUST VALVE
103907,"FRONT BAFFLE SEAL NEEDS RTV, ABOVE ENGINE INLET.",OK,"FRONT, ABOVE ENGINE INLET",BAFFLE SEAL,NEED PROBLEM,,INSTALLED RTV TO SEAL.,,,RTV,INSTALLED,
103908,"#4, 1 & 3 ROCKER COVERS LEAKING.",OK,"#4, 1 & 3",ROCKER COVERS,LEAKING,,REMOVED & REPLACED GASKETS.,,,GASKETS,REMOVED & REPLACED,
103909,LH ENGINE #4 CYLINDER BAFFLE SEAL STAPLE PULLED THROUGH,OK,LH ENGINE #4 CYLINDER,BAFFLE SEAL STAPLE,PULLED,,REPLACED STAPLE WITH POP RIVET,,POP RIVET,STAPLE,REPLACED,
103910,#1 AND #3 ROCKER COVERS LEAKING,OK,#1 AND #3,ROCKER COVERS,LEAKING,,"REMOVED, CLEANED, INSTALLED NEW SILICONE GASKETS",,NEW,GASKETS,"REMOVED, CLEANED, INSTALLED",
103911,R/H ENGINE #3 INTAKE GASKET LEAKING,OK,R/H ENGINE #3,INTAKE GASKET,LEAKING,,REMOVED AND REPLACED #3 INTAKE GASKET ON R/H ENGINE,,,INTAKE GASKET,REMOVED & REPLACED,
103912,EXCESSIVE ENGINE VIBRATION ON DEPARTURE CLIMBOUT. VIBRATION,OK,ENGINE,,VIBRATION,,"RAN ACFT, IDLE RPM AND MIXTURE AND MAGNETOS CHECKS GOOD RAN",,,ACFT,RAN & CHECKED,
103913,CYLINDER #2 & 4 INTAKE GASKETS LEAKING,OK,CYLINDER #2 & 4,INTAKE GASKETS,LEAKING,,REPLACED CYLINDER #2 & 4 INTAKE GASKETS,,,INTAKE GASKETS,REPLACED,
103914,#3 INTAKE GASKET LEAKING.,OK,#3,INTAKE GASKET,LEAKING,,REMOVED & REPLACED INTAKE GASKET.,,,INTAKE GASKET,REMOVED & REPLACED,
103915,"#1, 2, 4 ROCKER COVER GASKETS LEAKING.",OK,"#1, 2, 4",ROCKER COVER GASKETS,LEAKING,,REMOVED & REPLACED ROCKER COVER GASKETS.,,,ROCKER COVER GASKETS,REMOVED & REPLACED,
103916,#1 CYLINDER BOTTOM BAFFLE SEAL RIVET PULLED THROUGH.,OK,#1 CYLINDER BOTTOM ,BAFFLE SEAL RIVET,PULLED,,INSTALLED NEW POP RIVET.,,NEW,POP RIVET,INSTALLED,
103917,"2, 3, 4 ROCKER COVER GASKETS LEAKING.",OK,"2, 3, 2004",ROCKER COVER GASKETS,LEAKING,,"REMOVED OLD GASKETS, CLEANED & INSTALLED NEW SILICONE G",,NEW,"GASKETS, SILICONE G","REMOVED , CLEANED & INSTALLED",
103918,#4 INTAKE LEAKING ON L/H ENGINE.,OK,#4 ON L/H ENGINE,INTAKE,LEAKING,,REMOVED & REPLACED GASKET.,,,GASKET,REMOVED & REPLACED,
103919,#3 ROCKER COVER LEAKING ON R/H ENGINE.,OK,#3 ON R/H ENGINE,ROCKER COVER,LEAKING,,REPLACED ROCKER COVER GASKET.,,,ROCKER COVER GASKET,REPLACED,
103920,#3 CYLINDER TOP BAFFLING HAS A CRACK.,OK,#3 CYLINDER TOP,BAFFLING,CRACK,,STOP DRILLED CRACK.,,,DRILLED CRACK,STOP,
103921,#2 & 4 IGNITION TOP LEADS NEED TO BE SECURED.,OK,"#2 & 4, TOP ",IGNITION LEADS,NEED PROBLEM,,SECURED LEADS.,,,LEADS,SECURED,
103922,#2 INTAKE GASKET LEAKING.,OK,#2,INTAKE GASKET,LEAKING,,REMOVED & REPLACED #2 INTAKE GASKET.,,,INTAKE GASKET,REMOVED & REPLACED,
103923,#1 & 2 INTAKE GASKETS LEAKING.,OK,#1 & 2,INTAKE GASKETS,LEAKING,,REMOVED & REPLACED GASKETS.,,,GASKETS,REMOVED & REPLACED,
103924,#2 INTAKE LEAKING.,OK,#2,INTAKE,LEAKING,,REMOVED & REPLACED INTAKE GASKET.,,,INTAKE GASKET,REMOVED & REPLACED,
103925,#2 FORWARD SIDE BAFFLE SEAL DISCONNECTED.,OK,#2 FORWARD SIDE,BAFFLE SEAL,DISCONNECTED,,REATTACHED USING POP RIVETS.,,,POP RIVETS,REATTACHED,
103926,"MISSING SCREW ON ENGINE BAFFLE AFT & NEXT TO CYLINDER #3, SCREW MOUN",OK,AFT & NEXT TO CYLINDER #3,BAFFLE  SCREW,MISSING,,INSTALLED SCREW.,,,SCREW,INSTALLED,
103927,R/H ENGINE #2 INTAKE GASKET LEAKING.,OK,R/H ENGINE #2,INTAKE GASKET,LEAKING,,REPLACED GASKET.,,,GASKET,REPLACED,
103928,L/H ENGINE #2 & 4 ROCKER GASKETS ARE LEAKING.,OK,L/H ENGINE #2 & 4,ROCKER GASKETS,LEAKING,,REMOVED & REPLACED GASKETS.,,,GASKETS,REMOVED & REPLACED,
103929,"L/H ENGINE #2, 3, 4 INTAKE GASKETS ARE LEAKING.",OK,"L/H ENGINE #2, 3, 4",INTAKE GASKETS,LEAKING,,REMOVED & REPLACED GASKETS.,,,GASKETS,REMOVED & REPLACED,
103930,R/H ENGINE #3 & 4 ROCKER GASKETS ARE LEAKING.,OK,R/H ENGINE #3 & 4,ROCKER GASKETS,LEAKING,,REMOVED & REPLACED GASKETS.,,,GASKETS,REMOVED & REPLACED,
103931,L/H ENGINE INTAKE SCREEN WORN.,OK,L/H ENGINE,INTAKE SCREEN,WORN,,ORDERED PART.,,,PART,ORDERED,
103932,L/H ENGINE INTAKE SCREEN WORN.,OK,L/H ENGINE,INTAKE SCREEN,WORN,,INSTALLED NEW SCREEN.,,NEW,SCREEN,INSTALLED,
103933,#2 INDUCTION TUBE GASKET LEAKING.,OK,#2,INDUCTION TUBE GASKET,LEAKING,,INSTALLED NEW INTAKE GASKET.,,NEW,INTAKE GASKET,INSTALLED,
103934,INTAKE GASKET CYLINDER #1 LEAKING.,OK,CYLINDER #1,INTAKE GASKET,LEAKING,,REMOVED & REPLACED INTAKE GASKET.,,,INTAKE GASKET,REMOVED & REPLACED,
103935,EXPERIENCED ENGINE ROUGHNESS & MOMENTARY POWER HESITATION. A,OK,ENGINE,,ROUGHNESS & POWER HESITATION,,PERFORMED ENGINE RUN UP & NOTED EXCESSIVE RPM RISE AT IDLE,,,ENGINE,RUN,
103936,EXPERIENCED ENGINE ROUGHNESS & MOMENTARY POWER HESITATION. A,OK,ENGINE,,ROUGHNESS & POWER HESITATION,,REINSTALLED COWLING & PERFORMED ENGINE RUN NOTING IDLE SPE,,,"COWLING, ENGINE","REINSTALLED, RUN",
103937,R/H ENGINE #2 INTAKE IS LEAKING.,OK,R/H ENGINE #2,INTAKE,LEAKING,,REMOVED & REPLAED R/H ENGINE #2 INTAKE GASKET.,,,INTAKE GASKET,REMOVED & REPLAED,
103938,R/H ENGINE #1 ROCKER COVER IS LEAKING.,OK,R/H ENGINE #1,ROCKER COVER,LEAKING,,REMOVED & REPLACED R/H ENGINE #1 ROCKER COVER GASKET.,,,ROCKER COVER GASKET,REMOVED & REPLACED,
103939,CYLINDER #2 INTAKE GASKET IS LEAKING.,OK,CYLINDER #2,INTAKE GASKET,LEAKING,,REMOVED & REPLACED GASKET WITH NEW.,,NEW,GASKET,REMOVED & REPLACED,
103940,#2 & 4 INTAKE GASKETS LEAKING ON L/H ENGINE.,OK,#2 & 4 ON L/H ENGINE,INTAKE GASKETS,LEAKING,,REMOVED & REPLACED INTAKE GASKETS.,,,INTAKE GASKETS,REMOVED & REPLACED,
103941,#1 & 2 ROCKER COVER GASKETS LEAKING ON L/H ENGINE.,OK,#1 & 2 ON L/H ENGINE,ROCKER COVER GASKETS,LEAKING,,REMOVED & REPLACED ROCKER COVERS.,,,ROCKER COVERS,REMOVED & REPLACED,
103942,PILOT REPORTED THAT CYLINDER #1 FORWARD BAFFLE SEAL NEEDED TO BE LOOK,OK,CYLINDER #1 FORWARD,BAFFLE SEAL,NEED PROBLEM,,"LOOKED AT BAFFLE SEAL, REPOSITIONED, CHECKED GOOD",,,BAFFLE SEAL,"LOOKED AT, REPOSITIONED, CHECKED",
103943,ALL ROCKER COVER SCREWS LOOSE.,OK,ALL,ROCKER COVER SCREWS,LOOSE,,TIGHTENED ALL SCREWS ON ROCKER COVERS.,,,SCREWS,TIGHTENED,
103944,R/H ENGINE #1 CYLINDER HAS LOW COMPRESSION 5/80.,OK,R/H ENGINE #1 CYLINDER,,COMPRESSION,,LEAK CHECK GOOD.,,,LEAK,CHECK,
103945,R/H ENGINE #3 CYLINDER HAS LOW COMPRESSION 20/80.,OK,R/H ENGINE #3 CYLINDER,,COMPRESSION,,LEAK CHECK GOOD.,,,LEAK,CHECK,
103946,R/H ENGINE #4 BAFFLE CRACKED AT OIL COOLER.,OK,R/H ENGINE #4,BAFFLE,CRACKED,,STOP DRILLED CRACK.,,,DRILLED CRACK,STOP,
103947,#4 CYLINDER BAFFLE SEAL RIVET PULLED THROUGH.,OK,#4 CYLINDER,BAFFLE SEAL RIVET,PULLED,,RESECURED BAFFLE SEAL.,,,BAFFLE SEAL,RESECURED,
103948,R/H ENGINE #1 & 3 INTAKES ARE LEAKING.,OK,R/H ENGINE #1 & 3,INTAKES,LEAKING,,REMOVED & REPLACED GASKETS.,,,GASKETS,REMOVED & REPLACED,
103949,R/H ENGINE #1 CYLINDER HAS LOW COMPRESSION 5/80.,OK,R/H ENGINE #1 CYLINDER,,COMPRESSION,,REMOVED CYLINDER & PISTON ASSY. STARTED INSTALLATION OF,,,CYLINDER & PISTON ASSY,"REMOVED, STARTED INSTALLATION",
103950,R/H ENGINE #1 CYLINDER HAS LOW COMPRESSION 5/80.,OK,R/H ENGINE #1 CYLINDER,,COMPRESSION,,FINISHED INSTALLING CYLINDER IAW LYCOMING OVERH,,,CYLINDER,FINISHED INSTALLING,
103951,R/H ENGINE #3 CYLINDER HAS LOW COMPRESSION 20/80.,OK,R/H ENGINE #3 CYLINDER,,COMPRESSION,,REMOVED CYLINDER & PISTON ASSY. STARTED INSTALLATION OF,,,CYLINDER & PISTON ASSY,"REMOVED, STARTED INSTALLATION",
103952,R/H ENGINE #3 CYLINDER HAS LOW COMPRESSION 20/80.,OK,R/H ENGINE #3 CYLINDER,,COMPRESSION,,FINISHED INSTALLING CYLINDER IAW LYCOMING OVERH,,,CYLINDER,FINISHED INSTALLING,
103953,#3 ROCKER COVER MISSING A SCREW.,OK,#3,ROCKER COVER SCREW,MISSING,,INSTALLED NEW SCREW.,,NEW,SCREW,INSTALLED,
103954,BAFFLE SCREW MISSING ON R/H SIDE BY OIL DIPSTICK HOUSING.,OK,R/H SIDE BY OIL DIPSTICK HOUSING,BAFFLE SCREW,MISSING,,INSTALED NEW SCREW.,,NEW,SCREW,INSTALLED,
103955,"1, 2, 3 ROCKER COVER GASKETS LEAKING.",OK,"1, 2, 2003",ROCKER COVER GASKETS,LEAKING,,REMOVED & REPLACED ROCKER COVER GASKETS.,,,ROCKER COVER GASKETS,REMOVED & REPLACED,
103956,#4 INTAKE GASKET LEAKING.,OK,#4,INTAKE GASKET,LEAKING,,REMOVED & REPLACED INTAKE GASKET.,,,INTAKE GASKET,REMOVED & REPLACED,
103957,"WHILE TAXIING, ENGINE QUIT & COULD NOT RESTART.",OK,ENGINE,,QUIT,,STARTED A/C SEVERAL TIMES USING NORMAL PROCEDURES. PERF,,,A/C,STARTED,
103958,ENGINE BAFFLE PATCH CRACKED ABOVE #4 CYL.,OK,ENGINE  ABOVE #4 CYL,BAFFLE PATCH,CRACKED,,STOP DRILLED CRACK.,,,DRILLED CRACK,STOP,
103959,"ON RUN UP; R/H ENG, L/H MAGNETOS FAILED MAGNETOS CK. CYLINDER #1 HAD NO TEM",OK,"R/H ENG, L/H",MAGNETOS,FAILED,,RECOWLED R/H ENGINE.,,,R/H ENGINE,RECOWLED,
103960,"ON RUN UP; R/H ENG, L/H MAGNETOS FAILED MAGNETOS CK. CYLINDER #1 HAD NO TEM",OK,"R/H ENG, L/H",MAGNETOS,FAILED,,"RAN A/C, OPS & LEAK CHECK GOOD.",,,"A/C, OPS & LEAK","RAN , CHECK",
103961,"ON RUN UP; R/H ENG, L/H MAGNETOS FAILED MAGNETOS CK. CYLINDER #1 HAD NO TEM",OK,"R/H ENG, L/H",MAGNETOS,FAILED,,FOUND CYLINDER #1 TOP & BOTTOM PLUGS WET WITH OIL & ELECTRODE,,,CYLINDER & PLUGS,FOUND,CYLINDER #1 TOP & BOTTOM PLUGS WET WITH OIL & ELECTRODE
103962,"ON RUN UP; R/H ENG, L/H MAGNETOS FAILED MAGNETOS CK. CYLINDER #1 HAD NO TEM",OK,"R/H ENG, L/H",MAGNETOS,FAILED,,"PERFORMED GROUND RUN, FOUND R/H ENGINE TO RUN ROUGH ANYTIM",,,ENGINE,GROUND RUN,
103963,"ON RUN UP; R/H ENG, L/H MAGNETOS FAILED MAGNETOS CK. CYLINDER #1 HAD NO TEM",OK,"R/H ENG, L/H",MAGNETOS,FAILED,,"REMOVED & REPLACED CYLINDER ASSY, DRY TAPPET CLEARANCE CHECK",,,"CYLINDER ASSY, TAPPET CLEARANCE","REMOVED & REPLACED, CHECK",
103964,LEFT ENGINE #2 INTAKE LEAKING.,OK,LEFT ENGINE #2,INTAKE,LEAKING,,REMOVED & REPLACED GASKET.,,,GASKET,REMOVED & REPLACED,
103965,"ON RUN UP, OBSERVED ENGINE ROUGHNESS. CONSISTANT WITH STICKING",OK,ENGINE,,ROUGHNESS,,REAMED #4 EXHAUST GUIDE IAW LYCOMING .,,,EXHAUST GUIDE,REAMED,
103966,SCREW MISSING FROM CYLINDER #2 FORWARD BAFFLE.,OK,CYLINDER #2 FORWARD,BAFFLE SCREW,MISSING,,INSTALLED NEW SCREW.,,NEW,SCREW,INSTALLED,
103967,#4 INTAKE GASKET LEAKING.,OK,#4,INTAKE GASKET,LEAKING,,REMOVED & REPLACED GASKET.,,,GASKET,REMOVED & REPLACED,
103968,#1 ROCKER COVER GASKET LEAKING.,OK,#1,ROCKER COVER GASKET,LEAKING,,REMOVED & REPLACED GASKET.,,,GASKET,REMOVED & REPLACED,
103969,"#2, 3, 4 INTAKE GASKETS LEAKING.",OK,"#2, 3, 4",INTAKE GASKETS,LEAKING,,REMOVED & REPLACED INTAKE GASKETS.,,,INTAKE GASKETS,REMOVED & REPLACED,
103970,R/H #1 CYLINDER BAFFLE HAS A CRACK.,OK,R/H #1 CYLINDER,BAFFLE,CRACK,,STOP DRILLED CRACK.,,,DRILLED CRACK,STOP,
103971,R/H #2 & 4 ROCKER GASKETS ARE LEAKING.,OK,R/H #2 & 4,ROCKER GASKETS,LEAKING,,REPLACED GASKETS.,,,GASKETS,REPLACED,
103972,R/H #3 & 4 INTAKE GASKETS ARE LEAKING.,OK,R/H #3 & 4,INTAKE GASKETS,LEAKING,,REPLACED GASKETS.,,,GASKETS,REPLACED,
103973,#2 CYLINDER BOTTOM FRONT BAFFLING HAS A CRACK.,OK,#2 CYLINDER BOTTOM FRONT,BAFFLING,CRACK,,STOP DRILLED CRACK.,,,DRILLED CRACK,STOP,
103974,L/H ENGINE HAD C CLIP IN OIL SCREEN,OK,L/H ENGINE,OIL SCREEN,C CLIP,,REMOVED LH ENGINE & PROP.,,,"ENGINE, PROP",REMOVED,
103975,R/H #3 REAR & #4 SIDE BAFFLE SEALS TORN.,OK,R/H #3 REAR & #4 SIDE,BAFFLE SEALS,TORN,,REPLACED #3 BAFFLE SEAL & RESECURED #4 SIDE.,,,BAFFLE SEAL,REPLACED & RESECURED,
103976,L/H ENGINE HAD C CLIP IN OIL SCREEN,OK,L/H ENGINE,OIL SCREEN,C CLIP,,NO OTHER FOREIGN OBJECT DAMAGE OR DEFECTS NOTED.,,,,,
103977,L/H ENGINE HAD C CLIP IN OIL SCREEN,OK,L/H ENGINE,OIL SCREEN,C CLIP,,"DISASSEMBLED, INSP'ED, VERIFIED THAT SNAP RING WAS MISS",,,SNAP RING,DISASSEMBLED & INSPECTED & VERIFIED,
103978,L/H ENGINE HAD C CLIP IN OIL SCREEN,OK,L/H ENGINE,OIL SCREEN,C CLIP,,"INSTALLED PROP, BUT IS NOT TORQUED OR SAFETIED. INSTALL",,,PROP,INSTALLED,
103979,L/H ENGINE HAD C CLIP IN OIL SCREEN,OK,L/H ENGINE,OIL SCREEN,C CLIP,,PREPPED ENGINE FOR INSTALLATION. FIXED L/H AFT LOWER BA,,,"ENGINE, BA","PREPPED, FIXED",
103980,L/H ENGINE HAD C CLIP IN OIL SCREEN,OK,L/H ENGINE,OIL SCREEN,C CLIP,,"CONTINUED INSTALLATION. SAEFTIED PROP, TIMED MAGNETOS T",,,"INSTALLATION, PROP, MAGNETOS","CONTINUED, SAFETIED, TIMED",
103981,"CYLINDER #1, 2 & 3 INTAKE GASKETS ARE LEAKING.",OK,"CYLINDER #1, 2 & 3",INTAKE GASKETS,LEAKING,,REMOVED & REPLACED INTAKE GASKETS.,,,INTAKE GASKETS,REMOVED & REPLACED,
103982,CYLINDER #1 ROCKER COVER GASKET IS LEAKING.,OK,CYLINDER #1,ROCKER COVER GASKET,LEAKING,,REMOVED & REPLACED ROCKER COVER GASKET.,,,ROCKER COVER GASKET,REMOVED & REPLACED,
103983,#4 INTAKE GASKET ON L/H ENGINE LEAKING.,OK,#4 ON L/H ENGINE,INTAKE GASKET,LEAKING,,REMOVED & REPLACED GASKET.,,,GASKET,REMOVED & REPLACED,
103984,#3 ROCKER COVER GASKET LEAKING ON R/H ENGINE.,OK,#3 ON R/H ENGINE,ROCKER COVER GASKET,LEAKING,,REMOVED & REPLACED GASKET.,,,GASKET,REMOVED & REPLACED,
103985,PRIMER LINE CLAMP ON #4 INTAKE TUBE OF L/H ENGINE LOOSE.,OK,#4 INTAKE TUBE OF L/H ENGINE,PRIMER LINE CLAMP,LOOSE,,TIGHTENED CLAMP.,,,CLAMP,TIGHTENED,
103986,"#2, 3, 4 INTAKE GASKETS LEAKING ON R/H ENGINE.",OK,"#2, 3, 4 ON R/H ENGINE",INTAKE GASKETS,LEAKING,,REMOVED & REPLACED INTAKE GASKETS ON R/H ENGINE.,,,INTAKE GASKETS,REMOVED & REPLACED,
103987,"CHAFING DAMAGE NOTED ON #3 INTAKE TUBE, BY PRIMER LINE.",OK,#3,INTAKE TUBE,CHAFING,,INSPECTED #3 INTAKE TUBE & PRIMER LINE ON R/H ENGINE NO,,,"INTAKE TUBE, PRIMER LINE",INSPECTED,
103988,ENGINE SCROLL DIRTY.,OK,ENGINE,SCROLL,DIRTY,,CLEANED ENGINE SCROLL.,,,SCROLL,CLEANED,
103989,CYLINDER #3 & 4 INTAKE GASKETS LEAKING.,OK,CYLINDER #3 & 4,INTAKE GASKETS,LEAKING,,REMOVED & REPLACED INTAKE GASKET.,,,INTAKE GASKET,REMOVED & REPLACED,
103990,R/H ENGINE #2 INTAKE LEAKING.,OK,R/H ENGINE #2,INTAKE,LEAKING,,REPLACED GASKET.,,,GASKET,REPLACED,
103991,CYLINDER #1 & 3 INTAKE GASKETS ARE LEAKING.,OK,CYLINDER #1 & 3,INTAKE GASKETS,LEAKING,,REMOVED & REPLACED GASKETS.,,,GASKETS,REMOVED & REPLACED,
103992,CYLINDER #2 ROCKER COVER GASKET IS LEAKING.,OK,CYLINDER #2,ROCKER COVER GASKET,LEAKING,,REMOVED & REPLACED ROCKER COVER GASKET.,,,ROCKER COVER GASKET,REMOVED & REPLACED,
103993,L/H I/B CYLINDER BAFFLING CONNECTING ROD IS BROKEN.,OK,L/H I/B CYLINDER,BAFFLING CONNECTING ROD,BROKEN,,REMOVED & REPLACED CONNECTING ROD.,,,CONNECTING ROD,REMOVED & REPLACED,
103994,LEFT ENGINE WILL NOT START HOT.,OK,LEFT ENGINE,,WILL NOT START HOT,,STARTED BOTH ENGINES USING NORMAL PROCEDURES. SHUT DOWN,,,ENGINES,"STARTED, SHUT DOWN",
103995,FORWARD ENGINE BLACK COWLING SEAL WEARING AT FILTER.,OK,FORWARD ENGINE BLACK,COWLING SEAL,WORN,,INSTALLED BLACK RTV IN WORN AREAS.,,,RTV,INSTALLED,
103996,#3 ROCKER GASKET IS LEAKING.,OK,#3,ROCKER GASKET,LEAKING,,REPLACED GASKET.,,,GASKET,REPLACED,
103997,ALL 4 INTAKE GASKETS ARE LEAKING.,OK,ALL 4,INTAKE GASKETS,LEAKING,,REPLACED GASKETS.,,,GASKETS,REPLACED,
103998,"CYLINDER #1, 2 & 4 ROCKER COVER GASKETS ARE LEAKING.",OK,"CYLINDER #1, 2 & 4",ROCKER COVER GASKETS,LEAKING,,REMOVED & REPLACED ROCKER COVER GASKETS.,,,ROCKER COVER GASKETS,REMOVED & REPLACED,
103999,#4 ROCKER COVER LEAKING.,OK,#4,ROCKER COVER,LEAKING,,REPLACED ROCKER COVER GASKET.,,,ROCKER COVER GASKET,REPLACED,
104000,#4 CYLINDER INTAKE GASKET LEAKING.,OK,#4 CYLINDER,INTAKE GASKET,LEAKING,,REMOVED & REPLACED INTAKE GASKET.,,,INTAKE GASKET,REMOVED & REPLACED,
104001,#2 INTAKE GASKET LEAKING.,OK,#2,INTAKE GASKET,LEAKING,,REMOVED & REPLACED GASKET.,,,GASKET,REMOVED & REPLACED,
104002,#2 ROCKER COVER GASKET LEAKING.,OK,#2,ROCKER COVER GASKET,LEAKING,,REMOVED & REPLACED GASKET.,,,GASKET,REMOVED & REPLACED,
104003,ENGINE FORWARD SEAL (BLACK) WORN SPOTS AT AIR INLET.,OK,ENGINE FORWARD ,SEAL,WORN,,APPLIED RTV TO AREAS.,,,RTV,APPLIED,
104004,#1 ROCKER COVER GASKET LEAKS.,OK,#1,ROCKER COVER GASKET,LEAKS,,REMOVED & REPLACED GASKET.,,,GASKET,REMOVED & REPLACED,
104005,CYLINDER #1 ROCKER COVER GASKET IS LEAKING.,OK,CYLINDER #1,ROCKER COVER GASKET,LEAKING,,REMOVED & REPLACED ROCKER COVER GASKET.,,,ROCKER COVER GASKET,REMOVED & REPLACED,
104006,#4 ROCKER COVER GASKET LEAKING.,OK,#4,ROCKER COVER GASKET,LEAKING,,"REMOVED COVER, CLEANED & INSTALLED NEW SILICONE GASKET.",,NEW,"COVER, GASKET","REMOVED , CLEANED & INSTALLED",
104007,SIGNIFICANT AMOUNT OF OIL LEAKING FROM #4 CYLINDER AREA.,OK,#4 CYLINDER AREA,OIL,LEAKING,,REMOVED & REPLACED #4 CYLINDER ROCKER COVER GASKET. RAN ENGI,,,"ROCKER COVER GASKET, ENGINE","REMOVED & REPLACED, RAN",
104008,SMALL LEAK NOTED ON UPPER ENGINE CRANKCASE BACKBONE.,OK,UPPER ENGINE CRANKCASE BACKBONE,CRANKCASE BACKBONE,LEAK,,REMOVED BOLT ON UPPER CRANKCASE BACKBONE & APPLIED HIGH,,,"BOLT, CRANKCASE BACKBONE",REMOVED & APPLIED,
104009,#2 INTAKE LEAKING.,OK,#2,INTAKE,LEAKING,,REMOVED & REPLACED GASKET.,,,GASKET,REMOVED & REPLACED,
104010,CYLINDER #2 ROCKER COVER GASKET IS LEAKING.,OK,CYLINDER #2,ROCKER COVER GASKET,LEAKING,,REMOED & REPLACED ROCKER GASKET.,,,ROCKER GASKET,REMOED & REPLACED,
104011,#4 INTAKE GASKET LEAKING.,OK,#4,INTAKE GASKET,LEAKING,,REPLACED #4 INTAKE GASKET.,,,INTAKE GASKET,REPLACED,
104012,#4 ROCKER COVER GASKET LEAKING.,OK,#4,ROCKER COVER GASKET,LEAKING,,REMOVED & REPLACED GASKET.,,,GASKET,REMOVED & REPLACED,
104013,"#2, 3 & 4 INTAKE GASKETS LEAKING.",OK,"#2, 3 & 4",INTAKE GASKETS,LEAKING,,REMOVED & REPLACED INTAKE GASKETS.,,,INTAKE GASKETS,REMOVED & REPLACED,
104014,L/H AFT ENGINE BAFFLE CRACKED.,OK,L/H AFT ENGINE,BAFFLE,CRACKED,,STOP DRILLED CRACK & REPAIRED BAFFLE BY PATCHING.,,,"DRILLED CRACK, BAFFLE",STOP & REPAIRED,
104015,"ROCKER COVER GASKETS, CYLINDER #2 & 3, LEAKING.",OK,CYLINDER #2 & 3,ROCKER COVER GASKETS,LEAKING,,REMOVED & REPLACED ROCKER COVER GASKETS.,,,ROCKER COVER GASKETS,REMOVED & REPLACED,
104016,#4 INTAKE GASKET IS LEAKING.,OK,#4,INTAKE GASKET,LEAKING,,REPLACED GASKET.,,,GASKET,REPLACED,
104017,#3 & 4 ROCKER GASKETS LEAKING.,OK,#3 & 4,ROCKER GASKETS,LEAKING,,REPLACED BOTH GASKETS.,,,GASKETS,REPLACED,
104018,#1 CYLINDER BAFFLING HAS A CRACK.,OK,#1 CYLINDER,BAFFLING,CRACK,,STOP DRILLED CRACK.,,,DRILLED CRACK,STOP,
104019,L/H SIDE BAFFLE PLUG HAS BROKEN TABS.,OK,L/H SIDE,BAFFLE PLUG TABS,BROKEN,,REPLACED WITH NEW BAFFLE PLUG.,,NEW,BAFFLE PLUG,REPLACED,
104020,#2 INTAKE LEAKING ON R/H ENGINE.,OK,#2 ON R/H ENGINE,INTAKE,LEAKING,,REMOVED & REPLACED GASKET.,,,GASKET,REMOVED & REPLACED,
104021,CYLINDER #1 INTAKE GASKET LEAKING.,OK,CYLINDER #1,INTAKE GASKET,LEAKING,,REMOVED & REPLACED INTAKE GASKET.,,,INTAKE GASKET,REMOVED & REPLACED,
104022,"CRACKED R/H SIDE ENGINE BAFFLE, NEXT TO CYLINDER #1.",OK,R/H SIDE ENGINE,BAFFLE,CRACKED,,STOP DRILLED CRACK.,,,DRILLED CRACK,STOP,
104023,"#3, 4 ROCKER COVER GASKETS LEAKING.",OK,"#3, 4",ROCKER COVER GASKETS,LEAKING,,REMOVED & REPLACED GASKETS.,,,GASKETS,REMOVED & REPLACED,
104024,CREW REQUESTED START ASSIST.,DIFFICULT,,,,,STARTED ENGINE FOR CREW.,,,ENGINE,STARTED,
104025,#4 ROCKER COVER GASKET LEAKING.,OK,#4,ROCKER COVER GASKET,LEAKING,,REMOVED & REPLACED GASKET.,,,GASKET,REMOVED & REPLACED,
104026,#2 INTAKE GASKET LEAKING.,OK,#2,INTAKE GASKET,LEAKING,,REMOVED & REPLACED #2 INTAKE GASKET.,,,INTAKE GASKET,REMOVED & REPLACED,
104027,"PREVIOUS PATCH REPAIR FOR #4 CYLINDER BAFFLE, CRACKED.",OK,#4 CYLINDER,BAFFLE,CRACKED,,FABRICATED NEW BAFFLE PATCH REPAIR OUT OF LIKE MATERIAL,,LIKE MATERIAL,BAFFLE PATCH REPAIR,FABRICATED,
104028,"LEAK NOTED BY OIL RETURN LINE, BYT ACCESSORY CASE.",OK,BY ACCESSORY CASE,OIL RETURN LINE,LEAK,,REMOVED OIL RETURN LINE AT ACCESSORY CASE FITTING. TIGH,,,OIL RETURN LINE,REMOVED,
104029,#1 INTAKE TUBE GASKET LEAKING.,OK,#1,INTAKE TUBE GASKET,LEAKING,,INSTALLED NEW INTAKE GASKET.,,NEW,INTAKE GASKET,INSTALLED,
104030,ALL ROCKER COVER SCREWS LOOSE.,OK,ALL,ROCKER COVER SCREWS,LOOSE,,TIGHTENED SCREWS.,,,SCREWS,TIGHTENED,
104031,#4 AFT BAFFLE CRACKED.,OK,#4 AFT,BAFFLE,CRACKED,,REPLACED WITH REPAIRED BAFFLE.,,REPAIRED,BAFFLE,REPLACED,
104032,R/H ENGINE #2 INTAKE GASKET IS LEAKING.,OK,R/H ENGINE #2,INTAKE GASKET,LEAKING,,REPLACED INTAKE GASKET.,,,INTAKE GASKET,REPLACED,
104033,#3 AFT BAFFLE CRACKED.,OK,#3 AFT,BAFFLE,CRACKED,,REPAIRED WITH RIVETED PATCH & INSTALLED BAFFLE.,,RIVETED,"PATCH , BAFFLE",REPAIRED & INSTALLED,
104034,R/H ENGINE #3 AFT BAFFLE SEAL TORN.,OK,R/H ENGINE #3 AFT,BAFFLE SEAL,TORN,,APPLIED RUBBER SILICONE TO TORN BAFFLE SEALS.,,,BAFFLE SEALS,APPLIED,
104035,L/H OIL COOLER NEEDS TO BE REPLACED.,OK,L/H,OIL COOLER,NEED PROBLEM,,INSTALLED OVERHAULED OIL COOLER,,OVERHAULED,OIL COOLER,INSTALLED,
104036,L/H ENGINE #4 REAR BAFFLE HAS SMALL CRACK & BAFFLE SEAL TORN,OK,L/H ENGINE #4 REAR,"BAFFLE , BAFFLE SEAL","CRACK , TORN",,STOP DRILLED CRACK & REPLACED SECTION OF BAFFLE SEAL.,,,CRACK & BAFFLE SEAL,STOP & REPLACED,
104037,NLG UPPER COVER INSTALLED INCORRECTLY.,OK,NLG UPPER,COVER,INCORRECTLY INSTALLED,,REPOSITIONED COVER TO CORRECT POSITION.,,,COVER,REPOSITIONED,
104038,R/H ENGINE I/B AFT BAFFLE @ UPPER I/B OIL COOLER CRACKED.,OK,R/H ENGINE UPPER I/B OIL COOLER,I/B AFT BAFFLE,CRACKED,,"AFTER FURTHER INSP, FOUND PART TO HAVE PREVIOUSLY BEEN",,,,INSP,
104039,#3 CYLINDER ROCKER COVER GASKET IS LEAKING.,OK,#3 CYLINDER,ROCKER COVER GASKET,LEAKING,,REMOVED & REPLACED ROCKER COVER GASKET.,,,ROCKER COVER GASKET,REMOVED & REPLACED,
104040,CYLINDER #2 ROCKER COVER GASKET IS LEAKING.,OK,CYLINDER #2,ROCKER COVER GASKET,LEAKING,,REMOVED & REPLACED GASKET.,,,GASKET,REMOVED & REPLACED,
104041,"DURING CLIMB OUT, OBSERVED MOMENTARY RPM DROP AROUN",OK,,RPM,DROP,,"RAN UP A/C, COULD NOT DUPLICATE DISCREPANCY. OPS CHECK GOO",,,"A/C, OPS","RAN , CHECK",
104042,#3 INTAKE LEAKING ON L/H ENGINE.,OK,#3 ON L/H ENGINE,INTAKE,LEAKING,,REMOVED & REPLACED GASKET WITH NEW.,,NEW,GASKET,REMOVED & REPLACED,
104043,SMALL CRACK NOTED BY BOLT ON #1 CYLINDER BAFFLE OF R/H ENGINE.,OK,#1 CYLINDER,BAFFLE BOLT,CRACK,,STOP DRILLED CRACK.,,,DRILLED CRACK,STOP,
104044,SMALL CRACK NOTED ON R/H AFT BAFFLE OF R/H ENGINE ON I/B SID,OK,R/H ENGINE R/H AFT I/B SID,BAFFLE,CRACK,,STOP DRILLED CRACK.,,,DRILLED CRACK,STOP,
104045,CHAFING NOTED ON R/H ENGINE STARTER WIRE BY THROTTLE CABLE O,OK,R/H ENGINE,STARTER WIRE,CHAFING,,APPLIED HIGH TEMPERATURE SILICONE.,,HIGH TEMPERATURE,SILICONE,APPLIED,
104046,"#1, 2, 3, 4 INTAKE GASKETS LEAKING ON R/H ENGINE.",OK,"#1, 2, 3, 4 ON R/H ENGINE",INTAKE GASKETS,LEAKING,,REMOVED & REPLACED R/H ENGINE INTAKE GASKETS.,,,INTAKE GASKETS,REMOVED & REPLACED,
104047,#4 INTAKE LEAKING.,OK,#4,INTAKE,LEAKING,,REMOVED & REPLACED INTAKE.,,,INTAKE,REMOVED & REPLACED,
104048,LEFT BAFFLE INNER TIE WIRE MISROUTED.,OK,LEFT,BAFFLE INNER TIE WIRE,MISROUTED,,REROUTED BAFFLE TIE ROD.,,,BAFFLE TIE ROD,REROUTED,
104049,#2 & 4 INTAKE GASKETS LEAKING.,OK,#2 & 4,INTAKE GASKETS,LEAKING,,REMOVED & REPLACED GASKETS WITH NEW.,,NEW,GASKETS,REMOVED & REPLACED,
104050,CYLINDER #4 INTAKE GASKET LEAKING.,OK,CYLINDER #4,INTAKE GASKET,LEAKING,,REMOVED & REPLACED INTAKE GASKET.,,,INTAKE GASKET,REMOVED & REPLACED,
104051,"L/H ENGINE #3, 2, 4 ROCKER COVER GASKETS ARE LEAKING.",OK,"L/H ENGINE #3, 2, 4",ROCKER COVER GASKETS,LEAKING,,REMOVED & REPLACED GASKETS.,,,GASKETS,REMOVED & REPLACED,
104052,"R/H ENGINE #1, 2, 4 HAS LEAKING ROCKER COVER GASKETS.",OK,"R/H ENGINE #1, 2, 4",ROCKER COVER GASKETS,LEAKING,,REMOVED & REPLACED GASKETS.,,,GASKETS,REMOVED & REPLACED,
104053,R/H ENGINE OIL PRESSURE SETTING ADJUSTER SAFETY WIRE IS LOOS,OK,R/H ENGINE,OIL PRESSURE SETTING ADJUSTER SAFETY WIRE,LOOSE,,REMOVED OLD SAFETY WIRE & RESAFETIED.,,OLD,SAFETY WIRE,REMOVED & RESAFETIED,
104054,R/H ENGINE #3 INTAKE TUBE GASKET LEAKING.,OK,R/H ENGINE #3,INTAKE TUBE GASKET,LEAKING,,INSTALLED NEW INTAKE GASKET.,,NEW,INTAKE GASKET,INSTALLED,
104055,"#2, 3, 4 INTAKE GASKETS LEAKING ON L/H ENG.",OK,"#2, 3, 4 ON L/H ENG",INTAKE GASKETS,LEAKING,,REMOVED & REPLACED L/H ENGINE INTAKE GASKETS.,,,INTAKE GASKETS,REMOVED & REPLACED,
104056,ADEL CLAMP FOR MIXTURE & THROTTLE CABLES ON R/H SDIE OF UPPE,DIFFICULT,,,,,REMOVED & REPLACED ADEL CLAMP.,,,ADEL CLAMP,REMOVED & REPLACED,
104057,ZIP TIES USED ON L/H & R/H ENGINE MOUNT IN PLACE OF LACING C,DIFFICULT,,,,,REATTACHED CABLE & HOSES WITH LACING CORD.,,,CABLE & HOSES,REATTACHED,
104058,#2 ROCKER BOX COVER GASKET LEAKING.,OK,#2,ROCKER BOX COVER GASKET,LEAKING,,"REMOVED ROCKER BOX COVER, CLEANED MATING SURFACES & GAS",,,"ROCKER BOX COVER, MATING SURFACES, GAS","REMOVED, CLEANED, CLEANED",
104059,CRACKS NOTED BY RELIEF HOLE ON AFT #4 CYLINDER BAFFLE.,OK,AFT #4 CYLINDER,BAFFLE,CRACKS,,STOP DRILLED CRACKS.,,,DRILLED CRACK,STOP,
104060,"CRACK NOTED ON UNDERSIDE OF #1 ENGINE CYLINDER BAFFLE, BY NUTS.",OK,#1 ENGINE CYLINDER,BAFFLE,CRACKED,,STOP DRILLED CRACK.,,,DRILLED CRACK,STOP,
104061,OIL COOLER O/B CYLINDER BRACKET CRACKED.,OK,O/B CYLINDER,BRACKET,CRACKED,,FABRICATED NEW BRACKET OUT OF LIKE MATERIAL REFERENCING,,LIKE MATERIAL,BRACKET,FABRICATED,
104062,#2 INTAKE GASKET IS LEAKING.,OK,#2,INTAKE GASKET,LEAKING,,REMOVED & REPLACED INTAKE GASKET.,,,INTAKE GASKET,REMOVED & REPLACED,
104063,LH OIL COOLER NEEDS TO BE CHANGED.,OK,LH,OIL COOLER,NEED PROBLEM,,LEAK CHECK GOOD.,,,LEAK,CHECK,
104064,R/H OIL COOLER NEEDS TO BE CHANGED.,OK,R/H,OIL COOLER,NEED PROBLEM,,LEAK CHECK GOOD.,,,LEAK,CHECK,
104065,LH OIL COOLER NEEDS TO BE CHANGED.,OK,LH,OIL COOLER,NEED PROBLEM,,REMOVED COOLER.,,,COOLER,REMOVED,
104066,R/H OIL COOLER NEEDS TO BE CHANGED.,OK,R/H,OIL COOLER,NEED PROBLEM,,REMOVED OIL COOLER.,,,OIL COOLER,REMOVED,
104067,BAFFLE BRACKET BY OIL COOLER IS CRACKED.,OK,BY OIL COOLER,BAFFLE BRACKET,CRACKED,,REMOVED & REPLACED BRACKET.,,,BRACKET,REMOVED & REPLACED,
104068,R/H OIL COOLER NEEDS TO BE CHANGED.,OK,R/H,OIL COOLER,NEED PROBLEM,,INSTALLED NEW OIL COOLER,,NEW,OIL COOLER,INSTALLED,
104069,"L/H ENGINE, LEFT REAR BAFFLE IS CRACKED.",OK,L/H ENGINE LEFT REAR,BAFFLE,CRACKED,,REMOVED & REPLACED BAFFLING SECTION.,,,BAFFLING SECTION,REMOVED & REPLACED,
104070,LH OIL COOLER NEEDS TO BE CHANGED.,OK,LH,OIL COOLER,NEED PROBLEM,,SWAPPED FITTINGS TO OVERHAULED COOLER,,OVERHAULED,"FITTINGS, COOLER",SWAPPED,
104071,"R/H ENG, R/H REAR BAFFLE IS CRACKED.",OK,"R/H ENG, R/H REAR",BAFFLE,CRACKED,,INSPECTED & FOUND CRACKS. MADE PATCH OUT OF LIKE MATERI,,LIKE MATERIAL,PATCH,"INSPECTED & FOUND, MADE",CRACKS
104072,#2 CYLINDER INTAKE GASKET IS LEAKING.,OK,#2 CYLINDER,INTAKE GASKET,LEAKING,,REMOVED INTAKE TUBE & GASKET. CLEANED INTAKE TUBE & CYLINDER,,,"INTAKE TUBE, GASKET, INTAKE TUBE, CYLINDER","REMOVED, REMOVED, CLEANED, CLEANED",
104073,#3 CYLINDER BAFFLE PLUG MISSING.,OK,#3 CYLINDER,BAFFLE PLUG,MISSING,,INSTALLED NEW PLUG.,,NEW,PLUG,INSTALLED,
104074,RPM DROP AT 2000 RPM ON DOWNWIND ACCOMPANIED BY VIBRATION 2,OK,,RPM,DROP,,"RAN UP ENGINE. MAGNETOS DROPS, IDLE SPEED & MIXTURE CHECK GOOD.",,,"ENGINE, IDLE SPEED & MIXTURE","RAN, CHECK",
104075,INTAKE GASKET CYLINDER #2 LEAKING.,OK,CYLINDER #2,INTAKE GASKET,LEAKING,,REMOVED & REPLACED INTAKE GASKET.,,,INTAKE GASKET,REMOVED & REPLACED,
104076,#2 & 4 ROCKER COVERS ARE LEAKING.,OK,#2 & 4,ROCKER COVERS,LEAKING,,REMOVED & REPLACED GASKETS.,,,GASKETS,REMOVED & REPLACED,
104077,CYLINDER #2 & 4 ROCKER COVER GASKETS ARE LEAKING.,OK,CYLINDER #2 & 4,ROCKER COVER GASKETS,LEAKING,,REMOVED & REPLACED ROCKER COVER GASKETS.,,,ROCKER COVER GASKETS,REMOVED & REPLACED,
104078,CYLINDER #4 INTAKE GASKET IS LEAKING.,OK,CYLINDER #4,INTAKE GASKET,LEAKING,,"REMOVED #4 CYLINDER INTAKE TUBE, CLEANED INTAKE TUBE & FLAGE",,,INTAKE TUBE,REMOVED & CLEANED,
104079,#2 INTAKE IS LEAKING.,OK,#2,INTAKE,LEAKING,,REMOVED & REPLACED GASKET.,,,GASKET,REMOVED & REPLACED,
104080,#3 ROCKER COVER IS LEAKING.,OK,#3,ROCKER COVER,LEAKING,,REMOVED & REPLACED GASKET.,,,GASKET,REMOVED & REPLACED,
104081,"#4 CYLINDER HAS NO COMPRESSION (0/80), AIR COMING OUT EXHAUS",OK,#4 CYLINDER,,COMPRESSION,,CLEARANCE W/IN SPECS.,,,CLEARANCE,W/IN SPECS,
104082,"#4 CYLINDER HAS NO COMPRESSION (0/80), AIR COMING OUT EXHAUS",OK,#4 CYLINDER,,COMPRESSION,,REMOVED #4 CYLINDER (LUECO).,,,#4 CYLINDER,REMOVED,
104083,"#4 CYLINDER HAS NO COMPRESSION (0/80), AIR COMING OUT EXHAUS",OK,#4 CYLINDER,,COMPRESSION,,"RAN A/C, OPS & LEAK CHECK GOOD.",,,"A/C, OPS & LEAK","RAN , CHECK",
104084,"#4 CYLINDER HAS NO COMPRESSION (0/80), AIR COMING OUT EXHAUS",OK,#4 CYLINDER,,COMPRESSION,,INSTALLED & TORQUED CYLINDER BASE NUT. TAPPET CLEARANCE TOO,,,"CYLINDER BASE NUT,TAPPET CLEARANCE","INSTALLED & TORQUED,TOO",
104085,"#4 CYLINDER HAS NO COMPRESSION (0/80), AIR COMING OUT EXHAUS",OK,#4 CYLINDER,,COMPRESSION,,"INSTALLED BAFFLES, EXHAUST, INTAKE, DRAIN TUBE, PLUGS,",,,"BAFFLES, EXHAUST, INTAKE, DRAIN TUBE, PLUGS",INSTALLED,
104086,"#4 CYLINDER HAS NO COMPRESSION (0/80), AIR COMING OUT EXHAUS",OK,#4 CYLINDER,,COMPRESSION,,"INSTALLED #29 PUSH RODS, FOUND TO BE OUT OF LIMITS. INS",,,PUSH RODS,INSTALLED,
104087,"#4 CYLINDER HAS NO COMPRESSION (0/80), AIR COMING OUT EXHAUS",OK,#4 CYLINDER,,COMPRESSION,,"INSTALLED NEW -29 PUSH ROD, VERIFIED PROPER GAP & BEGAN",,-29,"PUSH ROD, GAP","INSTALLED , VERIFIED & BEGAN",
104088,"FORWARD LOWER BLACK SEAL WORN, ABOVE AIR INTAKE.",OK,FORWARD LOWER,BLACK SEAL,WORN,,PATCHED FORWARD LOWER BLACK SEAL ABOVE AIR INTAKE.,,,BLACK SEAL,PATCHED,
104089,CRACK AT FORWARD BAFFLE BY HEAT INLET.,OK,FORWARD BAFFLE BY HEAT INLET,BAFFLE,CRACK,,STOP DRILLED CRACK @ FORWARD BAFFLE BY HEAT INLET ON AFT SI,,,DRILLED CRACK,STOP,
104090,"DURING TAKEOFF @ CKN, ENGINE RAN VERY ROUGH FOR 3 SECONDS WITH FU",OK,ENGINE,,ROUGH,,RUN UP (HOT) NO LOSS IN PWR OR ROUGH RUNNING. REMOVED P,,,,,
104091,"DURING TAKEOFF @ CKN, ENGINE RAN VERY ROUGH FOR 3 SECONDS WITH FU",OK,ENGINE,,ROUGH,,"RUN UP 2ND TIME (FOR PHASE), NO DEFECTS NOTED & COMPRES",,,,RUN,
104092,LOWER FORWARD SEAL NEEDS RTV ABOVE ENGINE INTAKE.,OK,LOWER FORWARD ABOVE ENGINE INTAKE,SEAL,NEED PROBLEM,,FILLED IN AREAS WITH RTV.,,,RTV,FILLED IN,
104093,#3 INTAKE GASKET LEAKING.,OK,#3,INTAKE GASKET,LEAKING,,"REMOVED GASKET, CLEANED COLLAR & INSTALLED NEW GASKET.",,NEW,"GASKET, COLLAR, GASKET","REMOVED , CLEANED & INSTALLED",
104094,#3 INTAKE LEAKING.,OK,#3,INTAKE,LEAKING,,REMOVED & REPLACED INTAKE GASKET.,,,INTAKE GASKET,REMOVED & REPLACED,
104095,#4 ROCKER COVER LEAKING.,OK,#4,ROCKER COVER,LEAKING,,REMOVED & REPLACED ROCKER COVER GASKET.,,,ROCKER COVER GASKET,REMOVED & REPLACED,
104096,"WHEN RPM SET IN IDLE RANGE, ENGINE KICKS & SPUTTERS AS IF FU",OK,ENGINE,,KICKS & SPUTTERS,,RAN A/C & LEAK CK'ED. INSTALLED CHIN COWL. LEAK CHECK G,,,"A/C, LEAK, CHIN COWL","RAN, CHECKED, INSTALLED, CHECK",
104097,CYLINDER #4 INTAKE GASKET IS LEAKING.,OK,CYLINDER #4,INTAKE GASKET,LEAKING,,REMOVED & REPLACED GASKET.,,,GASKET,REMOVED & REPLACED,
104098,CYLINDER #1 & 2 ROCKER COVER GASKETS ARE LEAKING.,OK,CYLINDER #1 & 2,ROCKER COVER GASKETS,LEAKING,,REMOVED & REPLACED ROCKER COVER GASKETS.,,,ROCKER COVER GASKETS,REMOVED & REPLACED,
104099,#2 INTAKE GASKET IS LEAKING.,OK,#2,INTAKE GASKET,LEAKING,,REMOVED & REPLACED INTAKE GASKET.,,,INTAKE GASKET,REMOVED & REPLACED,
104100,SEASONAL IDLE & MIXTURE ADJUSTMENT IS NEEDED.,OK,,IDLE & MIXTURE,NEED PROBLEM,,"RAN A/C, NO ADJUSTMENT NEEDED.",,,A/C,RAN,
104101,#1 & 2 ROCKER COVERS LEAKING ON L/H ENGINE.,OK,#1 & 2 ON L/H ENGINE,ROCKER COVER,LEAKING,,REMOVED & REPLACED GASKETS.,,,GASKETS,REMOVED & REPLACED,
104102,R/H ENGINE CYLINDER #3 INTAKE GASKET LEAKING.,OK,R/H ENGINE CYLINDER #3,INTAKE GASKET,LEAKING,,REMOVED & REPLACED INTAKE GASKET.,,,INTAKE GASKET,REMOVED & REPLACED,
104103,"SEAL LOOSE ON ENGINE COWL, ABOVE L/H & R/H OIL COOLERS (BLAC",OK,"ENGINE COWL, ABOVE L/H & R/H OIL COOLERS",SEAL,LOOSE,,"RESECURED SEAL ON LOWER ENGINE COWLS, L/H & R/H, ABOVE",,,SEAL,RESECURED,
104104,"ROCKER COVER GASKETS 1, 2, 3 & 4 LEAKING ON R/H ENGINE.",OK,"1, 2, 3 & 4 ON R/H ENGINE",ROCKER COVER GASKETS,LEAKING,,REMOVED & REPLACED ROCKER COVER GASKETS.,,,ROCKER COVER GASKETS,REMOVED & REPLACED,
104105,#4 INTAKE LEAKING.,OK,#4,INTAKE,LEAKING,,REMOVED & REPLACED INTAKE GASKET.,,,INTAKE GASKET,REMOVED & REPLACED,
104106,ROCKER COVER GASKET CYLINDER #2 LEAKING.,OK,CYLINDER #2,ROCKER COVER GASKET,LEAKING,,REPLACED GASKET.,,,GASKET,REPLACED,
104107,"UPON GO-AROUND, ENGINE MADE A SPUTTERING NOISE FOR 3 SECS. C",OK,ENGINE,,SPUTTERING,,"RAN A/C, ALL CHECKS GOOD. NO SPUTTERING DURING RUN UP.",,,A/C,RAN,
104108,"AFTER START, ENGINE RAN CONSISTANTLY ROUGH.",OK,ENGINE,,ROUGH,,LEAK CHECK GOOD ON MAGNETOS & FUEL PUMP. INSTALLED COWLING.,,,"LEAK, MAGNETOS, FUEL PUMP, COWLING","CHECK, INSTALLED",
104109,"AFTER START, ENGINE RAN CONSISTANTLY ROUGH.",OK,ENGINE,,ROUGH,,RAN A/C & CONFIRMED DISCREP. IDLE WAS @ 800 RPM & NO IDENTIFIER,,,"A/C, IDLE",RAN & CONFIRMED,
104110,"AFTER START, ENGINE RAN CONSISTANTLY ROUGH.",OK,ENGINE,,ROUGH,,REMOVED & REPLACED ENGINE DRIVEN FUEL PUMP,,,ENGINE DRIVEN FUEL PUMP,REMOVED & REPLACED,
104111,L/H ENGINE BAFFLE TIE RODS BAD.,OK,L/H ENGINE,BAFFLE TIE RODS,BAD,,INSTALLED NEW BAFFLE TIE RODS.,,NEW,BAFFLE TIE RODS,INSTALLED,
104112,"L/H ENGINE, R/H REAR ENGINE BAFFLE CRACKED.",OK,"L/H ENGINE, R/H REAR ENGINE",BAFFLE,CRACKED,,STOP DRILLED CRACK.,,,DRILLED CRACK,STOP,
104113,"R/H ENG, R/H BAFFLE TIE ROD IS BROKEN.",OK,"R/H ENG, R/H",BAFFLE TIE ROD,BROKEN,,REMOVED & REPLACED TIE ROD.,,,TIE ROD,REMOVED & REPLACED,
104114,"L/H ENG, L/H REAR ENGINE BAFFLE SEAL LOOSE.",OK,"L/H ENG, L/H REAR ENGINE",BAFFLE SEAL,LOOSE,,REATTACHED ENGINE BAFFLE SEAL.,,,ENGINE BAFFLE SEAL,REATTACHED,
104115,BAFFLING BRACKET BY OIL COOLER HAS CRACK ON R/H ENGINE.,OK,R/H ENGINE,BAFFLING BRACKET,CRACK,,STOP DRILLED CRACK.,,,DRILLED CRACK,STOP,
104116,COMPRESSION CHECK REQUIRED.,OK,,,REQUIRE PROBLEM,,"L/H: #1-78, #2-79, #3-79, #4-78; R/H: #1-78, #2-79, #3-",,,,,
104117,CYLINDER #2 BAFFLE SCREW MISSING L/H ENGINE.,OK,CYLINDER #2 L/H ENGINE,BAFFLE SCREW,MISSING,,INSTALLED SCREW.,,,SCREW,INSTALLED,
104118,"CYLINDER #4 OF L/H ENGINE, BAFFLE SEAL IS LOOSE.",OK,CYLINDER #4 OF L/H ENGINE,BAFFLE SEAL,LOOSE,,SECURED ENGINE BAFFLE.,,,ENGINE BAFFLE,SECURED,
104119,CYLINDER #4 INTAKE GASKET IS LEAKING.,OK,CYLINDER #4,INTAKE GASKET,LEAKING,,REMOVED & REPLACED #4 INTAKE GASKET.,,,INTAKE GASKET,REMOVED & REPLACED,
104120,"INTAKE GASKETS #2, 3, 4 ARE LEAKING.",OK,"#2, 3, 4",INTAKE GASKETS,LEAKING,,REMOVED & REPLACED GASKETS.,,,GASKETS,REMOVED & REPLACED,
104121,"FAILED MAGNETOS CHECK ON RUN UP. TRIED FOULED PLUG PROCEDURE, RPM WA",DIFFICULT,,,,,"RAN A/C, PERFORMED GROUND RUN. ALL PARAMETERS W/IN CHEC",,,"A/C, PARAMETERS","RAN, GROUND RUN, CHECK",
104122,"DURING OVERRIDE CK, ENGINE RAN ROUGH. 200 TO 1200 ENGINE ALM",OK,ENGINE,,ROUGH,,"ADJUSTED IDLE RPM, OPS CHECK GOOD.",,,"IDLE RPM, OPS","ADJUSTED, CHECK",
104123,#2 CYLINDER INTAKE GASKE LEAKING.,OK,#2 CYLINDER,INTAKE GASKE,LEAKING,,REPLACED GASKET.,,,GASKET,REPLACED,
104124,#4 ROCKER COVER SCREW MISSING.,OK,#4,ROCKER COVER SCREW,MISSING,,INSTALLED NEW SCREW.,,NEW,SCREW,INSTALLED,
104125,#3 CYLINDER SIDE BAFFLE SCREW MISSING.,OK,#3 CYLINDER SIDE,BAFFLE SCREW,MISSING,,INSTALLED NEW SCREW.,,NEW,SCREW,INSTALLED,
104126,#2 & 4 INTAKES LEAKING.,OK,#2 & 4,INTAKES,LEAKING,,REMOVED & REPLACED INTAKE GASKETS.,,,INTAKE GASKETS,REMOVED & REPLACED,
104127,ENGINE RAN ROUGH DURING RUN UP.,OK,ENGINE,,ROUGH,,"RAN UP A/C, OPS CHECK GOOD.",,,"A/C , OPS","RAN , CHECK",
104128,ENGINE RAN ROUGH DURING RUN UP.,OK,ENGINE,,ROUGH,,PERFORMED COMPRESSION CHECK ON ALL CYLINDERS; ALL CHECK GOOD.,,,COMPRESSION & CYLINDER,CHECK,
104129,A/C NEEDS RUN UP FOR FINAL CHECKS BEFORE BEING SOLD.,DIFFICULT,,,,,"RAN A/C, ADJUSTED IDLE SPEEDS TO MATCH L/H & R/H SIDES.",,,"A/C, IDLE SPEEDS","RAN, ADJUSTED",
104130,CYLINDER #3 INTAKE GASKET IS LEAKING.,OK,CYLINDER #3,INTAKE GASKET,LEAKING,,REMOVED & REPLACED GASKET WITH NEW.,,NEW,GASKET,REMOVED & REPLACED,
104131,"AFT BAFFLE, R/H SIDE OF ENGINE, HAS SHEARED RIVET.",OK,"AFT BAFFLE, R/H SIDE OF ENGINE",BAFFLE RIVET,SHEARED,,"REMOVED BAFFLE, REPLACED RIVETS WITH SCREWS & REINSTALLED",,,"BAFFLE, RIVETS, SCREWS","REMOVED, REPLACED & REINSTALLED",
104132,"CYLINDER #2, 3 INTAKE GASKETS ARE LEAKING.",OK,"#2, 3",INTAKE GASKETS,LEAKING,,REMOVED & REPLACED GASKETS.,,,GASKETS,REMOVED & REPLACED,
104133,CYLINDER #4 ROCKER COVER GASKET IS LEAKING.,OK,CYLINDER #4,ROCKER COVER GASKET,LEAKING,,REMOVED & REPLACED ROCKER COVER GASKET.,,,ROCKER COVER GASKET,REMOVED & REPLACED,
104134,#2 INTAKE LEAKING.,OK,#2,INTAKE,LEAKING,,REMOVED & REPLACED INTAKE GASKETS.,,,INTAKE GASKETS,REMOVED & REPLACED,
104135,BAFFLE PLUG IS DAMAGED.,OK,,BAFFLE PLUG,DAMAGED,,REMOVED & REPLACED BAFFLE PLUG.,,,BAFFLE PLUG,REMOVED & REPLACED,
104136,L/H ENGINE BAFFLE SEAL LOOSE.,OK,L/H ENGINE,BAFFLE SEAL,LOOSE,,REPLACED RIVET ON BAFFLE SEAL.,,,RIVET,REPLACED,
104137,BAFFLE CRACKED ON R/H ENGINE #1 CYLINDER.,OK,R/H ENGINE #1 CYLINDER,BAFFLE,CRACKED,,STOP DRILLED CRACK.,,,DRILLED CRACK,STOP,
104138,L/H ENGINE CYLINDER #3 & 4 INTAKE GASKETS ARE LEAKING.,OK,L/H ENGINE CYLINDER #3 & 4,INTAKE GASKETS,LEAKING,,"REMOVED, CLEANED & REPLACED WITH NEW GASKETS.",,NEW,GASKETS,"REMOVED , CLEANED & REPLACED",
104139,ENGINE QUIT ON LANDING & DURING ENGINE SHUT DOWN.,OK,ENGINE,,QUIT,,RAN UP A/C & WAS UNABLE TO DUPLICATE DISCREPANCY. OPS C,,,"A/C , OPS","RAN , CHECK",
104140,#1 & 2 INTAKES LEAKING ON L/H ENGINE.,OK,#1 & 2 ON L/H ENGINE,INTAKES,LEAKING,,REMOVED & REPLACED GASKETS.,,,GASKETS,REMOVED & REPLACED,
104141,#2 ROCKER COVER LEAKING ON R/H ENGINE.,OK,#2 ON R/H ENGINE,ROCKER COVER,LEAKING,,REMOVED & REPLACED GASKET.,,,GASKET,REMOVED & REPLACED,
104142,R/H ENGINE #2 INTAKE LEAKS.,OK,R/H ENGINE #2,INTAKE,LEAKS,,REMOVED & REPLACED GASKET.,,,GASKET,REMOVED & REPLACED,
104143,R/H ENGINE #2 COMPRESSION 55 LBS (RINGS LEAKING).,OK,R/H ENGINE #2,RINGS,LEAKING,COMPRESSION ,"RAN UP 2ND TIME, TEMPS NORMAL & PRESSURES NORMAL. NO CHANNEL",,,A/C,RAN,
104144,R/H ENGINE #2 COMPRESSION 55 LBS (RINGS LEAKING).,OK,R/H ENGINE #2,RINGS,LEAKING,COMPRESSION ,"REMOVED #2 CYLINDER & RING, HONED CYL. LEAK CK'ED. VALVES OK",,,"CYLINDER & RING, CYL, VALVES","REMOVED, HONED, CHECKED",
104145,"WHEN PULLED BACK THROTTLE HARD IDLE SEVERAL SECONDS, ENGINE",DIFFICULT,,,,,"RAN A/C, PERFORMED SEASONAL ADJUSTMENT, OPS CHECK GOOD.",,,"A/C, SEASONAL, OPS","RAN, ADJUSTMENT, CHECK",
104146,R/H REAR ENGINE BAFFLE MOUNTING SCREW LOOSE.,OK,R/H REAR ENGINE,BAFFLE MOUNTING SCREW,LOOSE,,TIGHTENED SCREW.,,,SCREW,TIGHTENED,
104147,SNIFFLER VALVES DIRTY.,OK,,SNIFFLER VALVES,DIRTY,,CLEANED SNIFFLER VALVES.,,,SNIFFLER VALVES,CLEANED,
104148,#3 OIL RETURN LINE INTER-COOLER BAFFLING GROMMET WORN.,OK,#3,OIL RETURN LINE INTER-COOLER BAFFLING GROMMET,WORN,,REPLACED GROMMET.,,,GROMMET,REPLACED,
104149,#2 & 4 CYLINDER ROCKER COVERS LEAKING.,OK,#2 & 4 CYLINDER,ROCKER COVERS,LEAKING,,REMOVED & REPLACED GASKETS.,,,GASKETS,REMOVED & REPLACED,
104150,#1 CYLINDER AFT PUSH ROD TUBE STAND OFF RIVET NEEDS TO BE SQUEEZE,OK,#1 CYLINDER AFT,PUSH ROD TUBE STAND OFF RIVET,NEED PROBLEM,,SQUEEZED RIVET.,,,RIVET,SQUEEZED,
104151,R/H ENGINE #2 ROCKER SCREW IS MISSING.,OK,R/H ENGINE #2,ROCKER SCREW,MISSING,,INSTALLED SCREW.,,,SCREW,INSTALLED,
104152,R/H ENGINE #1 INTAKE GASKET IS LEAKING.,OK,R/H ENGINE #1,INTAKE GASKET,LEAKING,,REPLACED GASKET.,,,GASKET,REPLACED,
104153,BLACK FORWARD ENGINE SEAL WORN.,OK,BLACK FORWARD ENGINE,SEAL,WORN,,INSTALLED RTV IN WORN AREAS.,,,RTV,INSTALLED,
104154,#3 CYLINDER INTAKE GASKET LEAKS.,OK,#3 CYLINDER,INTAKE GASKET,LEAKS,,REMOVED & REPLACED GASKET.,,,GASKET,REMOVED & REPLACED,
104155,"BAFFLE SEAL PULLED FREE FROM #2 CYL, AFT.",OK,"#2 CYL, AFT",BAFFLE SEAL,PULLED FREE,,INSTALLED RIVET WITH SMALL WASHER.,,SMALL,"RIVET, WASHER",INSTALLED,
104156,#4 ROCKER COVER LEAKING.,OK,#4,ROCKER COVER,LEAKING,,REMOVED & REPLACED GASKET.,,,GASKET,REMOVED & REPLACED,
104157,#2 & 3 INTAKES LEAKING.,OK,#2 & 3,INTAKES,LEAKING,,REMOVED & REPLACED INTAKE GASKETS.,,,INTAKE GASKETS,REMOVED & REPLACED,
104158,NEW RIVET NEEDED ON #4 CYLINDER BAFFLE SEAL.,OK,#4 CYLINDER,BAFFLE SEAL,REQUIRE PROBLEM,,INSTALLED NEW RIVET.,,NEW,RIVET,INSTALLED,
104159,#3 CYLINDER ROCKER COVER GASKET IS LEAKING.,OK,#3 CYLINDER,ROCKER COVER GASKET,LEAKING,,REMOVED & REPLACED GASKET.,,,GASKET,REMOVED & REPLACED,
104160,#2 INTAKE LEAKING.,OK,#2,INTAKE,LEAKING,,REMOVED & REPLACED INTAKE GASKET.,,,INTAKE GASKET,REMOVED & REPLACED,
104161,#3 & 4 ROCKER COVERS LEAKING.,OK,#3 & 4,ROCKER COVERS,LEAKING,,REMOVED & REPLACED ROCKER COVER GASKETS.,,,ROCKER COVER GASKETS,REMOVED & REPLACED,
104162,CRANKSHAFT SEAL IS LEAKING ON R/H ENGINE.,OK,R/H ENGINE,CRANKSHAFT SEAL,LEAKING,,CLEANED ENGINE AROUND FRONT CRANKSHAFT SEAL. RAN ENGINE,,,"ENGINE, CRANKSHAFT SEAL, ENGINE","CLEANED, CLEANED, RAN",
104163,"#2 & 4 INTAKE GASKETS LEAKING, L/H ENGINE.",OK,#2 & 4,INTAKE GASKETS,LEAKING,,"REMOVED BOTTOM COWL, REMOVED & REPLACED GASKETS. INSTAL",,NEW,"BOTTOM COWL, GASKETS","REMOVED , REMOVED & REPLACED, INSTALLED",
104164,"DURING SHUT DOWN, WHEN THROTTLE WAS PULLED TO IDLE, RPM WOUL",DIFFICULT,,,,,"PERFORMED GROUND RUN UP, PERFORMED SEASONAL ADJUSTMENT.",,,SEASONAL ADJUSTMENT,"GROUND RUN, ADJUSTMENT",
104165,#3 INTAKE LEAKING ON L/H ENGINE.,OK,#3 ON L/H ENGINE,INTAKE,LEAKING,,REMOVED & REPLACED INTAKE GASKET.,,,INTAKE GASKET,REMOVED & REPLACED,
104166,#1 ROCKER COVER LEAKING ON L/H ENGINE.,OK,#1 ON L/H ENGINE,ROCKER COVER,LEAKING,,REMOVED & REPLACED ROCKER COVER GASKET.,,,ROCKER COVER GASKET,REMOVED & REPLACED,
104167,#3 & 4 INTAKES LEAKING ON R/H ENGINE.,OK,#3 & 4 ON R/H ENGINE,INTAKES,LEAKING,,"REMOVED INTAKE TUBES, CLEANED TUBES & CYLINDER INTAKE F",,,"INTAKE TUBES, TUBES, CYLINDER INTAKE","REMOVED , CLEANED & CLEANED",
104168,#2 INTAKE IS LEAKING.,OK,#2,INTAKE,LEAKING,,REMOVED & REPLACED GASKET.,,,GASKET,REMOVED & REPLACED,
104169,ROCKER COVER GASKET CYLINDER #2 LEAKING.,OK,CYLINDER #2,ROCKER COVER GASKET,LEAKING,,REMOVED & REPLACED GASKET.,,,GASKET,REMOVED & REPLACED,
104170,L/H ENGINE #2 & 4 CYLINDER BAFFLE TIE ROD THREADS STRIPPED.,OK,L/H ENGINE #2 & 4 CYLINDER,BAFFLE TIE ROD THREADS,STRIPPED,,REPLACED TIE ROD.,,,TIE ROD,REPLACED,
104171,R/H ENGINE BAFFLE SEALS LOOSE.,OK,R/H ENGINE,BAFFLE SEALS,LOOSE,,SECURED BAFFLE SEALS WITH POP RIVETS.,,,BAFFLE SEALS,SECURED,
104172,#4 INTAKE GASKET IS LEAKING.,OK,#4,INTAKE GASKET,LEAKING,,REPLACED GASKET.,,,GASKET,REPLACED,
104173,CYLINDER #4 INTAKE GASKET LEAKING.,OK,CYLINDER #4,INTAKE GASKET,LEAKING,,REMOVED & REPLACED INTAKE GASKET.,,,INTAKE GASKET,REMOVED & REPLACED,
104174,"ROUGH ENGINE START UNUSUAL INDICATION CYLINDER #4, LOWER TEMPERAT",OK,ENGINE CYLINDER #4,,ROUGH,,"RAN A/C, LEAK CK'ED. OPS & LEAK CHECK GOOD.",,,"A/C, OPS & LEAK","RAN, CHECKED",
104175,"ROUGH ENGINE START UNUSUAL INDICATION CYLINDER #4, LOWER TEMPERAT",OK,ENGINE CYLINDER #4,,ROUGH,,"CYLINDER #4 COMPRESSION TEST FAILED, NO CYLINDER COMPRESSION NOTE",,,CYLINDER COMPRESSION,FAILED,
104176,"ROUGH ENGINE START UNUSUAL INDICATION CYLINDER #4, LOWER TEMPERAT",OK,ENGINE CYLINDER #4,,ROUGH,,CONFIRMED. REMOVED #4 CYL. FOUND EXHAUST VALVE STUCK. R,,,"CYLINDER, EXHAUST VALVE","REMOVED, FOUND",EXHAUST VALVE STUCK
104177,"ROUGH ENGINE START UNUSUAL INDICATION CYLINDER #4, LOWER TEMPERAT",OK,ENGINE CYLINDER #4,,ROUGH,,"PERFORMED GROUND RUN, OPS CHECK GOOD, BUT FOUND EVIDENC",,,OPS,"GROUND RUN , CHECK",
104178,"UPON START UP, MAJOR SHAKING IN COWLING, NO SMOOTHNESS.",OK,,COWLING,SHAKING,,"PERFORMED GROUND RUN, OPS CHECK GOOD.",,,OPS,"GROUND RUN , CHECK",
104179,RIVET SHEARED OFF ON BAFFLE SEAL ABOVE #2 CYL.,OK,ABOVE #2 CYL,BAFFLE SEAL RIVET,SHEARED,,REPLACED RIVET WITH LIKE HARDWARE.,,LIKE HARDWARE,RIVET,REPLACED,
104180,CYLINDER #2 & 3 ROCKER COVER GASKETS LEAKING.,OK,CYLINDER #2 & 3,ROCKER COVER GASKETS,LEAKING,,REMOVED & REPLACED GASKETS.,,,GASKETS,REMOVED & REPLACED,
104181,BAFFLING ON LOWER #4 CYLINDER HAS A CRACK.,OK,LOWER #4 CYLINDER,BAFFLING,CRACK,,STOP DRILLED CRACK.,,,DRILLED CRACK,STOP,
104182,"WHILE DOING UNUSUAL ATTITUDES, ENGINE WAS OVERSPED.",OK,ENGINE,,OVERSPEED,,INSPECTED FLIGHT DATA. VERIFIED A MAX OVERSPEED OF 2702,,,FLIGHT DATA,INSPECTED & VERIFIED,
104183,#1 & 4 ROCKER COVERS ARE LEAKING.,OK,#1 & 4,ROCKER COVERS,LEAKING,,REMOVED & REPLACED ROCKER COVER GASKETS.,,,ROCKER COVER GASKETS,REMOVED & REPLACED,
104184,L/H ENGINE #2 & 4 INTAKES HAVE EVIDENCE OF LEAKING.,OK,L/H ENGINE #2 & 4,INTAKES,LEAKING,,REPLACED GASKETS.,,,GASKETS,REPLACED,
104185,L/H ENGINE OIL COOLER HOSE IS POSITIONED TOO CLOSE TO OIL FILTE,OK,L/H ENGINE,OIL COOLER HOSE,POSITIONED,,LEAK CHECK GOOD.,,,LEAK,CHECK,
104186,L/H ENGINE OIL COOLER HOSE IS POSITIONED TOO CLOSE TO OIL FILTE,OK,L/H ENGINE,OIL COOLER HOSE,POSITIONED,,REPOSITIONED HOSE.,,,HOSE,REPOSITIONED,
104187,#4 INTAKE LEAKING.,OK,#4,INTAKE,LEAKING,,REMOVED & REPLACED INTAKE GASKET.,,,INTAKE GASKET,REMOVED & REPLACED,
104188,R/H BAFFLE PLUG IS WORN.,OK,R/H,BAFFLE PLUG,WORN,,INSTALLED NEW PLUG.,,NEW,PLUG,INSTALLED,
104189,R/H ENGINE #1 & 3 CYLINDER ROCKER COVER GASKETS LEAKING.,OK,R/H ENGINE #1 & 3 CYLINDER,ROCKER COVER GASKETS,LEAKING,,REMOVED & REPLACED GASKETS.,,,GASKETS,REMOVED & REPLACED,
104190,#1 INTAKE GASKET LEAKING.,OK,#1,INTAKE GASKET,LEAKING,,NEW ENGINE INSTALLED.,,NEW,ENGINE,INSTALLED,
104191,L/H BAFFLE TIE RODS BROKEN.,OK,L/H,BAFFLE TIE RODS,BROKEN,,INSTALLED 2 NEW TIE RODS.,,NEW,TIE RODS,INSTALLED,
104192,R/H REAR BAFFLING MOUNT BRACKET LOOSE.,OK,R/H REAR,BAFFLING MOUNT BRACKET,LOOSE,,TIGHTENED SCREWS.,,,SCREWS,TIGHTENED,
104193,CYLINDER #1 ROCKER COVER IS LEAKING.,OK,CYLINDER #1,ROCKER COVER,LEAKING,,REMOVED & REPLACED GASKET.,,,GASKET,REMOVED & REPLACED,
104194,#3 CYLINDER INTAKE GASKET LEAKING.,OK,#3 CYLINDER,INTAKE GASKET,LEAKING,,REMOVED & REPLACED GASKET.,,,GASKET,REMOVED & REPLACED,
104195,#4 CYLINDER ROCKER COVER LEAKING.,OK,#4 CYLINDER,ROCKER COVER,LEAKING,,REMOVED & REPLACED GASKET.,,,GASKET,REMOVED & REPLACED,
104196,"P&W, OVERSPEED GOV WASHER APPLIES.",DIFFICULT,,,,,"INSPECTED L/H & R/H ENGINES, WASHERS CORRECT.",,,"WASHER, ENGINES","INSPECTED, CORRECT",
104197,L/H ENGINE COMPRESSOR HAS 1 BLADE WITH SMALL NICK.,OK,L/H ENGINE,COMPRESSOR BLADE,NICK,,"DRESSED OUT NICK, WELL UNDER ACCEPTABLE LIMITS IAW MAIN",,,NICK,DRESSED OUT,
104198,MOUNTS FOR L/H & R/H OIL/TORQUEMETER MOUNTS CRACKED.,OK,L/H & R/H,OIL/TORQUEMETER MOUNTS,CRACKED,,REPLACED L/H & R/H MOUNTING GROMMETS FOR TOQUEMETER BLO,,,MOUNTING GROMMETS,REPLACED,
104199,ENGINE BAFFLE SNAP PLUGS BAD.,OK,ENGINE,BAFFLE SNAP PLUGS,BAD,,INSTALLED NEW BAFFLE PLUGS.,,NEW,BAFFLE PLUGS,INSTALLED,
104200,#2 INTAKE GASKET LEAKING.,OK,#2,INTAKE GASKET,LEAKING,,REPLACED INTAKE GASKET.,,,INTAKE GASKET,REPLACED,
104201,#1 CYLINDER FORWARD BAFFLE SEAL NEEDS TO BE RESECURED.,OK,#1 CYLINDER FORWARD,BAFFLE SEAL,NEED PROBLEM,,RESECURED BAFFLE SEAL.,,,BAFFLE SEAL,RESECURED,
104202,SIGNS OF OIL LEAKING FROM FORWARD ENGINE CASE BOLTS AT MAIN CRAN,OK,FORWARD ENGINE AT MAIN CRAN,BOLTS,LEAKING,,RETORQUED BOLTS.,,,BOLTS,RETORQUED,
104203,#2 INTAKE LEAKING.,OK,#2,INTAKE,LEAKING,,REMOVED & REPLACED GASKET.,,,GASKET,REMOVED & REPLACED,
104204,"#4 CYL, R/H ENG, INTAKE GASKET LEAKING.",OK,"#4 CYL, R/H ENG",INTAKE GASKET,LEAKING,,REMOVED & REPLACED GASKET WITH NEW.,,NEW,GASKET,REMOVED & REPLACED,
104205,#1 BAFFLE SEAL LOOSE.,OK,#1,BAFFLE SEAL,LOOSE,,SECURED BAFFLE SEAL.,,,BAFFLE SEAL,SECURED,
104206,SAFETY WIRE BROKEN BETWEEN #2 & 4 CYLINDER INTERCYLINDER BAFFLE.,OK,#2 & 4 CYLINDER INTERCYLINDER,BAFFLE SAFETY WIRE,BROKEN,,RESAFETIED INTERCYLINDER BAFFLE.,,,INTERCYLINDER BAFFLE,RESAFETIED,
104207,SNIFFLER VALVES NEEDS TO BE CLEANED.,OK,,SNIFFLER VALVES,NEED PROBLEM,,CLEANED SNIFFLER VALVES.,,,SNIFFLER VALVES,CLEANED,
104208,CYLINDER #3 AFT BAFFLE SCREW MISSING.,OK,CYLINDER #3 AFT,BAFFLE SCREW,MISSING,,INSTALLED NEW SCREW.,,NEW,SCREW,INSTALLED,
104209,#3 INTAKE LEAKING.,OK,#3,INTAKE,LEAKING,,REMOVED & REPLACED INTAKE GASKET.,,,INTAKE GASKET,REMOVED & REPLACED,
104210,OIL COOLER IS DIRTY.,OK,,OIL COOLER,DIRTY,,CLEANED OIL COOLER.,,,OIL COOLER,CLEANED,
104211,#4 CYLINDER HAD LOW COMPRESSION (50 LBS).,OK,#4 CYLINDER,,COMPRESSION,,STAKED EXHAUST; COMPRESSOR UP TO 75/80.,,,"EXHAUST, COMPRESSOR","STAKED, UP",
104212,CYLINDER #3 AFT BAFFLING BRACKET RIVETS ARE SHEARED.,OK,CYLINDER #3 AFT,BAFFLING BRACKET RIVETS,SHEARED,,REMOVED & REPLACED RIVETS WITH SCREWS ON BRACKET.,,SCREWS,"RIVETS, SCREWS, BRACKET",REMOVED & REPLACED,
104213,#1 ROCKER COVER LEAKING ON R/H ENGINE.,OK,#1 ON R/H ENGINE,ROCKER COVER,LEAKING,,REMOVED & REPLACED GASKET.,,,GASKET,REMOVED & REPLACED,
104214,#3 ROCKER COVER LEAKING ON L/H ENGINE.,OK,#3 ON L/H ENGINE,ROCKER COVER,LEAKING,,REMOVED & REPLACED GASKET.,,,GASKET,REMOVED & REPLACED,
104215,#3 INTAKE LEAKING ON R/H ENGINE.,OK,#3 ON R/H ENGINE,INTAKE,LEAKING,,REMOVED & REPLACED INTAKE GASKET.,,,INTAKE GASKET,REMOVED & REPLACED,
104216,#2 & 4 INTAKES LEAKING ON L/H ENGINE.,OK,#2 & 4 ON L/H ENGINE,INTAKES,LEAKING,,REMOVED & REPLACED INTAKE GASKETS.,,,INTAKE GASKETS,REMOVED & REPLACED,
104217,L/H I/B BAFFLE SPRING IS BROKEN.,OK,L/H I/B,BAFFLE SPRING,BROKEN,,REPLACED BAFFLE ROD & SPRING.,,,BAFFLE ROD & SPRING,REPLACED,
104218,FORWARD R/H BAFFLE SEAL IS TORN.,OK,FORWARD R/H,BAFFLE SEAL,TORN,,APPLIED HIGH TEMPERATURE SILICONE TO TEAR.,,,TEAR,APPLIED,
104219,BOTH OIL COOLERS DIRTY.,OK,BOTH,OIL COOLERS,DIRTY,,CLEANED OUT COOLING FINS.,,,COOLING FINS,CLEANED OUT,
104220,#2 CYLINDER BAFFLE BARREL NUT & SCREW MISSING.,OK,#2 CYLINDER,BAFFLE BARREL NUT & SCREW,MISSING,,"INSTALLED NEW NUT, PLUG & HARDWARE ON #2 CYLINDER FOR #2 CYLINDER",,NEW,"NUT, PLUG & HARDWARE",INSTALLED,
104221,SMALL FORWARD SCREEN ON FUEL INJECTOR NEEDS TO BE CLEANED.,OK,FORWARD,SCREEN,NEED PROBLEM,,"REMOVED, CLEANED, INSPECTED, REINSTALLED SMALL FORWARD SCRE",,,SCREEN,"REMOVED , CLEANED , INSPECTED & REINSTALLED",
104222,L/H ENGINE #2 INTAKE HAS EVIDENCE OF LEAKING.,OK,L/H ENGINE #2,INTAKE,LEAKING,,REPLACED GASKET.,,,GASKET,REPLACED,
104223,L/H ENGINE FORWARD I/B BAFFLE LOOSE.,OK,L/H ENGINE FORWARD I/B,BAFFLE,LOOSE,,"DRILLED OUT RIVET, SAFETY WIRED BAFFLE.",,,"RIVET, BAFFLE",DRILLED & SAFETY WIRED,
104224,#3 INTAKE GASKET IS LEAKING.,OK,#3,INTAKE GASKET,LEAKING,,REMOVED & REPLACED GASKET.,,,GASKET,REMOVED & REPLACED,
104225,OIL COOLER IS DIRTY.,OK,,OIL COOLER,DIRTY,,REMVOED DIRT FROM OIL COOLER.,,,OIL COOLER,REMOVED,
104226,R/H ENGINE #4 REAR BAFFLE SEAL PULLED THRU ONE RIVET.,OK,R/H ENGINE #4 REAR,BAFFLE SEAL,PULLED THRU,,INSTALLED NEW RIVET.,,NEW,RIVET,INSTALLED,
104227,L/H ENGINE #1 ROCKER COVER IS MISSING A SCREW.,OK,L/H ENGINE #1,ROCKER COVER SCREW,MISSING,,INSTALLED NEW SCREW ON ROCKER COVER.,,NEW,SCREW,INSTALLED,
104228,#4 INTAKE LEAKING.,OK,#4,INTAKE,LEAKING,,REMOVED & REPLACED INTAKE GASKET.,,,INTAKE GASKET,REMOVED & REPLACED,
104229,#2 CYLINDER INTAKE GASKET LEAKING.,OK,#2 CYLINDER,INTAKE GASKET,LEAKING,,REMOVED & REPLACED GASKET.,,,GASKET,REMOVED & REPLACED,
104230,BOTH BAFFLE BUTTONS NEED REPLACEMENT.,OK,BOTH,BAFFLE BUTTONS,NEED PROBLEM,,INSTALLED NEW PLUGS.,,NEW,PLUGS,INSTALLED,
104231,R/H FORWARD ENGINE BAFFLE LOOSE.,OK,R/H FORWARD ENGINE,BAFFLE,LOOSE,,REATTACHED BAFFLE STRIPS.,,,BAFFLE STRIPS,REATTACHED,
104232,#3 INTAKE LEAKING ON L/H ENGINE.,OK,#3 ON L/H ENGINE,INTAKE,LEAKING,,REMOVED & REPLACED GASKET.,,,GASKET,REMOVED & REPLACED,
104233,SCREW MISSING FROM L/H ENGINE #3 ROCKER COVER.,OK,L/H ENGINE #3,ROCKER COVER SCREW,MISSING,,INSTALLED NEW HARDWARE.,,NEW,HARDWARE,INSTALLED,
104234,#2 INTAKE GASKET LEAKING.,OK,#2,INTAKE GASKET,LEAKING,,REMOVED & REPLACED GASKET.,,,GASKET,REMOVED & REPLACED,
104235,"#1, 3 ROCKER GASKETS LEAKING.",OK,"#1, 3",ROCKER GASKETS,LEAKING,,REMOVED & REPLACED GASKETS.,,,GASKETS,REMOVED & REPLACED,
104236,FORWARD LOWER BLACK BAFFLE SEAL WORN.,OK,FORWARD LOWER,BLACK BAFFLE SEAL,WORN,,INSTALLED RTV IN WORN AREAS.,,,RTV,INSTALLED,
104237,SCREW MISSING ON R/H #1 & 3 BAFFLE.,OK,R/H #1 & 3,BAFFLE SCREW,MISSING,,INSTALLED NEW SCREW.,,NEW,SCREW,INSTALLED,
104238,"L/H ENG, CYLINDER #3 INTAKE GASKET LEAKING.",OK,"L/H ENG, CYLINDER #3",INTAKE GASKET,LEAKING,,REMOVED & REPLACED INTAKE GASKET.,,,INTAKE GASKET,REMOVED & REPLACED,
104239,#4 ROCKER COVER LEAKING.,OK,#4,ROCKER COVER,LEAKING,,REPLACED ROCKER COVER GASKET.,,,ROCKER COVER GASKET,REPLACED,
104240,#2 CYLINDER BAD COMPRESSION: 20/80.,OK,#2 CYLINDER,,COMPRESSION,,"REMOVED CYL, FOUND BURNT EXHAUST VALVE. REPLACED VALVE",,,"CYLINDER, EXHAUST VALVE, VALVE","REMOVED, FOUND, REPLACED",BURNT EXHAUST VALVE
104241,ENGINE ROUGHNESS ON FINAL. PRECAUTIONARY LANDING.,OK,ENGINE,,ROUGHNESS,,RAN UP ENGINE. ENGINE RUNS SMOOTH THROUGH ALL OPERATING,,,ENGINE,"RAN , RAN",
104242,FORWARD LOWER BLACK SEAL HAS WORN SPOTS FOR AIR INTAKE (ENG).,OK,FORWARD LOWER,BLACK SEAL,WORN,,INSTALLED BLACK RTV TO WORN AREAS.,,,RTV,INSTALLED,
104243,#4 INTAKE GASKET IS LEAKING.,OK,#4,INTAKE GASKET,LEAKING,,REMOVED & REPLACED GASKET.,,,GASKET,REMOVED & REPLACED,
104244,#4 INTAKE LEAKING.,OK,#4,INTAKE,LEAKING,,REMOVED & REPLACED GASKET.,,,GASKET,REMOVED & REPLACED,
104245,#4 CYLINDER COMPRESSION @ ZERO PSI.,OK,#4 CYLINDER,,COMPRESSION,,OPS & LEAK CHECK GOOD.,,,OPS & LEAK,CHECK,
104246,#4 CYLINDER COMPRESSION @ ZERO PSI.,OK,#4 CYLINDER,,COMPRESSION,,"REMOVED CYL, FOUND EXHAUST VALVE BURNT. REPLACED VALVE",,,"CYL, VALVE","REMOVED, REPLACED",
104247,#4 CYLINDER COMPRESSION @ ZERO PSI.,OK,#4 CYLINDER,,COMPRESSION,,"COMPLETED INSTALL OF BAFFLES, LINES, PLUG WIRING & INTA",,,"BAFFLES, LINES, PLUG WIRING, INTA",COMPLETED INSTALL,
104248,CYLINDER #2 INTAKE GASKET LEAKING.,OK,CYLINDER #2,INTAKE GASKET,LEAKING,,REMOVED & REPLACED GASKET.,,,GASKET,REMOVED & REPLACED,
104249,ALL 4 ROCKER COVERS ARE LEAKING.,OK,ALL 4,ROCKER COVERS,LEAKING,,REMOVED & REPLACED ALL ROCKER COVER GASKETS.,,,ROCKER COVER GASKETS,REMOVED & REPLACED,
104250,ROCKER COVER CYLINDER #2 & 3 LEAKING.,OK,CYLINDER #2 & 3,ROCKER COVER,LEAKING,,REMOVED & REPLACED ROCKER COVER GASKETS.,,,ROCKER COVER GASKETS,REMOVED & REPLACED,
104251,VACUUM PUMP HAS POSSIBLE OIL LEAK.,OK,VACUUM PUMP,OIL,LEAK,,LEAK CHECK GOOD.,,,LEAK,CHECK,
104252,VACUUM PUMP HAS POSSIBLE OIL LEAK.,OK,VACUUM PUMP,OIL,LEAK,,"INSPECTED, FOUND ALL NUTS LOOSE. TIGHTENED.",,,NUTS,INSPECTED & FOUND & TIGHTENED,NUTS LOOSE
104253,TOP ENGINE CASE BOLT IS LEAKING.,OK,TOP ENGINE CASE,BOLT,LEAKING,,"REMOVED BOLT, INSTALLED HIGH TEMPERATURE SILICONE, INSTALLED B",,HIGH TEMPERATURE,"BOLT, SILICONE, B","REMOVED, INSTALLED, INSTALLED",
104254,#2 SIDE BAFFLE SEAL LOOSE ON BAFFLE.,OK,#2 SIDE,BAFFLE SEAL,LOOSE,,SECURED BAFFLE SEAL WITH RIVET.,,,BAFFLE SEAL,SECURED,
104255,#2 INTAKE GASKET LEAKING.,OK,#2,INTAKE GASKET,LEAKING,,REMOVED & REPLACED GASKET.,,,GASKET,REMOVED & REPLACED,
104256,#1 CYLINDER NEEDS TO BE CHANGED BACK TO A LUECO ASSY.,OK,#1 CYLINDER,,NEED PROBLEM,,REPLACED CYLINDER ASSEMBLY USING NEW LUECO CYLINDER ASSEMBLY,,LUECO CYLINDER ASSEMBLY,CYLINDER ASSEMBLY,REPLACED,
104257,#4 CYLINDER NEEDS TO BE CHANGED BACK TO A LUECO ASSY.,OK,#4 CYLINDER,,NEED PROBLEM,,"REPLACED CYLINDER ASSEMBLY USING NEW LUECO, TORQUED",,LUECO,CYLINDER ASSEMBLY,"REPLACED, TORQUED",
104258,OVERSPEED PROP FOR APPROX 3 SECONDS.,OK,,PROP,OVERSPEED,,C/W ENGINE INSP AFTER OVERSPEED. COMPRESSIONS:,,,"ENGINE, COMPRESSIONS",INSP,
104259,OVERSPEED PROP FOR APPROX 3 SECONDS.,OK,,PROP,OVERSPEED,,DOWN LOAD DATA & FOUND OVESPEED TO BE BETWEEN 5 & 10% I,,,DATA,DOWN LOADED & FOUND,OVESPEED 
104260,R/H UPPER BAFFLING BETWEEN #1 & 3 CYLINDER HAS WORN STAPLE.,OK,R/H UPPER BAFFLING BETWEEN #1 & 3 CYLINDER,STAPLE,WORN,,INSTALLED RIVET TO LOOSE AREA.,,,RIVET,INSTALLED,
104261,#2 ROCKER COVER GASKET LEAKING.,OK,#2,ROCKER COVER GASKET,LEAKING,,REPLACED ROCKER COVER GASKET.,,,ROCKER COVER GASKET,REPLACED,
104262,INTAKE CYLINDER #2 LEAKING.,OK,CYLINDER #2,INTAKE,LEAKING,,REMOVED & REPLACED GASKET.,,,GASKET,REMOVED & REPLACED,
104263,"ROCKER COVER GASKET, CYLINDER #2, LEAKING.",OK,CYLINDER #2,ROCKER COVER GASKET,LEAKING,,REMOVED & REPLACED GASKET.,,,GASKET,REMOVED & REPLACED,
104264,#3 & 4 INTAKES LEAKING.,OK,#3 & 4,INTAKES,LEAKING,,REMOVED & REPLACED GASKETS.,,,GASKETS,REMOVED & REPLACED,
104265,#1 BAFFLE SEAL LOOSE.,OK,#1,BAFFLE SEAL,LOOSE,,SECURED WITH 1 RIVET.,,,RIVET,SECURED,
104266,BAFFLE PLUGS NEED TO BE REPLACED.,OK,,BAFFLE PLUGS,NEED PROBLEM,,REPLACED BOTH PLUGS.,,,PLUGS,REPLACED,
104267,#2 INTAKE GASKET IS LEAKING.,OK,#2,INTAKE GASKET,LEAKING,,REMOVED & REPLACED INTAKE GASKET.,,,INTAKE GASKET,REMOVED & REPLACED,
104268,RIVET LOOSE ON BAFFLE SEAL ON #1 CYL.,OK,#1 CYL,BAFFLE SEAL RIVET,LOOSE,,REMOEVD & REPLACED RIVET.,,,RIVET,REMOVED & REPLACED,
104269,"CYLINDER #2 INTAKE LEAKING, CYLINDER #4 INTAKE LEAKING.",OK,"#2,#4 CYLINDER",INTAKE,LEAKING,,REMOVED & REPLACED INTAKE GASKETS.,,,INTAKE GASKETS,REMOVED & REPLACED,
104270,"WORN GROMMET ON ENGINE AFT BAFFLE, ON GROMMET HOLE FOR OIL P",OK,ENGINE AFT BAFFLE,GROMMET,WORN,,INSTALLED NEW GROMMET.,,NEW,GROMMET,INSTALLED,
104271,FOREIGN OBJECT DAMAGE ON #1 CYLINDER,OK,#1 CYLINDER,FOREIGN OBJECT,DAMAGE,,REMOVED FOREIGN OBJECT DAMAGE,,,FOREIGN OBJECT DAMAGE,REMOVED,
104272,WRENCH BY ACCESORY CASE,DIFFICULT,,,,,REMOVED WRENCH,,,WRENCH,REMOVED,
104273,#3 ROCKER COVER GASKET LEAKING.,OK,#3,ROCKER COVER GASKET,LEAKING,,REMOVED & REPLACED GASKET.,,,GASKET,REMOVED & REPLACED,
104274,"LOWER RUBBER DRAIN LINES, FOR CYLINDER, CLAMPS ARE LOOSE.",OK,CYLINDER,CLAMPS,LOOSE,,SECURED ALL CLAMPS ON OIL RETURN LINES.,,,CLAMPS,SECURED,
104275,#4 CYLINDER BAFFLE HOLE WORN.,OK,#4 CYLINDER,BAFFLE HOLE,WORN,,"RIVETED PATCH ON BAFFLE. RIVETING DONE IAW ,",,,"PATCH, BAFFLE","RIVETED, RIVETING DONE",
104276,#3 ROCKER COVER LEAKING.,OK,#3,ROCKER COVER,LEAKING,,REMOVED & REPLACED GASKET.,,,GASKET,REMOVED & REPLACED,
104277,#4 INTAKE LEAKING.,OK,#4,INTAKE,LEAKING,,REMOVED & REPLACED INTAKE GASKET.,,,INTAKE GASKET,REMOVED & REPLACED,
104278,#1 ROCKER COVER IS LEAKING.,OK,#1,ROCKER COVER,LEAKING,,REMOVED & REPLACED ROCKER COVER GASKET.,,,ROCKER COVER GASKET,REMOVED & REPLACED,
104279,ALL 4 OIL RETURN LINES ARE LEAKING.,OK,ALL 4,OIL RETURN LINES,LEAKING,,TIGHTENED ALL OIL DRAIN LINE HOSE CLAMPS.,,,OIL DRAIN LINE HOSE CLAMPS,TIGHTENED,
104280,"#1, 3 ROCKER COVER GASKETS LEAKING.",OK,"#1, 3",ROCKER COVER GASKETS,LEAKING,,"REMOVED COVERS, CLEANED & REPLACED WITH NEW SILICONE GASK",,NEW,"COVERS, GASKET","REMOVED , CLEANED & REPLACED",
104281,SNIFFLER VALVES NEED TO BE CLEANED.,OK,,SNIFFLER VALVES,NEED PROBLEM,,CLEANED BOTH SNIFFLER VALVES.,,,SNIFFLER VALVES,CLEANED,
104282,BAFFLE SCREW MISSING BY OIL FILLER TUBE.,OK,BY OIL FILLER TUBE,BAFFLE SCREW,MISSING,,REPLACED SCREW.,,,SCREW,REPLACED,
104283,#4 INTAKE LEAKING.,OK,#4,INTAKE,LEAKING,,REPLACED GASKET.,,,GASKET,REPLACED,
104284,"#4 INTAKE GASKET LEAKING, L/H ENGINE.",OK,"#4, L/H ENGINE",INTAKE GASKET,LEAKING,,TORQUED BOLTS ON INTAKE.,,,BOLTS,TORQUED,
104285,"#3/2 INTAKE GASKETS LEAKING, R/H ENGINE.",OK,R/H ENGINE #3/2,INTAKE GASKETS,LEAKING,,TORQUED BOLTS ON INTAKES.,,,"BOLTS, INTAKES","TORQUED, TORQUED",
104286,#3 INTAKE TUBE GASKET LEAKING.,OK,#3,INTAKE TUBE GASKET,LEAKING,,INSTALLED NEW GASKET.,,NEW,GASKET,INSTALLED,
104287,BAFFLE IS CRACKED ON PREVIOUS REPAIR ON #1 CYL.,OK,#1 CYL,BAFFLE,CRACKED,,REMOVED & REPLACED BAFFLE SECTION WITH REPAIRED BAFFLE.,,REPAIRED,BAFFLE SECTION,REMOVED & REPLACED,
104288,ROCKER COVER GASKET #2 LEAKING.,OK,#2,ROCKER COVER GASKET,LEAKING,,RESET GASKET.,,,GASKET,RESET,
104289,CYLINDER #4 AFT BAFFLE SCREW IS LOOSE.,OK,CYLINDER #4 AFT,BAFFLE SCREW,LOOSE,,TIGHTENED LOOSE SCREW.,,,SCREW,TIGHTENED,
104290,"INTAKE GASKETS #2, 4, 1 LEAKING.",OK,"#2, 4, 1",INTAKE GASKETS,LEAKING,,REMOVED & REPLACED GASKETS.,,,GASKETS,REMOVED & REPLACED,
104291,TOP SIDE BAFFLES NEEDS TO BE SECURED.,OK,TOP SIDE,BAFFLES,NEED PROBLEM,,"RESECURED CYLINDER #1, 2 & 4 BAFFLE SEALS.",,,BAFFLE SEALS,RESECURED,
104292,R/H AFT BAFFLE BRACKET LOOSE.,OK,R/H AFT,BAFFLE BRACKET,LOOSE,,REMOVED #4 AFT BAFFLE FROM ENGINE. RESECURED BRACKET &,,,"AFT BAFFLE, BRACKET","REMOVED, RESECURED",
104293,L/H ENGINE #3 INTAKE LEAKING.,OK,L/H ENGINE #3,INTAKE,LEAKING,,REMOVED & REPLACED GASKET.,,,GASKET,REMOVED & REPLACED,
104294,R/H ENGINE #2 INTAKE IS LEAKING.,OK,R/H ENGINE #2,INTAKE,LEAKING,,REMOVED & REPLACED WITH NEW INTAKE GASKET.,,NEW,INTAKE GASKET,REMOVED & REPLACED,
104295,#4 INTAKE GASKET LEAKING.,OK,#4,INTAKE GASKET,LEAKING,,REMOVED & REPLACED GASKET.,,,GASKET,REMOVED & REPLACED,
104296,ALTERNATOR OUTPUT WIRE LOOSE.,OK,ALTERNATOR,OUTPUT WIRE,LOOSE,,SECURED OUTPUT WIRE.,,,OUTPUT WIRE,SECURED,
104297,BAFFLE TIE WIRES NOT SECURED.,OK,,BAFFLE TIE WIRES,NOT SECURED,,RESECURED BAFFLE TIES.,,,BAFFLE TIES,RESECURED,
104298,#4 AFT BAFFLE SEAL OFF 2 RIVETS.,OK,#4 AFT,BAFFLE SEAL,OFF,,RESECURED BAFFLE SEAL.,,,BAFFLE SEAL,RESECURED,
104299,#2 FORWARD BAFFLE SEAL DISCONNECTED FOR 3 RIVETS.,OK,#2 FORWARD,BAFFLE SEAL,DISCONNECTED,,RESECURED BAFFLE.,,,BAFFLE,RESECURED,
104300,#2 FORWARD BAFFLE CHAFING #2 DRAIN LINE.,OK,#2 FORWARD,BAFFLE,CHAFING,,SEPERATED BAFFLE & DRAIN LINE.,,,BAFFLE & DRAIN LINE,SEPERATED,
104301,#3 AFT BAFFLE CHAFING #3 DRAIN LINE.,OK,#3 AFT,BAFFLE,CHAFING,,SEPERATED BAFFLE & DRAIN LINE. INSTALLED HEAT RESISTANT,,HEAT RESISTANT,BAFFLE & DRAIN LINE,SEPERATED & INSTALLED,
104302,ENGINE BAFFLE PLUG WORN OUT.,OK,ENGINE,BAFFLE PLUG,WORN,,INSTALLED NEW PLUGS.,,NEW,PLUGS,INSTALLED,
104303,FUZZ IN OIL COOLER.,OK,,OIL COOLER,FUZZ,,RMOVED FUZZ.,,,FUZZ,REMOVED,
104304,CYLINDER #2 INTAKE GASKET IS LEAKING.,OK,CYLINDER #2,INTAKE GASKET,LEAKING,,REMOVED & REPLACED GASKET.,,,GASKET,REMOVED & REPLACED,
104305,CYLINDER #2 & 4 ROCKER COVER GASKETS LEAKING.,OK,CYLINDER #2 & 4,ROCKER COVER GASKETS,LEAKING,,REMOVED & REPLACED GASKETS.,,,GASKETS,REMOVED & REPLACED,
104306,PILOT NOTICED WHISTLING NOISE ON RUN UP.,OK,,,NOISE,,"RAN A/C, UNABLE TO DUPLICATE.",,,A/C,RAN,
104307,L/H ENGINE #2 INTAKE GASKET LEAKING.,OK,L/H ENGINE #2,INTAKE GASKET,LEAKING,,REPLACED GASKET.,,,GASKET,REPLACED,
104308,R/H ENGINE MANIFOLD PRESSURE FITTING LOOSE.,OK,R/H ENGINE,MANIFOLD PRESSURE FITTING,LOOSE,,TIGHTENED FITTING.,,,FITTING,TIGHTENED,
104309,R/H ENGINE CYLINDER #3 & 2 INTAKE GASKETS LEAKING.,OK,R/H ENGINE CYLINDER #3 & 2,INTAKE GASKETS,LEAKING,,REMOVED & REPLACED INTAKE GASKETS.,,,INTAKE GASKETS,REMOVED & REPLACED,
104310,1 & 3 CYLINDER ROCKER COVERS LEAK.,OK,1 & 3 CYLINDER,ROCKER COVERS,LEAK,,LEAK CHECK GOOD.,,,LEAK,CHECK,
104311,BACKBONE OF ENGINE BAFFLING NEEDS TO BE SEALED.,OK,ENGINE,BACKBONE OF BAFFLING,NEED PROBLEM,,SEALED AREA.,,,RTV,SEALED,
104312,FORWARD LOWER BLACK ENGINE SEAL WEARING AT AIR INTAKE CAMLOCKS.,OK,FORWARD LOWER BLACK ENGINE,SEAL,WORN,,SEALED AREAS WITH RTV.,,,RTV,SEALED,
104313,1 & 3 CYLINDER ROCKER COVERS LEAK.,OK,1 & 3 CYLINDER,ROCKER COVERS,LEAK,,"REPLACED BOTH GASKETS, CLEANED OFF OLD, INSTALLED.",,,"GASKETS, GASKETS","REPLACED, CLEANED, INSTALLED",
104314,#2 CYLINDER WIRE STANDOFF BROKEN.,OK,#2 CYLINDER,WIRE STANDOFF,BROKEN,,REMOVED & REPLACED STANDOFF & ZIP TIES.,,,"STANDOFF, ZIP TIES",REMOVED & REPLACED,
104315,#3 & 4 INTAKES LEAKING ON R/H ENG.,OK,#3 & 4 ON R/H ENG,INTAKES,LEAKING,,REMOVED & REPLACED INTAKE GASKETS.,,,INTAKE GASKETS,REMOVED & REPLACED,
104316,"#3, 2 & 4 INTAKES LEAKING ON L/H ENG.",OK,"#3, 2 & 4 ON L/H ENG",INTAKES,LEAKING,,REMOVED & REPLACED INTAKE GASKETS.,,,INTAKE GASKETS,REMOVED & REPLACED,
104317,"PROP OVERSPEED, 2720 RPM FOR 1 SECOND.",OK,,PROP,OVERSPEED,,RESEARCHED FDM CARD DATA & FOUND RPM TO REACH 2723. LES,,,FDM CARD DATA,RESEARCHED,
104318,L/H ENGINE #3 & 4 INTAKES ARE LEAKING.,OK,L/H ENGINE #3 & 4,INTAKES,LEAKING,,REMOVED & REPLACED GASKETS.,,,GASKETS,REMOVED & REPLACED,
104319,R/H ENGINE #2 & 3 INTAKES ARE LEAKING.,OK,R/H ENGINE #2 & 3,INTAKES,LEAKING,,REMOVED & REPLACED GASKETS.,,,GASKETS,REMOVED & REPLACED,
104320,L/H ENGINE ALL ROCKER COVERS ARE LEAKING.,OK,L/H ENGINE ALL,ROCKER COVERS,LEAKING,,REMOVED & REPLACED GASKETS.,,,GASKETS,REMOVED & REPLACED,
104321,"FORWARD ENGINE SEAL WORN ABOVE VACUUM PUMP, R/H SIDE.",OK,"FORWARD ENGINE ABOVE VACUUM PUMP, R/H SIDE",SEAL,WORN,,SEALED AREA WITH RTV.,,,RTV,SEALED,
104322,R/H FORWARD BAFFLE HAS BROKEN SUPPORT.,OK,R/H FORWARD,BAFFLE SUPPORT,BROKEN,,FABRICATED BRACKET & INSTALLED AT SAME POSITION.,,,BRACKET,FABRICATED & INSTALLED,
104323,#4 CYLINDER MISSING SCREW FOR ROCKER COVER/BAFFLE.,OK,#4 CYLINDER,ROCKER COVER/BAFFLE SCREW,MISSING,,INSTALLED SCREW & NEW LOCK WASHER.,,NEW,"SCREW, LOCK WASHER",INSTALLED,
104324,R/H ENGINE #3 INTAKE GASKET LEAKING.,OK,R/H ENGINE #3,INTAKE GASKET,LEAKING,,REMOVED & REPLACED GASKET WITH NEW.,,NEW,GASKET,REMOVED & REPLACED,
104325,L/H ENGINE #1 ROCKER BOX COVER GASKET LEAKING.,OK,L/H ENGINE #1,ROCKER BOX COVER GASKET,LEAKING,,REMOVED & REPLACED GASKET.,,,GASKET,REMOVED & REPLACED,
104326,L/H ENGINE #3 & 2 INTAKE GASKETS LEAKING.,OK,L/H ENGINE #3 & 2,INTAKE GASKETS,LEAKING,,REMOVED & REPLACED GASKETS WITH NEW.,,NEW,GASKETS,REMOVED & REPLACED,
104327,R/H ENGINE #2 & 3 ROCKER BOX COVER GASKETS LEAKING.,OK,R/H ENGINE #2 & 3,ROCKER BOX COVER GASKETS,LEAKING,,REMOVED & REPLACED GASKETS.,,,GASKETS,REMOVED & REPLACED,
104328,R/H ENGINE BAFFLE SEALS LOOSE.,OK,R/H ENGINE,BAFFLE SEALS,LOOSE,,REPLACED BAFFLE SEAL MATERIAL & SECURED WITH POP RIVETS.,,,"BAFFLE SEAL MATERIAL, POP RIVETS",REPLACED & SECURED,
104329,RPM OVERSPEED.,OK,,,OVERSPEED,,C/W LYCOMING INSP FOR LESS THAN 5% OVERSPEED. V,,,LYCOMING INSP,INSP,
104330,#2 INTAKE GASKET HAS SIGNS OF LEAKING.,OK,#2,INTAKE GASKET,LEAKING,,REMOVED & REPLACED GASKET.,,,GASKET,REMOVED & REPLACED,
104331,"TIE WRAP MISSING BY #1 CYLINDER ANCHOR, FOR WIRES.",OK,#1 CYLINDER ANCHOR,TIE WRAP,MISSING,,INSTALLED NEW TIE WRAP.,,NEW,TIE WRAP,INSTALLED,
104332,#2 INTAKE GASKET LEAKING.,OK,#2,INTAKE GASKET,LEAKING,,REMOVED & REPLACED GASKET.,,,GASKET,REMOVED & REPLACED,
104333,ALL INTAKE HOSE CLAMPS LOOSE.,OK,ALL,INTAKE HOSE CLAMPS,LOOSE,,TIGHTENED ALL CLAMPS.,,,CLAMPS,TIGHTENED,
104334,#2 INTAKE GASKET LEAKING.,OK,#2,INTAKE GASKET,LEAKING,,REMOVED & REPLACED GASKET.,,,GASKET,REMOVED & REPLACED,
104335,#3 INTAKE GASKET LEAKING.,OK,#3,INTAKE GASKET,LEAKING,,REMOVED & REPLACED GASKET.,,,GASKET,REMOVED & REPLACED,
104336,RIVETS WORN THRU AT CENTER LINE OF AFT BAFFLE.,OK,CENTER LINE OF AFT,BAFFLE RIVETS,WORN,,DRILLED OUT RIVETS & INSTALLED NEW HARDWARE.,,NEW,"RIVETS, HARDWARE",DRILLED OUT & INSTALLED,
104337,#3 INTAKE GASKET LEAKING.,OK,#3,INTAKE GASKET,LEAKING,,REPLACED GASKET.,,,GASKET,REPLACED,
104338,CYLINDER #3 AFT BAFFLE BRACKETS LOOSE.,OK,CYLINDER #3 AFT,BAFFLE BRACKETS,LOOSE,,OIL LEAK LEAK CHECK GOOD.,,,LEAK,CHECK,
104339,#1 & 4 ROCKER COVER GASKETS LEAKING.,OK,#1 & 4,ROCKER COVER GASKETS,LEAKING,,REMOVED & REPLACED GASKETS.,,,GASKETS,REMOVED & REPLACED,
104340,CYLINDER #3 AFT BAFFLE BRACKETS LOOSE.,OK,CYLINDER #3 AFT,BAFFLE BRACKETS,LOOSE,,REMOVED & REPLACED RIVETS. REINSTALLED BAFFLE.,,,"RIVETS, BAFFLE","REMOVED & REPLACED , REINSTALLED",
104341,CYLINDER #4 AFT BAFFLE IS CRACKED.,OK,CYLINDER #4 AFT,BAFFLE,CRACKED,,"STOP DRILLED CRACK, FABRICATED PATCH & RIVETED IAW CESS",,,"DRILLED CRACK , PATCH, RIVET","STOP , FABRICATED & RIVETED",
104342,LOWER BLACK SEAL ABOVE INTAKE WORN SPOTS.,OK,ABOVE INTAKE,BLACK SEAL,WORN,,FILLED AREAS IN WITH RTV.,,,RTV,FILLED,
104343,R/H ENGINE BOLT MISSING ON AFT #1 CYLINDER BAFFLE.,OK,R/H ENGINE AFT #1 CYLINDER,BAFFLE BOLT,MISSING,,REPLACED BOLT.,,,BOLT,REPLACED,
104344,L/H ENGINE #2 & 3 ROCKER GASKETS ARE LEAKING.,OK,L/H ENGINE #2 & 3,ROCKER GASKETS,LEAKING,,REPLACED GASKETS.,,,GASKETS,REPLACED,
104345,"L/H ENGINE #1, 2 & 4 INTAKE GASKETS ARE LEAKING.",OK,"L/H ENGINE #1, 2 & 4",INTAKE GASKETS,LEAKING,,REPLACED GASKETS.,,,GASKETS,REPLACED,
104346,"R/H ENG, #2 & 4 ROCKER COVERS LEAKING.",OK,"R/H ENG, #2 & 4",ROCKER COVERS,LEAKING,,REMOVED & REPLACED GASKETS.,,,GASKETS,REMOVED & REPLACED,
104347,R/H ENGINE #2 & 3 CYLINDER INTAKE GASKETS LEAKING.,OK,R/H ENGINE #2 & 3 CYLINDER,INTAKE GASKETS,LEAKING,,REMOVED & REPLACED GASKETS.,,,GASKETS,REMOVED & REPLACED,
104348,L/H ENGINE HAS SOME LOOSE BAFFLE SEALS.,OK,L/H ENGINE,BAFFLE SEALS,LOOSE,,RESECURED LOOSE BAFFLE SEAL ON L/H SIDE OF L/H ENG.,,,BAFFLE SEAL,RESECURED,
104349,2 BAFFLE TIE RODS NEED TO BE REPLACED.,OK,,BAFFLE TIE RODS,NEED PROBLEM,,REPLACED TIE RODS.,,,TIE RODS,REPLACED,
104350,CYLINDER #1 FORWARD BAFFLE SEAL NEEDS TO BE SECURED.,OK,CYLINDER #1 FORWARD,BAFFLE SEAL,NEED PROBLEM,,SECURED BAFFLE SEAL.,,,BAFFLE SEAL,SECURED,
104351,#3 & 4 INTAKE GASKETS LEAKING.,OK,#3 & 4,INTAKE GASKETS,LEAKING,,REMOVED & REPLACED INTAKE GASKETS.,,,INTAKE GASKETS,REMOVED & REPLACED,
104352,#4 INTAKE GASKET LEAKING.,OK,#4,INTAKE GASKET,LEAKING,,REMOVED & REPLACED GASKET.,,,GASKET,REMOVED & REPLACED,
104353,BAFFLE PLUGS NEEDS TO BE REPLACED.,OK,,BAFFLE PLUGS,NEED PROBLEM,,REPLACED BAFFLE PLUGS.,,,BAFFLE PLUGS,REPLACED,
104354,BAFFLING CRACKED BY OIL COOLER ON L/H ENGINE.,OK,L/H ENGINE,BAFFLING,CRACKED,,STOP DRILLED CRACK.,,,DRILLED CRACK,STOP,
104355,"#3, 4 INTAKE GASKETS LEAKING ON R/H ENGINE.",OK,"#3, 4 ON R/H ENGINE",INTAKE GASKETS,LEAKING,,REMOVED & REPLACED GASKETS.,,,GASKETS,REMOVED & REPLACED,
104356,#4 ROCKER COVER GASKET LEAKING ON R/H ENGINE.,OK,#4 R/H ON ENGINE,ROCKER COVER GASKET,LEAKING,,REMOVED & REPLACED GASKET.,,,GASKET,REMOVED & REPLACED,
104357,L/H ENGINE CYLINDER #2 & 3 INTAKE GASKETS ARE LEAKING.,OK,L/H ENGINE CYLINDER #2 & 3,INTAKE GASKETS,LEAKING,,REMOVED & REPLACED GASKETS.,,,GASKETS,REMOVED & REPLACED,
104358,#4 INTAKE LEAKING.,OK,#4,INTAKE,LEAKING,,REPLACED GASKET.,,,GASKET,REPLACED,
104359,SCREW MISSING IN #3 SIDE BAFFLE.,OK,#3 SIDE,BAFFLE SCREW,MISSING,,INSTALLED SCREW.,,,SCREW,INSTALLED,
104360,ADEL CLAMP ON BATTERY MOUNT IS TOO LARGE.,OK,BATTERY MOUNT,ADEL CLAMP,LARGE,,INSTALLED SMALLER ADEL CLAMP.,,SMALLER,ADEL CLAMP,INSTALLED,
104361,CYLINDER #2 & 4 INTAKE GASKETS LEAKING.,OK,CYLINDER #2 & 4,INTAKE GASKETS,LEAKING,,REMOVED & REPLACED INTAKE GASKETS WITH NEW.,,NEW,INTAKE GASKETS,REMOVED & REPLACED,
104362,R/H ENGINE #4 CYLINDER LOW ON COMPRESSION (30 LBS).,OK,R/H ENGINE #4 CYLINDER,,COMPRESSION,,REMOVED R/H ENGINE #4 CYL.,,,CYL,REMOVED,
104363,R/H ENGINE #3 & 4 CYLINDER INTAKES LEAKING.,OK,R/H ENGINE #3 & 4 CYLINDER,INTAKES,LEAKING,,REMOVED & REPLACED R/H #3 CYLINDER INTAKE GASKET,,,INTAKE GASKET,REMOVED & REPLACED,
104364,R/H ENGINE #4 CYLINDER LOW ON COMPRESSION (30 LBS).,OK,R/H ENGINE #4 CYLINDER,,COMPRESSION,,"INSTALLED REPAIRED CYLINDER ASSY, FOUND EXHAUST LIFTER TO BE",,REPAIRED,CYLINDER ASSY,INSTALLED,
104365,R/H ENGINE #4 CYLINDER LOW ON COMPRESSION (30 LBS).,OK,R/H ENGINE #4 CYLINDER,,COMPRESSION,,"ADDED 8 QTS OF MINERAL OI. RAN ENGINE, NO LEAKS. OPS CHECK",,,"OIL , ENGINE, OPS","ADDED,RAN,CHECK",
104366,#4 BAFFLE PLUG MISSING.,OK,#4,BAFFLE PLUG,MISSING,,REPLACED MISSING PLUG.,,,PLUG,REPLACED,
104367,#1 CYLINDER INTAKE GASKET LEAKING.,OK,#1 CYLINDER,INTAKE GASKET,LEAKING,,REMOVED & REPLACED GASKET.,,,GASKET,REMOVED & REPLACED,
104368,#4 BAFFLE WIRE CHAFING #4 OIL RETURN TUBE.,OK,#4,BAFFLE WIRE,CHAFING,,REPLACED TENSION WIRE.,,,TENSION WIRE,REPLACED,
104369,"#4 CYLINDER HAS LOW COMPRESSION, LEAKING THROUGH EXHAUST VALVE (2",OK,#4 CYLINDER,EXHAUST VALVE,LEAKING,,LEAK CHECK GOOD.,,,LEAK,CHECK,
104370,"#4 CYLINDER HAS LOW COMPRESSION, LEAKING THROUGH EXHAUST VALVE (2",OK,#4 CYLINDER,EXHAUST VALVE,LEAKING,COMPRESSION,STARTED TO REMOVE #4 BAFFLES.,,,BAFFLES,REMOVED,
104371,"#4 CYLINDER HAS LOW COMPRESSION, LEAKING THROUGH EXHAUST VALVE (2",OK,#4 CYLINDER,EXHAUST VALVE,LEAKING,COMPRESSION,FINISHED REMOVING CYLINDER ASSY. INSTALLED REPAIRED CYLINDER ASSEMBLY,,REPAIRED,CYLINDER ASSY,REMOVED & INSTALLED,
104372,"#4 CYLINDER HAS LOW COMPRESSION, LEAKING THROUGH EXHAUST VALVE (2",OK,#4 CYLINDER,EXHAUST VALVE,LEAKING,COMPRESSION,"RECK'ED CLEARANCE, FOUND W/IN SPECS. STARTED INSTALLING",,,CLEARANCE,CHECKED & STARTED INSTALLING,
104373,"#4 CYLINDER HAS LOW COMPRESSION, LEAKING THROUGH EXHAUST VALVE (2",OK,#4 CYLINDER,EXHAUST VALVE,LEAKING,,"REINSTALLED INTAKE, ROCKER COVER, EXHAUST & REROUTED HA",,,"INTAKE, ROCKER COVER, EXHAUST",REINSTALLED & REROUTED,
104374,#3 INTAKE TUBE GASKET LEAKING.,OK,#3,INTAKE TUBE GASKET,LEAKING,,REMOVED & REPLACED GASKET.,,,GASKET,REMOVED & REPLACED,
104375,BOLT MISSING ON AFT BAFFLING.,OK,AFT,BAFFLING BOLT,MISSING,,INSTALLED BOLT.,,,BOLT,INSTALLED,
104376,CYLINDER #4 INTAKE GASKET IS LEAKING.,OK,CYLINDER #4,INTAKE GASKET,LEAKING,,REMOVED & REPLACED GASKET WITH NEW.,,NEW,GASKET,REMOVED & REPLACED,
104377,"BAFFLE ATTACHMENT TAB, BEHIND OIL TUBE, IS LOOSE.",OK,BEHIND OIL TUBE,BAFFLE ATTACHMENT TAB,LOOSE,,TIGHTENED SCREWS.,,,SCREWS,TIGHTENED,
104378,1 BAFFLING PLUG WORN.,OK,1,BAFFLING PLUG,WORN,,INSTALLED NEW PLUG.,,NEW,PLUG,INSTALLED,
104379,"#1, 3 & 4 INTAKES LEAK.",OK,"#1, 3 & 4",INTAKES,LEAK,,REPLACED ALL 3 INTAKE GASKETS.,,,INTAKE GASKETS,REPLACED,
104380,"LOWER BLACK SEAL ON ENG, WORN AT ENGINE INTAKE.",OK,ENGINE INTAKE LOWER ,BLACK SEAL,WORN,,SEALED AREA WITH RTV.,,,RTV,SEALED,
104381,BACKBONE LEAKS AT BOLT IN MIDDLE.,OK,MIDDLE,BACKBONE,LEAKS,,INSTALLED HIGH TEMPERATURE SEALANT & RETORQUED BOLT.,,HIGH TEMPERATURE,"SEALANT, BOLT",INSTALLED & RETORQUED,
104382,"#1, 2, 4 INTAKE GASKETS LEAKING.",OK,"#1, 2, 4",INTAKE GASKETS,LEAKING,,REMOVED & REPLACED GASKETS.,,,GASKETS,REMOVED & REPLACED,
104383,R/H BAFFLE PLUG REQUIRES REPLACEMENT.,OK,R/H,BAFFLE PLUG,REQUIRE PROBLEM,,REMOVED & REPLACED PLUG WITH NEW.,,NEW,PLUG,REMOVED & REPLACED,
104384,#3 & 4 INTAKE GASKETS ARE LEAKING.,OK,#3 & 4,INTAKE GASKETS,LEAKING,,REPLACED BOTH GASKETS.,,,GASKETS,REPLACED,
104385,BOTH BAFFLE PLUGS NEED TO BE REPLACED.,OK,BOTH,BAFFLE PLUGS,NEED PROBLEM,,REPLACED BOTH BAFFLE PLUGS.,,,BAFFLE PLUGS,REPLACED,
104386,#2 CYLINDER INTAKE LEAKS.,OK,#2 CYLINDER,INTAKE,LEAKS,,REPLACED GASKET.,,,GASKET,REPLACED,
104387,SCREW MISSING ON R/H ENGINE BAFFLING.,OK,R/H ENGINE,BAFFLING SCREW,MISSING,,INSTALLED NEW SCREW.,,NEW,SCREW,INSTALLED,
104388,#2 INTAKE GASKET IS LEAKING.,OK,#2,INTAKE GASKET,LEAKING,,REPLACED GASKET.,,,GASKET,REPLACED,
104389,#2 & 4 INTAKES LEAKING ON L/H ENGINE.,OK,#2 & 4 ON L/H ENGINE,INTAKES,LEAKING,,REMOVED & REPLACED GASKETS.,,,GASKETS,REMOVED & REPLACED,
104390,L/H ENGINE WON'T START.,OK,L/H ENGINE,,WON'T START,,L/H ENGINE STILL HARD TO START,,,L/H ENGINE,START,
104391,L/H ENGINE CYLINDER #4 BAFFLE SEAL NEEDS TO BE RESECURED.,OK,L/H ENGINE CYLINDER #4,BAFFLE SEAL,NEED PROBLEM,,REMOVED & REPLACED BAFFLE.,,,BAFFLE,REMOVED & REPLACED,
104392,#2 INTAKE TUBE GASKET LEAKING.,OK,#2,INTAKE TUBE GASKET,LEAKING,,INSTALLED NEW GASKET.,,NEW,GASKET,INSTALLED,
104393,#4 ROCKER COVER GASKET IS LEAKING.,OK,#4,ROCKER COVER GASKET,LEAKING,,REMOVED & REPLACED GASKET.,,,GASKET,REMOVED & REPLACED,
104394,#2 INTAKE IS LEAKING.,OK,#2,INTAKE,LEAKING,,REMOVED & REPLACED GASKET.,,,GASKET,REMOVED & REPLACED,
104395,#2 & 4 INTAKE GASKETS LEAKING.,OK,#2 & 4,INTAKE GASKETS,LEAKING,,REMOVED & REPLACED GASKETS.,,,GASKETS,REMOVED & REPLACED,
104396,"#2, 3 INTAKE GASKETS LEAKING.",OK,"#2, 3",INTAKE GASKETS,LEAKING,,REMOVED & REPLACED GASKETS WITH NEW.,,NEW,GASKETS,REMOVED & REPLACED,
104397,L/H & R/H BAFFLE PLUGS BROKEN.,OK,L/H & R/H,BAFFLE PLUGS,BROKEN,,REMOVED & REPLACED BAFFLE PLUGS.,,,BAFFLE PLUGS,REMOVED & REPLACED,
104398,#2 & 3 ROCKER COVER GASKETS LEAKING.,OK,#2 & 3,ROCKER COVER GASKETS,LEAKING,,REMOVED & REPLACED GASKETS.,,,GASKETS,REMOVED & REPLACED,
104399,BOLT LEAKING ON TOP OF ENGINE.,OK,TOP OF ENGINE,BOLT,LEAKING,,"RESEALED BOLT & APPLIED HIGH TEMPERATURE RTB TO TOP OF CASE, A",,,"BOLT, RTB",RESEALED & APPLIED,
104400,R/H BAFFLE PLUG IS MISSING.,OK,R/H,BAFFLE PLUG,MISSING,,REPLACED PLUG.,,,PLUG,REPLACED,
104401,R/H ENGINE #2 & 4 INTAKE GASKETS LEAKING.,OK,R/H ENGINE #2 & 4,INTAKE GASKETS,LEAKING,,REMOVED & REPLACED GASKETS.,,,GASKETS,REMOVED & REPLACED,
104402,#2 INTAKE LEAKING.,OK,#2,INTAKE,LEAKING,,REMOVED & REPLACED GASKET.,,,GASKET,REMOVED & REPLACED,
104403,#2 INTAKE LEAKING.,OK,#2,INTAKE,LEAKING,,REMOVED & REPLACED GASKET.,,,GASKET,REMOVED & REPLACED,
104404,CYLINDER #4 INTAKE GASKET IS LEAKING.,OK,CYLINDER #4,INTAKE GASKET,LEAKING,,REMOVED & REPLACED GASKET WITH NEW.,,NEW,GASKET,REMOVED & REPLACED,
104405,AT FULL THROTTLE; THERE WAS ENGINE ROUGHNESS.,OK,ENGINE,,ROUGHNESS,,"RAN UP A/C, CHECK IDLE, MIXTURE & FULL THROTTLE OPERATI",,,"A/C, IDLE, MIXTURE, FULL THROTTLE","RAN , CHECK",
104406,R/H ENGINE #3 INTAKE LEAKING.,OK,R/H ENGINE #3,INTAKE,LEAKING,,REPLACED GASKET.,,,GASKET,REPLACED,
104407,LEFT ENGINE #2 INTAKE LEAKING.,OK,LEFT ENGINE #2,INTAKE,LEAKING,,REPLACED GASKET.,,,GASKET,REPLACED,
104408,#4 ROCKER COVER GASKET LEAKING.,OK,#4,ROCKER COVER GASKET,LEAKING,,REMOVED & REPLACED GASKET.,,,GASKET,REMOVED & REPLACED,
104409,#1 INTAKE GASKET LEAKING.,OK,#1,INTAKE GASKET,LEAKING,,REMOVED & REPLACED GASKET.,,,GASKET,REMOVED & REPLACED,
104410,#1 ROCKER COVER GASKET LEAKING.,OK,#1,ROCKER COVER GASKET,LEAKING,,REMOVED & REPLACED GASKET.,,,GASKET,REMOVED & REPLACED,
104411,1 BAFFLE PLUG MISSING.,OK,1,BAFFLE PLUG,MISSING,,INSTALLED MISSING PLUG WITH NEW.,,NEW,PLUG,INSTALLED,
104412,#1 CYLINDER NEEDS TO BE REPLACED,OK,#1 CYLINDER,,NEED PROBLEM,,"RUN UP, LEAK CHECK GOOD.",,,LEAK,"RUN , CHECK",
104413,#2 CYLINDER NEEDS TO BE REPLACED,OK,#2 CYLINDER,,NEED PROBLEM,,"RUN UP, LEAK CHECK GOOD.",,,LEAK,"RUN , CHECK",
104414,#3 CYLINDER NEEDS TO BE REPLACED,OK,#3 CYLINDER,,NEED PROBLEM,,"RUN UP, LEAK CHECK GOOD.",,,LEAK,"RUN , CHECK",
104415,#4 CYLINDER NEEDS TO BE REPLACED,OK,#4 CYLINDER,,NEED PROBLEM,,"RUN UP, LEAK CHECK GOOD.",,,LEAK,"RUN , CHECK",
104416,ENGINE BREAK-IN FLIGHT REQUIRED IAW FOR CYLINDER CHANNEL,DIFFICULT,,,,,FOR FLIGHT.,,,,,
104417,#1 CYLINDER NEEDS TO BE REPLACED,OK,#1 CYLINDER,,NEED PROBLEM,,REPLACED CYLINDER WITH NEW CYLINDER ASSY. TORQUED TO CASE.,,NEW,CYLINDER,"REPLACED, TORQUED TO CASE",
104418,#2 CYLINDER NEEDS TO BE REPLACED,OK,#2 CYLINDER,,NEED PROBLEM,,"REPLACED CYLINDER WITH NEW CYLINDER ASSY, TORQUED TO CASE.",,NEW,CYLINDER ASSY,REPLACED & TORQUED,
104419,#1 CYLINDER NEEDS TO BE REPLACED,OK,#1 CYLINDER,,NEED PROBLEM,,"COMPLETED INSTALL OF LINES & BAFFLING, INTAKE & EXHAUST",,,"LINES & BAFFLING, INTAKE & EXHAUST",COMPLETED INSTALL,
104420,#2 CYLINDER NEEDS TO BE REPLACED,OK,#2 CYLINDER,,NEED PROBLEM,,"COMPLETED INSTALL OF LINES & BAFFLING, INTAKE & EXHAUST",,,"LINES & BAFFLING, INTAKE & EXHAUST",COMPLETED INSTALL,
104421,#3 CYLINDER NEEDS TO BE REPLACED,OK,#3 CYLINDER,,NEED PROBLEM,,REPLACED CYLINDER WITH NEW CYLINDER ASSEMBLY & TORQUED. INSTALLED LINES,,NEW,"CYLINDER, LINES","REPLACED & TORQUED , INSTALLED",
104422,#4 CYLINDER NEEDS TO BE REPLACED,OK,#4 CYLINDER,,NEED PROBLEM,,REPLACED CYLINDER WITH NEW CYLINDER ASSEMBLY & TORQUED. INSTALLED LINES,,NEW,"CYLINDER, LINES","REPLACED & TORQUED , INSTALLED",
104423,#2 CYLINDER INTAKE GASKET LEAKING.,OK,#2 CYLINDER,INTAKE GASKET,LEAKING,,REMOVED & REPLACED GASKET.,,,GASKET,REMOVED & REPLACED,
104424,"2 POP RIVETS LOOSE ON BAFFLE, AFT OF #4 CYL.",OK,AFT OF #4 CYL,BAFFLE RIVET,LOOSE,,REPLACED RIVETS.,,,RIVETS,REPLACED,
104425,ENGINE BAFFLE PLUGS (TABS) BROKEN.,OK,ENGINE,BAFFLE PLUGS (TABS),BROKEN,,REMOVED & REPLACED BAFFLE PLUGS.,,,BAFFLE PLUGS,REMOVED & REPLACED,
104426,"INTAKES #2, 3 & 4 LEAKING ON L/H ENGINE.",OK,"#2, 3 & 4 ON L/H ENGINE",INTAKES,LEAKING,,REMOVED & REPLACED GASKETS.,,,GASKETS,REMOVED & REPLACED,
104427,"INTAKES #1, 2, 3 & 4 LEAKING ON R/H ENGINE.",OK,"#1, 2, 3 & 4 ON R/H ENGINE",INTAKES,LEAKING,,REMOVED & REPLACED ALL GASKETS WITH NEW.,,NEW,GASKETS,REMOVED & REPLACED,
104428,R/H ENGINE #2 INTAKE IS LEAKING.,OK,R/H ENGINE #2,INTAKE,LEAKING,,REMOVED & REPLACED GASKET.,,,GASKET,REMOVED & REPLACED,
104429,L/H ENGINE #3 & 4 INTAKES ARE LEAKING.,OK,L/H ENGINE #3 & 4,INTAKES,LEAKING,,REMOVED & REPLACED INTAKE GASKETS.,,,INTAKE GASKETS,REMOVED & REPLACED,
104430,OIL COOLER NEEDS CLEANING.,OK,,OIL COOLER,NEED PROBLEM,,CLEANED OIL COOLER.,,,OIL COOLER,CLEANED,
104431,#2 & 4 INTAKE GASKET LEAKING.,OK,#2 & 4,INTAKE GASKET,LEAKING,,REMOVED & REPLACED INTAKE GASKETS.,,,INTAKE GASKETS,REMOVED & REPLACED,
104432,R/H BAFFLE PLUG BROKEN ON #3 CYL.,OK,R/H ON #3 CYL,BAFFLE PLUG,BROKEN,,REMOVED & REPLACED BAFFLE PLUG.,,,BAFFLE PLUG,REMOVED & REPLACED,
104433,ENGINE BAFFLE PLUGS DAMAGED.,OK,ENGINE,BAFFLE PLUGS,DAMAGED,,INSTALLED NEW BAFFLE PLUGS.,,NEW,BAFFLE PLUGS,INSTALLED,
104434,#3 INTAKE LEAKING ON R/H ENGINE.,OK,#3 ON R/H ENGINE,INTAKE,LEAKING,,REMOVED & REPLACED GASKET.,,,GASKET,REMOVED & REPLACED,
104435,INTAKE #4 LEAKING ON L/H ENGINE.,OK,#4 ON L/H ENGINE,INTAKE,LEAKING,,REMOVED & REPLACED GASKET.,,,GASKET,REMOVED & REPLACED,
104436,#2 INTAKE GASKET LEAKING.,OK,#2,INTAKE GASKET,LEAKING,,REPLACED INTAKE GASKET.,,,INTAKE GASKET,REPLACED,
104437,#4 INTAKE GASKET LEAKING.,OK,#4,INTAKE GASKET,LEAKING,,REMOVED & REPLACED GASKET.,,,GASKET,REMOVED & REPLACED,
104438,#4 INTAKE LEAKING.,OK,#4,INTAKE,LEAKING,,ERMOVED & REPLACED GASKET.,,,GASKET,REMOVED & REPLACED,
104439,L/H ENGINE #4 INTAKE LEAKING.,OK,L/H ENGINE #4,INTAKE,LEAKING,,REMOVED & REPLACED GASKET.,,,GASKET,REMOVED & REPLACED,
104440,R/H ENGINE #4 & 3 INTAKE GASKETS LEAK.,OK,R/H ENGINE #4 & 3,INTAKE GASKETS,LEAK,,REPLACED #3 INTAKE GASKET.,,,INTAKE GASKET,REPLACED,
104441,R/H ENGINE #4 & 3 INTAKE GASKETS LEAK.,OK,R/H ENGINE #4 & 3,INTAKE GASKETS,LEAK,,REPLACED #4 INTAKE GASKET.,,,INTAKE GASKET,REPLACED,
104442,#2 INTAKE LEAKING ON L/H ENG.,OK,#2 ON L/H ENG,INTAKE,LEAKING,,REMOVED & REPLACED GASKET.,,,GASKET,REMOVED & REPLACED,
104443,#4 INTAKE GASKET LEAKING ON L/H ENGINE.,OK,#4 ON L/H ENGINE,INTAKE GASKET,LEAKING,,REPLACED GASKETS.,,,GASKETS,REPLACED,
104444,#4 INTAKE GASKET LEAKING ON R/H ENG.,OK,#4 ON R/H ENG,INTAKE GASKET,LEAKING,,REMOVED & REPLACED GASKET.,,,GASKET,REMOVED & REPLACED,
104445,#3 INTAKE GASKET LEAKING ON R/H ENGINE.,OK,#3 ON R/H ENGINE,INTAKE GASKET,LEAKING,,REMOVED & REPLACED GASKET.,,,GASKET,REMOVED & REPLACED,
104446,#1 ROCKER COVER GASKET LEAKING ON R/H ENG.,OK,#1 ON R/H ENG,ROCKER COVER GASKET,LEAKING,,REMOVED & REPLACED WITH SILICONE GASKET.,,SILICONE,GASKET,REMOVED & REPLACED,
104447,L/H ENGINE #3 ROCKER COVER IS LEAKING.,OK,L/H ENGINE #3,ROCKER COVER,LEAKING,,REMOVED & REPLACED GASKET.,,,GASKET,REMOVED & REPLACED,
104448,L/H ENGINE #2 & 3 INTAKES ARE LEAKING.,OK,L/H ENGINE #2 & 3,INTAKES,LEAKING,,INSTALLED NEW INTAKE GASKETS.,,NEW,INTAKE GASKETS,INSTALLED,
104449,L/H ENGINE ALL ROCKER COVER DRAIN HOSE CLAMPS ARE LEAKING.,OK,L/H ENGINE ALL,ROCKER COVER DRAIN HOSE CLAMPS,LEAKING,,TIGHTENED CLAMPS.,,,CLAMPS,TIGHTENED,
104450,R/H ENGINE #3 ROCKER COVER IS LEAKING.,OK,R/H ENGINE #3,ROCKER COVER,LEAKING,,REMOVED & REPLACED ROCKER COVER GASKET.,,,ROCKER COVER GASKET,REMOVED & REPLACED,
104451,R/H ENGINE ALL ROCKER COVER DRAIN HOSE CLAMPS ARE LEAKING.,OK,R/H ENGINE ALL,ROCKER COVER DRAIN HOSE CLAMPS,LEAKING,,TIGHTENED HOSE CLAMPS.,,,HOSE CLAMPS,TIGHTENED,
104452,R/H ENGINE #3 CYLINDER HAS LOW COMPRESSION (58/80).,OK,R/H ENGINE #3 CYLINDER,,COMPRESSION,,"RAN UP A/C, PERFORMED COMPRESSION CK. STAKED EXHAUST VA",,,"A/C, COMPRESSION, EXHAUST VA","RAN , CK, STAKED",
104453,"FORWARD COOLING BAFFLE LOOSE, UNDER ALT.",OK,"FORWARD, UNDER ALT",COOLING BAFFLE,LOOSE,,SECURED LOOSE BAFFLE.,,,BAFFLE,SECURED,
104454,CYLINDER #2 BAFFLE SEAL IS LOOSE.,OK,CYLINDER #2,BAFFLE SEAL,LOOSE,,RESECURED BAFFLE SEAL.,,,BAFFLE SEAL,RESECURED,
104455,#2 & 3 INTAKES LEAKING.,OK,#2 & 3,INTAKES,LEAKING,,REMOVED & REPLACED GASKETS.,,,GASKETS,REMOVED & REPLACED,
104456,L/H & R/H BAFFLE PLUGS WORN.,OK,L/H & R/H,BAFFLE PLUGS,WORN,,REMOVED & REPLACED BAFFLE PLUGS.,,,BAFFLE PLUGS,REMOVED & REPLACED,
104457,L/H ENGINE BAFFLE BY ROCKER COVERS CRACKED.,OK,L/H ENGINE,BAFFLE ROCKER COVERS,CRACKED,,REMOVED & REPLACED L/H ENGINE BAFFLE OVER ROCKER COVERS,,,BAFFLE OVER ROCKER COVERS,REMOVED & REPLACED,
104458,#4 & 3 INTAKE GASKETS LEAKING ON LEFT ENGINE.,OK,#4 & 3 ON LEFT ENGINE,INTAKE GASKETS,LEAKING,,REMOVED & REPLACED GASKETS.,,,GASKETS,REMOVED & REPLACED,
104459,CYLINDER HEAD TEMPERATURE WOULD JUMP 150*F.,OK,CYLINDER HEAD,TEMPERATURE,JUMP,,"REMOVED & REPLACED CHT PROBE, RAN A/C, OPS GOOD.",,,"CHT PROBE, A/C","REMOVED & REPLACED , RAN",
104460,#4 CYLINDER L/H ENGINE BAFFLE SEAL LOOSE.,OK,#4 CYLINDER L/H ENGINE,BAFFLE SEAL,LOOSE,,DRILLED & REPLACED RIVET ON BAFFLE SEAL.,,REPLACED,"RIVET, BAFFLE SEAL",DRILLED & REPLACED,
104461,ALL ROCKER DRAIN LINES LEAKING AT HOSE CLAMPS.,OK,ALL,ROCKER DRAIN LINES,LEAKING,,TIGHTENED ALL ROCKER DRAIN HOSE CLAMPS.,,,ROCKER DRAIN HOSE CLAMPS,TIGHTENED,
104462,#1 - 3 BAFFLE WIRE NOT CONNECTED.,OK,#1 - 3,BAFFLE WIRE,NOT CONNECTED,,REPLACED TIE WIRE ASSY.,,,TIE WIRE ASSY,REPLACED,
104463,"#3 INTAKE GASKET LEAKING, R/H ENG.",OK,#3 R/H ENG,INTAKE GASKET,LEAKING,,REMOVED & REPLACED GASKET.,,,GASKET,REMOVED & REPLACED,
104464,CYLINDER #3 INTAKE GASKET LEAKING ON L/H ENG.,OK,CYLINDER #3 ON L/H ENG,INTAKE GASKET,LEAKING,,REMOVED & REPLACED GASKET.,,,GASKET,REMOVED & REPLACED,
104465,#4 ROCKER COVER LEAKING.,OK,#4,ROCKER COVER,LEAKING,,REMOVED & REPLACED ROCKER COVER GASKET.,,,ROCKER COVER GASKET,REMOVED & REPLACED,
104466,"#1, 2, 4 OIL RETURN LINES LEAKING.",OK,"#1, 2, 4",OIL RETURN LINES,LEAKING,,TIGHTENED RETURN LINES.,,,RETURN LINES,TIGHTENED,
104467,R/H REAR ENGINE BAFFLE SCREW MISSING.,OK,R/H REAR ENGINE,BAFFLE SCREW,MISSING,,INSTALLED NEW SCREW.,,NEW,SCREW,INSTALLED,
104468,#2 ROCKER COVER GASKET LEAKING.,OK,#2,ROCKER COVER GASKET,LEAKING,,REMOVED & REPLACED WITH NEW SILICONE GASKET.,,SILICONE,GASKET,REMOVED & REPLACED,
104469,CRACK ON L/H UPPER BAFFLE.,OK,L/H UPPER,BAFFLE,CRACK,,STOP DRILLED CRACK.,,,DRILLED CRACK,STOP,
104470,#4 ROCKER COVER LEAKING.,OK,#4,ROCKER COVER,LEAKING,,REMOVED & REPLACED GASKET.,,,GASKET,REMOVED & REPLACED,
104471,"#1, 2, 4 INTAKES LEAKING.",OK,"#1, 2, 4",INTAKES,LEAKING,,REMOVED & REPLACED INTAKE GASKETS.,,,INTAKE GASKETS,REMOVED & REPLACED,
104472,POSSIBLE CRANKSHAFT OIL SEAL LEAKING.,OK,,CRANKSHAFT OIL SEAL,LEAKING,,"REMOVED PROP & FLYWHEEL. INSPECTED CRANKSHAFT, NO LEAK",,,"PROP, FLYWHEEL, CRANKSHAFT","REMOVED, INSPECTED",
104473,"AFTER START, ENGINE RAN ROUGH. RPM OVER 1000, ENGINE WOULD SPUTTER",OK,ENGINE,,ROUGH & SPUTTER,,"RAN UP TO OPERATING TEMPS, ENGINE RAN SMOOTH THROUGH AL",,,ENGINE,RAN,
104474,IDLE CHECK RPM DECREASED TO ZERO.,OK,IDLE CHECK RPM,,RPM,,"RAN UP TO TEMPS, CLEARED PLUGS, OPS CHECK GOOD WITH GOOD",,,"TEMPS, PLUGS, OPS","RAN , CLEARED, CHECKED",
104475,#3 BAFFLE TIE ROD BROKEN.,OK,#3,BAFFLE TIE ROD,BROKEN,,REPLACED TIE ROD.,,,TIE ROD,REPLACED,
104476,"#3, 4 INTAKES LEAKING.",OK,"#3, 4",INTAKES,LEAKING,,REMOVED & REPLACED GASKETS.,,,GASKETS,REMOVED & REPLACED,
104477,#3 INTAKE GASKET LEAKING.,OK,#3,INTAKE GASKET,LEAKING,,REMOVED & REPLACED INTAKE GASKET.,,,INTAKE GASKET,REMOVED & REPLACED,
104478,CYLINDER #3 INTAKE GASKET IS LEAKING.,OK,CYLINDER #3,INTAKE GASKET,LEAKING,,REMOVED & REPLACED GASKET.,,,GASKET,REMOVED & REPLACED,
104479,#4 INTAKE LEAKING ON L/H ENGINE.,OK,#4 ON L/H ENGINE,INTAKE,LEAKING,,REMOVED & REPLACED GASKET.,,,GASKET,REMOVED & REPLACED,
104480,#3 ROCKER COVER LEAKING ON R/H ENGINE.,OK,#3 ON R/H ENGINE,ROCKER COVER,LEAKING,,REMOVED & REPLACED GASKET.,,,GASKET,REMOVED & REPLACED,
104481,#1 & 3 ROCKER COVERS ARE LEAKING.,OK,#1 & 3,ROCKER COVERS,LEAKING,,REMOVED & REPLACED BOTH ROCKER GASKETS.,,,ROCKER GASKETS,REMOVED & REPLACED,
104482,#2 & 4 INTAKE GASKET HAS EVIDENCE OF LEAKING.,OK,#2 & 4,INTAKE GASKET,LEAKING,,REPLACED BOTH INTAKE GASKETS.,,,INTAKE GASKET,REPLACED,
104483,"#2 CYLINDER FAILED @ .031"".",OK,#2 CYLINDER,,FAILED,,FOR BREAK-IN FLIGHT.,,,,,
104484,"#3 CYLINDER FAILED @ .032"".",OK,#3 CYLINDER,,FAILED,,FOR BREAK-IN FLIGHT.,,,,,
104485,"#4 CYLINDER FAILED @ .033"".",OK,#4 CYLINDER,,FAILED,,FOR BREAK-IN FLIGHT.,,,,,
104486,"#4 CYLINDER FAILED @ .033"".",OK,#4 CYLINDER,,FAILED,,"REASSEMBLED CYL, DRY TAPPET CLEARANCE CHECK GOOD.",,,"CYL, TAPPET CLEARANCE",REASSEMBLED & DRY CHECK,
104487,"#1 CYLINDER VALVE GUIDE FAILED @ .035"".",OK,#1 CYLINDER,VALVE GUIDE,FAILED,,FOR BREAK-IN FLIGHT.,,,,,
104488,"#2 CYLINDER FAILED @ .031"".",OK,#2 CYLINDER,,FAILED,,"COMPLETED REASSEMBLY, DRY TAPPET CLEARANCE CHECK GOOD.",,,TAPPET CLEARANCE,COMPLETED & CHECK,
104489,"#2 CYLINDER FAILED @ .031"".",OK,#2 CYLINDER,,FAILED,,DISASSEMBLED ENGINE AS NECESSARY TO REMOVE CYL. INSTALL,,,"ENGINE, CYL","DISASSEMBLED, REMOVE, INSTALL",
104490,"#3 CYLINDER FAILED @ .032"".",OK,#3 CYLINDER,,FAILED,,DISASSEMBLED ENGINE. REMOVED CYLINDER. INSTALLED CYLINDER KI,,KI,"ENGINE, CYLINDER","DISASSEMBLED, REMOVED, INSTALLED",
104491,"#4 CYLINDER FAILED @ .033"".",OK,#4 CYLINDER,,FAILED,,DISASSEMBLED ENGINE. REMOVED CYLINDER. INSTALLED CYLINDER KI,,KI,"ENGINE, CYLINDER","DISASSEMBLED, REMOVED, INSTALLED",
104492,"#3 CYLINDER FAILED @ .032"".",OK,#3 CYLINDER,,FAILED,,REASSEMBLED CYL. EXHAUST PUSH ROD TOO SHORT. REPLACED P,,,"CYL, EXHAUST PUSH ROD, P","REASSEMBLED, REPLACED",
104493,"#1 CYLINDER VALVE GUIDE FAILED @ .035"".",OK,#1 CYLINDER,VALVE GUIDE,FAILED,,DISASSEMBLED ENGINE AS NECESSARY TO REMOVE CYL. INSTALL,,,"ENGINE, CYL","DISASSEMBLED, REMOVE, INSTALL",
104494,"#1 CYLINDER VALVE GUIDE FAILED @ .035"".",OK,#1 CYLINDER,VALVE GUIDE,FAILED,,"COMPLETED REASSEMBLY, EXHAUST PUSH ROD TOO SHORT. REPLA",,,EXHAUST PUSH ROD,COMPLETED REASSEMBLY & REPLACED,
104495,#2 INTAKE GASKET LEAKING.,OK,#2,INTAKE GASKET,LEAKING,,REMOVED & REPLACED INTAKE GASKET.,,,INTAKE GASKET,REMOVED & REPLACED,
104496,R/H BAFFLE PLUG BROKEN.,OK,R/H,BAFFLE PLUG,BROKEN,,REMOVED & REPLACED PLUG.,,,PLUG,REMOVED & REPLACED,
104497,"L/H ENG, R/H REAR BAFFLE CRACKED.",OK,"L/H ENG, R/H REAR",BAFFLE,CRACKED,,STOP DRILLED CRACKS.,,,DRILLED CRACK,STOP,
104498,R/H ENGINE #2 & 4 INTAKE TUBE GASKETS LEAK.,OK,R/H ENGINE #2 & 4,INTAKE TUBE GASKETS,LEAK,,INSTALLED NEW GASKETS.,,NEW,GASKETS,INSTALLED,
104499,L/H ENGINE #2 INTAKE TUBE GASKET LEAKING.,OK,L/H ENGINE #2,INTAKE TUBE GASKET,LEAKING,,INSTALLED NEW INTAKE TUBE GASKET.,,NEW,INTAKE TUBE GASKET,INSTALLED,
104500,#2 ROCKER COVER GASKET LEAKING.,OK,#2,ROCKER COVER GASKET,LEAKING,,REPLACED GASKET.,,,GASKET,REPLACED,
104501,FOREIGN OBJECT DAMAGE ON TOP OF STARTER,OK,TOP OF STARTER ,FOREIGN OBJECT,DAMAGE,,REMOVED FOD.,,,FOD,REMOVED,
104502,BAFFLING ON #3 CYLINDER CRACKED.,OK,#3 CYLINDER,BAFFLING,CRACKED,,STOP DRILLED CRACK.,,,DRILLED CRACK,STOP,
104503,"#2, 4 CYLINDER BAFFLING TENSION RODS NOT CONNECTED.",OK,"#2, 4 CYLINDER",BAFFLING TENSION RODS,NOT CONNECTED,,"FOUND REAR BAFFLE TENSION ROD TO BE BROKEN, REPLACED TE",,,BAFFLE TENSION ROD,FOUND & REPLACED,REAR BAFFLE TENSION ROD TO BE BROKEN
104504,SNIFFLER VALVES DIRTY.,OK,,SNIFFLER VALVES,DIRTY,,CLEANED VALVES.,,,VALVES,CLEANED,
104505,L/H BAFFLE PLUG MISSING.,OK,L/H,BAFFLE PLUG,MISSING,,INSTALLED PLUG.,,,PLUG,INSTALLED,
104506,FORWARD INLET SCREEN ON SERVO NEEDS TO BE CLEANED.,OK,FORWARD,SERVO INLET SCREEN,NEED PROBLEM,,CLEANED SCREEN.,,,SCREEN,CLEANED,
104507,#4 INTAKE GASKET LEAKING ON R/H ENGINE.,OK,#4 ON R/H ENGINE,INTAKE GASKET,LEAKING,,REMOVED & REPLACED GASKET.,,,GASKET,REMOVED & REPLACED,
104508,"L/H ENGINE, ENGINE BAFFLE CRACKED AT OIL COOLER.",OK,L/H ENGINE,BAFFLE,CRACKED,,STOP DRILLED CRACK.,,,DRILLED CRACK,STOP,
104509,"R/H ENGINE, ENGINE BAFFLE CRACKED AT OIL COOLER.",OK,R/H ENGINE,BAFFLE,CRACKED,,STOP DRILLED CRACK.,,,DRILLED CRACK,STOP,
104510,PROP OVERSPEED 2770 FOR 3+ SECONDS.,OK,,PROP,OVERSPEED,,"REVIEWED FDM DATA, SHOWED MOMENTARY RPM OF 2772.5, COMPRESSOR",,,"FDM DATA, COMPRESSOR","REVIEWED, SHOWED",
104511,#1 INTAKE LEAKING.,OK,#1,INTAKE,LEAKING,,REPLACED GASKET.,,,GASKET,REPLACED,
104512,#1 FORWARD BAFFLE CRACKED.,OK,#1 FORWARD,BAFFLE,CRACKED,,STOP DRILLED CRACK.,,,DRILLED CRACK,STOP,
104513,#2 SIDE BAFFLE SEAL LOOSE.,OK,#2 SIDE,BAFFLE SEAL,LOOSE,,RECRIMPED STAPLES.,,,STAPLES,RECRIMPED,
104514,#4 INTAKE GASKET LEAKING.,OK,#4,INTAKE GASKET,LEAKING,,REPLACED INTAKE GASKET.,,,INTAKE GASKET,REPLACED,
104515,#2 & 1 INTAKES LEAKING.,OK,#2 & 1,INTAKES,LEAKING,,REPLACED GASKETS.,,,GASKETS,REPLACED,
104516,#4 INTAKE LEAKS.,OK,#4,INTAKE,LEAKS,,REPLACED GASKET.,,,GASKET,REPLACED,
104517,ENGINE IDLES AT APPROXIMATELY 1000 RPM ON LAST DAILY SHUT DO,DIFFICULT,,,,,"ADJUSTED IDLE ""UP"" TO SPECS, OPS CHECK GOOD.",,,IDLE,ADJUSTED,
104518,#4 INTAKE GASKET LEAKING.,OK,#4,INTAKE GASKET,LEAKING,,REPLACED GASKET.,,,GASKET,REPLACED,
104519,"#1, 3 INTAKE GASKETS LEAKING.",OK,"#1, 3",INTAKE GASKETS,LEAKING,,REMOVED & REPLACED GASKETS.,,,GASKETS,REMOVED & REPLACED,
104520,SCREW FOR BAFFLE BEHIND OIL DIPSTICK TUBE LOOSE.,OK,BEHIND OIL DIPSTICK TUBE,BAFFLE SCREW,LOOSE,,INSTALLED WITH LOCK TITE.,,LOCK TITE,SCREW,INSTALLED,
104521,CYLINDER #1 FORWARD BAFFLE IS CRACKED.,OK,CYLINDER #1 FORWARD,BAFFLE,CRACKED,,STOP DRILLED CRACK.,,,DRILLED CRACK,STOP,
104522,#3 INTAKE GASKET LEAKING ON R/H ENGINE.,OK,#3 ON R/H ENGINE,INTAKE GASKET,LEAKING,,REMOVED & REPLACED GASKET.,,,GASKET,REMOVED & REPLACED,
104523,"#3, 4 INTAKE GASKETS LEAKING ON L/H ENGINE.",OK,"#3, 4 ON L/H ENGINE",INTAKE GASKETS,LEAKING,,REMOVED & REPLACED GASKETS.,,,GASKETS,REMOVED & REPLACED,
104524,ALL 4 INTAKES LEAKING.,OK,ALL 4,INTAKES,LEAKING,,REMOVED & REPLACED GASKETS.,,,GASKETS,REMOVED & REPLACED,
104525,#2 INTAKE GASKET IS LEAKING.,OK,#2,INTAKE GASKET,LEAKING,,REMOVED & REPLACED GASKET.,,,GASKET,REMOVED & REPLACED,
104526,"#2, 3 INTAKE ON R/H ENGINE LEAKING.",OK,"#2, 3 ON R/H ENGINE",INTAKE,LEAKING,,REMOVED & REPLACED GASKETS.,,,GASKETS,REMOVED & REPLACED,
104527,"#3 ROCKER GASKET LEAKS, R/H ENG.",OK,#3 R/H ENGINE,ROCKER GASKET,LEAKS,,REMOVED & REPLACED WITH SILICONE GASKET.,,SILICONE,GASKET,REMOVED & REPLACED,
104528,#2 CYLINDER BAFFLING SEAL UNSECURED ON R/H ENGINE.,OK,#2 CYLINDER ON R/H ENGINE,BAFFLING SEAL,UNSECURED,,RESECURED BAFFLE SEAL WITH POP RIVETS.,,,BAFFLE SEAL,RESECURED,
104529,"L/H ENGINE #2, 3 & 4 INTAKE TUBE GASKETS LEAKING.",OK,"L/H ENGINE #2, 3 & 4",INTAKE TUBE GASKETS,LEAKING,,INSTALLED NEW GASKETS.,,NEW,GASKETS,INSTALLED,
104530,R/H ENGINE #2 & 3 INTAKE TUBE GASKETS LEAKING.,OK,R/H ENGINE #2 & 3,INTAKE TUBE GASKETS,LEAKING,,INSTALLED NEW INTAKE TUBE GASKETS.,,NEW,INTAKE TUBE GASKETS,INSTALLED,
104531,ROCKER COVER SCREW IS MISSING.,OK,,ROCKER COVER SCREW,MISSING,,REPLACED ROCKER COVER SCREW.,,,ROCKER COVER SCREW,REPLACED,
104532,HARDWARE MISSING ON #3 BAFFLE.,OK,#3,BAFFLE HARDWARE,MISSING,,INSTALLED NEW HARDWARE.,,NEW,HARDWARE,INSTALLED,
104533,#1 & 3 SIDE BAFFLE CRACKED.,OK,#1 & 3 SIDE,BAFFLE,CRACKED,,REMOVED & REPLACED BAFFLE.,,,BAFFLE,REMOVED & REPLACED,
104534,#2 & 4 CYLINDER DEFLECTOR CRACKED.,OK,#2 & 4 CYLINDER,DEFLECTOR,CRACKED,,REMOVED & REPLACED DEFLECTOR.,,,DEFLECTOR,REMOVED & REPLACED,
104535,#4 CYLINDER EXHAUST PUSH TUBE HAS DENT.,OK,#4 CYLINDER,EXHAUST PUSH TUBE,DENT,,REMOVED & REPLACED #4 CYLINDER EXHAUST PUSH TUBE.,,,EXHAUST PUSH TUBE,REMOVED & REPLACED,
104536,ALL ENGINE BAFFLING FELT SEALS DAMAGED & ABRASION BUFFER PAD,OK,ALL ENGINE,BAFFLING FELT SEALS & ABRASION BUFFER PAD,DAMAGED,,CLEANED ALL BAFFLING OF OLD FELT & ADHESIVE. CLEANED AB,,,BAFFLING FELT & ADHESIVE,CLEANED,
104537,#2 & 4 ROCKER COVERS ARE LEAKING.,OK,#2 & 4,ROCKER COVERS,LEAKING,,REMOVED & REPLACED GASKETS.,,,GASKETS,REMOVED & REPLACED,
104538,"#2, 3, 4 ROCKER GASKETS LEAKING.",OK,"#2, 3, 4",ROCKER GASKETS,LEAKING,,INSTALLED NEW GASKETS.,,NEW,GASKETS,INSTALLED,
104539,INTAKES 2 & 3 LEAKING ON L/H ENGINE.,OK,2 & 3 ON L/H ENGINE,INTAKES,LEAKING,,REMOVED & REPLACED GASKETS.,,,GASKETS,REMOVED & REPLACED,
104540,#1 ROCKER COVER LEAKING ON L/H ENGINE.,OK,#1 ON L/H ENGINE,ROCKER COVER,LEAKING,,REMOVED & REPLACED GASKET.,,,GASKET,REMOVED & REPLACED,
104541,#3 & 4 INTAKES LEAKING ON R/H ENGINE.,OK,#3 & 4 ON R/H ENGINE,INTAKES,LEAKING,,REMOVED & REPLACED GASKETS.,,,GASKETS,REMOVED & REPLACED,
104542,L/H ENGINE 1ST STAGE COMPRESSOR BLADE IS NICKED.,OK,L/H ENGINE 1ST STAGE,COMPRESSOR BLADE,NICKED,,"INSPECTED & RESEARCHED MX HISTORY, VERIFIED TO HAVE BEE",,,MX HISTORY,INSPECTED & RESEARCHED & VERIFIED,
104543,BREATHER TUBE BLOCKED,OK,,BREATHER TUBE,BLOCKED,,REMOVED BLOCKAGE,,,BLOCKAGE,REMOVED,
104544,COULD NOT START L/H ENGINE.,OK,L/H ENGINE,,COULD NOT START,,PREHEATED L/H ENGINE & STARTED. RAN A/C TO WARM ENGINE.,,,"ENGINE, A/C","PREHEATED & STARTED, RAN",
104545,"WHEN LEANING OUT ENGINE, ENGINE WOULD QUIT & DIE",OK,ENGINE,,QUIT,,RAN A/C & WARMED ENGINE. ALL CHECKS GOOD. NO DEFECTS FO,,,"A/C, ENGINE","RAN & WARMED , CHECK",
104546,START ASSIST NEEDED.,OK,,,NEED PROBLEM,,STARTED A/C FOR PILOT.,,,A/C,STARTED,
104547,#3 INTAKE GASKET LEAKING.,OK,#3,INTAKE GASKET,LEAKING,,REMOVED & REPLACED GASKET.,,,GASKET,REMOVED & REPLACED,
104548,#1 INTAKE LEAKING.,OK,#1,INTAKE,LEAKING,,REMVED & REPLACED GASKET.,,,GASKET,REMOVED & REPLACED,
104549,#3 ROCKER GASKET IS LEAKING.,OK,#3,ROCKER GASKET,LEAKING,,REPLACED GASKET.,,,GASKET,REPLACED,
104550,#2 INTAKE LEAKING.,OK,#2,INTAKE,LEAKING,,REMOVED & REPLACED GASKET.,,,GASKET,REMOVED & REPLACED,
104551,"L/H ENGINE #2, 3, 4 INTAKE GASKETS ARE LEAKING.",OK,"L/H ENGINE #2, 3, 4",INTAKE GASKETS,LEAKING,,REMOVED & REPLACED GASKETS.,,,GASKETS,REMOVED & REPLACED,
104552,R/H ENGINE ALL 4 INTAKE GASKETS ARE LEAKING.,OK,R/H ENGINE ALL 4,INTAKE GASKETS,LEAKING,,REMOVED & REPLACED ALL 4 GASKETS.,,,GASKETS,REMOVED & REPLACED,
104553,RPM REACHED 2770 IN FLIGHT FOR A FEW SECONDS.,OK,,,RPM,,ENGINE SPEED DID NOT EXCEED 5% OR RATED ENGINE SPEED IA,,,ENGINE SPEED,DID NOT EXCEED,
104554,"INITIALLY AFTER TAKE OFF, ON CLIMBOUT; EXPERIENCED SUDDEN LO",DIFFICULT,,,,,"RAN UP A/C, PERFORMED MAG, IDLE/MIXTURE CHECKS MULTIPLE",,,"A/C, MAG, IDLE, MIXTURE","RAN , PERFORMED & CHECKED",
104555,#2 INTAKE LEAKING.,OK,#2,INTAKE,LEAKING,,REMOVED & REPLACED INTAKE GASKET.,,,INTAKE GASKET,REMOVED & REPLACED,
104556,ROCKER COVERS 1 & 3 LEAKING.,OK,1 & 3,ROCKER COVERS,LEAKING,,REMOVED & REPLACED GASKETS.,,,GASKETS,REMOVED & REPLACED,
104557,#2 INTAKE IS LEAKING.,OK,#2,INTAKE,LEAKING,,REMOVED & REPLACED GASKET.,,,GASKET,REMOVED & REPLACED,
104558,#4 ROCKER COVER LEAKS.,OK,#4,ROCKER COVER,LEAKS,,REMOVED & REPLACED GASKET.,,,GASKET,REMOVED & REPLACED,
104559,#2 INTAKE GASKET IS LEAKING.,OK,#2,INTAKE GASKET,LEAKING,,REPLACED GASKET.,,,GASKET,REPLACED,
104560,#2 SIDE BAFFLE SEAL IS LOOSE.,OK,#2 SIDE,BAFFLE SEAL,LOOSE,,SECURED WITH POP RIVETS.,,,POP RIVETS,SECURED,
104561,#4 INTAKE LEAKING.,OK,#4,INTAKE,LEAKING,,REMOVED & REPLACED INTAKE GASKET.,,,INTAKE GASKET,REMOVED & REPLACED,
104562,"#3 INTAKE GASKET LEAKING, R/H ENGINE.",OK,#3 R/H ENGINE,INTAKE GASKET,LEAKING,,REMOVED & REPLACED GASKET.,,,GASKET,REMOVED & REPLACED,
104563,"#1 ROCKER COVER GASKET LEAKING, R/H ENGINE.",OK,"#1, R/H ENGINE",ROCKER COVER GASKET,LEAKING,,REMOVED & REPLACED GASKET.,,,GASKET,REMOVED & REPLACED,
104564,"2, 3, 4 INTAKES ARE LEAKING ON LEFT ENGINE.",OK,"2, 3, 4 ON LEFT ENGINE",INTAKES,LEAKING,,REMOVED & REPLACED INTAKE GASKETS WITH NEW.,,NEW,INTAKE GASKETS,REMOVED & REPLACED,
104565,2 BAFFLE TIE RODS BROKEN.,OK,2,BAFFLE TIE RODS,BROKEN,,REPLACED TIE RODS.,,,TIE RODS,REPLACED,
104566,"#1 CYLINDER EXHAUST VALVE FAILED (EX CLEARANCE .033"").",OK,#1 CYLINDER,EXHAUST VALVE,FAILED,,LEAK CHECK GOOD.,,,LEAK,CHECK,
104567,"#2 CYLINDER EXHAUST VALVE FAILED (EX CLEARNACE .035"").",OK,#2 CYLINDER,EXHAUST VALVE,FAILED,,LEAK CHECK GOOD.,,,LEAK,CHECK,
104568,"#3 CYLINDER EXHAUST VALVE FAILED (EX CLEARNACE .034"").",OK,#3 CYLINDER,EXHAUST VALVE,FAILED,,LEAK CHECK GOOD.,,,LEAK,CHECK,
104569,"#2 CYLINDER EXHAUST VALVE FAILED (EX CLEARNACE .035"").",OK,#2 CYLINDER,EXHAUST VALVE,FAILED,,STARTED DISASSEMBLY.,,,DISASSEMBLY,STARTED,
104570,"#4 CYLINDER EXHAUST VALVE FAILED (EX CLEARNACE .033"").",OK,#4 CYLINDER,EXHAUST VALVE,FAILED,,LEAK CHECK GOOD. FOR MX BREAK-IN FLIGHT.,,,LEAK,CHECK,
104571,"#1 CYLINDER EXHAUST VALVE FAILED (EX CLEARANCE .033"").",OK,#1 CYLINDER,EXHAUST VALVE,FAILED,,"REPLACED CYLINDER WITH NEW CYLINDER. TORQUED TO CASE, STA",,NEW,CYLINDER,REPLACED & TORQUED,
104572,"#1 CYLINDER EXHAUST VALVE FAILED (EX CLEARANCE .033"").",OK,#1 CYLINDER,EXHAUST VALVE,FAILED,,"COMPLETED REASSEMBLY, DRY TAPPET CLEARANCE CHECK GOOD. SER",,,TAPPET CLEARANCE,REASSEMBLY & CHECK,
104573,"#2 CYLINDER EXHAUST VALVE FAILED (EX CLEARNACE .035"").",OK,#2 CYLINDER,EXHAUST VALVE,FAILED,,"REPLACED CYLINDER, TORQUED TO CASE, DRY TAPPET CLEARANC",,,CYLINDER,"REPLACED, TORQUED",
104574,"#3 CYLINDER EXHAUST VALVE FAILED (EX CLEARNACE .034"").",OK,#3 CYLINDER,EXHAUST VALVE,FAILED,,"REPLACED CYLINDER, TORQUED TO CASE, DRY TAPPET CLEARANC",,,CYLINDER,"REPLACED, TORQUED",
104575,"#4 CYLINDER EXHAUST VALVE FAILED (EX CLEARNACE .033"").",OK,#4 CYLINDER,EXHAUST VALVE,FAILED,,"REPLACED CYLINDER, TORQUED TO CASE, DRY TAPPET CLEARANC",,,CYLINDER,"REPLACED, TORQUED",
104576,#4 INTAKE LEAKING.,OK,#4,INTAKE,LEAKING,,REPLACED INTAKE GASKET.,,,INTAKE GASKET,REPLACED,
104577,#4 ROCKER GASKET LEAKING.,OK,#4,ROCKER GASKET,LEAKING,,REMOVED & REPLACED GASKET.,,,GASKET,REMOVED & REPLACED,
104578,#4 INTAKE GASKET IS LEAKING.,OK,#4,INTAKE GASKET,LEAKING,,REMOVED & REPLACED INTAKE GASKET.,,,INTAKE GASKET,REMOVED & REPLACED,
104579,#3 ROCKER COVER LEAKING.,OK,#3,ROCKER COVER,LEAKING,,REMOVED & REPLACED GASKET.,,,GASKET,REMOVED & REPLACED,
104580,#2 INTAKE GASKET LEAKING.,OK,#2,INTAKE GASKET,LEAKING,,REPLACED GASKET.,,,GASKET,REPLACED,
104581,#2 INTAKE TUBE GASKET LEAKING.,OK,#2,INTAKE TUBE GASKET,LEAKING,,REPLACED GASKET.,,,GASKET,REPLACED,
104582,#2 LOWER INTAKE CLAMP LOOSE.,OK,#2 LOWER ,INTAKE CLAMP,LOOSE,,RESECURED CLAMP.,,,CLAMP,RESECURED,
104583,#4 INTAKE LEAKING.,OK,#4,INTAKE,LEAKING,,REMOVED & REPLACED GASKET.,,,GASKET,REMOVED & REPLACED,
104584,SCREW MISSING ON BACK OF #3 BAFFLE.,OK,BACK OF #3,BAFFLE SCREW,MISSING,,INSTALLED NEW SCREW.,,NEW,SCREW,INSTALLED,
104585,OIL FOUND NEAR CYLINDER #2 & 4 INTAKE TUBES.,OK,NEAR CYLINDER #2 & 4 INTAKE TUBES,OIL,FOUND,,"WASHED ENGINE, RAN A/C. OPS & LEAK CHECK GOOD. NO DISCREPA",,,"ENGINE, A/C, OPS & LEAK","WASHED, RAN, CHECK",
104586,R/H BAFFLE PLUG NEEDS TO BE REPLACED.,OK,R/H,BAFFLE PLUG,NEED PROBLEM,,INSTALLED NEW PLUG.,,NEW,PLUG,INSTALLED,
104587,#3 INTAKE TUBE GASKET LEAKING.,OK,#3,INTAKE TUBE GASKET,LEAKING,,INSTALLED NEW INTAKE GASKET.,,NEW,INTAKE GASKET,INSTALLED,
104588,#2 INTAKE IS LEAKING.,OK,#2,INTAKE,LEAKING,,REMOVED & REPLACED GASKET.,,,GASKET,REMOVED & REPLACED,
104589,ENGINE DIRTY.,OK,ENGINE,,DIRTY,,WASHED ENGINE.,,,ENGINE,WASHED,
104590,OIL SEEPING FROM TOP OF CASE HALVES.,OK,TOP OF CASE HALVES,OIL,SEEPING,,LEAK CHECK GOOD.,,,LEAK,CHECK,
104591,OIL SEEPING FROM TOP OF CASE HALVES.,OK,TOP OF CASE HALVES,OIL,SEEPING,,CLEANED & SEALED LEAKING BOLT HOLE.,,,BOLT HOLE,CLEANED & SEALED,
104592,#3 REAR BAFFLE MOUNTING BRACKET CRACKED.,OK,#3 REAR,BAFFLE MOUNTING BRACKET,CRACKED,,INSTALLED REPAIRED R/H REAR BAFFLE.,,,REAR BAFFLE,INSTALLED & REPAIRED,
104593,#2 & 3 ROCKER COVERS LEAKING.,OK,#2 & 3,ROCKER COVERS,LEAKING,,REMOVED & REPLACED GASKETS.,,,GASKETS,REMOVED & REPLACED,
104594,"L/H ENGINE #3, 4 INTAKE GASKETS LEAKING.",OK,"L/H ENGINE #3, 4",INTAKE GASKETS,LEAKING,,REMOVED & REPLACED BOTH INTAKE GASKETS.,,,INTAKE GASKETS,REMOVED & REPLACED,
104595,"DURING CRUISE, THERE WAS A LOUD BANG. DURING WHICH ALTIMETER",OK,,,BANG,,INSPECTED & FOUND CYLINDER #1 INTAKE TUBE TO BE LOOSE. REMOV,,,INTAKE TUBE,INSPECTED & FOUND,INTAKE TUBE TO BE LOOSE
104596,#1 INTAKE GASKET IS LEAKING.,OK,#1,INTAKE GASKET,LEAKING,,REPLACED GASKET.,,,GASKET,REPLACED,
104597,SNIFFLER VALVES DIRTY.,OK,,SNIFFLER VALVES,DIRTY,,CLEANED BOTH SNIFFLER VALVES.,,,SNIFFLER VALVES,CLEANED,
104598,MIDDLE & R/H ENGINE COWL NEED NEW CHAFE TAPE.,OK,MIDDLE & R/H ENGINE,COWL,NEED PROBLEM,,REMOVED & REPLACED CHAFE TAPE AS NEEDED.,,NEW,CHAFE TAPE,REMOVED & REPLACED,
104599,ENGINE SURGING ON LAST CLIMB OUT CROSSING 1300 MSL.,OK,ENGINE,,SURGING,,"RAN A/C, COULD NOT DUPLICATE DISCREPANCY. OPS CHECK GOOD.",,,"A/C , OPS","RAN, CHECK",
104600,BAFFLE SEAL ON #1 CYLINDER NEEDS TO BE SECURED.,OK,#1 CYLINDER,BAFFLE SEAL,NEED PROBLEM,,SECURED BAFFLE SEAL WITH POP RIVET.,,POP RIVET,BAFFLE SEAL,SECURED,
104601,#1 INTAKE GASKET LEAKING.,OK,#1,INTAKE GASKET,LEAKING,,REMOVED & REPLACED INTAKE GASKET.,,,INTAKE GASKET,REMOVED & REPLACED,
104602,#4 INTAKE GASKET LEAKING.,OK,#4,INTAKE GASKET,LEAKING,,REMOVED & REPLACED INTAKE GASKET.,,,INTAKE GASKET,REMOVED & REPLACED,
104603,HARD LANDING REPORTED BY TOWER.,OK,,,HARD LANDING,,COMPLETED REASSEMBLY; INCLUDING FUEL LINES AT PUMP. RAN,,,"FUEL LINES, PUMP","COMPLETED REASSEMBLY, RAN",
104604,"L/H MAG, LOWER STUD PULLED OUT FROM CASE.",OK,L/H MAG LOWER ,STUD,PULLED OUT,,DAMAGED AREA NOT REPAIRABLE. INSTALLED & TORQUED ORIGIN,,ORIGIN,ORIGIN,INSTALLED & TORQUED,
104605,UPPER EXHAUST SHROUD DOES NOT ALIGN WITH LOWER SHROUD.,OK,UPPER WITH LOWER,EXHAUST SHROUD,DOES NOT ALIGN,,TRIMMED FRONT BAFFLE & SEAL TO ALLOW PROPER ALIGNMENT.,,,"FRONT BAFFLE, SEAL",TRIMMED,
104606,#2 INTAKE TUBE GASKET LEAKING.,OK,#2,INTAKE TUBE GASKET,LEAKING,,INSTALLED NEW INTAKE GASKET.,,NEW,INTAKE GASKET,INSTALLED,
104607,#2 INTAKE GASKET LEAKING.,OK,#2,INTAKE GASKET,LEAKING,,REMOVED & REPLACED GASKET.,,,GASKET,REMOVED & REPLACED,
104608,#2 CYLINDER ROCKER GASKET LEAKING.,OK,#2 CYLINDER,ROCKER GASKET,LEAKING,,REMOVED & REPLACED ROCKER COVER GASKET.,,,ROCKER COVER GASKET,REMOVED & REPLACED,
104609,R/H FORWARD ENGINE BAFFLE BOLT NEEDS TO BE SAFETIED.,OK,R/H FORWARD ENGINE,BAFFLE BOLT,NEED PROBLEM,,SAFETIED R/H FORWARD ENGINE BAFFLE BOLT.,,,BAFFLE BOLT,SAFETIED,
104610,FRONT ENGINE SEAL (BLACK) ABOVE AIR INTAKE WORN SPOTS.,OK,FRONT ENGINE ABOVE AIR INTAKE,SEAL (BLACK),WORN,,INSTALLED RTV TO WORN AREAS.,,,RTV,INSTALLED,
104611,"L/H ENG, R/H FORWARD BAFFLE LOOSE.",OK,"L/H ENG, R/H FORWARD",BAFFLE,LOOSE,,RESECURED R/H FORWARD BAFFLE.,,,BAFFLE,RESECURED,
104612,#4 CYLINDER ON R/H ENGINE BAFFLE SEAL NEEDS TO BE REPLACED.,OK,#4 CYLINDER ON R/H ENGINE,BAFFLE SEAL,REQUIRE PROBLEM,,REPLACED BAFFLE SEAL.,,,BAFFLE SEAL,REPLACED,
104613,#1 & 4 ROCKER BOX COVERS SEEPING ON L/H ENGINE.,OK,#1 & 4 ON L/H ENGINE,ROCKER BOX COVERS,SEEPING,,INSTALLED NEW ROCKER BOX COVER GASKETS.,,NEW,ROCKER BOX COVER GASKETS,INSTALLED,
104614,#4 CYLINDER ON R/H ENGINE BAFFLE SEALS NEED TO BE SECURED.,OK,#4 CYLINDER ON R/H ENGINE,BAFFLE SEALS,NEED PROBLEM,,RESECURED BAFFLE SEALS WITH POP RIVETS.,,,BAFFLE SEALS,RESECURED,
104615,#2 INTAKE LEAKING.,OK,#2,INTAKE,LEAKING,,REMOVED & REPLACED GASKET.,,,GASKET,REMOVED & REPLACED,
104616,#1 ROCKER COVER LEAKING.,OK,#1,ROCKER COVER,LEAKING,,REMOVED & REPLACED GASKET.,,,GASKET,REMOVED & REPLACED,
104617,#2 & 3 INTAKE GASKETS LEAKING.,OK,#2 & 3,INTAKE GASKETS,LEAKING,,REMED & REPLACED GASKETS.,,,GASKETS,REMED & REPLACED,
104618,CYLINDER #2 INTAKE GASKET IS LEAKING.,OK,CYLINDER #2,INTAKE GASKET,LEAKING,,REMOVED & REPLACED INTAKE GASKET.,,,INTAKE GASKET,REMOVED & REPLACED,
104619,"#3, 4 PISTON PINS DAMAGED DURING REMOVAL.",OK,"#3, 4",PISTON PINS,DAMAGED,,REPLACED PINS WITH NEW PARTS.,,NEW,PINS,REPLACED,
104620,"#1, 3 INTAKE PUSH ROD TOO LONG.",OK,"#1, 3",INTAKE PUSH ROD,LONG,,"REPLACED PUSH RODS, DRY TAPPET CLEARANCE GOOD.",,,"PUSH RODS, TAPPET CLEARANCE","REPLACED, CHECKED",
104621,INSPECTED & FOUND CRANKSHAFT TO BE GOUGED BEHIND CRANKSHAFT,OK,BEHIND,CRANKSHAFT,GOUGED,,INSTALLED CRANKSHAFT OIL SEAL.,,,CRANKSHAFT OIL SEAL,INSTALLED,
104622,INSPECTED & FOUND CRANKSHAFT TO BE GOUGED BEHIND CRANKSHAFT,OK,BEHIND,CRANKSHAFT,GOUGED,,ENGIEN RUN & LEAK CHECK GOOD. FOR BREAK-I,,,"ENGINE, LEAK","RUN, CHECK",
104623,INSPECTED & FOUND CRANKSHAFT TO BE GOUGED BEHIND CRANKSHAFT,OK,BEHIND,CRANKSHAFT,GOUGED,,"INSTALLED BAFFLES, ROUTED & SECURED ALL ENGINE ELECTRIC",,,"BAFFLES, ENGINE ELECTRIC","INSTALLED , ROUTED & SECURED",
104624,INSPECTED & FOUND CRANKSHAFT TO BE GOUGED BEHIND CRANKSHAFT,OK,BEHIND,CRANKSHAFT,GOUGED,,SET ALTERNATOR BELT TENSION. INSTALLED & TIMED BOTH MAGS TO EN,,,"ALTERNATOR BELT, MAGS","SET , INSTALLED & TIMED",
104625,INSPECTED & FOUND CRANKSHAFT TO BE GOUGED BEHIND CRANKSHAFT,OK,BEHIND,CRANKSHAFT,GOUGED,,"REMOVED STARTER, ALTERNATOR & OIL COOLER. UNBOLTED FUEL",,,"STARTER, ALTERNATOR, OIL COOLER, FUEL","REMOVED, UNBOLTED",
104626,INSPECTED & FOUND CRANKSHAFT TO BE GOUGED BEHIND CRANKSHAFT,OK,BEHIND,CRANKSHAFT,GOUGED,,"REMOVED CYLINDERS, PISTONS, CONNECTING ROD ACCESSORY HO",,,"CYLINDERS, PISTONS, CONNECTING ROD ACCESSORY",REMOVED,
104627,INSPECTED & FOUND CRANKSHAFT TO BE GOUGED BEHIND CRANKSHAFT,OK,BEHIND,CRANKSHAFT,GOUGED,,CRANKSHAFT GEAR & LOCK PLATE WERE TORQUED TO 204 IN/LBS,,,CRANKSHAFT GEAR & LOCK PLATE,TORQUED,
104628,#2 & 3 INTAKES LEAKING.,OK,#2 & 3,INTAKES,LEAKING,,REMOVED & REPLACED GASKETS.,,,GASKETS,REMOVED & REPLACED,
104629,#4 INTAKE IS LEAKING.,OK,#4,INTAKE,LEAKING,,REPLACED WITH NEW GASKET.,,NEW,GASKET,REPLACED,
104630,R/H ENGINE #3 CYLINDER HAS NO COMPRESSION.,OK,R/H ENGINE #3 CYLINDER,,COMPRESSION,,"RAN ENGINE, OPS & LEAK CHECK GOOD.",,,"ENGINE, OPS & LEAK","RAN , CHECK",
104631,R/H ENGINE #3 CYLINDER HAS NO COMPRESSION.,OK,R/H ENGINE #3 CYLINDER,,COMPRESSION,,REINSTALLED CYLINDER ACCESSORIES & BAFFLING.,,,"CYLINDER ACCESSORIES, BAFFLING",REINSTALLED,
104632,"#1, 2 & 4 INTAKE GASKETS ARE LEAKING (R/H ENG).",OK,"#1, 2 & 4 R/H ENG",INTAKE GASKETS,LEAKING,,REMOVED & REPLACED INTAKE GASKETS.,,,INTAKE GASKETS,REMOVED & REPLACED,
104633,R/H ENGINE #3 CYLINDER HAS NO COMPRESSION.,OK,R/H ENGINE #3 CYLINDER,,COMPRESSION,,INSPECTED & FOUND EXHAUST VALVE TO BE BURNT. REMOVED #3,,,EXHAUST VALVE ,"INSPECTED & FOUND , REMOVED",EXHAUST VALVE TO BE BURNT
104634,R/H ENGINE #3 CYLINDER HAS NO COMPRESSION.,OK,R/H ENGINE #3 CYLINDER,,COMPRESSION,,"INSTALLED LONGER PUSH ROD, EXHAUST ALVE LEAK CHECK GOOD. R",,LONGER,"PUSH ROD, LEAK","INSTALLED, CHECK",
104635,"L/H ENG, L/H REAR BAFFLE SECTION NEEDS REPAIR.",OK,"L/H ENG, L/H REAR",BAFFLE SECTION,NEED PROBLEM,,TRANSFERRED AIRWORTHY PARTS TO REPAIRED BAFFLE ASSY.,,,BAFFLE ASSY,TRANSFERRED,
104636,R/H NACELLE VENT HAS BENT FLANGE.,OK,R/H,NACELLE VENT FLANGE,BENT,,CHECK OK.,,,,CHECK,
104637,R/H ENGINE FIREWALL HAS SMALL MARKS BEHIND START/GEN COOLING TU,DIFFICULT,,,,,"CLEANED UP AREA, FOUND MARKS NEGLIGIBLE. ADJUSTED COOLI",,,"AREA, COOLING","CLEANED, ADJUSTED",
104638,L/H ENGINE #3 AFT BAFFLE HAS CRACK.,OK,L/H ENGINE #3 AFT,BAFFLE,CRACK,,STOP DRILLED CRACK.,,,DRILLED CRACK,STOP,
104639,#2 & 3 INTAKES LEAKING ON L/H ENG.,OK,#2 & 3 ON L/H ENG,INTAKES,LEAKING,,REMOVED & REPLACED GASKETS.,,,GASKETS,REMOVED & REPLACED,
104640,R/H ENGINE #4 INTAKE TUBE IS CRACKED.,OK,R/H ENGINE #4,INTAKE TUBE,CRACKED,,REMOVED & REPLACED INTAKE TUBE.,,,INTAKE TUBE,REMOVED & REPLACED,
104641,"INTAKES 2, 3 & 4 LEAKING ON R/H ENGINE.",OK,"2, 3 & 4 ON R/H ENGINE",INTAKES,LEAKING,,REMOVED & REPLACED GASKETS.,,,GASKETS,REMOVED & REPLACED,
104642,ENGINE BAFFLE PLUGS WORN.,OK,ENGINE,BAFFLE PLUGS,WORN,,INSTALLED NEW PLUGS.,,NEW,PLUGS,INSTALLED,
104643,#2 & 4 INTAKES LEAKING.,OK,#2 & 4,INTAKES,LEAKING,,REMOVED & REPLACED GASKET.,,,GASKET,REMOVED & REPLACED,
104644,#4 INTAKE GASKET LEAKING.,OK,#4,INTAKE GASKET,LEAKING,,REMOVED & REPLACED GASKET.,,,GASKET,REMOVED & REPLACED,
104645,#2 ROCKER COVER GASKET LEAKING.,OK,#2,ROCKER COVER GASKET,LEAKING,,"REMOVED, CLEANED SURFACES & REINSTALLED #3 ROCKER COVER",,,"SURFACES, ROCKER COVER","REMOVED , CLEANED & REINSTALLED",
104646,ALL ROCKER COVERS ARE LEAKING.,OK,ALL,ROCKER COVERS,LEAKING,,REMOVED & REPLACED GASKETS.,,,GASKETS,REMOVED & REPLACED,
104647,"WHILE IN LEVEL FLIGHT, AFTER PERFORMING A FEW HIGH POWER MAN",DIFFICULT,,,,,"COMPLETED , REASSEMBLED ENGINE BAFFLES. CLEANED",,,ENGINE BAFFLES,"COMPLETED , REASSEMBLED & CLEANED",
104648,"WHILE IN LEVEL FLIGHT, AFTER PERFORMING A FEW HIGH POWER MAN",DIFFICULT,,,,,DISASSEMBLED ENGINE BAFFLES AS REQUIRED. BEGAN PERFORMI,,,,,
104649,"WHILE IN LEVEL FLIGHT, AFTER PERFORMING A FEW HIGH POWER MAN",DIFFICULT,,,,,"RAN UP ENGINE, LEAK CHECK GOOD. FOR MX FL",,,"ENGINE, LEAK","RAN , CHECK",
104650,"#2, 4 INTAKE GASKETS LEAKING.",OK,"#2, 4",INTAKE GASKETS,LEAKING,,REMOVED & REPLACED GASKETS.,,,GASKETS,REMOVED & REPLACED,
104651,R/H REAR ENGINE BAFFLE MOUNT LOOSE.,OK,R/H REAR ENGINE,BAFFLE MOUNT,LOOSE,,"REMOVED R/H REAR BAFFLE, REATTACHED BAFFLE MOUNT & REIN",,,"BAFFLE, BAFFLE MOUNT","REMOVED , REATTACHED & REIN",
104652,BOLT LEAKING ON TOP OF CASE HALVES.,OK,TOP OF CASE HALVES,BOLT,LEAKING,,LEAK CHECK GOOD.,,,LEAK,CHECK,
104653,BOLT LEAKING ON TOP OF CASE HALVES.,OK,TOP OF CASE HALVES,BOLT,LEAKING,,RETORQUED LOOSE BOLT.,,,BOLT,RETORQUED,
104654,INTAKES 3 & 4 LEAKING ON R/H ENGINE.,OK,3 & 4 ON R/H ENGINE,INTAKES,LEAKING,,REPLACED INTAKE GASKETS.,,,INTAKE GASKETS,REPLACED,
104655,"INTAKES 2, 3 & 4 LEAKING ON L/H ENGINE.",OK,"2, 3 & 4 ON L/H ENGINE",INTAKES,LEAKING,,REMOVED & REPLACED GASKETS.,,,GASKETS,REMOVED & REPLACED,
104656,#4 & 2 INTAKE GASKET LEAKING.,OK,#4 & 2,INTAKE GASKET,LEAKING,,REMOVED & REPLACED GASKETS.,,,GASKETS,REMOVED & REPLACED,
104657,#4 ROCKER COVER GASKET LEAKING.,OK,#4,ROCKER COVER GASKET,LEAKING,,REMOVED & REPLACED GASKET.,,,GASKET,REMOVED & REPLACED,
104658,IDLE RPM LOW.,OK,,,RPM,,ADJUSTED IDLE RPM FOR SEASONAL CONDITIONS.,,,IDLE RPM,ADJUSTED,
104659,#3 ROCKER COVER GASKET LEAKING.,OK,#3,ROCKER COVER GASKET,LEAKING,,REMOVED & REPLAED WITH NEW SILICONE GASKET.,,NEW SILICONE,GASKET,REMOVED & REPLACED,
104660,UPPER OIL LINE TO OIL COOLER ADEL CLAMP BROKEN.,OK,UPPER OIL LINE TO OIL COOLER,ADEL CLAMP,BROKEN,,REMOVED & REPLACED CLAMP WITH NEW.,,NEW,CLAMP,REMOVED & REPLACED,
104661,ON START; HEARD A CLICK AS MAGS TRIED TO TURN OVER.,OK,ON START,MAGS,CLICK,,"STARTED A/C 2 DIFFERENT TIMES, COULD NOT DUPLICATE DISC",,,A/C,STARTED,
104662,SNIFFLER VALVES NEED TO BE CLEANED.,OK,,SNIFFLER VALVES,NEED PROBLEM,,CLEANED BOTH SNIFFLER VALVES.,,,SNIFFLER VALVES,CLEANED,
104663,#2 & 4 CYLINDER INTAKE GASKETS LEAKING.,OK,#2 & 4 CYLINDER,INTAKE GASKETS,LEAKING,,REMOVED & REPLACED GASKETS.,,,GASKETS,REMOVED & REPLACED,
104664,R/H ENGINE BAFFLE COVER CAM LOCK NEEDS TO BE FIXED.,OK,R/H ENGINE,BAFFLE COVER CAM LOCK,REQUIRE PROBLEM,,REMOVED & REPLACED BROKEN CAM LOCK.,,BROKEN,CAM LOCK,REMOVED & REPLACED,
104665,#4 INTAKE LEAKS ON R/H ENG.,OK,#4 ON R/H ENG,INTAKE,LEAKS,,REPLACED GASKET.,,,GASKET,REPLACED,
104666,NLG DOWN LOCK AFT TRUNNION BOLT LOOSE ON R/H.,OK,NLG DOWN LOCK AFT ON R/H,TRUNNION BOLT,LOOSE,,TIGHTENED BOLT.,,,BOLT,TIGHTENED,
104667,"INTAKES 2, 3 & 4 LEAKING ON L/H ENGINE.",OK,"2, 3 & 4 ON L/H ENGINE",INTAKES,LEAKING,,REMOVED & REPLACED GASKETS.,,,GASKETS,REMOVED & REPLACED,
104668,SNIFFLER VALVES DIRTY.,OK,,SNIFFLER VALVES,DIRTY,,CLEANED VALVES.,,,VALVES,CLEANED,
104669,#3 INTAKE LEAKING ON R/H ENGINE.,OK,#3 ON R/H ENGINE,INTAKE,LEAKING,,REMOVED & REPLACED GASKET.,,,GASKET,REMOVED & REPLACED,
104670,"INTAKES 2, 3 & 4 LEAKING ON L/H ENGINE.",OK,"2, 3 & 4 ON L/H ENGINE",INTAKES,LEAKING,,REMOVED & REPLACED GASKETS.,,,GASKETS,REMOVED & REPLACED,
104671,"DURING PREFLIGHT, WHEN ENGINE COVER WAS REMOVED, OIL OBSERVE",OK,,OIL,OBSERVE,,"INSPECTED, FOUND EVIDENCE OF ROCKER COVER GASKETS LEAKI",,,ROCKER COVER GASKETS,INSPECTED & FOUND,ROCKER COVER GASKETS LEAKI
104672,FRONT BAFFLE SEAL TORN.,OK,FRONT,BAFFLE SEAL,TORN,,ZIP TIED & APPLIED SILICONE TO BAFFLE SEAL.,,,BAFFLE SEAL,ZIP TIED & APPLIED,
104673,L/H ENGINE FAILED 3 TIMES AFTER COMING TO A STOP AFTER LANDING.,OK,L/H ENGINE,,FAILED,,"INSPECTED L/H ENGINE, NO DEFECTS FOUND. PERFORMED GROUN",,,ENGINE,INSPECTED & GROUND,
104674,R/H REAR BAFFLE INSP HOLE WORN.,OK,R/H REAR,BAFFLE INSP HOLE,WORN,,INSTALLED BAFFLE PATCH.,,,BAFFLE PATCH,INSTALLED,
104675,#3 INTAKE GASKET LEAKING.,OK,#3,INTAKE GASKET,LEAKING,,REMOVED & REPLACED GASKET.,,,GASKET,REMOVED & REPLACED,
104676,#4 INTAKE LEAKS.,OK,#4,INTAKE,LEAKS,,REMOVED & REPLACED GASKET.,,,GASKET,REMOVED & REPLACED,
104677,BLACK FORWARD COWL (ENG) SEAL WORN BY INTAKE FILTER.,OK,FORWARD COWL (ENG),BLACK COWL SEAL,WORN,,APPLIED BLACK SILICONE TO FRONT ENGINE BAFFLE SEAL.,,BLACK SILICONE,ENGINE BAFFLE SEAL,APPLIED,
104678,END OF FLIGHT; ENGINE OVERSPEED 3350 THEN TO PARKING.,OK,ENGINE,,OVERSPEED,,"C/W LYCOMING , NO DEFECTS NOTED.",,,,,
104679,#2 & 4 INTAKES LEAKING ON L/H ENGINE.,OK,#2 & 4 ON L/H ENGINE,INTAKES,LEAKING,,REMOVED & REPLACED GASKETS.,,,GASKETS,REMOVED & REPLACED,
104680,RIGHT ENGINE WITH SUSTAINED OVERSPEED GENERALLY AROUND 2720. A,OK,RIGHT ENGINE,,OVERSPEED,,RAN A/C; RPM CHECKS GOOD. FOR MX FLIGH,,,A/C,RAN,
104681,R/H ENGINE HAS OIL LEAK ON LIFT BOLT.,OK,R/H ENGINE,LIFT BOLT,LEAK,,"REMOVED BOLT, APPLIED HIGH TEMPERATURE SILICONE & RETORQUED BO",,,"BOLT, SILICONE","REMOVED , APPLIED & RETORQUED",
104682,MIXTURE NEEDS TO BE RESET.,OK,,,NEED PROBLEM,,"SET IDLE ADJUSTMENT TO SPECS, OPS GOOD.",,,"IDLE ADJUSTMENT, OPS","SET, GOOD",
104683,#2 CYLINDER INTAKE O-RING UNSEATED.,OK,#2 CYLINDER,INTAKE O-RING,UNSEATED,,REMOVED & REPLACED GASKET & O-RING.,,,GASKET&O-RING,REMOVED & REPLACED,
104684,#4 INTAKE LEAKING.,OK,#4,INTAKE,LEAKING,,REMOVED & REPLACED GASKET.,,,GASKET,REMOVED & REPLACED,
104685,BOTH BAFFLE PLUGS DAMAGED.,OK,BOTH,BAFFLE PLUGS,DAMAGED,,REPLACED BAFFLE PLUGS.,,,BAFFLE PLUGS,REPLACED,
104686,#3 INTAKE GASKET LEAKING.,OK,#3,INTAKE GASKET,LEAKING,,REMOVED & REPLACED GASKET.,,,GASKET,REMOVED & REPLACED,
104687,"#1, 2 & 3 INTAKE TUBE GASKETS LEAKING.",OK,"#1, 2 & 3",INTAKE TUBE GASKETS,LEAKING,,INSTALLED NEW GASKETS.,,NEW,GASKETS,INSTALLED,
104688,BLACK SEAL FOR ENGINE WORN AT INTAKE.,OK,ENGINE INTAKE,SEAL,WORN,,APPLIED RTV TO WORN AREAS.,,,RTV,APPLIED,
104689,#1 CYLINDER EXHAUST VALVE FAILED .,OK,#1 CYLINDER,EXHAUST VALVE,FAILED,,LEAK CHECK GOOD.,,,LEAK,CHECK,
104690,#4 CYLINDER EXHAUST VALVE FAILED .,OK,#4 CYLINDER,EXHAUST VALVE,FAILED,,LEAK & OPS CHECK GOOD.,,,LEAK,CHECK,
104691,#1 CYLINDER EXHAUST VALVE FAILED .,OK,#1 CYLINDER,EXHAUST VALVE,FAILED,,"INSTALLLED FORWARD BAFFLE, SIDE BAFFLE, ALTERNATOR & ATTACH",,,"FORWARD BAFFLE, SIDE BAFFLE, ALTERNATOR",INSTALLED & ATTACH,
104692,#1 CYLINDER EXHAUST VALVE FAILED .,OK,#1 CYLINDER,EXHAUST VALVE,FAILED,,"REMOVED FORWARD BAFFLE, SIDE BAFFLE, ALTERNATOR & ATTACHING",,,"FORWARD BAFFLE, SIDE BAFFLE, ALTERNATOR",REMOVED,
104693,#4 CYLINDER EXHAUST VALVE FAILED .,OK,#4 CYLINDER,EXHAUST VALVE,FAILED,,INSTALLED & TORQUED INJECTOR LINE. REINSTALLED #4 CYLINDER &,,,"INJECTOR LINE,#4 CYLINDER","INSTALLED & TORQUED,REINSTALLED",
104694,#4 CYLINDER EXHAUST VALVE FAILED .,OK,#4 CYLINDER,EXHAUST VALVE,FAILED,,REMOVED #4 CYLINDER SIDE & AFT BAFFLE. REMOVED #4 INJECTOR L,,,"SIDE & AFT BAFFLE, INJECTOR","REMOVED, REMOVED",
104695,2 & 3 INTAKES LEAKING.,OK,2 & 3,INTAKES,LEAKING,,REPLACED INTAKE GASKETS.,,,INTAKE GASKETS,REPLACED,
104696,#4 CYLINDER FAILED .,OK,#4 CYLINDER,,FAILED,,"REMOVED BAFFLING, INTAKE, EXHAUST, OIL RETURN & INJ LIN",,,"BAFFLING, INTAKE, EXHAUST, OIL RETURN, INJ LIN",REMOVED,
104697,#4 CYLINDER FAILED .,OK,#4 CYLINDER,,FAILED,,"REINSTALLED EXHAUST, INTAKE, INJECTION LINE & BAFFLING.",,,"EXHAUST, INTAKE, INJECTION LINE & BAFFLING",REINSTALLED,
104698,#3 CYLINDER INTAKE L/H ENGINE LEAKS.,OK,L/H ENGINE #3 CYLINDER,INTAKE,LEAKS,,REPLACED GASKET.,,,GASKET,REPLACED,
104699,L/H ENGINE #2 CYLINDER HAS LOW COMPRESSION.,OK,L/H ENGINE #2 CYLINDER,,COMPRESSION,,"RAN A/C, OPS & LEAK CHECK GOOD.",,,"A/C, OPS & LEAK","RAN , CHECK",
104700,L/H ENGINE #2 CYLINDER HAS LOW COMPRESSION.,OK,L/H ENGINE #2 CYLINDER,,COMPRESSION,,"REMOVED BAFFLING, #2 INTAKE TUBE, #2 EXHAUST TUBE, #2 &",,,"BAFFLING, INTAKE TUBE, EXHAUST TUBE",REMOVED,
104701,L/H ENGINE #2 CYLINDER HAS LOW COMPRESSION.,OK,L/H ENGINE #2 CYLINDER,,COMPRESSION,,"REINSTALLED LIFTERS, PUSH RODS & ROCKERS. INTAKE PASSED",,,"LIFTERS, PUSH RODS & ROCKERS, INTAKE","REINSTALLED, PASSED",
104702,L/H ENGINE #2 CYLINDER HAS LOW COMPRESSION.,OK,L/H ENGINE #2 CYLINDER,,COMPRESSION,,REMOVED INTAKE & EXHAUST VALVES. REMOVED & REPLACED EXHAUST,,,"INTAKE VALVES, EXHAUST VALVES, EXHAUST","REMOVED , REMOVED & REPLACED",
104703,L/H ENGINE #2 CYLINDER HAS LOW COMPRESSION.,OK,L/H ENGINE #2 CYLINDER,,COMPRESSION,,"TEMPORARILY REINSTALLED EXHAUST PUSH ROD, ROCKER & ROCK",,TEMPORARILY,"EXHAUST PUSH ROD, ROCKER",REINSTALLED,
104704,L/H ENGINE #2 CYLINDER HAS LOW COMPRESSION.,OK,L/H ENGINE #2 CYLINDER,,COMPRESSION,,"REMOVED ROCKER COVER, EXHAUST ROCKER & EXHAUST PUSH ROD",,,"ROCKER COVER, EXHAUST ROCKER & EXHAUST PUSH ROD",REMOVED,
104705,#2 INTAKE LEAKING.,OK,#2,INTAKE,LEAKING,,REMOVED & REPLACED GASKET.,,,GASKET,REMOVED & REPLACED,
104706,"#2, 3 & 4 INTAKE GASKETS LEAKING.",OK,"#2, 3 & 4",INTAKE GASKETS,LEAKING,,REPLACED GASKETS.,,,GASKETS,REPLACED,
104707,SCREW FOR ENGINE BAFFLE BEHIND OIL DIPSTICK TUBE LOOSE.,OK,BEHIND OIL DIPSTICK TUBE,BAFFLE  SCREW,LOOSE,,TIGHTENED SCREW.,,,SCREW,TIGHTENED,
104708,#2 INTAKE LEAKING ON L/H ENGINE.,OK,#2 ON L/H ENGINE,INTAKE,LEAKING,,INSTALLED NEW GASKET.,,NEW,GASKET,INSTALLED,
104709,#3 & 4 INTAKES LEAKING ON R/H ENGINE.,OK,#3 & 4 ON R/H ENGINE,INTAKES,LEAKING,,INSTALLED NEW INTAKE GASKETS.,,NEW,INTAKE GASKETS,INSTALLED,
104710,#2 CYLINDER BAFFLE MISSING SCREW.,OK,#2 CYLINDER,BAFFLE SCREW,MISSING,,INSTALLED SCREW.,,,SCREW,INSTALLED,
104711,#3 & 4 INTAKE GASKETS ARE LEAKING.,OK,#3 & 4,INTAKE GASKETS,LEAKING,,"OK, OIL ON EDGES.",,,OIL,OK,
104712,#4 CYLINDER NEEDS TO BE CHANGED (FAILED ).,OK,#4 CYLINDER,,NEED PROBLEM,,FINISHED ENGINE ASSEMBLY.,,,ENGINE,FINISHED ASSEMBLY,
104713,#3 CYLINDER NEEDS TO BE CHANGED (FAILED ).,OK,#3 CYLINDER,,NEED PROBLEM,,IFINISHED ENGINE ASSEMBLY.,,,ENGINE ASSEMBLY,FINISHED,
104714,CYLINDER #4 EXHAUST VALVE LASH IS EXCESSIVE.,OK,CYLINDER #4,EXHAUST VALVE LASH,EXCESSIVE,,"INSTALLED #31 PUSH ROD, LASH CHECK GOOD.",,#31,"PUSH ROD, LASH","INSTALLED, CHECK",
104715,"CYLINDER #2, 3, 1 CHT RECEPTICLES REQUIRE REPLACEMENT.",OK,"CYLINDER #2, 3, 1",CHT RECEPTICLES,REQUIRE PROBLEM,,INSTALLED NEW CHT RECEPTILES.,,NEW,CHT RECEPTILES,INSTALLED,
104716,CYLINDER #2 INTAKE ROCKER ARM REQUIRES REPLACEMENT.,OK,CYLINDER #2,INTAKE ROCKER ARM,REQUIRE PROBLEM,,REMOVED & REPLACED ARM WITH SERVICEABLE.,,SERVICEABLE,ARM,REMOVED & REPLACED,
104717,#2 CYLINDER NEEDS TO BE CHANGED (FAILED ).,OK,#2 CYLINDER,,NEED PROBLEM,,"REMOVED BAFFLING, CYL, PISTON & ATTACHING HARDWARE.",,,"BAFFLING, CYL, PISTON, ATTACHING HARDWARE",REMOVED,
104718,#4 CYLINDER NEEDS TO BE CHANGED (FAILED ).,OK,#4 CYLINDER,,NEED PROBLEM,,"REMOVED BAFFLING, CYL, PISTONS & ATTACHING HARDWARE.",,,"BAFFLING, CYL, PISTONS & ATTACHING HARDWARE",REMOVED,
104719,#1 CYLINDER NEEDS TO BE CHANGED (FAILED ).,OK,#1 CYLINDER,,NEED PROBLEM,,REMOVED #1 CYLINDER & PISTON. INSTALLED PISTON RINGS & CYL.,,,"#1 CYLINDER, PISTON, PISTON RINGS, CYL","REMOVED, REMOVED, INSTALLED, INSTALLED",
104720,#2 CYLINDER NEEDS TO BE CHANGED (FAILED ).,OK,#2 CYLINDER,,NEED PROBLEM,,INSTALLED PISTON RINGS & CYL. LUBED & TORQUED CYLINDER BASE,,,"PISTON RINGS, CYLINDER","INSTALLED , LUBED & TORQUED",
104721,#3 CYLINDER NEEDS TO BE CHANGED (FAILED ).,OK,#3 CYLINDER,,NEED PROBLEM,,REMOVED #3 CYLINDER & PISTON. INSTALLED PISTON RINGS & CYL.,,,"#3 CYLINDER, PISTON, PISTON RINGS, CYL","REMOVED, REMOVED, INSTALLED, INSTALLED",
104722,#4 CYLINDER NEEDS TO BE CHANGED (FAILED ).,OK,#4 CYLINDER,,NEED PROBLEM,,INSTALLED PISTON RINGS & CYL. LUBED & TORQUED CYLINDER BASE,,,"PISTON RINGS, CYLINDER","INSTALLED , LUBED & TORQUED",
104723,#1 CYLINDER NEEDS TO BE CHANGED (FAILED ).,OK,#1 CYLINDER,,NEED PROBLEM,,"REMOVED FORWARD BAFFLE, MUFFLER, ALTERNATOR, INTAKE & LINES",,,"FORWARD BAFFLE, MUFFLER, ALTERNATOR, INTAKE & LINES",REMOVED,
104724,#1 CYLINDER NEEDS TO BE CHANGED (FAILED ).,OK,#1 CYLINDER,,NEED PROBLEM,,"INSTALLED INTAKE TUBE, CHT PROBE, INTERCYL BAFFLING, BA",,,"INTAKE TUBE, CHT PROBE, INTERCYL BAFFLING",INSTALLED,
104725,#2 CYLINDER NEEDS TO BE CHANGED (FAILED ).,OK,#2 CYLINDER,,NEED PROBLEM,,"INSTALLED INTAKE TUBE, CHT PROBE, INTERCYL BAFFLING, BA",,,"INTAKE TUBE, CHT PROBE, INTERCYL BAFFLING",INSTALLED,
104726,#3 CYLINDER NEEDS TO BE CHANGED (FAILED ).,OK,#3 CYLINDER,,NEED PROBLEM,,"REMOVED AFT BAFFLE, INTAKE LINES (OIL & FUEL) & OIL COO",,,"AFT BAFFLE, INTAKE LINES, OIL, FUEL, OIL COO",REMOVED,
104727,#3 CYLINDER NEEDS TO BE CHANGED (FAILED ).,OK,#3 CYLINDER,,NEED PROBLEM,,"INSTALLED INTAKE TUBE, BAFFLES, CHT PROBE, WIRING & INJ",,,"INTAKE TUBE, BAFFLES, CHT PROBE, WIRING, INJ",INSTALLED,
104728,#4 CYLINDER NEEDS TO BE CHANGED (FAILED ).,OK,#4 CYLINDER,,NEED PROBLEM,,"INSTALLED INTAKE TUBE, CHT PROBE, WIRING, INJECTOR LINE",,,"INTAKE TUBE, CHT PROBE, WIRING, INJECTOR LINE",INSTALLED,
104729,AFT R/H SCREW FOR BAFFLE BY DIPSTICK LOOSE.,OK,AFT R/H,BAFFLE SCREW,LOOSE,,TIGHTENED SCREW.,,,SCREW,TIGHTENED,
104730,FORWARD BAFFLE SEAL WORN BY ENGINE INTAKE.,OK,FORWARD,BAFFLE SEAL,WORN,,APPLIED SEALANT TO BAFFLE.,,,BAFFLE,APPLIED,
104731,EVIDENCE OF OIL LEAK ON PILOT SIDE OF ENGINE.,OK,PILOT SIDE OF ENGINE,OIL,LEAK,,INSP & FOUND TO BE OLD OIL. CLEANED ENGINE.,,,ENGINE,INSP & CLEANED,
104732,"#1, 3 CYLINDER BAFFLE TENSION CABLE BROKEN.",OK,"#1, 3 CYLINDER",BAFFLE TENSION CABLE,BROKEN,,INSTALLED NEW TENSION CABLE.,,NEW,TENSION CABLE,INSTALLED,
104733,#4 INTAKE GASKET LEAKING.,OK,#4,INTAKE GASKET,LEAKING,,REMOVED & REPLACED GASKET.,,,GASKET,REMOVED & REPLACED,
104734,#3 INTAKE GASKET LEAKING.,OK,#3,INTAKE GASKET,LEAKING,,REMOVED & REPLACED GASKET.,,,GASKET,REMOVED & REPLACED,
104735,R/H BAFFLE TIE BROKEN.,OK,R/H,BAFFLE TIE,BROKEN,,REMOVED & REPLACED BAFFLE TIE.,,,BAFFLE TIE,REMOVED & REPLACED,
104736,#3 AFT BAFFLE ATTACH FITTING CRACKED.,OK,#3 AFT,BAFFLE ATTACH FITTING,CRACKED,,REMOVED & REPLACED ATTACH FITTING.,,,ATTACH FITTING,REMOVED & REPLACED,
104737,SCROLL NEEDS TO BE CLEANED.,OK,,SCROLL,NEED PROBLEM,,CLEANED SCROLL.,,,SCROLL,CLEANED,
104738,L/H ENGINE BAFFLE DEFLECTOR CRACKED.,OK,L/H ENGINE,BAFFLE DEFLECTOR,CRACKED,,PATCHED BAFFLE.,,,BAFFLE,PATCHED,
104739,L/H ENGINE BAFFLE CRACKED.,OK,L/H ENGINE,BAFFLE,CRACKED,,REMOVED & REPLACED BAFFLE.,,,BAFFLE,REMOVED & REPLACED,
104740,#1 INTAKE TUBE NEEDS TO BE REPLACED.,OK,#1,INTAKE TUBE,NEED PROBLEM,,INSTALLED INTAKE TUBE.,,,INTAKE TUBE,INSTALLED,
104741,#3 INTAKE TUBE NEEDS TO BE REPLACED.,OK,#3,INTAKE TUBE,NEED PROBLEM,,INSTALLED INTAKE TUBE.,,,INTAKE TUBE,INSTALLED,
104742,R/H ENGINE BAFFLE DEFLECTOR CRACKED.,OK,R/H ENGINE,BAFFLE DEFLECTOR,CRACKED,,REPLACED BAFFLE DEFLECTOR.,,,BAFFLE DEFLECTOR,REPLACED,
104743,ENGINE NEEDS TO BE REMOVED FOR METAL FOUND IN OIL.,OK,ENGINE,,NEED PROBLEM,,SEALED BAFFLES.,,,BAFFLES,SEALED,
104744,ENGINE NEEDS TO BE REMOVED FOR METAL FOUND IN OIL.,OK,ENGINE,,NEED PROBLEM,,REMOVED ENGINE FROM AIRFRAME.,,,ENGINE,REMOVED,
104745,ENGINE NEEDS TO BE REMOVED FOR METAL FOUND IN OIL.,OK,ENGINE,,NEED PROBLEM,,WASHED FUSELAGE & BAFFLES. INSTALLED SCROLL & CLEANED.,,,"FUSELAGE & BAFFLES, SCROLL","WASHED , INSTALLED & CLEANED",
104746,ENGINE NEEDS TO BE REMOVED FOR METAL FOUND IN OIL.,OK,ENGINE,,NEED PROBLEM,,"INSTALLED OIL COOLERS & LINES ON COOLERS, ADEL CLAMP &",,,"OIL COOLERS,LINES,ADEL CLAMP",INSTALLED,
104747,ENGINE NEEDS TO BE REMOVED FOR METAL FOUND IN OIL.,OK,ENGINE,,NEED PROBLEM,,REMOVED & CLEANED BAFFLING FROM ENGINE. BEGAN TRANSFERR,,,"BAFFLING, ENGINE","REMOVED & CLEANED, BEGAN TRANSFERR",
104748,ENGINE NEEDS TO BE REMOVED FOR METAL FOUND IN OIL.,OK,ENGINE,,NEED PROBLEM,,INSTALLED STARTER FROM ORIGINAL ENGINE. REMOVED & CLEAN,,,"STARTER, ENGINE","INSTALLED, REMOVED & CLEANED",
104749,ENGINE NEEDS TO BE REMOVED FOR METAL FOUND IN OIL.,OK,ENGINE,,NEED PROBLEM,,REPLACED BAFFLE FELT. BEGAN INSTALLING ENGINE BAFFLING.,,,"BAFFLE FELT, ENGINE BAFFLING","REPLACED, INSTALLING",
104750,ENGINE NEEDS TO BE REMOVED FOR METAL FOUND IN OIL.,OK,ENGINE,,NEED PROBLEM,,INSTALLED ENGINE ON AIRFRAME. BEGAN ROUTING FUEL LINES.,,,"ENGINE, FUEL LINES","INSTALLED, BEGAN ROUTING",
104751,ENGINE NEEDS TO BE REMOVED FOR METAL FOUND IN OIL.,OK,ENGINE,,NEED PROBLEM,,INSTALLED TOP BAFFLE & APPLIED SEALANT. INSTALLED & TOR,,,"TOP BAFFLE, SEALANT","INSTALLED, APPLIED",
104752,ENGINE NEEDS TO BE REMOVED FOR METAL FOUND IN OIL.,OK,ENGINE,,NEED PROBLEM,,COMPLETED ENGINE INSTALLATION. TOQRUED HANGER NUTS. CK',,,"ENGINE, HANGER NUTS","COMPLETED INSTALLATION, TOQUED, CHECKED",
104753,"MANIFOLD PSI WAS HIGH IN HOVER, 26 IN. PERFORMED LOW ROTOR R",OK,MANIFOLD,MANIFOLD,PSI,,REMOVED & REPLACED ALL INTAKE GASKETS & SEALS.,,ALL,INTAKE GASKETS & SEALS,REMOVED & REPLACED,
104754,"MANIFOLD PSI WAS HIGH IN HOVER, 26 IN. PERFORMED LOW ROTOR R",OK,MANIFOLD,MANIFOLD,PSI,,"RAN A/C, CONFIRMED KNOCKING NOISE FROM PASS DOWN. FOUND",,,"A/C, KNOCKING NOISE",REMOVED & REPLACED,
104755,CYLINDER #2 REQUIRES NEW ROCKER COVER GASKET.,OK,CYLINDER #2,ROCKER COVER GASKET,REQUIRE PROBLEM,,REMOVED & REPLACED GASKET WITH NEW.,,NEW,GASKET,REMOVED & REPLACED,
104756,#1 INTAKE GASKET IS LEAKING.,OK,#1,INTAKE GASKET,LEAKING,,REPLACED GASKET.,,,GASKET,REPLACED,
104757,"#2, 3, 4 INTAKES LEAKING ON L/H ENGINE.",OK,"#2, 3, 4 ON L/H ENGINE",INTAKES,LEAKING,,INSTALLED NEW GASKETS.,,NEW,GASKETS,INSTALLED,
104758,"#1, 2, 3 & 4 INTAKES LEAKING ON R/H ENGINE.",OK,"#1, 2, 3 & 4 ON R/H ENGINE",INTAKES,LEAKING,,INSTALLED ALL NEW GASKETS.,,NEW,GASKETS,INSTALLED,
104759,#3 INTAKE GASKET LEAKING.,OK,#3,INTAKE GASKET,LEAKING,,REMOVED & REPLACED GASKET.,,,GASKET,REMOVED & REPLACED,
104760,"UPON LEANING MIXTURE ON GROUND; ENGINE QUIT. RESTARTED, SPUT",OK,ENGINE,,QUIT,,"RAN A/C, WARMED ENGINE FOR 5 MINUTES. ALL CHECKS GOOD.",,,"A/C, ENGINE","RAN & WARMED , CHECK",
104761,#1 & 3 INTAKE GASKETS LEAKING.,OK,#1 & 3,INTAKE GASKETS,LEAKING,,INSTALLED NEW GASKETS.,,NEW,GASKETS,INSTALLED,
104762,#2 & 3 INTAKE GASKETS LEAKING.,OK,#2 & 3,INTAKE GASKETS,LEAKING,,REMOVED & REPLACED GASKETS.,,,GASKETS,REMOVED & REPLACED,
104763,L/H FORWARD ENGINE SEAL NEEDS RIVET.,OK,L/H FORWARD ENGINE,SEAL,NEED PROBLEM,,INSTALLED NEW RIVET.,,NEW,RIVET,INSTALLED,
104764,#4 INTAKE GASKET LEAKING.,OK,#4,INTAKE GASKET,LEAKING,,REMOVED & REPLACED GASKET.,,,GASKET,REMOVED & REPLACED,
104765,"FORWARD BLACK BAFFLE SEAL LOOSE, R/H LOWER SIDE.",OK,FORWARD R/H LOWER SIDE,BAFFLE SEAL,LOOSE,,SECURED SEAL WITH RIVET.,,,SEAL,SECURED,
104766,#2 INTAKE TUBE GASKET LEAKING.,OK,#2,INTAKE TUBE GASKET,LEAKING,,REMOVED & REPLACED GASKET.,,,GASKET,REMOVED & REPLACED,
104767,#4 INTAKE LEAKING.,OK,#4,INTAKE,LEAKING,,REMOVED & REPLACED GASKET.,,,GASKET,REMOVED & REPLACED,
104768,#4 CYLINDER COMPRESSION BELOW 40 PSI. LEAKING PAST EXHAUST.,OK,#4 CYLINDER,,LEAKING,COMPRESSION,"SERVICED ENGINE WITH 8 QTS MINERAL OIL. RAN A/C, OPS & LEAK",,,"ENGINE, A/C, OPS &LEAK","SERVICED, RAN, CHECK",
104769,#4 CYLINDER COMPRESSION BELOW 40 PSI. LEAKING PAST EXHAUST.,OK,#4 CYLINDER,,LEAKING,COMPRESSION,REMOVED AIR INTAKE BOX. REMOVED MUFFLER & STACKS. REMOV,,,"AIR INTAKE BOX, MUFFLER & STACKS","REMOVED, REMOVED",
104770,#4 CYLINDER COMPRESSION BELOW 40 PSI. LEAKING PAST EXHAUST.,OK,#4 CYLINDER,,LEAKING,COMPRESSION,INSTALLED REPAIRED CYLINDER ASSEMBLY WITH NEW BASE O-RING. TO,,NEW BASE O-RING,CYLINDER ASSEMBLY,INSTALLED,
104771,#4 CYLINDER COMPRESSION BELOW 40 PSI. LEAKING PAST EXHAUST.,OK,#4 CYLINDER,,LEAKING,COMPRESSION,REMOVED & REPLACED EXHAUST PUSH ROD WITH -29 PUSH ROD. EX,,-29 PUSH ROD,EXHAUST PUSH ROD,REMOVED & REPLACED,
104772,"DURING A/C RUN UP, ENGINE FAILED ON RIGHT MAGNETO. ENGINE FA",OK,RIGHT MAGNETO,,FAILED,,"STARTED ENGINE USING NORMAL PROCEDURES. RUN UP ENGINE,",,,ENGINE,STARTED & RAN,
104773,R/H BAFFLE PLUG REQUIRES A PATCH.,OK,R/H,BAFFLE PLUG,REQUIRE PROBLEM,,INSTALLED PATCH ON BAFFLING.,,,PATCH,INSTALLED,
104774,#2 & 4 CYLINDER INTAKE GASKETS LEAKING.,OK,#2 & 4 CYLINDER,INTAKE GASKETS,LEAKING,,REMOVED & REPLACED GASKETS.,,,GASKETS,REMOVED & REPLACED,
104775,#2 CYLINDER SIDE BAFFLE MISSING BOLT.,OK,#2 CYLINDER SIDE,BAFFLE BOLT,MISSING,,INSTALLED BOLT IN #2 CYLINDER SIDE BAFFLE.,,,BOLT,INSTALLED,
104776,#3 ROCKER GASKET LEAKING.,OK,#3,ROCKER GASKET,LEAKING,,REMOVED & REPLACED GASKET.,,,GASKET,REMOVED & REPLACED,
104777,A/C IS BARELY CAPABLE OF A 1 FOOT HOVER @ LIMITING MANIFOLD,DIFFICULT,,,,,"INSPECTED INTAKE TUBES, GASKETS & O-RINGS, NO DEFECTS.",,,"INTAKE TUBES, GASKETS, O-RINGS",INSPECTED,
104778,A/C BEGAN TO LEAK LARGE QUANTITIES OF OIL OUT OF RIGHT COWLI,OK,A/C RIGHT COWLING,OIL,LEAK,,CLEANED A/C & ENGINE COMPARTMENT. FOUND OIL LEAKING FRO,,,"A/C & ENGINE COMPARTMENT, OIL","CLEANED , FOUND",OIL LEAKING
104779,ENGINE BACK FIRED WHILE IN A HOVER.,OK,ENGINE,,BACK FIRED,,"PERFORMED GROUND RUN, ADJUSTED IDLE & MIXTURE SETTINGS,",,,"IDLE, MIXTURE SETTINGS","GROUND RUN, ADJUSTED",
104780,ENGINE BACK FIRED WHILE IN A HOVER.,OK,ENGINE,,BACK FIRED,,REPLACED CYLINDER #1 INDUCTION TUBE & GASKETS. GROUND RUN RE,,,"CYLINDER INDUCTION TUBE, GASKETS",REPLACED,
104781,#3 INTAKE TUBE GASKET LEAKING.,OK,#3,INTAKE TUBE GASKET,LEAKING,,REMOVED & REPLACED INTAKE GASKET.,,,INTAKE GASKET,REMOVED & REPLACED,
104782,BLACK SEAL WEARING AGAINST ENGINE INTAKE FILTER.,OK,ENGINE INTAKE FILTER,BLACK SEAL,WORN,,APPLIED BLACK RTV.,,BLACK,RTV,APPLIED,
104783,#3 INTAKE LEAKING ON R/H ENGINE.,OK,#3 ON R/H ENGINE,INTAKE,LEAKING,,REMOVED & REPLACED GASKET.,,,GASKET,REMOVED & REPLACED,
104784,BLACK SEAL FOR FORWARD BAFFLE NEEDS RTV.,OK,FORWARD,BAFFLE BLACK SEAL,NEED PROBLEM,,SEALED AREA WITH RTV.,,,RTV,SEALED,
104785,"SCREW FOR BAFFLE, BEHIND OIL DIPSTICK TUBE, LOOSE.",OK,BEHIND OIL DIPSTICK TUBE,BAFFLE SCREW,LOOSE,,TIGHTENED SCREW.,,,SCREW,TIGHTENED,
104786,#1 & 3 INTAKES LEAK.,OK,#1 & 3,INTAKES,LEAK,,"REMOVED, CLEANED & REPLACED WITH NEW INTAKE GASKETS.",,NEW,INTAKE GASKETS,"REMOVED, CLEANED & REPLACED",
104787,#1 & 2 CYLINDER INTAKE GASKETS LEAKING.,OK,#1 & 2 CYLINDER,INTAKE GASKETS,LEAKING,,REMOVED & REPLACED GASKETS.,,,GASKETS,REMOVED & REPLACED,
104788,#2 CYLINDER ROCKER COVER GASKET LEAKING.,OK,#2 CYLINDER,ROCKER COVER GASKET,LEAKING,,REMOVED & REPLACED GASKET.,,,GASKET,REMOVED & REPLACED,
104789,#2 ROCKER COVER LEAKING.,OK,#2,ROCKER COVER,LEAKING,,REMOVED & REPLACE GASKET.,,,GASKET,REMOVED & REPLACE,
104790,"ON CLIMB, NOTICED M VOLTS DROPPED TO 26, RPM WAS CONSTANT. O",OK,,,DROP,,"RAN A/C, COULD NOT DUPLICATE.",,,A/C,RAN,
104791,#4 & 3 INTAKES LEAKING ON R/H ENGINE.,OK,#4 & 3 ON R/H ENGINE,INTAKES,LEAKING,,INSTALLED NEW INTAKE GASKETS.,,NEW,INTAKE GASKETS,INSTALLED,
104792,"L/H ENGINE #3, 4 INTAKE GASKETS LEAKING.",OK,"L/H ENGINE #3, 4",INTAKE GASKETS,LEAKING,,REMOVED & REPLACED WITH NEW GASKETS.,,NEW,GASKETS,REMOVED & REPLACED,
104793,PATCH ON R/H UPPER BAFFLE HAS SMALL CRACK.,OK,R/H UPPER,BAFFLE PATCH,CRACK,,STOP DRILLED CRACK.,,,DRILLED CRACK,STOP,
104794,"LOWER ENGINE FORWARD BLACK BAFFLE SEAL, BY AIR FILTER, HAS WORN SPOTS",OK,LOWER ENGINE FORWARD,BLACK BAFFLE SEAL,WORN,,APPLIED 2 PART EPOXY.,,,2 PART EPOXY,APPLIED,
104795,#4 CYLINDER BAFFLE PIECE DAMAGED.,OK,#4 CYLINDER,BAFFLE PIECE,DAMAGED,,REPLACED BAFFLE SECTION.,,,BAFFLE SECTION,REPLACED,
104796,"HARDWARE ON BAFFLING, BY STARTER, MISSING.",OK,BY STARTER,BAFFLING  HARDWARE,MISSING,,REPLACED MISSING HARDWARE.,,,HARDWARE,REPLACED,
104797,#2 CYLINDER INTAKE GASKET LEAKING.,OK,#2 CYLINDER,INTAKE GASKET,LEAKING,,REMOVED & REPLACED GASKET.,,,GASKET,REMOVED & REPLACED,
104798,"#1, 3 INTAKE GASKETS LEAKING.",OK,"#1, 3",INTAKE GASKETS,LEAKING,,REMOVED & REPLACED GASKETS.,,,GASKETS,REMOVED & REPLACED,
104799,"#3, 4 ROCKER COVER GASKETS LEAKING.",OK,"#3, 4",ROCKER COVER GASKETS,LEAKING,,REMOVED & REPLACED GASKETS.,,,GASKETS,REMOVED & REPLACED,
104800,BAFFLE SEAL STAPLES LOOSE ON #1 CYLINDER BAFFLE SECTION.,OK,#1 CYLINDER BAFFLE SECTION,BAFFLE SEAL STAPLES,LOOSE,,RESECURED BAFFLE SEAL WITH POP RIVETS.,,,BAFFLE SEAL,RESECURED,
104801,#2-4 BAFFLE INTERCONNECT ROD BROKEN.,OK,#2-4,BAFFLE INTERCONNECT ROD,BROKEN,,REMOVED & REPLACED INTERCONNECT ROD.,,,INTERCONNECT ROD,REMOVED & REPLACED,
104802,IN TRAFFIC PATTERN HEARD TICKING/CHIRPING NOISE. ONLY OCCURE,OK,TRAFFIC PATTERN,,NOISE,,RAN A/C AT VARIOUS POWER SETTINGS. COULD NOT DUPLICATE,,,A/C,RAN,
104803,#2 INTAKE GASKET LEAKING.,OK,#2,INTAKE GASKET,LEAKING,,REPLACED GASKET.,,,GASKET,REPLACED,
104804,L/H ENGINE #4 INTAKE GASKET IS LEAKING.,OK,L/H ENGINE #4,INTAKE GASKET,LEAKING,,REPLACED GASKET.,,,GASKET,REPLACED,
104805,#2 CYLINDER ROCKER COVER GASKET LEAKING ON L/H ENGINE.,OK,#2 CYLINDER ON L/H ENGINE,ROCKER COVER GASKET,LEAKING,,REMOVED & REPLACED GASKET.,,,GASKET,REMOVED & REPLACED,
104806,"#2, 3, 4 INTAKE GASKETS LEAKING ON L/H ENGINE.",OK,"#2, 3, 4 ON L/H ENGINE",INTAKE GASKETS,LEAKING,,REMOVED & REPLACED WITH NEW GASKETS.,,NEW,GASKETS,REMOVED & REPLACED,
104807,L/H ENGINE #1 CYLINDER FORWARD BAFFLE SEAL NEEDS TO BE SECURED.,OK,L/H ENGINE #1 CYLINDER FORWARD,BAFFLE SEAL,NEED PROBLEM,,SECURED FORWARD BAFFLE SEAL.,,,BAFFLE SEAL,SECURED,
104808,#4 INTAKE LEAKING.,OK,#4,INTAKE,LEAKING,,REMOVED & REPLACED GASKET.,,,GASKET,REMOVED & REPLACED,
104809,#1 ROCKER COVER LEAKING.,OK,#1,ROCKER COVER,LEAKING,,REMOVED & REPLACED GASKET.,,,GASKET,REMOVED & REPLACED,
104810,#2 INTAKE GASKET LEAKING.,OK,#2,INTAKE GASKET,LEAKING,,REMOVED & REPLACED GASKET WITH NEW.,,NEW,GASKET,REMOVED & REPLACED,
104811,"L/H ENG, CYLINDER #2 COMPRESSION 20/80; LEAKING OUT OF EXHAUST VA",OK,"L/H ENG, CYLINDER #2",EXHAUST VA,LEAKING,COMPRESSION,LEAK CHECK GOOD.,,,LEAK,CHECK,
104812,"L/H ENG, CYLINDER #2 COMPRESSION 20/80; LEAKING OUT OF EXHAUST VA",OK,"L/H ENG, CYLINDER #2",EXHAUST VA,LEAKING,COMPRESSION,REMOVED CYLINDER ASSEMBLY & REPLACED WITH REPAIRED CYLINDER ASSY. INSTA,,REPAIRED,CYLINDER ASSEMBLY,REMOVED & REPLACED,
104813,#3 INTAKE LEAKING ON R/H ENGINE.,OK,#3 ON R/H ENGINE,INTAKE,LEAKING,,REPLACED INTAKE GASKET.,,,INTAKE GASKET,REPLACED,
104814,"2, 3 & 4 INTAKES LEAKING ON L/H ENGINE.",OK,"2, 3 & 4 ON L/H ENGINE",INTAKES,LEAKING,,REMOVED & REPLACED GASKETS.,,,GASKETS,REMOVED & REPLACED,
104815,BRACKET SUPPORT FOR ENGINE OIL COOLER BAFFLE CRACKED.,OK,ENGINE OIL COOLER BAFFLE,BRACKET SUPPORT,CRACKED,,REPLACED BRACKET MADE OUT OF STAINLESS STEEL.,,STAINLESS STEEL,BRACKET,REPLACED,
104816,LEFT FRONT BAFFLING HAS A CRACK.,OK,LEFT FRONT,BAFFLING,CRACK,,STOP DRILLED CRACK.,,,DRILLED CRACK,STOP,
104817,CYLINDER #4 AFT BAFFLE IS CRACKED.,OK,CYLINDER #4 AFT,BAFFLE,CRACKED,,STOP DRILLED.,,,DRILLED,STOP,
104818,L/H SIIDE OF ENGINE CASE PLUG LEAKING OIL.,OK,L/H SIDE OF ENGINE CASE,PLUG,LEAKING,,OPS & LEAK CHECK GOOD.,,,OPS & LEAK,CHECK,
104819,L/H SIIDE OF ENGINE CASE PLUG LEAKING OIL.,OK,L/H SIDE OF ENGINE CASE,PLUG,LEAKING,,"REMOVED PLUG, CLEANED THREAD. APPLIED NEW SEALANT & REI",,NEW,"PLUG, THREAD, SEALANT","REMOVED, CLEANED, APPLIED",
104820,#2 INTAKE GASKET LEAKING.,OK,#2,INTAKE GASKET,LEAKING,,REPLACED GASKET.,,,GASKET,REPLACED,
104821,#2 INTAKE IS LEAKING.,OK,#2,INTAKE,LEAKING,,INSTALLED NEW GASKET.,,NEW,GASKET,INSTALLED,
104822,"#1-3 BAFFLE TIE WIRE LOOSE, RUBBING #1 DRAIN TUBE.",OK,#1-3,BAFFLE TIE WIRE,LOOSE,,"INSTALLED NEW TIE WIRE, INSPECTED OIL DRAIN TUBE - NO D",,NEW,"TIE WIRE,OIL DRAIN TUBE","INSTALLED,INSPECTED",
104823,"DURING FLIGHT, RPM EXCEEDED 2700 FOR A FEW SECONDS.",OK,,RPM,EXCEEDED,,DOWNLOADED FLIGHT DATA. FOUND OVERSPEED TO BE MOMENTARY,,,FLIGHT DATA,DOWNLOADED,
104824,#2 & 4 INTAKE GASKETS LEAKING.,OK,#2 & 4,INTAKE GASKETS,LEAKING,,REMOVED & REPLACED GASKETS.,,,GASKETS,REMOVED & REPLACED,
104825,"ENGINE STARTED & IDLED NORMALLY FOR ABOUT 2 MINUTES, THEN SU",DIFFICULT,,,,,"PERFORMED GROUND RUN, NO DEFECTS NOTED. OPS GOOD.",,,OPS,GROUND RUN,
104826,"ENGINE STARTED & IDLED NORMALLY FOR ABOUT 2 MINUTES, THEN SU",DIFFICULT,,,,,INSPECTED A/C ENGINE. CLEANED BOTH SNIFFLER VALVES. REM,,,"ENGINE, SNIFFLER VALVES","INSPECTED, CLEANED",
104827,R/H ENGINE TOP BACK BONE SEEPING OIL.,OK,R/H ENGINE TOP,BACKBONE,SEEPING,,RETORQUED TOP BACK BOLTS.,,,TOP BACK BOLTS,RETORQUED,
104828,"#3, 4 INTAKE GASKETS LEAKING ON R/H ENGINE.",OK,"#3, 4 ON R/H ENGINE",INTAKE GASKETS,LEAKING,,INSTALLED NEW GASKETS.,,NEW,GASKETS,INSTALLED,
104829,R/H ENGINE TOP BACK BONE SEEPING OIL.,OK,R/H ENGINE TOP,BACKBONE,SEEPING,,"PERFORMED GROUND RUN, LEAK CHECK GOOD.",,,LEAK,GROUND RUN & CHECK,
104830,#3 CYLINDER FORWARD BAFFLE PLUG MISSING.,OK,#3 CYLINDER FORWARD,BAFFLE PLUG,MISSING,,INSTALLED NEW PLUG.,,NEW,PLUG,INSTALLED,
104831,"DURING RUN UP MAGNETOS CK; RPM DROPPED NORMALLY, BUT WOULD RISE &",DIFFICULT,,,,,"RAN A/C, OPS CHECK GOOD. COULD NOT DUPLICATE DISPCREPANCY.",,,"A/C ,OPS","RAN ,CHECK",
104832,L/H ENGINE #3 ROCKER COVER LEAKING.,OK,L/H ENGINE #3,ROCKER COVER,LEAKING,,REPLACED GASKET.,,,GASKET,REPLACED,
104833,R/H ENGINE #3 ROCKER COVER LEAKING.,OK,R/H ENGINE #3,ROCKER COVER,LEAKING,,REPLACED GASKET.,,,GASKET,REPLACED,
104834,R/H ENGINE I/B BAFFLE TIE BROKEN.,OK,R/H ENGINE I/B,BAFFLE TIE,BROKEN,,REMOVED & REPLACED BAFFLE TIE.,,,BAFFLE TIE,REMOVED & REPLACED,
104835,PILOT REQUESTED START ASSIST.,DIFFICULT,,,,,STARTED A/C.,,,A/C,STARTED,
104836,#4 INTAKE IS LEAKING.,OK,#4,INTAKE,LEAKING,,REMOVED & REPLACED WITH NEW GASKET.,,NEW,GASKET,REMOVED & REPLACED,
104837,"R/H BAFFLE SPRING BROKEN, BAFFLE CHAFING ON #3 OIL RETURN LI",OK,R/H ON #3,BAFFLE SPRING,BROKEN,,INSPECTED & FOUND,,,,INSPECTED & FOUND,
104838,#1 & 2 INTAKE GASKETS LEAKING.,OK,#1 & 2,INTAKE GASKETS,LEAKING,,REMOVED & REPLACED WITH NEW GASKETS.,,NEW,GASKETS,REMOVED & REPLACED,
104839,R/H ENGINE #4 INTAKE GASKET LEAKING.,OK,R/H ENGINE #4,INTAKE GASKET,LEAKING,,REMOVED & REPLACED GASKET.,,,GASKET,REMOVED & REPLACED,
104840,"L/H ENGINE #2, 1 INTAKE GASKETS LEAKING.",OK,"L/H ENGINE #2, 1",INTAKE GASKETS,LEAKING,,REMOVED & REPLACED INTAKE GASKETS.,,,INTAKE GASKETS,REMOVED & REPLACED,
104841,#1 & 4 INTAKES LEAKING.,OK,#1 & 4,INTAKES,LEAKING,,REPLACED GASKETS.,,,GASKETS,REPLACED,
104842,PILOT REQUIRES START ASSIST.,OK,,,REQUIRE PROBLEM,,STARTED A/C.,,,A/C,STARTED,
104843,PILOT REQUIRES START ASSIST.,OK,,,REQUIRE PROBLEM,,STARTED A/C.,,,A/C,STARTED,
104844,PILOT REQUESTS IDLE ADJUSTMENT.,DIFFICULT,,,,,ADJUSTED IDLE SPEED.,,,IDLE SPEED,ADJUSTED,
104845,LOWER OIL COOLER LINE RESTING ON ACCESSORY PLATE STUD.,OK,LOWER ON ACCESSORY PLATE STUD,OIL COOLER LINE,RESTING,,REPOSITIONED LOWER OIL COOLER LINE.,,,LOWER OIL COOLER LINE,REPOSITIONED,
104846,#3 & 4 CYLINDER ROCKER COVERS LEAKING.,OK,#3 & 4 CYLINDER,ROCKER COVERS,LEAKING,,REMOVED & REPLACED GASKETS.,,,GASKETS,REMOVED & REPLACED,
104847,SCREW MISSING ON #2 CYLINDER BAFFLE & STAND OFF.,OK,#2 CYLINDER,BAFFLE SCREW & STAND OFF,MISSING,,INSTALLED SCREW & WASHER.,,,SCREW & WASHER,INSTALLED,
104848,OIL COOLER LOWER FITTING IS LOOSE.,OK,OIL COOLER LOWER,FITTING,LOOSE,,LEAK CHECK GOOD.,,,LEAK,CHECK,
104849,R/H FORWARD BAFFLE SEAL LOOSE.,OK,R/H FORWARD,BAFFLE SEAL,LOOSE,,RESECURED BAFFLE SEAL.,,,BAFFLE SEAL,RESECURED,
104850,OIL COOLER LOWER FITTING IS LOOSE.,OK,OIL COOLER LOWER,FITTING,LOOSE,,TIGHTENED FITTING.,,,FITTING,TIGHTENED,
104851,#2 INTAKE GASKET LEAKING.,OK,#2,INTAKE GASKET,LEAKING,,REMOVED & REPLACED GASKET WITH NEW.,,NEW,GASKET,REMOVED & REPLACED,
104852,LOWER OIL COOLER OIL LINE NEEDS TO BE REPOSITIONED.,OK,LOWER OIL COOLER,OIL LINE,NEED PROBLEM,,LEAK CHECK GOOD.,,,LEAK,CHECK,
104853,LOWER OIL COOLER OIL LINE NEEDS TO BE REPOSITIONED.,OK,LOWER OIL COOLER,OIL LINE,NEED PROBLEM,,REPOSITIONED LINE.,,,LINE,REPOSITIONED,
104854,#2 & 4 CYLINDER I/B BAFFLE WIRE IS OUTSIDE INNER CYLINDER BAFFLE.,OK,#2 & 4 CYLINDER,I/B BAFFLE WIRE,OUTSIDE,,REPOSITIONED WIRE.,,,WIRE,REPOSITIONED,
104855,#4 INTAKE LEAKING.,OK,#4,INTAKE,LEAKING,,REMOVED & REPLACED GASKET.,,,GASKET,REMOVED & REPLACED,
104856,MX FLIGHT REQUIRED FOR M/R LEAK.,DIFFICULT,,,,,COMPLETED REMOVAL OF ENGINE FROM A/C. BEGAN DISCONNECTI,,,,,
104857,MX FLIGHT REQUIRED FOR M/R LEAK.,DIFFICULT,,,,,INSTALLED & CONNECTED ENGINE IAW,,,ENGINE,INSTALLED & CONNECTED,
104858,"#2, 4 INTAKE GASKETS LEAKING.",OK,"#2, 4",INTAKE GASKETS,LEAKING,,REMOVED & REPLACED GASKETS.,,,GASKETS,REMOVED & REPLACED,
104859,FRONT BLACK SEAL FOR ENGINE COWL NEEDS RTV FOR WORN SPOTS.,OK,FRONT SEAL ,COWL,NEED PROBLEM,,RTV APPLIED WHERE NEEDED.,,,RTV,APPLIED,
104860,"CHT GAUGE DROPS TO ZERO, MOVES ERRATICALLY W/IN GREEN BAND &",OK,,CHT GAUGE,DROPS & MOVES,,"REMOVED & REPLACED CHT PROBE. GROUND RAN A/C, OPS CHECK GO",,REPLACED,"CHT PROBE, A/C, OPS","REMOVED & REPLACED , GROUND RAN , CHECK",
104861,RIVET PULLED THROUGH ON #4 CYLINDER BAFFLE SEAL.,OK,#4 CYLINDER,BAFFLE SEAL RIVET,PULLED,,INSTALLED NEW POP RIVET IN SEAL.,,NEW,POP RIVET,INSTALLED,
104862,BAFFLE SEAL SECTION BY AIR FILTER NEEDS REPAIR.,OK,BY AIR FILTER,BAFFLE SEAL,NEED PROBLEM,,REPAIRED SEAL SECTION WITH SILICONE & NEW POP RIVETS.,,NEW,"SEAL SECTION, POP RIVETS",REPAIRED,
104863,#1 CYLINDER INTAKE LEAKS.,OK,#1 CYLINDER,INTAKE,LEAKS,,REPLACED GASKET.,,,GASKET,REPLACED,
104864,"SCREW, BEHIND OIL DIPSTICK FOR BAFFLE, LOOSE.",OK,BEHIND OIL DIPSTICK,BAFFLE SCREW,LOOSE,,TIGHTENED SCREW.,,,SCREW,TIGHTENED,
104865,FRONT SEAL LOOSE & HAS WORN SPOTS (BAFFLE SEAL).,OK,FRONT,SEAL,LOOSE & WORN,,SECURED SEAL & PUT RTV AT WORN SPOTS.,,,"SEAL, RTV","SECURED , PUT",
104866,"#3, 4 INTAKE GASKETS LEAKING.",OK,"#3, 4",INTAKE GASKETS,LEAKING,,REMOVED & REPLACED WITH NEW GASKETS.,,NEW,GASKETS,REMOVED & REPLACED,
104867,BAFFLE BRACKET CRACKED ON #3 CYLINDER.,OK,#3 CYLINDER,BAFFLE BRACKET,CRACKED,,REMOVED BAFFLE SECTION & OIL PRESSURE LINE. REPLACED BR,,,"BAFFLE SECTION, OIL PRESSURE LINE, BR","REMOVED, REPLACED",
104868,#2 CYLINDER HAS LOW COMPRESSION (58/80).,OK,#2 CYLINDER,,COMPRESSION,,RAN UP A/C TO OPERATING TEMPERATURE & RECHECKED COMPRES,,,A/C,RAN & RECHECKED,
104869,SCREW MISSING FROM R/H AFT BAFFLE.,OK,R/H AFT,BAFFLE SCREW,MISSING,,INSTALLED NEW SCREW.,,NEW,SCREW,INSTALLED,
104870,#3 CYLINDER INTAKE GASKET LEAKING.,OK,#3 CYLINDER,INTAKE GASKET,LEAKING,,REMOVED & REPLACED WITH NEW INTAKE GASKET.,,NEW,INTAKE GASKET,REMOVED & REPLACED,
104871,#3 & 4 INTAKES LEAKING.,OK,#3 & 4,INTAKES,LEAKING,,REMOVED & REPLACED INTAKE GASKETS.,,,INTAKE GASKETS,REMOVED & REPLACED,
104872,BAFFLE BY STARTER WORN THROUGH & CRACKED.,OK,BY STARTER,BAFFLE,WORN & CRACKED,,REMOVED L/H FORWARD BAFFLE & FABRICATED PATCH FROM LIKE MAT,,LIKE MAT,"BAFFLE, PATCH",REMOVED & FABRICATED,
104873,#2 ROCKER COVER GASKET LEAKING.,OK,#2,ROCKER COVER GASKET,LEAKING,,REMOVED & REPLACED GASKET.,,,GASKET,REMOVED & REPLACED,
104874,#2 INTAKE IS LEAKING.,OK,#2,INTAKE,LEAKING,,REMOVED & REPLACED GASKET.,,,GASKET,REMOVED & REPLACED,
104875,#3 INTAKE GASKET LEAKING.,OK,#3,INTAKE GASKET,LEAKING,,REMOVED & REPLACED WITH NEW GASKET.,,NEW,GASKET,REMOVED & REPLACED,
104876,SCREW MISSING ON #1 CYLINDER BAFFLE SECTION.,OK,#1 CYLINDER,BAFFLE SCREW,MISSING,,REPLACED WITH NEW SCREW.,,NEW,SCREW,REPLACED,
104877,#3 ROCKER GASKET IS LEAKING.,OK,#3,ROCKER GASKET,LEAKING,,REMOVED & REPLACED WITH NEW SILICONE GASKET.,,NEW,GASKET,REMOVED & REPLACED,
104878,OIL COOLER BOLT REMOVED,DIFFICULT,,,,,REINSTALLED BOLT,,,BOLT,REINSTALLED,
104879,L/H ENGINE I/B FORWARD BAFFLE SCREW LOOSE.,OK,L/H ENGINE I/B FORWARD,BAFFLE SCREW,LOOSE,,REMOVED COWLING TO ACCESS SCREW. TIGHTENED SCREW. INSTA,,,SCREW,REMOVED & TIGHTENED,
104880,L/H ENGINE OIL COOLER BAFFLE CORNER NEEDS TO BE INSP. REMOVE FO,OK,L/H ENGINE,OIL COOLER BAFFLE,NEED PROBLEM,,COMPLETED INSTALLATION OF BAFFLE.,,,BAFFLE,INSTALLATION,
104881,BAFFLE SEAL ON RIGHT FRONT CYLINDER NEEDS TO BE REPLACED.,OK,RIGHT FRONT CYLINDER,BAFFLE SEAL,NEED PROBLEM,,REPLACED WITH NEW BAFFLE SEAL. SECURED WITH POP RIVETS.,,NEW,"BAFFLE SEAL, POP RIVETS","REPLACED, SECURED",
104882,L/H #3 & 4 INTAKE GASKETS LEAKING.,OK,L/H #3 & 4,INTAKE GASKETS,LEAKING,,REMOVED & REPLACED GASKETS.,,,GASKETS,REMOVED & REPLACED,
104883,ENGINE INTAKE BOOT TORN.,OK,ENGINE,INTAKE BOOT,TORN,,REPLACED BOOT.,,,BOOT,REPLACED,
104884,#4 CYLINDER INTAKE GASKET LEAKING.,OK,#4 CYLINDER,INTAKE GASKET,LEAKING,,REMOVED & REPLACED GASKET.,,,GASKET,REMOVED & REPLACED,
104885,"#2, 4 INTAKE GASKETS ARE LEAKING.",OK,"#2, 4",INTAKE GASKETS,LEAKING,,REMOVED & REPLACED GASKETS.,,,GASKETS,REMOVED & REPLACED,
104886,ENGINE SHAKING & ROUGHNESS ON START UP.,OK,ENGINE,,SHAKING & ROUGHNESS,,COMPLETED REASSEMBLY OF ENGINE. SERVICED ENGINE WITH MINE,,,ENGINE,COMPLETED REASSEMBLY & SERVICED,
104887,#2 & 4 INTAKES LEAKING.,OK,#2 & 4,INTAKES,LEAKING,,REPLACED GASKETS.,,,GASKETS,REPLACED,
104888,#3 CYLINDER HAS LOW COMPRESSION.,OK,#3 CYLINDER,,COMPRESSION,,FOR CYLINDER REPLACEMENT.,,,CYLINDER,REPLACEMENT,
104889,BAFFLE PLUGS WORN.,OK,,BAFFLE PLUGS,WORN,,REMOVED & REPLACED BAFFLE PLUGS.,,,BAFFLE PLUGS,REMOVED & REPLACED,
104890,R/H BAFFLE PLUG HOLE NEEDS DOUBLER.,OK,R/H,BAFFLE PLUG HOLE,NEED PROBLEM,,INSTALLED DOUBLER.,,,DOUBLER,INSTALLED,
104891,#4 CYLINDER OIL DRAIN LINE CLAMPS LOOSE.,OK,#4 CYLINDER,OIL DRAIN LINE CLAMPS,LOOSE,,TIGHTENED CLAMPS.,,,CLAMPS,TIGHTENED,
104892,#2 CYLINDER INTAKE GASKET LEAKING.,OK,#2 CYLINDER,INTAKE GASKET,LEAKING,,REMOVED & REPLACED GASKET.,,,GASKET,REMOVED & REPLACED,
104893,CYLINDER #3 COMPRESSION 18/80.,OK,CYLINDER #3,,COMPRESSION,,BEGAN DISASSEMBLY OF ACCESSORIES TO FACILITATE CYLINDER,,,ACCESSORIES,DISASSEMBLY,
104894,CYLINDER #3 COMPRESSION 18/80.,OK,CYLINDER #3,,COMPRESSION,,INSTALLED & TORQUED NEW CYLINDER ASSY. DRY LASH CHECK GOOD. INS,,NEW,CYLINDER ASSY,"INSTALLED & TORQUED, CHECK",
104895,CYLINDER #3 COMPRESSION 18/80.,OK,CYLINDER #3,,COMPRESSION,,"COMPLETED INSTALLATION OF ACCESSORIES, SERVICED SUMP WITH",,,"ACCESSORIES, SUMP","INSTALLED, SERVICED",
104896,TOP OIL COOLER HOSE KINKED & NOT SECURED.,OK,TOP,OIL COOLER HOSE,KINKED & NOT SECURED,,UNKINKED & SECURED HOSE.,,,HOSE,UNKINKED & SECURED,
104897,L/H ENGINE #1 & 3 CYLINDER BAFFLE ROD LOOSE.,OK,L/H ENGINE #1 & 3 CYLINDER,BAFFLE ROD,LOOSE,,TIGHTENED TIE ROD NUT.,,,TIE ROD NUT,TIGHTENED,
104898,#3 CYLINDER BAFFLE SCREW LOOSE.,OK,#3 CYLINDER,BAFFLE SCREW,LOOSE,,TIGHTENED SCREW.,,,SCREW,TIGHTENED,
104899,LEFT BAFFLE LOOSE (#2 CYLINDER BAFFLE SEAL).,OK,LEFT,BAFFLE,LOOSE,,REATTACHED BAFFLE SEAL.,,,BAFFLE SEAL,REATTACHED,
104900,#3 INTAKE LEAKING.,OK,#3,INTAKE,LEAKING,,REMOVED & REPLACED INTAKE GASKET.,,,INTAKE GASKET,REMOVED & REPLACED,
104901,"R/H ENGINE #2, 4 INTAKE GASKETS LEAKING.",OK,"R/H ENGINE #2, 4",INTAKE GASKETS,LEAKING,,REPLACED INTAKE GASKETS.,,,INTAKE GASKETS,REPLACED,
104902,#3 INTAKE GASKET LEAKING.,OK,#3,INTAKE GASKET,LEAKING,,REMOVED & REPLACED GASKET.,,,GASKET,REMOVED & REPLACED,
104903,BAFFLE PLUG IS BROKEN.,OK,,BAFFLE PLUG,BROKEN,,REMOVED & REPLACED BAFFLE PLUG.,,,BAFFLE PLUG,REMOVED & REPLACED,
104904,RIGHT ENGINE BAFFLE SEAL LOOSE ON BOTTOM CORNER.,OK,RIGHT ENGINE BOTTOM CORNER,BAFFLE SEAL,LOOSE,,INSTALLED NEW SEAL IN BOTTOM CORNER.,,NEW,SEAL,INSTALLED,
104905,"ANGLE BROKEN, L/H LOWER COWL O/B, NEAR FORWARD LATCH/PIN HOLE.",OK,L/H LOWER COWL O/B NEAR FORWARD LATCH/PIN HOLE,ANGLE,BROKEN,,REPLACED BRACKET WITH PART MADE OF LIKE MATERIAL.,,LIKE MATERIAL,BRACKET,REPLACED,
104906,#2 & 3 ROCKER COVER GASKETS LEAKING.,OK,#2 & 3,ROCKER COVER GASKETS,LEAKING,,REMOVED & REPLACED GASKETS.,,,GASKETS,REMOVED & REPLACED,
104907,STARTED ENGINE & IT RAN WELL FOR ABOUT 30 SECONDS BEFORE LOS,DIFFICULT,,,,,REMOVED ENGINE BAFFLES TO FACILITATE PERFORMING OF LYCO,,,ENGINE BAFFLES,REMOVED,
104908,STARTED ENGINE & IT RAN WELL FOR ABOUT 30 SECONDS BEFORE LOS,DIFFICULT,,,,,"STARTED A/C, ENGINE RAN SMOOTH FOR 20 SECONDS & THEN BE",,,"A/C, ENGINE","STARTED, RAN",
104909,STARTED ENGINE & IT RAN WELL FOR ABOUT 30 SECONDS BEFORE LOS,DIFFICULT,,,,,COMPLETED INSTALLATION OF BAFFLES. RAN UP A/C. OPS & LE,,,"BAFFLES,  A/C","COMPLETED INSTALLATION , RAN",
104910,STARTED ENGINE & IT RAN WELL FOR ABOUT 30 SECONDS BEFORE LOS,DIFFICULT,,,,,PERFORMED ON CYLINDER #4. INSTALLED ALL ROCKER COVER,,,ROCKER COVER,INSTALLED,
104911,#3 AFT BAFFLE SCREW IS LOOSE.,OK,#3 AFT,BAFFLE SCREW,LOOSE,,TIGHTENED LOOSE SCREW.,,,SCREW,TIGHTENED,
104912,L/H ENGINE BAFFLE ACCESS HOLE ELONGATED.,OK,L/H ENGINE,BAFFLE ACCESS HOLE,ELONGATED,,INSTALLED DOUBLER PATCH IAW SE SRM.,,,DOUBLER PATCH,INSTALLED,
104913,#2 & 4 ROCKER COVER LEAKING.,OK,#2 & 4,ROCKER COVER,LEAKING,,REMOVED & REPLACED GASKETS.,,,GASKETS,REMOVED & REPLACED,
104914,PROP COULD USE A DRESSING; ROUGH ON EDGES. CHT #4 GREATER T,OK,,PROP,ROUGH,,"DRESSED PROP. RAN A/C, COULD NOT DUPLICATE CHT DISCREP",,,"PROP,A/C","DRESSED,RAN",
104915,#2 INTAKE GASKET LEAKING.,OK,#2,INTAKE GASKET,LEAKING,,REMOVED & REPLACED GASKET.,,,GASKET,REMOVED & REPLACED,
104916,#2 INTAKE LEAKING.,OK,#2,INTAKE,LEAKING,,REPLACED GASKET.,,,GASKET,REPLACED,
104917,"#2, 4 ROCKER COVER GASKETS LEAKING.",OK,"#2, 4",ROCKER COVER GASKETS,LEAKING,,REPLACED #2 GASKET.,,,GASKET,REPLACED,
104918,"#2, 4 ROCKER COVER GASKETS LEAKING.",OK,"#2, 4",ROCKER COVER GASKETS,LEAKING,,REPLACED #4 GASKET.,,,GASKET,REPLACED,
104919,"#2, 3 INTAKE GASKETS LEAKING.",OK,"#2, 3",INTAKE GASKETS,LEAKING,,REMOVED & REPLACED GASKETS.,,,GASKETS,REMOVED & REPLACED,
104920,R/H #3 INTAKE GASKET LEAKING.,OK,R/H #3,INTAKE GASKET,LEAKING,,REMOVED & REPLACED GASKET.,,,GASKET,REMOVED & REPLACED,
104921,#1 INTAKE IS LEAKING.,OK,#1,INTAKE,LEAKING,,REMOVED & REPLACED GASKET.,,,GASKET,REMOVED & REPLACED,
104922,PROP OVERSPEED 2720 FOR 1 SECOND.,OK,,PROP,OVERSPEED,,"REMOVED FDM CARD, RESEARCHED DATA, FOUND OVERSPEED TO B",,,"FDM CARD, DATA","REMOVED, RESEARCHED, FOUND",OVERSPEED 
104923,#3 CYLINDER CHT >200*F WARMER THAN OTHER CYLINDERS.,OK,#3 CYLINDER,CHT,WARMER,,"RAN A/C, COULD NOT DUPLICATE DISCREP. ALL CHT TEMPS IN",,,A/C,RAN,
104924,#1 INTAKE TUBE GASKET LEAKING.,OK,#1,INTAKE TUBE GASKET,LEAKING,,INSTALLED NEW GASKET.,,NEW,GASKET,INSTALLED,
104925,#3 ENGINE BAFFLE MOUNTING SCREW LOOSE.,OK,#3 ENGINE,BAFFLE MOUNTING SCREW,LOOSE,,TIGHTENED SCREW.,,,SCREW,TIGHTENED,
104926,R/H BAFFLE PLUG IS MISSING.,OK,R/H,BAFFLE PLUG,MISSING,,INSTALLED BAFFLE PLUG,,,BAFFLE PLUG,INSTALLED,
104927,R/H BAFFLE PLUG NEEDS PATCH.,OK,R/H,BAFFLE PLUG,NEED PROBLEM,,INSTALLED BAFFLE PATCH WITH RIVETS.,,RIVETS,BAFFLE PATCH,INSTALLED,
104928,FORWARD ENGINE BLACK SEAL WORN AT ENGINE INDUCTION.,OK,FORWARD ENGINE,BLACK SEAL,WORN,,APPLIED SILICONE.,,,SILICONE,APPLIED,
104929,#3 & 4 INTAKE GASKETS ARE LEAKING.,OK,#3 & 4,INTAKE GASKETS,LEAKING,,REPLACED GASKETS.,,,GASKETS,REPLACED,
104930,SIDE BAFFLE PLUG HOLES ARE WORN OUT.,OK,SIDE,BAFFLE PLUG HOLES,WORN,,INSTALLED RIVETED PATCHES AROUND HOLES.,,,PATCHES,INSTALLED,
104931,#3 INTAKE GASKET LEAKING.,OK,#3,INTAKE GASKET,LEAKING,,REMOVED & REPLACED GASKET.,,,GASKET,REMOVED & REPLACED,
104932,#3 AFT BAFFLE BRACKET IS CRACKED.,OK,#3 AFT,BAFFLE BRACKET,CRACKED,,REMOVED & REPLACED BAFFLE BRACKET.,,,BAFFLE BRACKET,REMOVED & REPLACED,
104933,L/H ENGINE #4 INTAKE LEAKING.,OK,L/H ENGINE #4,INTAKE,LEAKING,,REMOVED & REPLACED GASKET.,,,GASKET,REMOVED & REPLACED,
104934,BAFFLE SCREW MISSING ON #2 CYLINDER BAFFLE SECTION.,OK,#2 CYLINDER,BAFFLE SCREW,MISSING,,INSTALLED SCREW.,,,SCREW,INSTALLED,
104935,AT LEAST 3 INSTANCES THROUGHOUT FLIGHT; THE ENGINE VIBRATED,OK,ENGINE,,VIBRATED,,"RAN A/C, COULD NOT DUPLICATE. REMVED COWL & CHECK COMPR",,,"A/C, COWL, COMPR","RAN, REMOVED, CHECK",
104936,AT LEAST 3 INSTANCES THROUGHOUT FLIGHT; THE ENGINE VIBRATED,OK,ENGINE,,VIBRATED,,"RAN ENGINE AGAIN, OPS CHECK GOOD. MX FLIGHT TO BE PERFORME",,,"ENGINE, OPS ,MX FLIGHT","RAN , CHECK, TO BE PERFORME",
104937,ENGINE STARTED FINE & RAN AT 1000 RPM. WENT TO LEAN ENGINE &,DIFFICULT,,,,,PERFORMED SEASONAL ADJUSTMENT OF IDLE SPEED & MIXTURE.,,,"IDLE SPEED, MIXTURE",ADJUSTMENT,
104938,#3 INTAKE LEAKING.,OK,#3,INTAKE,LEAKING,,REMOVED & REPLACED GASKET.,,,GASKET,REMOVED & REPLACED,
104939,#2 & 3 ROCKER COVER GASKETS NEED TO BE REPLACED.,OK,#2 & 3,ROCKER COVER GASKETS,NEED PROBLEM,,REMOVED & REPLACED GASKETS.,,,GASKETS,REMOVED & REPLACED,
104940,#3 INTAKE LEAKING ON R/H ENGINE.,OK,#3 ON R/H ENGINE,INTAKE,LEAKING,,REMOVED & REPLACED GASKET.,,,GASKET,REMOVED & REPLACED,
104941,"#2, 3 & 4 INTAKES LEAKING ON L/H ENGINE.",OK,"#2, 3 & 4 ON L/H ENGINE",INTAKE,LEAKING,,REMOVED & REPLACED GASKETS.,,,GASKETS,REMOVED & REPLACED,
104942,#2 ROCKER COVER LEAKING.,OK,#2,ROCKER COVER,LEAKING,,REMOVED & REPLACED GASKET.,,,GASKET,REMOVED & REPLACED,
104943,#3 INTAKE LEAKING ON R/H ENGINE.,OK,#3 ON R/H ENGINE,INTAKE,LEAKING,,REMOVED & REPLACED GASKET.,,,GASKET,REMOVED & REPLACED,
104944,INTAKE 2 & 3 LEAKING ON L/H ENGINE.,OK,2 & 3 ON L/H ENGINE,INTAKE,LEAKING,,REMOVED & REPLACED GASKETS.,,,GASKETS,REMOVED & REPLACED,
104945,R/H REAR ENGINE BAFFLE SCREW MISSING.,OK,R/H REAR ENGINE,BAFFLE SCREW,MISSING,,INSTALLED NEW SCREW.,,NEW,SCREW,INSTALLED,
104946,#3 CYLINDER ROCKER COVER EXHAUST GAS TEMPERATURE STAND OFF BROKEN.,OK,#3 CYLINDER,ROCKER COVER EXHAUST GAS TEMPERATURE STAND OFF,BROKEN,,REMOVED & REPLACED STAND OFF.,,,STAND OFF,REMOVED & REPLACED,
104947,R/H ENGINE #3 INTAKE GASKET LEAKING.,OK,R/H ENGINE #3,INTAKE GASKET,LEAKING,,REMOVED & REPLACED GASKET.,,,GASKET,REMOVED & REPLACED,
104948,#3 UPPER BAFFLE SEAL MISSING ON R/H ENGINE.,OK,#3 UPPER ON R/H ENGINE,BAFFLE SEAL,MISSING,,REPLACED BAFFLE SEAL.,,,BAFFLE SEAL,REPLACED,
104949,LOOSE SCREW ON FORWARD OIL COOLER SHROUD.,OK,FORWARD,OIL COOLER SHROUD SCREW,LOOSE,,TIGHTENED SCREW.,,,SCREW,TIGHTENED,
104950,"#2, 4 INTERCYLINDER BAFFLE CRACKED.",OK,"#2, 4 INTERCYLINDER",BAFFLE,CRACKED,,STOP DRILLED CRACK.,,,DRILLED CRACK,STOP,
104951,L/H BAFFLE PLUG DAMAGED.,OK,L/H,BAFFLE PLUG,DAMAGED,,REPLACED BAFFLE PLUG.,,,BAFFLE PLUG,REPLACED,
104952,#4 INTAKE OIL LEAK.,OK,#4,INTAKE OIL,LEAKING,,INSPECTED & FOUND OIL LEAK TO BE RESIDUAL. CLEANED AREA,,,"OIL, AREA","INSPECTED & FOUND , CLEANED",OIL LEAK
104953,#3 INTAKE LEAKING.,OK,#3,INTAKE,LEAKING,,REMOVED & REPLACED INTAKE GASKET.,,,INTAKE GASKET,REMOVED & REPLACED,
104954,"#1, 2, 3 ROCKER COVERS LEAKING.",OK,"#1, 2, 3",ROCKER COVERS,LEAKING,,REMOVED & REPLACED GASKETS.,,,GASKETS,REMOVED & REPLACED,
104955,THROTTLE LOOSE AT DASH.,OK,DASH,THROTTLE,LOOSE,,TIGHTENED BACKING NUT.,,,BACKING NUT,TIGHTENED,
104956,GROUNDING AREA FOR NEW ENGINE NEEDS PAINT REMOVED.,OK,GROUNDING AREA FOR NEW ENGINE,,PAINT,,"CLEANED PAINT AWAY, BOTH SIDES OF AREA.",,,PAINT,CLEANED,
104957,FORWARD L/H ENGINE BAFFLE NEEDS SMALL PATCH OVER LARGE CRACK & STOP,OK,FORWARD L/H ENGINE,BAFFLE,NEED PROBLEM,,INSTALLED PATCH OVER AREA - LIKE MATERIAL SRM CHANNEL 51-71-,,LIKE MATERIAL SRM CHANNEL 51-71-,PATCH,INSTALLED,
104958,ENGINE CHIP DETECTORS ARE REMOVED & WAITING FOR O-RINGS.,DIFFICULT,,,,,RECEIVED O-RINGS. REINSTALLED CHIP PLUGS & SAFETIED.,,,"O-RINGS, CHIP PLUGS","RECEIVED , REINSTALLED & SAFETIED",
104959,DURING AUTO RECOVERY ENGINE RPM GOT TO 3500.,OK,ENGINE,,RPM,,CHANGED OIL & FILTER.,,,"OIL, FILTER",CHANGED,
104960,#3 ROCKER COVER GASKET LEAKS.,OK,#3,ROCKER COVER GASKET,LEAKS,,REMOVED & REPLACED #3 ROCKER COVER GASKET. LEAK CHECK GOOD,,,"ROCKER COVER GASKET, LEAK","REMOVED & REPLACED , CHECK",
104961,DURING AUTO RECOVERY ENGINE RPM GOT TO 3500.,OK,ENGINE,,RPM,,REVIEWED - DETERMINED TO BE 8% OVERSPEED. BEGAN,,,,,
104962,DURING AUTO RECOVERY ENGINE RPM GOT TO 3500.,OK,ENGINE,,RPM,,REMOVED EXHAUST & PERFORMED TO CYLINDER #1 & COMPLET,,,"EXHAUST, CYLINDER","REMOVED , PERFORMED",
104963,DURING AUTO RECOVERY ENGINE RPM GOT TO 3500.,OK,ENGINE,,RPM,,"REMOVED ROCKER COVERS, #2 & 4 SIDE BAFFLES. PERFORMED S",,,ROCKER COVERS & BAFFLES,"REMOVED, PERFORMED",
104964,DURING AUTO RECOVERY ENGINE RPM GOT TO 3500.,OK,ENGINE,,RPM,,"INSTALLED L/H & R/H SIDE BAFFLES, ROCKER COVERS, CLAMPS",,,"BAFFLES, ROCKER COVERS, CLAMPS",INSTALLED,
104965,#2 INTAKE LEAKING.,OK,#2,INTAKE,LEAKING,,REPLACED GASKET.,,,GASKET,REPLACED,
104966,R/H REAR ENGINE BAFFLE MOUNT LOOSE.,OK,R/H REAR ENGINE,BAFFLE MOUNT,LOOSE,,RESECURED ENGINE BAFFLE MOUNT.,,,ENGINE BAFFLE MOUNT,RESECURED,
104967,#2 INTAKE GASKET LEAKING.,OK,#2,INTAKE GASKET,LEAKING,,REMOVED & REPLACED GASKET.,,,GASKET,REMOVED & REPLACED,
104968,#1 ROCKER COVER GASKET LEAKING.,OK,#1,ROCKER COVER GASKET,LEAKING,,REMOVED & REPLACED GASKET.,,,GASKET,REMOVED & REPLACED,
104969,SNIFFLER VALVES NEED TO BE CLEANED.,OK,,SNIFFLER VALVES,NEED PROBLEM,,CLEANED VALVES.,,,VALVES,CLEANED,
104970,FORWARD ENGINE BLACK SEAL NEEDS RTV WHERE INTAKE HITS IT.,OK,FORWARD ENGINE,BLACK SEAL,REQUIRE PROBLEM,,INSTALLED RTV IN WORN AREAS.,,WORN,RTV,INSTALLED,
104971,PAINT WAS NOT REMVOED AROUND ENGINE GROUNDING POINT.,OK,ENGINE,GROUNDING POINT,PAINT,,REMOVED PAINT & INSTALLED GRD WIRE.,,,"PAINT, GRD WIRE","REMOVED, INSTALLED",
104972,BAFFLE SCREW BY OIL DIPSTICK MISSING.,OK,BY OIL DIPSTICK,BAFFLE SCREW,MISSING,,"REMOVED DIPSTICK TUBE, INSTALLED NEW SCREW, INSTALLED T",,NEW,"DIPSTICK TUBE, SCREW, T","REMOVED, INSTALLED, INSTALLED",
104973,BOTH BAFFLE PLUGS WORN (ENG).,OK,ENG,BAFFLE PLUGS,WORN,,REMOVED & REPLACED BOTH BAFFLE PLUGS.,,,BAFFLE PLUGS,REMOVED & REPLACED,
104974,R/H BAFFLE TIE BROKEN.,OK,R/H,BAFFLE TIE,BROKEN,,INSTALLED NEW BAFFLE TIE.,,NEW,BAFFLE TIE,INSTALLED,
104975,#2 & 4 INTAKE GASKETS ARE LEAKING.,OK,#2 & 4,INTAKE GASKETS,LEAKING,,REPLACED GASKETS.,,,GASKETS,REPLACED,
104976,L/H ENGINE CENTER CASE BOLT LEAKING OIL.,OK,L/H ENGINE CENTER CASE,BOLT,LEAKING,,LEAK CHECK GOOD.,,,LEAK,CHECK,
104977,R/H ENGINE #3 CYLINDER HAS LOW COMPRESSION (16/80).,OK,R/H ENGINE #3 CYLINDER,,COMPRESSION,,OPS & LEAK CHECK GOOD.,,,OPS & LEAK,CHECK,
104978,L/H ENGINE CENTER CASE BOLT LEAKING OIL.,OK,L/H ENGINE CENTER CASE,BOLT,LEAKING,,"REMOVED BOLT, CLEANED CASE, INSTALLED, TORQUED & SEALED",,,"BOLT, CASE, BOLT","REMOVED , CLEANED , INSTALLED & TORQUED & SEALED",
104979,R/H ENGINE #3 CYLINDER HAS LOW COMPRESSION (16/80).,OK,R/H ENGINE #3 CYLINDER,,COMPRESSION,,REMOVED & REPLACED CYLINDER & PISTON WITH NEW IAW LYCOMING DIR,,NEW,CYLINDER & PISTON,REMOVED & REPLACED,
104980,RPM WENT TO RED.,OK,,,RPM,,"REMOVED FDM CARD, FOUND TO BE LESS THAN 5%. NO DEFECTS",,,FDM CARD,REMOVED,
104981,"THROTTLE IDLE, ENGINE SHUT DOWN.",OK,ENGINCE,,SHUT DOWN,,"PERFORMED GROUND RUN, COULD NOT DUPLICATE. OPS GOOD.",,,OPS,GROUND RUN,
104982,#3 INTAKE TUBE GASKET LEAKING.,OK,#3,INTAKE TUBE GASKET,LEAKING,,INSTALLED NEW INTAKE GASKET.,,NEW,INTAKE GASKET,INSTALLED,
104983,HARDWARE MISSING @ #3 BAFFLE.,OK,#3,BAFFLE HARDWARE,MISSING,,INSTALLED NEW HARDWARE.,,NEW,HARDWARE,INSTALLED,
104984,#4 INTAKE GASKET LEAKS.,OK,#4,INTAKE GASKET,LEAKS,,REMOVED & REPLACED GASKET.,,,GASKET,REMOVED & REPLACED,
104985,#2 & 4 INTAKE GASKETS LEAKING.,OK,#2 & 4,INTAKE GASKETS,LEAKING,,REPLACED GASKETS.,,,GASKETS,REPLACED,
104986,#2 INTAKE IS LEAKING.,OK,#2,INTAKE,LEAKING,,INSTALLED NEW GASKET.,,NEW,GASKET,INSTALLED,
104987,"INTAKES 2, 3 & 4 LEAKING ON L/H ENGINE.",OK,"2, 3 & 4 ON L/H ENGINE",INTAKES,LEAKING,,REMOVED & REPLACED GASKETS.,,,GASKETS,REMOVED & REPLACED,
104988,#4 & 3 INTAKE LEAKING ON R/H ENGINE.,OK,#4 & 3 ON R/H ENGINE,INTAKE,LEAKING,,REMOVED & REPLACED INTAKE GASKETS.,,,INTAKE GASKETS,REMOVED & REPLACED,
104989,CRACK ON BOTTOM O/B CORNER OF AFT BAFFLE @ L/H OIL COOLER.,OK,BOTTOM O/B CORNER OF AFT @ L/H OIL COOLER,BAFFLE,CRACK,,STOP DRILLED CRACK.,,,DRILLED CRACK,STOP,
104990,BRACKET BROKEN FOR #4 BAFFLE.,OK,#4,BAFFLE BRACKET,BROKEN,,FABRICATED NEW BRACKET FOR #4 BAFFLE.,,NEW,BRACKET,FABRICATED,
104991,CLIP FOR OIL BAFFLE COOLER BRACKET WORN.,OK,,OIL BAFFLE COOLER BRACKET CLIP,WORN,,FABRICATED CLIP & INSTALLED.,,,CLIP,FABRICATED & INSTALLED,
104992,#1 INTAKE GASKET LEAKING.,OK,#1,INTAKE GASKET,LEAKING,,INSTALLED NEW GASKET.,,NEW,GASKET,INSTALLED,
104993,#4 INTAKE LEAKING ON L/H ENGINE.,OK,#4 ON L/H ENGINE,INTAKE,LEAKING,,REPLACED INTAKE GASKET.,,,INTAKE GASKET,REPLACED,
104994,#1 & 3 INTAKES LEAKING ON R/H ENGINE.,OK,#1 & 3 ON R/H ENGINE,INTAKES,LEAKING,,REPLACED INTAKE GASKETS.,,,INTAKE GASKETS,REPLACED,
104995,#1 ROCKER COVER LEAKING ON R/H ENGINE.,OK,#1 ON R/H ENGINE,ROCKER COVER,LEAKING,,REMOVED & REPLACED ROCKER COVER GASKET.,,,ROCKER COVER GASKET,REMOVED & REPLACED,
104996,ENGINE BAFFLE PLUGS ARE WORN.,OK,ENGINE,BAFFLE PLUGS,WORN,,REMOVED & REPLACED BOTH BAFFLE PLUGS.,,,BAFFLE PLUGS,REMOVED & REPLACED,
104997,#2 INTAKE GASKET LEAKING.,OK,#2,INTAKE GASKET,LEAKING,,REMOVED & REPLACED GASKET.,,,GASKET,REMOVED & REPLACED,
104998,"#1, 4 INTAKE GASKETS ARE LEAKING.",OK,"#1, 4",INTAKE GASKETS,LEAKING,,REMOVED & REPLACED GASKETS.,,,GASKETS,REMOVED & REPLACED,
104999,#1 & 2 INTAKES LEAKING.,OK,#1 & 2,INTAKES,LEAKING,,REMOVED & REPLACED GASKETS.,,,GASKETS,REMOVED & REPLACED,
105000,ENGINE TO BAFFLE ATTACH FITTING MISSING SCREW.,OK,ENGINE TO BAFFLE ATTACH FITTING,BAFFLE SCREW,MISSING,,REPLACED SCREW.,,,SCREW,REPLACED,
105001,#2 INTAKE LEAKING.,OK,#2,INTAKE,LEAKING,,INSTALLED NEW GASKET.,,NEW,GASKET,INSTALLED,
105002,BAFFLE SCREW MISSING ABOVE #2 CYLINDER.,OK,ABOVE #2 CYLINDER,BAFFLE SCREW,MISSING,,INSTALLED SCREW.,,,SCREW,INSTALLED,
105003,#3 INTAKE GASKET LEAKS.,OK,#3,INTAKE GASKET,LEAKS,,REMOVED & REPLACED GASKET.,,,GASKET,REMOVED & REPLACED,
105004,#1 & 3 ROCKER COVER GASKETS LEAK.,OK,#1 & 3,ROCKER COVER GASKETS,LEAK,,REMOVED & REPLACED GASKETS.,,,GASKETS,REMOVED & REPLACED,
105005,"SCREW FOR R/H AFT BAFFLE, BEHIND OIL DIPSTICK, LOOSE.",OK,"R/H AFT, BEHIND OIL DIPSTICK",BAFFLE SCREW,LOOSE,,TIGHTENED SCREW.,,,SCREW,TIGHTENED,
105006,"GROUNDING WIRE TO ENG, PAINT NOT REMOVED AND BOLT LOOSE.",OK,ENGINE,"GROUNDING WIRE , BOLT","PAINT, LOOSE",,REMOVED PAINT & SECURED BOLT.,,,"PAINT, BOLT","REMOVED , SECURED",
105007,"BLACK BAFFLE SEAL, FORWARD ENG, HAS SMALL WORN SPOT ON L/H SIDE.",OK,FORWARD ENG ON L/H SIDE,BLACK BAFFLE SEAL,WORN,,INSTALLED RTV TO WORN AREA.,,,RTV,INSTALLED,
105008,ENGINE BAFFLE PLUGS WORN.,OK,ENGINE,BAFFLE PLUGS,WORN,,REMOVED & REPLACED PLUGS.,,,PLUGS,REMOVED & REPLACED,
105009,"#1, 3 ROCKER COVER GASKETS LEAKING.",OK,"#1, 3",ROCKER COVER GASKETS,LEAKING,,REMOVED & REPLACED GASKETS.,,,GASKETS,REMOVED & REPLACED,
105010,R/H REAR BAFFLE MOUNTING SCREW IS MISSING.,OK,R/H REAR,BAFFLE MOUNTING SCREW,MISSING,,INSTALLED NEW SCREW.,,NEW,SCREW,INSTALLED,
105011,#2 INTAKE LEAKS.,OK,#2,INTAKE,LEAKS,,REMOVED & REPLACED GASKET.,,,GASKET,REMOVED & REPLACED,
105012,BOTH ENGINE BAFFLE PLUGS WORN.,OK,BOTH ENGINE,BAFFLE PLUGS,WORN,,REPLACED WITH NEW.,,NEW,BAFFLE PLUGS,REPLACED,
105013,SCREW BEHIND ENGINE OIL DIPSTICK LOOSE.,OK,BEHIND ENGINE OIL DIPSTICK,SCREW,LOOSE,,TIGHTENED SCREW.,,,SCREW,TIGHTENED,
105014,BLACK FORWARD SEAL HAS WORN SPOTS.,OK,FORWARD,BLACK SEAL,WORN,,INSTALLED RTV TO WORN AREAS.,,,RTV,INSTALLED,
105015,L/H ENGINE CYLINDER #4 INTAKE GASKET IS LEAKING.,OK,L/H ENGINE CYLINDER #4,INTAKE GASKET,LEAKING,,REMOVED & REPLACED WITH NEW GASKET.,,NEW,GASKET,REMOVED & REPLACED,
105016,1 BAFFLE PLUG IS DAMAGED.,OK,1,BAFFLE PLUG,DAMAGED,,REMOVED & REPLACED BAFFLE PLUG.,,,BAFFLE PLUG,REMOVED & REPLACED,
105017,RPM 2700 FOR 2 SEC.,OK,,,RPM,,"READ FDM CARD DATA, FOUND TO BE LESS THAN 5%. NO DEFECT",,,FDM CARD DATA,READ,
105018,PROP OVERSPEED 2750 FOR 5 SECS.,OK,,PROP,OVERSPEED,,"INSPECTED DATA ON CARD. RPM FOUND TO 2703.4, NO ACTION",,,"DATA, RPM","INSPECTED , FOUND",RPM FOUND TO 2703.
105019,UNUSUAL ATTITUDE POWER WAS ADDED & ENGINE REACHED APPROX 280,DIFFICULT,,,,,CONTINUED & STARTED .,,,CONTINUED & STARTED,,
105020,UNUSUAL ATTITUDE POWER WAS ADDED & ENGINE REACHED APPROX 280,DIFFICULT,,,,,COMPLETED & . RAN ENGINE. OPS & LEAK CHECK,,,"ENGINE, LEAK","RAN, CHECK",
105021,UNUSUAL ATTITUDE POWER WAS ADDED & ENGINE REACHED APPROX 280,DIFFICULT,,,,,"REVIEWED LYCOMING , DETERMINED OVERSPEED TO FALL",,,LYCOMING,REVIEWED & DETERMINED,
105022,BAFFLE SCREW MISSING ON #3 CYL.,OK,#3 CYL,BAFFLE SCREW,MISSING,,INSTALLED NEW SCREW.,,NEW,SCREW,INSTALLED,
105023,RIVET HEAD SHEARED ON ALTERNATOR AIR DOOR.,OK,HEAD ON ALTERNATOR AIR DOOR,RIVET,SHEARED,,"REMOVED RIVET, INSTALLED NEW RIVET IAW , CHANNEL",,NEW,RIVET,"REMOVED, INSTALLED",
105024,R/H ENGINE #2 INTAKE IS LEAKING.,OK,R/H ENGINE #2,INTAKE,LEAKING,,REPLACED GASKET.,,,GASKET,REPLACED,
105025,#2 & 4 INTAKES LEAKING ON LEFT ENGINE.,OK,#2 & 4 ON LEFT ENGINE,INTAKES,LEAKING,,REPLACED GASKETS.,,,GASKETS,REPLACED,
105026,#3 BAFFLE SCREW MISSING.,OK,#3,BAFFLE SCREW,MISSING,,REPLACED SCREW.,,,SCREW,REPLACED,
105027,"FORWARD SNIFFLER VALVE IS LEAKING OIL/FUEL. THERE IS A 6"" PUDDLE",OK,FORWARD,SNIFFLER VALVE,LEAKING,,"INSPECTED SNIFFLER VALVES, NO DEFECTS NOTED. REMOVED SN",,,SNIFFLER VALVES,INSPECTED & REMOVED,
105028,#4 INTAKE IS LEAKING.,OK,#4,INTAKE,LEAKING,,REMOVED & REPLACED GASKET.,,,GASKET,REMOVED & REPLACED,
105029,#1 FORWARD BAFFLE SEAL LOOSE.,OK,#1 FORWARD,BAFFLE SEAL,LOOSE,,RESECURED SEAL.,,,SEAL,RESECURED,
105030,R/H #2 & 4 ROCKER COVER GASKETS LEAKING.,OK,R/H #2 & 4,ROCKER COVER GASKETS,LEAKING,,REMOVED & REPLACED WITH NEW GASKETS.,,NEW,GASKETS,REMOVED & REPLACED,
105031,#4 INTAKE LEAKING.,OK,#4,INTAKE,LEAKING,,REMOVED & REPLACED INTAKE GASKET.,,,INTAKE GASKET,REMOVED & REPLACED,
105032,"L/H ENG, #4 INTAKE GASKET LEAKING.",OK,L/H ENG #4,INTAKE GASKET,LEAKING,,REPLACED GASKET.,,,GASKET,REPLACED,
105033,1 BAFFLE PLUG IS DAMAGED.,OK,1,BAFFLE PLUG,DAMAGED,,REPLACED PLUG.,,,PLUG,REPLACED,
105034,#4 ROCKER COVER GASKET IS LEAKING.,OK,#4,ROCKER COVER GASKET,LEAKING,,REPLACED GASKET.,,,GASKET,REPLACED,
105035,BAFFLE SCREWS LOOSE ON #3 CYLINDER BAFFLE.,OK,#3 CYLINDER,BAFFLE SCREWS,LOOSE,,LEAK CHECK GOOD.,,,LEAK,CHECK,
105036,"3, 4 INTAKE GASKETS LEAKING.",OK,"3, 4",INTAKE GASKETS,LEAKING,,REMOVED & REPLACED GASKETS.,,,GASKETS,REMOVED & REPLACED,
105037,BAFFLE SEAL RIVET PULLED THROUGH ON #3 CYL.,OK,#3 CYL,BAFFLE SEAL RIVET,PULLED THROUGH,,REPLACED WITH BIGGER RIVET.,,BIGGER,RIVET,REPLACED,
105038,"#2, 4 ROCKER COVER GASKETS LEAKING.",OK,"#2, 4",ROCKER COVER GASKETS,LEAKING,,REMOVED & REPLACED WITH NEW GASKETS.,,NEW,GASKETS,REMOVED & REPLACED,
105039,BAFFLE SCREWS LOOSE ON #3 CYLINDER BAFFLE.,OK,#3 CYLINDER,BAFFLE SCREWS,LOOSE,,PARTIALLY REMOVED #3 CYLINDER BAFFLING SECURED SCREWS & OIL,,,"CYLINDER BAFFLING, SCREWS, OIL","REMOVED PARTIALLY, SECURED, & SERVICED",
105040,L/H ENGINE #3 INTAKE GASKET LEAKS.,OK,L/H ENGINE #3,INTAKE GASKET,LEAKS,,REMOVED & REPLACED INTAKE GASKET.,,,INTAKE GASKET,REMOVED & REPLACED,
105041,R/H ENGINE #2 CYLINDER BAFFLE SEAL LOOSE.,OK,R/H ENGINE #2 CYLINDER,BAFFLE SEAL,LOOSE,,TIGHTENED RIVETS ON SEAL.,,,"RIVETS, SEAL",TIGHTENED ON,
105042,"R/H ENGINE #2, 3 INTAKE LEAKING.",OK,"R/H ENGINE #2, 3",INTAKE,LEAKING,,REMOVED & REPLACED GASKETS.,,,GASKETS,REMOVED & REPLACED,
105043,#2 INTAKE LEAKING ON L/H ENGINE.,OK,#2 ON L/H ENGINE,INTAKE,LEAKING,,REPLACED #2 INTAKE GASKET.,,,INTAKE GASKET,REPLACED,
105044,FORWARD BAFFLE SEAL LOOSE @ #1 CYL.,OK,FORWARD #1 CYL,BAFFLE SEAL,LOOSE,,RESECURED BAFFLE MATERIAL.,,,BAFFLE MATERIAL,RESECURED,
105045,#4 INTAKE GASKET LEAKING.,OK,#4,INTAKE GASKET,LEAKING,,REMOVED & REPLACED GASKET.,,,GASKET,REMOVED & REPLACED,
105046,ROCKER COVER SCREW MISSING ON #2 CYL.,OK,#2 CYL,ROCKER COVER SCREW,MISSING,,INSTALLED NEW SCREW ON ROCKER COVER.,,NEW,SCREW,INSTALLED,
105047,OIL LEAK DISCOVERED ON #2 CYL.,OK,#2 CYL,OIL,LEAK,,INSTALLED NEW #2 ROCKER BOX COVER GASKET. RESAFETIED BO,,NEW,ROCKER BOX COVER GASKET,INSTALLED,
105048,#2 & 4 INTAKES LEAKING.,OK,#2 & 4,INTAKES,LEAKING,,REMOVED & REPLACED GASKETS.,,,GASKETS,REMOVED & REPLACED,
105049,OIL LEAK ON RIGHT FORWARD CYLINDER INTAKE TUBE.,OK,RIGHT FORWARD CYLINDER,INTAKE TUBE,LEAK,,REPLACED LEAKING ROCKER COVER GASKET.,,,ROCKER COVER GASKET,REPLACED,
105050,"HIGH CYLINDER HEAD TEMPS, OVER 400*.",OK,CYLINDER HEAD,,TEMPS,,CLEANED DEBRIS FROM COOLER SYSTEM. INSPECTED CYLINDERS,,,"COOLER SYSTEM, CYLINDERS","CLEANED, INSPECTED",
105051,#4 CYLINDER ROCKER COVER GASKET LEAKING.,OK,#4 CYLINDER,ROCKER COVER GASKET,LEAKING,,REPLACED GASKET.,,,GASKET,REPLACED,
105052,OIL COMING OUT OF TOP L/H COWLING.,OK,TOP L/H COWLING,OIL,COMING OUT,,"RAN UP A/C, LEAK CHECK GOOD.",,,"A/C, LEAK","RAN , CHECK",
105053,OIL COMING OUT OF TOP L/H COWLING.,OK,TOP L/H COWLING,OIL,COMING OUT,,REMOVED COWLING. CLEANED ENGINE.,,,"COWLING, ENGINE","REMOVED, CLEANED",
105054,OIL COMING OUT OF TOP L/H COWLING.,OK,TOP L/H COWLING,OIL,COMING OUT,,"PERFORMED GROUND RUN, VERIFIED OIL LEAKAGE @ LIFTING EY",,,OIL LEAK,"GROUND RUN ,VERIFIED",
105055,R/H ENGINE OVER TEMPERATURE 503*.,OK,R/H ENGINE,,TEMPERATURE,,PERFORMED GROUND RUN; ALL SYSTEMS CHECK GOOD. CHECK COMPRE,,,"SYSTEMS, COMPRE","GROUND RUN, CHECK",
105056,"#2, 3, 4 INTAKE GASKETS ON R/H ENGINE, LEAKING.",OK,"#2, 3, 4 ON R/H ENGINE",INTAKE GASKETS,LEAKING,,REMOVED & REPLACED GASKETS.,,,GASKETS,REMOVED & REPLACED,
105057,INTAKE GASKET LEAKING ON L/H ENGINE #4 CYLINDER.,OK,L/H ENGINE #4 CYLINDER,INTAKE GASKET,LEAKING,,REMOVED & REPLACED WITH NEW GASKET.,,NEW,GASKET,REMOVED & REPLACED,
105058,L/H ENGINE #2 CYLINDER COMPRESSION LOW.,OK,L/H ENGINE #2 CYLINDER,,COMPRESSION,,"RAN A/C, LEAK CHECK GOOD.",,,"A/C, LEAK","RAN, CHECK",
105059,R/H ENGINE #4 CYLINDER AFT BAFFLE HAS SCREW MISSING.,OK,R/H ENGINE #4 CYLINDER AFT,BAFFLE SCREW,MISSING,,REPLACED SCREW.,,,SCREW,REPLACED,
105060,L/H ENGINE #2 CYLINDER COMPRESSION LOW.,OK,L/H ENGINE #2 CYLINDER,,COMPRESSION,,"REMOVED FORWARD EXHAUST ASSY, #2 CYLINDER & BAFFLES, R/H SIDE IN",,,"FORWARD EXHAUST ASSY, CYLINDER, BAFFLES",REMOVED,
105061,"FORWARD BAFFLE, BY #2 CYL, CRACKED.",OK,FORWARD #2 CYL,BAFFLE,CRACKED,,STOP DRILLED CRACK.,,,DRILLED CRACK,STOP,
105062,#2 & 4 INTAKES LEAKING.,OK,#2 & 4,INTAKES,LEAKING,,REMOVED & REPLACED GASKETS.,,,GASKETS,REMOVED & REPLACED,
105063,#4 CYLINDER INTAKE LEAK.,OK,#4 CYLINDER,INTAKE,LEAK,,REMOVED & REPLACED GASKET.,,,GASKET,REMOVED & REPLACED,
105064,PROP STRIKE REQUIRING REPLACEMENT OF PROP,OK,PROP ,STRIKE,REQUIRE PROBLEM,,REMOVED COWL. REMOVED ACCESSORY HOUSING. REMOVED CRANKS,,,"COWL, ACCESSORY HOUSING, CRANKS","REMOVED, REMOVED, REMOVED",
105065,PROP STRIKE REQUIRING REPLACEMENT OF PROP,OK,PROP ,STRIKE,REQUIRE PROBLEM,,"ASSEMBLED ACCESSORY CASE, INSTALLED FUEL PUMP, VAC PUMP",,,"ACCESSORY CASE,FUEL PUMP,VAC PUMP","ASSEMBLED,INSTALLED,INSTALLED",
105066,INTAKES 2 & 4 LEAKING.,OK,2 & 4,INTAKES,LEAKING,,REMOVED & REPLACED INTAKE GASKETS.,,,INTAKE GASKETS,REMOVED & REPLACED,
105067,"PROP OVERSPEED IN DOWN DRAFT = 2730 RPM, 2-3 SECS.",OK,PROP,OVERSPEED,OVERSPEED,,PULLED & ANALYZED SD CARD TO FIND TOP OVERSPEED OF 2722,,,SD CARD,PULLED & ANALYZED,
105068,#4 CYLINDER BAFFLE SECTION DAMAGED.,OK,#4 CYLINDER,BAFFLE SECTION,DAMAGED,,REMOVED & REPLACED BAFFLE.,,,BAFFLE,REMOVED & REPLACED,
105069,ENGINE GROUNDING BOLT LOOSE.,OK,ENGINE,GROUNDING BOLT,LOOSE,,TIGHTENED BOLT.,,,BOLT,TIGHTENED,
105070,R/H ENGINE #3 INTAKE GASKET LEAKING.,OK,R/H ENGINE #3,INTAKE GASKET,LEAKING,,REMOVED & REPLACED INTAKE GASKET.,,,INTAKE GASKET,REMOVED & REPLACED,
105071,ALL HOSE CLAMPS ON ROCKER DRAINS LOOSE.,OK,ALL,ROCKER DRAINS HOSE CLAMPS,LOOSE,,TIGHTENED ALL HOSE CLAMPS.,,,HOSE CLAMPS,TIGHTENED,
105072,"2, 3 & 4 INTAKES LEAKING.",OK,"2, 3 & 4",INTAKES,LEAKING,,REMOVED & REPLACED GASKETS.,,,GASKETS,REMOVED & REPLACED,
105073,#1 CYLINDER BAFFLE SEAL NEEDS TO BE SECURED.,OK,#1 CYLINDER,BAFFLE SEAL,NEED PROBLEM,,RESECURED SEAL WITH POP RIVETS.,,,SEAL,RESECURED,
105074,"L/H ENG, #3 ROCKER COVER GASKET LEAKS.",OK,L/H ENG #3,ROCKER COVER GASKET,LEAKS,,REMOVED & REPLACED GASKET.,,,GASKET,REMOVED & REPLACED,
105075,L/H ENGINE BAFFLE SEAL LOOSE BY #4 CYL.,OK,L/H ENGINE #4 CYL.,BAFFLE SEAL,LOOSE,,RIVETED BAFFLE SEAL TO BAFFLE.,,,BAFFLE SEAL,RIVETED,
105076,STANDOFF ON CYLINDER #3 BROKEN.,OK,CYLINDER #3,STANDOFF,BROKEN,,REMOVED & REPLACED STANDOFF.,,,STANDOFF,REMOVED & REPLACED,
105077,2 & 4 INTAKE GASKETS LEAKING.,OK,2 & 4,INTAKE GASKETS,LEAKING,,REMOVED & REPLACED GASKETS.,,,GASKETS,REMOVED & REPLACED,
105078,BOTH ENGINE BAFFLE PLUGS ARE WORN.,OK,BOTH ENGINE,BAFFLE PLUGS,WORN,,INSTALLED 2 NEW PLUGS.,,NEW,PLUGS,INSTALLED,
105079,BLACK FORWARD SEAL ON ENGINE WORN IN SPOTS & LOOSE ON L/H SIDE.,OK,"BLACK FORWARD SEAL ON ENGINE , L/H SIDE",,"WORN , LOOSE",,APPLIED RTV TO WORN AREAS & SECURED LOOSE SECTION.,,,RTV & SECTION,APPLIED & SECURED,
105080,"DURING FLIGHT, L/H ENGINE WAS RUNNING ROUGH. COULD NOT GET V",OK,L/H ENGINE,,ROUGH,,MAGNETOS TIMING CHECK GOOD. BORE SCOPED CYLINDER #4; NO DEFECTS N,,,"MAGNETOS TIMING, CYLINDER #4",CHECK & BORE SCOPED,
105081,"DURING FLIGHT, L/H ENGINE WAS RUNNING ROUGH. COULD NOT GET V",OK,L/H ENGINE,,ROUGH,,"PERFORMED GROUND RUN, NO DEFECTS NOTED. PULLED ENGINE D",,,ENGINE,GROUND RUN & PULLED,
105082,"DURING RUN UP, BROUGHT THROTTLE TO IDLE; ENGINE SHUT DOWN.",OK,ENGINE,,SHUT DOWN,,RAN A/C & FOUND LOW IDLE SPEED. ADJUSTED IDLE SPEED. OP,,,"A/C, IDLE SPEED","RAN , FOUND &  ADJUSTED",LOW IDLE SPEED
105083,BAFFLE PLUGS WORN.,OK,,BAFFLE PLUGS,WORN,,REMOVED & REPLACED BAFFLE PLUGS.,,,BAFFLE PLUGS,REMOVED & REPLACED,
105084,L/H ENGINE #2 & 4 INTAKE GASKETS LEAK.,OK,L/H ENGINE #2 & 4,INTAKE GASKETS,LEAK,,REPLACED BOTH INTAKE GASKETS.,,,INTAKE GASKETS,REPLACED,
105085,#4 INTAKE GASKET LEAKING.,OK,#4,INTAKE GASKET,LEAKING,,REMOVED & REPLACED GASKET.,,,GASKET,REMOVED & REPLACED,
105086,BAFFLE SEAL IS LOOSE ON FORWARD BOTTOM R/H SIDE.,OK,FORWARD BOTTOM R/H SIDE,BAFFLE SEAL,LOOSE,,SECURED BAFFLE SEAL.,,,BAFFLE SEAL,SECURED,
105087,#3 INTAKE LEAKING.,OK,#3,INTAKE,LEAKING,,REMOVED & REPLACED GASKET.,,,GASKET,REMOVED & REPLACED,
105088,ENGINE WAS SPUTTERING LIKE IT WAS GOING TO CUT OUT AT 1000 R,OK,ENGINE,,SPUTTERING,,RAN UP ENGINE. COULD NOT DUPLICATE DISCREP. ENGINE RUNS,,,ENGINE,RAN,
105089,STUCK VALVE ON #3 CYL. DAMAGE TO PUSH ROD & HOUSING.,OK,#3 CYL,"VALVE, PUSH ROD & HOUSING","STUCK , DAMAGE",,REASSSEMBLED CYL.,,,CYL,REASSEMBLED,
105090,STUCK VALVE ON #3 CYL. DAMAGE TO PUSH ROD & HOUSING.,OK,#3 CYL,"VALVE, PUSH ROD & HOUSING","STUCK , DAMAGE",,LEAK & OPS CHECK GOOD.,,,LEAK,CHECK,
105091,STUCK VALVE ON #3 CYL. DAMAGE TO PUSH ROD & HOUSING.,OK,#3 CYL,"VALVE, PUSH ROD & HOUSING","STUCK , DAMAGE",,"REMOVED CYLINDER ASSY, INSTALLED NEW CYLINDER ASSEMBLY USING SERVICEA",,NEW,CYLINDER ASSY,"REMOVED, INSTALLED",
105092,#3 & 2 INTAKE GASKETS LEAKING.,OK,#3 & 2,INTAKE GASKETS,LEAKING,,REMOVED & REPLACED GASKETS.,,,GASKETS,REMOVED & REPLACED,
105093,SNIFFLER VALVES DIRTY.,OK,,SNIFFLER VALVES,DIRTY,,CLEANED SNIFFLER VALVES.,,,SNIFFLER VALVES,CLEANED,
105094,#4 CYLINDER INTAKE GASKET LEAKS.,OK,#4 CYLINDER,INTAKE GASKET,LEAKS,,REPLACED GASKET.,,,GASKET,REPLACED,
105095,#2 & 4 UPPER LEADS NEED TO BE SECURED AT BATTERY COOLING.,OK,#2 & 4 UPPER,LEADS,NEED PROBLEM,,USED TIE WRAP STAND OFF & SECURED.,,,"TIE WRAP, STAND OFF",USED & SECURED,
105096,#2 INTAKE GASKET LEAKING.,OK,#2,INTAKE GASKET,LEAKING,,REPLACED GASKET.,,,GASKET,REPLACED,
105097,R/H ENGINE #2 INTAKE GASKET LEAKING.,OK,R/H ENGINE #2,INTAKE GASKET,LEAKING,,INSTALLED NEW INTAKE GASKET.,,NEW,INTAKE GASKET,INSTALLED,
105098,#3 BAFFLE NEEDS TO BE PATCHED. BUTTON PLUG HOLE HAS WORN TOO,OK,#3,"BAFFLE, BUTTON PLUG HOLE","NEED PROBLEM , WORN",,INSTALLED RIVETED PATCH & REPLACED BOTH BAFFLE PLUGS.,,,"PATCH, BAFFLE PLUGS","INSTALLED & RIVETED, REPLACED",
105099,#2 INTAKE LEAKING ON R/H ENGINE.,OK,#2 ON R/H ENGINE,INTAKE,LEAKING,,REMOVED & REPLACED GASKET.,,,GASKET,REMOVED & REPLACED,
105100,#3 & 4 INTAKES LEAKING ON L/H ENGINE.,OK,#3 & 4 ON L/H ENGINE,INTAKES,LEAKING,,REMOVED & REPLACED GASKETS.,,,GASKETS,REMOVED & REPLACED,
105101,#4 INTAKE GASKET LEAKING.,OK,#4,INTAKE GASKET,LEAKING,,REMOVED & REPLACED GASKET.,,,GASKET,REMOVED & REPLACED,
105102,OVERSPED PROP TO 2720 RPM FOR APPROX 1 SECOND.,OK,,PROP,OVERSPED,,REMOVED DATA CARD FROM A/C & DOWNLOADED DATA. C/W LYCOM,,,DATA CARD,REMOVED & DOWNLOADED,
105103,R/H ENGINE #3 INTAKE GASKET LEAKS.,OK,R/H ENGINE #3,INTAKE GASKET,LEAKS,,REMOVED & REPLACED GASKET.,,,GASKET,REMOVED & REPLACED,
105104,#2 FRONT BAFFLE IS CRACKED.,OK,#2 FRONT,BAFFLE,CRACKED,,STOP DRILLED CRACK.,,,DRILLED CRACK,STOP,
105105,R/H ENGINE BAFFLE ACCESS HOLE ELONGATED.,OK,R/H ENGINE,BAFFLE ACCESS HOLE,ENLONGATED,,INSTALLED A RIVETED PATCH.,,RIVETED,PATCH,INSTALLED,
105106,#1 CYLINDER BAFFLE UNSECURE.,OK,#1 CYLINDER,BAFFLE,UNSECURE,,SECURED WITH RIVETS IN 4 PLACES.,,,RIVETS,SECURED,
105107,#4 INTAKE GASKET LEAKS.,OK,#4,INTAKE GASKET,LEAKS,,REMOVED & REPLACED GASKET.,,,GASKET,REMOVED & REPLACED,
105108,#4 INTAKE LEAKING.,OK,#4,INTAKE,LEAKING,,REPLACED GASKET.,,,GASKET,REPLACED,
105109,#4 INTAKE GASKET LEAKING.,OK,#4,INTAKE GASKET,LEAKING,,REPLACED GASKET.,,,GASKET,REPLACED,
105110,ROUGH RUNNING ENGINE ON START UP.,OK,ENGINE,,ROUGH,,"FOUND #2 EXHAUST GUIDE TIGHT, WITH CARBON. REAMED ALL EXHAUST",,,"EXHAUST GUIDE, EXHAUST","FOUND, REAMED",#2 EXHAUST GUIDE TIGHT
105111,#2 & 3 INTAKE GASKETS LEAKING.,OK,#2 & 3,INTAKE GASKETS,LEAKING,,REMOVED & REPLACED INTAKE GASKETS.,,,INTAKE GASKETS,REMOVED & REPLACED,
105112,IMPELLER IS DIRTY.,OK,,IMPELLER,DIRTY,,CLEANED IMPELLER.,,,IMPELLER,CLEANED,
105113,PROP WAS OVERSPED TO 2720 FOR 6 SECONDS.,OK,,PROP,OVERSPEED,,"REMOVED DATA CARD & REVIEWED INFORMATION, FOUND OVERSPE",,,"DATA CARD, INFORMATION",REMOVED & REVIEWED,
105114,"R/H BAFFLE SEAL, BY #2 CYL, TORN.",OK,"R/H, BY #2 CYL",BAFFLE SEAL,TORN,,REMOVED TORN BAFFLE SEAL.,,,BAFFLE SEAL,REMOVED,
105115,R/H #2 ROCKER COVER GASKET LEAKS.,OK,R/H #2,ROCKER COVER GASKET,LEAKS,,REMOVED & REPLACED GASKET.,,,GASKET,REMOVED & REPLACED,
105116,"R/H BAFFLE SEAL, BY #2 CYL, TORN.",OK,"R/H, BY #2 CYL",BAFFLE SEAL,TORN,,MADE NEW SEALS & INSTALLED.,,NEW,SEALS,MADE & INSTALLED,
105117,R/H #3 INTAKE GASKET LEAKING.,OK,R/H #3,INTAKE GASKET,LEAKING,,REMOVED & REPLACED WITH NEW GASKET.,,NEW,GASKET,REMOVED & REPLACED,
105118,L/H ENGINE O/B BAFFLE TIE ROD BROKEN.,OK,L/H ENGINE O/B,BAFFLE TIE ROD,BROKEN,,INSTALLED NEW BAFFLE TIE ROD.,,NEW,BAFFLE TIE ROD,INSTALLED,
105119,"R/H #1, 3 OIL RETURN LINES LOOSE.",OK,"R/H #1, 3",OIL RETURN LINES,LOOSE,,REPOSITIONED & TIGHTENED #1 & 3 OIL RETURN LINE CLAMPS.,,,OIL RETURN LINE CLAMPS,REPOSITIONED & TIGHTENED,
105120,#1 INTAKE LEAKING.,OK,#1,INTAKE,LEAKING,,REMOVED & REPLACED GASKET. LEAK CHECK GOOD.,,,"GASKET, LEAK","REMOVED & REPLACED , CHECK",
105121,FORWARD R/H BAFFLE NEEDS TO BE SEALED.,OK,FORWARD R/H,BAFFLE,NEED PROBLEM,,SEALED BAFFLE.,,,BAFFLE,SEALED,
105122,#4 INTAKE GASKET LEAKING.,OK,#4,INTAKE GASKET,LEAKING,,REMOVED & REPLACED GASKET.,,,GASKET,REMOVED & REPLACED,
105123,UPON ENGINE START UP; WHEN INCREASING THROTTLE TO 1200 TO LE,DIFFICULT,,,,,"RAN A/C, PERFORMED FOULED PLUG PROCEDURE. OPS GOOD. RAN",,,"A/C, FOULED PLUG PROCEDURE , OPS","RAN, PERFORMED",
105124,"FORWARD BAFFLING, AFT OF ALTERNATOR, IS CRACKED.",OK,"FORWARD BAFFLING, AFT OF ALTERNATOR",BAFFLING,CRACKED,,STOP DRILLED CRACK.,,,DRILLED CRACK,STOP,
105125,R/H BAFFLE SPRING PULLED THROUGH AFT BAFFLING.,OK,R/H,BAFFLE SPRING,PULLED,,DRILLED NEW HOLE & INSTALLED NEW SPRING.,,NEW,"HOLE, SPRING",DRILLED & INSTALLED,
105126,#4 INTAKE GASKET LEAKS.,OK,#4,INTAKE GASKET,LEAKS,,REMOVED & REPLACED GASKET.,,,GASKET,REMOVED & REPLACED,
105127,#2 & 4 INTAKES LEAKING.,OK,#2 & 4,INTAKES,LEAKING,,REMOVED & REPLACED GASKETS.,,,GASKETS,REMOVED & REPLACED,
105128,BAFFLE PLUGS WORN.,OK,,BAFFLE PLUGS,WORN,,REMOVED & REPLACED BAFFLE PLUGS.,,,BAFFLE PLUGS,REMOVED & REPLACED,
105129,#4 INTAKE GASKET LEAKING.,OK,#4,INTAKE GASKET,LEAKING,,REMOVED & REPLACED GASKET.,,,GASKET,REMOVED & REPLACED,
105130,#3 INTAKE IS LEAKING.,OK,#3,INTAKE,LEAKING,,REMOVED & REPLACED GASKET.,,,GASKET,REMOVED & REPLACED,
105131,L/H BAFFLE CRACKED BY #3 CYL.,OK,L/H #3 CYL,BAFFLE,CRACKED,,STOP DRILLED CRACK.,,,DRILLED CRACK,STOP,
105132,L/H #3 INTAKE GASKET LEAKING.,OK,L/H #3,INTAKE GASKET,LEAKING,,REMOVED & REPLACED GASKET.,,,GASKET,REMOVED & REPLACED,
105133,"L/H ENGINE RUNS @ 2700, R/H ONLY 2600.",OK,R/H,,RPM,,ADJUSTED FINE ADJUSTMENT SCREW ON GOVERNOR 4 TURNS COUN,,,"FINE ADJUSTMENT SCREW, GOVERNOR",ADJUSTED,
105134,#1 INTAKE LEAKING.,OK,#1,INTAKE,LEAKING,,REMOVED & REPLACED GASKET.,,,GASKET,REMOVED & REPLACED,
105135,#1 & 4 ROCKER COVERS LEAKING.,OK,#1 & 4,ROCKER COVERS,LEAKING,,REMOVED & REPLACED GASKETS.,,,GASKETS,REMOVED & REPLACED,
105136,ENGINE BAFFLE SEAL LOOSE BY #1 CYLINDER.,OK,BY #1 CYLINDER,BAFFLE SEAL,LOOSE,,RESECURED BAFFLE SEAL.,,,BAFFLE SEAL,RESECURED,
105137,"ON CLIMB OUT, HAD AN AUDIBLE RPM DROP & LOSS OF 400 RPM. ENGINE",OK,ENGINE,RMP,DROP,,PERFORMED GROUND RUN; UNABLE TO DUPLICATE. PERFORMED CO,,,,GROUND RUN,
105138,ENGINE RAN VERY ROUGH A FEW DIFFERENT TIMES IN PATTERN. RPM,OK,ENGINE,,ROUGH,,"RAN A/C, PERFORMED MAGNETOS CHECK SEVERAL TIMES - NO DEFECTS. R",,,"A/C, MAGNETOS","RAN, CHECK",
105139,OIL BREATHER LEAKING.,OK,,OIL BREATHER,LEAKING,,"REMOVED COWLING & CLEANED ENGINE. RAN A/C, FOUND ACCESS",,,"COWLING, ENGINE, A/C","REMOVED, CLEANED, RAN",
105140,OIL BREATHER LEAKING.,OK,,OIL BREATHER,LEAKING,,"REMOVED OIL SUMP, REPLACED GASKET, REINSTALLED OIL SUMP",,,"OIL SUMP, GASKET, OIL SUMP","REMOVED, REPLACED, REINSTALLED",
105141,CYLINDER #4 INTAKE GASKET LEAKING.,OK,CYLINDER #4,INTAKE GASKET,LEAKING,,REMOVED & REPLACED GASKET.,,,GASKET,REMOVED & REPLACED,
105142,PROP OVERSPEED TO 2630.,OK,,PROP,OVERSPEED,,INSPECTED DATA FROM FDM CARD. FOUND TO BE 2667.8; WHICH,,,DATA,INSPECTED,
105143,#3 AFT BAFFLE IS CRACKED.,OK,#3 AFT,BAFFLE,CRACKED,,STOP DRILLED CRACK.,,,DRILLED CRACK,STOP,
105144,R/H FORWARD ENGINE BAFFLE CRACKED.,OK,R/H FORWARD ENGINE,BAFFLE,CRACKED,,STOP DRILLED CRACK.,,,DRILLED CRACK,STOP,
105145,R/H BAFFLE BY #1 CYLINDER CRACKED.,OK,R/H #1 CYLINDER,BAFFLE,CRACKED,,STOP DRILLED CRACK.,,,DRILLED CRACK,STOP,
105146,"R/H #1, 2 INTAKE GASKETS LEAKING.",OK,"R/H #1, 2",INTAKE GASKETS,LEAKING,,REMOVED & REPLACED INTAKE GASKETS.,,,INTAKE GASKETS,REMOVED & REPLACED,
105147,L/H ENGINE #2 CYLINDER COMPRESSION LOW.,OK,L/H ENGINE #2 CYLINDER,,COMPRESSION,,OPS & LEAK CHECK GOOD.,,,OPS & LEAK,CHECK,
105148,L/H ENGINE #2 CYLINDER COMPRESSION LOW.,OK,L/H ENGINE #2 CYLINDER,,COMPRESSION,,REMOVED HARDWARE & ATTACHING COMPONENTS TO #2 CYL. REMO,,,"HARDWARE, ATTACHING COMPONENTS",REMOVED,
105149,OIL COOLER WEATHER STRIPPING LOOSE.,OK,OIL COOLER,WEATHER STRIPPING,LOOSE,,REATTACHED WEATHER STRIPPING.,,,WEATHER STRIPPING,REATTACHED,
105150,BAFFLING CRACKED ON #1 CYLINDER.,OK,#1 CYLINDER,BAFFLING,CRACKED,,STOP DRILLED CRACK.,,,DRILLED CRACK,STOP,
105151,#2 INTAKE TUBE GASKET LEAKING.,OK,#2,INTAKE TUBE GASKET,LEAKING,,INSTALLED NEW INTAKE GASKET.,,NEW,INTAKE GASKET,INSTALLED,
105152,#3 ROCKER BOX COVER GASKET LEAKING.,OK,#3,ROCKER BOX COVER GASKET,LEAKING,,REPLACED #3 ROCKER BOX GASKET.,,,ROCKER BOX GASKET,REPLACED,
105153,R/H REAR ENGINE BAFFLE MOUNT RIVETS BROKEN.,OK,R/H REAR ENGINE,BAFFLE MOUNT RIVETS,BROKEN,,REMOVED CYLINDER #3 AFT BAFFLE. REPLACED DAMAGED FASTENERS &,,,"BAFFLE, FASTENERS","REMOVED, REPLACED",
105154,#2 INTAKE IS LEAKING.,OK,#2,INTAKE,LEAKING,,REMOVED & REPLACED INTAKE GASKET.,,,INTAKE GASKET,REMOVED & REPLACED,
105155,ROCKER COVER SCREW IS MISSING.,OK,,ROCKER COVER SCREW,MISSING,,REPLACED MISSING SCREW.,,,SCREW,REPLACED,
105156,#2 CYLINDER INTAKE LEAKING.,OK,#2 CYLINDER,INTAKE,LEAKING,,REMOVED & REPLACED GASKET.,,,GASKET,REMOVED & REPLACED,
105157,L/H #4 ROCKER COVER GASKET LEAKS.,OK,L/H #4,ROCKER COVER GASKET,LEAKS,,REMOVED & REPLACED GASKET.,,,GASKET,REMOVED & REPLACED,
105158,"AFTER ENGINE START, ENGINE WAS RUNNING ROUGH BELOW 1000 RPM.",OK,ENGINE,,ROUGH,,"RAN A/C, NO DEFECTS NOTED. PERFORMED PHASE 4 INSP.",,,"A/C, PHASE 4 INSP","RAN, PERFORMED",
105159,#4 INTAKE LEAKING.,OK,#4,INTAKE,LEAKING,,REMOVED & REPLACED GASKET.,,,GASKET,REMOVED & REPLACED,
105160,L/H O/B BAFFLE TIE ROD BROKEN.,OK,L/H O/B,BAFFLE TIE ROD,BROKEN,,REPLACED TIE ROD.,,,TIE ROD,REPLACED,
105161,FRONT LOWER BAFFLE HAS HOLE IN IT FROM MUFFLER SHROUD.,OK,FRONT LOWER,BAFFLE,HOLE,,FABRICATED BAFFLE OF LIKE MATERIAL & INSTALLED.,,LIKE MATERIAL,BAFFLE,FABRICATED & INSTALLED,
105162,L/H FORWARD BAFFLE CRACKED.,OK,L/H FORWARD,BAFFLE,CRACKED,,REPAIRED BAFFLE WITH DOUBLER.,,,BAFFLE,REPAIRED,
105163,L/H FORWARD BAFFLE CRACKED.,OK,L/H FORWARD,BAFFLE,CRACKED,,REINSTALLED REPAIRED BAFFLE.,,,BAFFLE,REINSTALLED & REPAIRED,
105164,L/H FORWARD BAFFLE CRACKED.,OK,L/H FORWARD,BAFFLE,CRACKED,,REMOVED BAFFLE (EXTRA TIME NEEDED FOR PAPERWORK ERRORS),,,BAFFLE,REMOVED,
105165,FORWARD BAFFLE SEAL MISSING FROM MUFFLER INTAKE ON BAFFLE.,OK,FORWARD BAFFLE MUFFLER INTAKE,BAFFLE SEAL,MISSING,,INSTALLED NEW BAFFLE SEAL.,,NEW,BAFFLE SEAL,INSTALLED,
105166,R/H REAR BAFFLE HAS SHEARED RIVET.,OK,R/H REAR,BAFFLE RIVET,SHEARED,,"REMOVED BAFFLE, DRILLED OUT RIVETS & REINSTALLED WITH SCR",,,"BAFFLE,RIVETS,SCREW","REMOVED,DRILLED OUT & REINSTALLED",
105167,"#1, 3 & 4 ROCKER COVERS ARE LEAKING.",OK,"#1, 3 & 4",ROCKER COVERS,LEAKING,,REMOVED & REPLACED GASKETS.,,,GASKETS,REMOVED & REPLACED,
105168,R/H ENGINE AFT BAFFLE CRACKED NEAR OIL COOLER.,OK,R/H ENGINE AFT,BAFFLE,CRACKED,,STOP DRILLED CRACK.,,,DRILLED CRACK,STOP,
105169,"R/H ENG, R/H BAFFLE TIE ROD REQUIRES ADJUSTMENT.",OK,"R/H ENG, R/H",BAFFLE TIE ROD,REQUIRE PROBLEM,,ADJUSTED TIE ROD.,,,TIE ROD,ADJUSTED,
105170,R/H ENGINE #3 INTAKE GASKET LEAKING.,OK,R/H ENGINE #3,INTAKE GASKET,LEAKING,,REMOVED & REPLACED INTAKE GASKET.,,,INTAKE GASKET,REMOVED & REPLACED,
105171,#1 CYLINDER WIRE STANDOFF IS BROKEN.,OK,#1 CYLINDER,WIRE STANDOFF,BROKEN,,REMOVED & REPLACED STANDOFF.,,,STANDOFF,REMOVED & REPLACED,
105172,#3 CYLINDER INTAKE GASKET LEAKING.,OK,#3 CYLINDER,INTAKE GASKET,LEAKING,,REMOVED & REPLACED GASKET.,,,GASKET,REMOVED & REPLACED,
105173,#3 CYLINDER PUSH ROD (EXHAUST) HOUSING GASKET LEAKING.,OK,#3 CYLINDER,PUSH ROD (EXHAUST) HOUSING GASKET,LEAKING,,LEAK CHECK GOOD.,,,LEAK,CHECK,
105174,ENGINE RPM WOULD NOT STABILIZE. CONSTENTLY VARYING & STUDDER,OK,ENGINE,RPM,WOULD NOT STABILIZ,,COULD NOT DUPLICATE DISCREP.,,,,,
105175,#3 CYLINDER PUSH ROD (EXHAUST) HOUSING GASKET LEAKING.,OK,#3 CYLINDER,PUSH ROD (EXHAUST) HOUSING GASKET,LEAKING,,"INSTALLED NEW SEALS ON PUSH ROD TUBE, REASSEMBLED.",,NEW,"SEALS, PUSH ROD TUBE","INSTALLED, REASSEMBLED",
105176,"DURING ENTIRE FLIGHT L/H RPM WOULD INCREASE SIGNIFICANTLY, R",OK,L/H,RPM,INCREASE,,"PERFORMED FULL GROUND RUN, OPS CHECK GOOD. INSP L/H ENGINE",,,"OPS , ENGINE","GROUND RUN , CHECK, INSPECTED",
105177,"INTAKES #2, 3, 4 LEAKING.",OK,"#2, 3, 4",INTAKES,LEAKING,,REPLACED INTAKE GASKETS.,,,INTAKE GASKETS,REPLACED,
105178,#1 ROCKER COVER GASKET LEAKS.,OK,#1,ROCKER COVER GASKET,LEAKS,,REMOVED & REPLACED GASKET.,,,GASKET,REMOVED & REPLACED,
105179,R/H REAR ENGINE BAFFLE MOUNT LOOSE.,OK,R/H REAR ENGINE,BAFFLE MOUNT,LOOSE,,"REMOVED ENGINE BAFFLE, TIGHTENED SCREWS & REINSTALLED E",,,"ENGINE BAFFLE, SCREWS, E","REMOVED, TIGHTENED & REINSTALLED",
105180,#3 INTAKE LEAKING.,OK,#3,INTAKE,LEAKING,,REMOVED & REPLACED GASKET.,,,GASKET,REMOVED & REPLACED,
105181,SNIFFLER VALVES DIRTY.,OK,,SNIFFLER VALVES,DIRTY,,CLEANED SNIFFLER VALVES.,,,SNIFFLER VALVES,CLEANED,
105182,ENGINE AIR FILTER DIRTY.,OK,ENGINE,AIR FILTER,DIRTY,,REMOVED & REPLACED ENGINE AIR FILTER. NEXT DUE 7/31/17,,,ENGINE AIR FILTER,REMOVED & REPLACED,
105183,OIL PRESSURE SENDER GROUND STRAP NOT CONNECTED.,OK,,OIL PRESSURE SENDER GROUND STRAP,NOT CONNECTED,,RECONNECTED OIL PSI SENDER GROUND STRAP.,,,OIL PSI SENDER GROUND STRAP,RECONNECTED,
105184,BOTH BAFFLE PLUGS BROKEN.,OK,BOTH,BAFFLE PLUGS,BROKEN,,REPLACED BOTH BAFFLE PLUGS.,,,BAFFLE PLUGS,REPLACED,
105185,BAFFLE SEAL BY #1 CYLINDER LOOSE.,OK,#1 CYLINDER,BAFFLE SEAL,LOOSE,,RIVETED BAFFLE SEAL TO BAFFLE.,,,BAFFLE SEAL,RIVETED,
105186,#1 & 2 INTAKES LEAKING.,OK,#1 & 2,INTAKES,LEAKING,,REMOVED & REPLACED GASKETS.,,,GASKETS,REMOVED & REPLACED,
105187,L/H ENGINE #2 & 3 INTAKE GASKETS LEAKING.,OK,L/H ENGINE #2 & 3,INTAKE GASKETS,LEAKING,,REPLACED BOTH GASKETS.,,,GASKETS,REPLACED,
105188,#2 INTAKE LEAKING.,OK,#2,INTAKE,LEAKING,,REMOVED & REPLACED GASKET.,,,GASKET,REMOVED & REPLACED,
105189,#2 & 4 INTAKES LEAKING.,OK,#2 & 4,INTAKES,LEAKING,,REMOVED & REPLACED GASKETS.,,,GASKETS,REMOVED & REPLACED,
105190,R/H ENGINE #3 INTAKE TUBE GASKET LEAKING.,OK,R/H ENGINE #3,INTAKE TUBE GASKET,LEAKING,,REMOVED & REPLACED WITH NEW GASKET.,,NEW,GASKET,REMOVED & REPLACED,
105191,BAFFLE WIRE BROKEN.,OK,,BAFFLE WIRE,BROKEN,,REMOVED & REPLACED BAFFLE TIE.,,,BAFFLE TIE,REMOVED & REPLACED,
105192,"BRACKET FOR BAFFLE, BEHIND OIL TUBE, CRACKED.",OK,BEHIND OIL TUBE,BAFFLE BRACKET,CRACKED,,REMOVED & REPLACED BRACKET.,,,BRACKET,REMOVED & REPLACED,
105193,#4 CYLINDER AFT BAFFLE CRACKED.,OK,#4 CYLINDER AFT,BAFFLE,CRACKED,,DRILLED OFF CRACKED PORTION OF BAFFLE. FABRICATED PIECE,,,"BAFFLE, PIECE","DRILLED OFF, FABRICATED",
105194,#3 CYLINDER SIDE & AFT BAFFLES CRACKED.,OK,#3 CYLINDER SIDE & AFT,BAFFLES,CRACKED,,FABRICATED PATCH OF LIKE MATERIAL ON AFT BAFFLE & RIVET,,LIKE MATERIAL,AFT BAFFLE,FABRICATED PATCH & RIVET,
105195,#4 INTAKE LEAKING.,OK,#4,INTAKE,LEAKING,,REMOVED & REPLACED GASKET.,,,GASKET,REMOVED & REPLACED,
105196,#1 ROCKER COVER LEAKING.,OK,#1,ROCKER COVER,LEAKING,,REMOVED & REPLACED GASKET.,,,GASKET,REMOVED & REPLACED,
105197,R/H AFT BAFFLE SCREW LOOSE.,OK,R/H AFT,BAFFLE SCREW,LOOSE,,RESECURED SCREW.,,,SCREW,RESECURED,
105198,DURING CLIMB OUT THE ENGINE RAN ROUGH. SPUTTERING WAS ALSO N,OK,ENGINE,,ROUGH,,"PERFORMED GROUND RUN OF A/C, NO DEFECTS FOUND. INSPECTE",,,A/C,"GROUND RUN , INSPECTED",
105199,L/H ENGINE #4 CYLINDER BAFFLE WIRE STANDOFF BROKEN.,OK,L/H ENGINE #4 CYLINDER,BAFFLE WIRE STANDOFF,BROKEN,,SEECURED WIRES TO OIL PAN.,,,WIRES,SECURED,
105200,#2 CYLINDER ON L/H ENGINE BAFFLE SEAL NEEDS TO BE SECURED.,OK,#2 CYLINDER ON L/H ENGINE,BAFFLE SEAL,NEED PROBLEM,,SECURED BAFFLE SEAL WITH POP RIVETS.,,,BAFFLE SEAL,SECURED,
105201,#4 ROCKER COVER GASKET LEAKING ON L/H ENGINE.,OK,#4 ON L/H ENGINE,ROCKER COVER GASKET,LEAKING,,REMOVED & REPLACED WITH NEW SILICONE GASKET.,,NEW SILICONE,GASKET,REMOVED & REPLACED,
105202,#4 INTAKE GASKET LEAKING ON L/H ENGINE.,OK,#4 ON L/H ENGINE,INTAKE GASKET,LEAKING,,REMOVED & REPLACED WITH NEW INTAKE GASKET. FOUND PRIMER L,,NEW,INTAKE GASKET,REMOVED & REPLACED,
105203,#1 CYLINDER BAFFLE SEAL NEEDS TO BE REPLACED ON L/H ENGINE.,OK,#1 CYLINDER ON L/H ENGINE,BAFFLE SEAL,NEED PROBLEM,,REMOVED OLD SEAL & INSTALLED NEW SEAL.,,NEW,SEAL,REMOVED & INSTALLED,
105204,COWL SEAL MISSING/LOOSE ON LOWER R/H ENGINE.,OK,LOWER R/H ENGINE,COWL SEAL,MISSING/LOOSE,,REGLUED IN POSITION.,,,,REGLUED,
105205,#2 INTAKE GASKET IS LEAKING.,OK,#2,INTAKE GASKET,LEAKING,,REMOVED & REPLACED GASKET.,,,GASKET,REMOVED & REPLACED,
105206,R/H ENGINE CARBURETOR HEAT BOX ARM LOOSE.,OK,R/H ENGINE,CARBURETOR HEAT BOX ARM,LOOSE,,RESECURED CARBURETOR HEAT BOX ARM.,,,CARBURETOR HEAT BOX ARM,RESECURED,
105207,CARBURETOR INLET GASKETS LEAKING ON BOTH ENGINES.,OK,BOTH ENGINES,CARBURETOR INLET GASKETS,LEAKING,,REMOVED & REPLACED L/H GASKET.,,,GASKET,REMOVED & REPLACED,
105208,CARBURETOR INLET GASKETS LEAKING ON BOTH ENGINES.,OK,BOTH ENGINES,CARBURETOR INLET GASKETS,LEAKING,,REMOVED & REPLACED R/H GASKET.,,,GASKET,REMOVED & REPLACED,
105209,#2 INTAKE GASKET LEAKING.,OK,#2,INTAKE GASKET,LEAKING,,REMOVED & REPLACED GASKET.,,,GASKET,REMOVED & REPLACED,
105210,L/H INNER ENGINE BAFFLE TIE IS DISCONNECTED.,OK,L/H INNER ENGINE,BAFFLE TIE,DISCONNECTED,,RECONNECTED BAFFLE TIE.,,,BAFFLE TIE,RECONNECTED,
105211,#4 INTAKE GASKET IS LEAKING.,OK,#4,INTAKE GASKET,LEAKING,,REPLACED GASKETS. LEAK CHECK GOOD.,,,"GASKETS, LEAK","REPLACED, CHECK",
105212,"BAFFLE PLUGS ARE LOOSE, PATCHES ARE NEEDED.",OK,,BAFFLE PLUG,LOOSE,,INSTALLED BAFFLE PATCHES.,,,BAFFLE PATCHES,INSTALLED,
105213,#2 INTAKE LEAKING.,OK,#2,INTAKE,LEAKING,,REMOVED & REPLACED INTAKE GASKET.,,,INTAKE GASKET,REMOVED & REPLACED,
105214,"ENGINE RAN ROUGH AFTER START UP, WITH GAINS & DROPS OF ABOUT 8",OK,ENGINE,,"ROUGH , DROP",,"PERFORMED GROUND RUN, OPS CHECK GOOD. NO DEFECTS NOTED.",,,OPS,"GROUND RUN , CHECK",
105215,#3 & 4 INTAKES LEAKING.,OK,#3 & 4,INTAKES,LEAKING,,REPLACED INTAKE GASKETS.,,,INTAKE GASKETS,REPLACED,
105216,IDLE LOW.,DIFFICULT,,,,,"PERFORMED SEASONAL ADJUSTMENT, OPS GOOD.",,,"SEASONAL , OPS",ADJUSTMENT,
105217,DURING POST FLIGHT FOUND OIL ON INTAKE PIPES.,OK,INTAKE PIPES,OIL,FOUND,,"CLEANED OIL, RAN A/C, NO LEAKS NOTED. FOUND OIL TO BE R",,,"OIL, A/C","CLEANED, RAN",
105218,L/H ENGINE #2 INTAKE GASKET LEAKING.,OK,L/H ENGINE #2,INTAKE GASKET,LEAKING,,REMOVED & REPLACED INTAKE GASKET.,,,INTAKE GASKET,REMOVED & REPLACED,
105219,R/H ENGINE #4 INTAKE GASKET LEAKING.,OK,R/H ENGINE #4,INTAKE GASKET,LEAKING,,REMOVED & REPLACED INTAKE GASKET.,,,INTAKE GASKET,REMOVED & REPLACED,
105220,R/H ENGINE #3 ROCKER COVER GASKET LEAKING.,OK,R/H ENGINE #3,ROCKER COVER GASKET,LEAKING,,"REMOVED COVER, FOUND DEBRIS UNDER SILICONE GASKET. CLEA",,,"COVER , SILICONE GASKET","REMOVED, FOUND , CLEA",DEBRIS UNDER SILICONE GASKET
105221,OIL LEAK ABOVE L/H MAG.,OK,ABOVE L/H MAG,OIL,LEAK,,LEAK CHECK GOOD.,,,LEAK,CHECK,
105222,BOTH OIL COOLERS DIRTY.,OK,BOTH,OIL COOLERS,DIRTY,,CLEANED OIL COOLERS.,,,OIL COOLERS,CLEANED,
105223,SNIFFLER VALVES DIRTY.,OK,,SNIFFLER VALVES,DIRTY,,CLEANED SNIFFLER VALVES.,,,SNIFFLER VALVES,CLEANED,
105224,OIL LEAK ABOVE L/H MAG.,OK,ABOVE L/H MAG,OIL,LEAK,,REMOVED & REPLACED GASKET.,,,GASKET,REMOVED & REPLACED,
105225,#1 & 4 INTAKES HAVE EVIDENCE OF LEAKING.,OK,#1 & 4,INTAKES,LEAKING,,REMOVED & REPLACED GASKETS.,,,GASKETS,REMOVED & REPLACED,
105226,ROUGH ENGINE ON TAKE OFF,OK,ENGINE,,ROUGH,,RAN UP TO CHECK FOR ROUGH RUNNING AFTER TAKE OFF. MAGS CHECK,,,"ENGINE,MAGS","RAN , CHECK",
105227,ROUGH ENGINE ON TAKE OFF,OK,ENGINE,,ROUGH,,FOR BILLING PURPOSES ONLY,,,,,
105228,ENGINE IDLE SPEED 1650 RPM.,OK,ENGINE,,RPM,,ADJUSTED IDLE.,,,IDLE,ADJUSTED,
105229,BAFFLE PLUGS ARE LOOSE.,OK,,BAFFLE PLUGS,LOOSE,,INSTALLED BAFFLE PLUG PATCHES & NEW PLUGS.,,NEW,"BAFFLE PLUG PATCHES, PLUGS",INSTALLED,
105230,#4 INTAKE LEAKING.,OK,#4,INTAKE,LEAKING,,REMOVED & REPLACED GASKET.,,,GASKET,REMOVED & REPLACED,
105231,OIL COOLER IS DIRTY.,OK,,OIL COOLER,DIRTY,,CLEANED OIL COOLER.,,,OIL COOLER,CLEANED,
105232,#1 & 4 INTAKES LEAKING ON R/H ENGINE.,OK,#1 & 4 ON R/H ENGINE,INTAKES,LEAKING,,REMOVED & REPLACED GASKETS.,,,GASKETS,REMOVED & REPLACED,
105233,"INTAKES #2, 3 & 4 LEAKING ON L/H ENGINE.",OK,"#2, 3 & 4 ON L/H ENGINE",INTAKES,LEAKING,,REMOVED & REPLACED INTAKE GASKETS.,,,INTAKE GASKETS,REMOVED & REPLACED,
105234,R/H AIR INTAKE HOSE NOT HOOKED UP.,OK,R/H,AIR INTAKE HOSE,NOT HOOKED UP,,"REINSTALLED SCAT TUBING, TIGHTENED CLAMP.",,,"SCAT TUBING, CLAMP","REINSTALLED, TIGHTENED",
105235,#2 INTAKE GASKET LEAKING.,OK,#2,INTAKE GASKET,LEAKING,,REPLACED GASKET.,,,GASKET,REPLACED,
105236,BAFFLE SEAL ABOVE #3 CYLINDER LOOSE.,OK,ABOVE #3 CYLINDER,BAFFLE SEAL,LOOSE,,RESECURED BAFFLE SEAL.,,,BAFFLE SEAL,RESECURED,
105237,L/H AFT STAND OFF BROKEN.,OK,L/H AFT,STAND OFF,BROKEN,,REPLACED STAND OFF.,,,STAND OFF,REPLACED,
105238,INNER BAFFLE TIE DISCONNECTED.,OK,,BAFFLE TIE,DISCONNECTED,,REATTACHED BAFFLE TIE.,,,BAFFLE TIE,REATTACHED,
105239,#2 & 3 ROCKER COVERS LEAKING.,OK,#2 & 3,ROCKER COVERS,LEAKING,,REMOVED & REPLACED GASKETS.,,,GASKETS,REMOVED & REPLACED,
105240,#2 INTAKE LEAKING.,OK,#2,INTAKE,LEAKING,,REPLACED GASKET.,,,GASKET,REPLACED,
105241,R/H AFT BAFFLE BRACKET HAS BROKEN RIVETS.,OK,R/H AFT,BAFFLE BRACKET RIVETS,BROKEN,,REMOVED BAFFLE. REMOVED & REPLACED DAMAGED RIVETS. REIN,,,"BAFFLE , RIVETS","REMOVED , REMOVED & REPLACED",
105242,#3 CYLINDER ROCKER COVER MISSING SCREW.,OK,#3 CYLINDER,ROCKER COVER SCREW,MISSING,,INSTALLED MISSING SCREW.,,,SCREW,INSTALLED,
105243,ROUGH ENGINE,OK,ENGINE,,ROUGH,,FOR BILLING PURPOSES ONLY,,,,,
105244,ROUGH ENGINE,OK,ENGINE,,ROUGH,,REMOVED ENGINE CYLINDER TOP & BOTTM SPARK PLUGS. CLEANED &,,,"ENGINE CYLINDER TOP SPARK PLUGS, ENGINE CYLINDER BOTTM SPARK PLUGS","REMOVED, CLEANED",
105245,"#4 INTAKE LEAKING, L/H ENG.",OK,"#4 INTAKE, L/H ENG",INTAKE,LEAKING,,REPLACED GASKET.,,,GASKET,REPLACED,
105246,R/H ENGINE #2 CYLINDER INTAKE GASKET LEAKING.,OK,R/H ENGINE #2 CYLINDER,INTAKE GASKET,LEAKING,,INSTALLED NEW GASKET.,,NEW,GASKET,INSTALLED,
105247,"AFTER START UP, ENGINE DIED.",OK,ENGINE,,DIED,,"RAN UP & WARMED UP ENGINE, NO DEFECTS NOTED. OPS CHECK",,,"ENGINE , OPS","RAN UP & WARMED UP , CHECK",
105248,R/H ENGINE BACKBONE BOLT LEAKS A LITTLE OIL.,OK,R/H ENGINE,BACKBONE BOLT,LEAKS,,LEAK CHECK GOOD.,,,LEAK,CHECK,
105249,"R/H ENGINE #1, 2 INTAKES LEAKING.",OK,"R/H ENGINE #1, 2",INTAKES,LEAKING,,REMOVED & REPLACED GASKETS.,,,GASKETS,REMOVED & REPLACED,
105250,R/H ENGINE #4 ROCKER COVER LEAKING.,OK,R/H ENGINE #4,ROCKER COVER,LEAKING,,REMOVED & REPLACED GASKET.,,,GASKET,REMOVED & REPLACED,
105251,R/H ENGINE BACKBONE BOLT LEAKS A LITTLE OIL.,OK,R/H ENGINE,BACKBONE BOLT,LEAKS,,CLEANED OUT & INSTALLED SEALANT.,,,SEALANT,CLEANED & INSTALLED,
105252,#3 CYLINDER HAS LOW COMPRESSION.,OK,#3 CYLINDER,,COMPRESSION,,OIL HAS BEEN DRAINED.,,,OIL,DRAINED,
105253,#3 CYLINDER HAS LOW COMPRESSION.,OK,#3 CYLINDER,,COMPRESSION,,OPS & LEAK CHECK GOOD. REMOVED & REPLACED PUSH ROD. REMOVE,,,"OPS & LEAK, PUSH ROD","CHECK , REMOVED & REPLACED",
105254,#3 CYLINDER HAS LOW COMPRESSION.,OK,#3 CYLINDER,,COMPRESSION,,REMOVED CYLINDER. TRANSFERRED INJECTOR & CHT PROBE TO O,,,"CYLINDER, INJECTOR & CHT PROBE","REMOVED, TRANSFERRED",
105255,ANY INCREASE IN THROTTLE WOULD CAUSE SPUTTER & DROP IN RPM.,OK,,RPM,SPUTTER & DROP,,PERFORMED GROUND RUN WITH ENGINE AT OPERATING TEMP. ALL E,,,,GROUND RUN,
105256,#4 INTAKE GASKET LEAKS.,OK,#4,INTAKE GASKET,LEAKS,,REMOVED & REPLACED GASKET.,,,GASKET,REMOVED & REPLACED,
105257,#4 INTAKE GASKET LEAKING.,OK,#4,INTAKE GASKET,LEAKING,,INSTALLED NEW GASKET.,,NEW,GASKET,INSTALLED,
105258,AFTER STORAGE RUN NEEDED.,DIFFICULT,,,,,"RAN A/C, ALL CHECKS GOOD.",,,A/C,RAN,
105259,#2 CYLINDER COMPRESSION LOW.,OK,#2 CYLINDER,,COMPRESSION,,RUN UP & LEAK CHECK GOOD.,,,LEAK,"RUN , CHECK",
105260,"BAFFLE TIE ROD IN BETWEEN #1 & 3 CYL, NOT HOOOKED UP.",OK,IN BETWEEN #1 & 3 CYL,BAFFLE TIE ROD,NOT HOOKED,,INSTALLED BAFFLE ROD.,,,BAFFLE ROD,INSTALLED,
105261,#2 CYLINDER COMPRESSION LOW.,OK,#2 CYLINDER,,COMPRESSION,,REMOVED BAFFLING FOR #2 CYLINDER & ATTACHING PARTS. REMOVED,,,"BAFFLING, ATTACHING PARTS",REMOVED,
105262,"R/H ENG, R/H AFT ENGINE BAFFLE CRACKED.",OK,"R/H ENG, R/H AFT ENGINE",BAFFLE,CRACKED,,STOP DRILLED CRACK.,,,DRILLED CRACK,STOP,
105263,L/H ENGINE #3 & 4 INTAKE TUBE GASKETS LEAKING.,OK,L/H ENGINE #3 & 4,INTAKE TUBE GASKETS,LEAKING,,INSTALLED NEW GASKETS.,,NEW,GASKETS,INSTALLED,
105264,R/H ENGINE #3 INTAKE TUBE GASKET LEAKING.,OK,R/H ENGINE #3,INTAKE TUBE GASKET,LEAKING,,REMOVED & REPLACED GASKET WITH NEW.,,NEW,GASKET,REMOVED & REPLACED,
105265,#4 INTAKE GASKET LEAKING.,OK,#4,INTAKE GASKET,LEAKING,,REMOVED & REPLACED WITH NEW GASKET.,,NEW,GASKET,REMOVED & REPLACED,
105266,R/H ENGINE #1 INTAKE IS LEAKING.,OK,R/H ENGINE #1,INTAKE,LEAKING,,REMOVED & REPLACED GASKET WITH NEW.,,NEW,GASKET,REMOVED & REPLACED,
105267,#3 & 4 L/H ROCKER COVERS ARE LEAKING.,OK,#3 & 4 L/H,ROCKER COVERS,LEAKING,,REMOVED & REPLACED GASKETS WITH NEW.,,NEW,GASKETS,REMOVED & REPLACED,
105268,#2 CYLINDER VALVE STICKING.,OK,#2 CYLINDER,VALVE,STICKING,,"RAN A/C, OPS & LEAK CHECK GOOD. COWLED A/C.",,,"A/C, OPS & LEAK, A/C","RAN , CHECK , COWLED",
105269,#2 CYLINDER VALVE STICKING.,OK,#2 CYLINDER,VALVE,STICKING,,REMOVED #2 CYLINDER TOP PLUG & FOUND VALVE CONTACTED PISTON.,,,"CYLINDER TOP PLUG, VALVE","REMOVED, FOUND",VALVE CONTACTED PISTON
105270,#2 CYLINDER VALVE STICKING.,OK,#2 CYLINDER,VALVE,STICKING,,"REMOVED #2 CYLINDER BAFFLING, INTAKE, EXHAUST & OIL RETURN T",,,"BAFFLING, INTAKE, EXHAUST, OIL RETURN",REMOVED,
105271,"DURING CLIMB OUT, L/H ENGINE SHUTTERED 3 TIMES. EACH TIME RP",OK,L/H ENGINE,,SHUTTERED,,"RAN A/C, COULD NOT DUPLICATE. ALL CHECKS GOOD.",,,A/C,RAN,
105272,#2 BAFFLE SEAL LOOSE.,OK,#2,BAFFLE SEAL,LOOSE,,REMOVED RIVET & REPLACED WITH SCREW & LOCK NUT.,,,"RIVET, SCREW & LOCK NUT","REMOVED, REPLACED",
105273,BAFFLE PLUG IS BROKEN.,OK,,BAFFLE PLUG,BROKEN,,REMOVED & REPLACED BAFFLE PLUG.,,,BAFFLE PLUG,REMOVED & REPLACED,
105274,BAFFLE SEAL ON #1 CYLINDER NEEDS TO BE SECURED.,OK,#1 CYLINDER,BAFFLE SEAL,NEED PROBLEM,,SECURED BAFFLE SEAL WITH NEW RIVETS.,,NEW,"BAFFLE SEAL, RIVETS",SECURED,
105275,#3 INTAKE LEAKING.,OK,#3,INTAKE,LEAKING,,REMOVED & REPLACED GASKET.,,,GASKET,REMOVED & REPLACED,
105276,FORWARD BAFFLE CRACKED UNDER THE ALTERNATOR.,OK,FORWARD,BAFFLE,CRACKED,,STOP DRILLED CRACK.,,,DRILLED CRACK,STOP,
105277,R/H REAR ENGINE BAFFLE MOUNT LOOSE.,OK,R/H REAR ENGINE,BAFFLE MOUNT,LOOSE,,INSTALLED NEW SCREWS & NUT TO SECURE BAFFLE MOUNT.,,NEW,SCREWS & NUT,INSTALLED,
105278,#4 INTAKE LEAKING.,OK,#4,INTAKE,LEAKING,,REMOVED & REPLACED GASKET.,,,GASKET,REMOVED & REPLACED,
105279,"WHEN CLIMBING, HEARD ENGINE WITH SOME NOISE. ENGINE MADE A THU",OK,ENGINE,,NOISE,,"INSPECTED ENGINE, NO DEFECTS. RAN A/C, ALL SYSTEMS W/IN",,,"ENGINE,A/C,SYSTEMS","INSPECTED,RAN",
105280,R/H REAR ENGINE BAFFLE SCREW LOOSE.,OK,R/H REAR ENGINE,BAFFLE SCREW,LOOSE,,TIGHTENED SCREW.,,,SCREW,TIGHTENED,
105281,#2 INTAKE TUBE LEAKING.,OK,#2,INTAKE TUBE,LEAKING,,REMOVED & REPLACED WITH NEW GASKET.,,NEW,GASKET,REMOVED & REPLACED,
105282,"AFTER ENGINE & ROTOR RUN UP, RPM DROPPED 250 & CONTINUED TO",OK,ENGINE & ROTOR,RPM,DROP,,"COMPLETED ASSEMBLY OF ENGINE. RAN UP ENGINE, OPS & LEAK CHECK",,,"ENGINE, ENGINE, OPS & LEAK","COMPLETED ASSEMBLY , RAN ,  CHECK",
105283,"AFTER ENGINE & ROTOR RUN UP, RPM DROPPED 250 & CONTINUED TO",OK,ENGINE & ROTOR,RPM,DROP,,"PERFORMED LYCOMING , FOUND #2, 4 EXHAUST VALVE G",,,,,
105284,"R/H ENGINE BAFFLE SEAL LOOSE, ABOVE #4 CYLINDER.",OK,"R/H ENGINE, ABOVE #4 CYLINDER",BAFFLE SEAL,LOOSE,,RESECURED BAFFLE SEAL.,,,BAFFLE SEAL,RESECURED,
105285,"L/H ENG, CYLINDER #2 INTAKE GASKET IS LEAKING.",OK,"L/H ENG, CYLINDER #2",INTAKE GASKET,LEAKING,,REMOVED & REPLACED GASKET WITH NEW.,,NEW,GASKET,REMOVED & REPLACED,
105286,#1 & 4 INTAKES LEAKING.,OK,#1 & 4,INTAKES,LEAKING,,REPLACED GASKETS.,,,GASKETS,REPLACED,
105287,BLACK FORWARD LOWER ENGINE SEAL WORN AT AIR INTAKE FILTER.,OK,BLACK FORWARD LOWER ENGINE,SEAL,WORN,,APPLIED RTV TO FORWARD LOWER BAFFLE SEAL.,,,BAFFLE SEAL,APPLIED,
105288,R/H ENGINE #1 INTAKE IS LEAKING.,OK,R/H ENGINE #1,INTAKE,LEAKING,,REMOVED & REPLACED GASKET.,,,GASKET,REMOVED & REPLACED,
105289,#4 INTAKE GASKET LEAKS.,OK,#4,INTAKE GASKET,LEAKS,,REMOVED & REPLACED GASKET.,,,GASKET,REMOVED & REPLACED,
105290,#3 INTAKE TUBE GASKET LEAKING.,OK,#3,INTAKE TUBE GASKET,LEAKING,,REMOVED & REPLACED INTAKE GASKET WITH NEW.,,NEW,INTAKE GASKET,REMOVED & REPLACED,
105291,#4 CYLINDER BAFFLE PLUG TABS BROKEN.,OK,#4 CYLINDER,BAFFLE PLUG TABS,BROKEN,,REMOVED & REPLACED PLUG.,,,PLUG,REMOVED & REPLACED,
105292,BOTH BAFFLE PLUGS DAMAGED.,OK,BOTH,BAFFLE PLUGS,DAMAGED,,REMOVED & REPLACED PLUGS.,,,PLUGS,REMOVED & REPLACED,
105293,A/C NEEDS AFTER STORAGE RUN.,OK,A/C,,NEED PROBLEM,,"RAN A/C, ALL CHECKS GOOD.",,,A/C,RAN,
105294,A/C AFTER STORAGE RUN NEEDED.,OK,A/C,,NEED PROBLEM,,"RAN A/C, ALL CHECKS GOOD.",,,A/C,RAN,
105295,"DURING FLIGHT, HIGH OIL PSI OCCURRED. WHEN EXERCISE PROP, OI",OK,,OIL,PSI,,"RAN A/C, OPS CHECK GOOD.",,,"A/C , OPS","RAN, CHECK",
105296,R/H ENGINE #4 AFT BAFFLE SEAL LOOSE.,OK,R/H ENGINE #4 AFT,BAFFLE SEAL,LOOSE,,INSTALLED WASHER & RIVET.,,,"WASHER, RIVET",INSTALLED,
105297,R/H ENGINE #1 SIDE BAFFLE SEAL WORN.,OK,R/H ENGINE #1 SIDE,BAFFLE SEAL,WORN,,REMOVED & REPLACED BAFFLE SEAL WITH NEW.,,NEW,BAFFLE SEAL,REMOVED & REPLACED,
105298,BAFFLE PLUGS WORN.,OK,,BAFFLE PLUGS,WORN,,REMOVED & REPLACED PLUGS.,,,PLUGS,REMOVED & REPLACED,
105299,ALTERNATE AIR DOOR SPRING IS WEAK.,OK,,ALTERNATE AIR DOOR SPRING,WEAK,,REPLACED AIR INTAKE ASSY.,,REPLACED,AIR INTAKE ASSY,REPLACED,
105300,#3 ROCKER COVER LEAKING.,OK,#3,ROCKER COVER,LEAKING,,REMOVED & REPLACED ROCKER COVER GASKET.,,,ROCKER COVER GASKET,REMOVED & REPLACED,
105301,BAFFLE PLUGS WORN.,OK,,BAFFLE PLUGS,WORN,,REMOVED & REPLACED BOTH BAFFLE PLUGS.,,,BAFFLE PLUGS,REMOVED & REPLACED,
105302,"#4 INTAKE LEAKING, R/H ENG.",OK,"#4, R/H ENG",INTAKE,LEAKING,,REPLACED GASKET.,,,GASKET,REPLACED,
105303,LOW COMPRESSION (40/80) ON #3 CYLINDER. AIR LEAKING FROM EXHAUST,OK,#3 CYLINDER,EXHUAST AIR ,LEAKING,COMPRESSION ,BEGAN REPLACEMENT OF CYLINDER. REPLACED OLD CYLINDER WITH,,OLD,CYLINDER,REPLACEMENT & REPLACED,
105304,LOW COMPRESSION (40/80) ON #3 CYLINDER. AIR LEAKING FROM EXHAUST,OK,#3 CYLINDER,EXHUAST AIR ,LEAKING,COMPRESSION ,CHASED THREADS ON INTAKE PORT TO CLEAN THREADS. INSTALL,,,THREADS,CHASED & CLEANED & INSTALLED,
105305,#4 INTAKE GASKET LEAKING.,OK,#4,INTAKE GASKET,LEAKING,,REPLACED GASKET.,,,GASKET,REPLACED,
105306,#2 & 4 INTAKES LEAKING.,OK,#2 & 4,INTAKES,LEAKING,,REMOVED & REPLACED INTAKE GASKETS.,,,INTAKE GASKETS,REMOVED & REPLACED,
105307,L/H ENGINE #3 CYLINDER COMPRESSION LOW.,OK,L/H ENGINE #3 CYLINDER,,COMPRESSION,,"RAN UP ENGINE, OPS & LEAK CHECK GOOD.",,,"ENGINE, OPS & LEAK","RAN , CHECK",
105308,L/H ENGINE #3 CYLINDER COMPRESSION LOW.,OK,L/H ENGINE #3 CYLINDER,,COMPRESSION,,REMOVED #3 CYLINDER BAFFLING & CONNECTING COMPONENTS AND HAR,,,"CYLINDER BAFFLING, CONNECTING COMPONENTS",REMOVED,
105309,#3 INTAKE LEAKING.,OK,#3,INTAKE,LEAKING,,REMOVED & REPLACED WITH NEW GASKET.,,NEW,GASKET,REMOVED & REPLACED,
105310,BOTH BAFFLE PLUGS DAMAGED.,OK,BOTH,BAFFLE PLUGS,DAMAGED,,REMOVED & REPLACED BAFFLE PLUGS.,,,BAFFLE PLUGS,REMOVED & REPLACED,
105311,"DURING FLIGHT, ENGINE RPM WAS 2740 FOR 3 SECONDS.",OK,ENGINE,,RPM,,"REMOVED SD CARD & C/W LYCOMING , OVERSPEED CONSI",,,SD CARD,REMOVED,
105312,LOW COMPRESSION ON #3 CYLINDER.,OK,#3 CYLINDER,,COMPRESSION,,"STAKED VALVE, COMPRESSION CAME UP TO 72/80.",,,VALVE,STAKED,
105313,BOTH BAFFLE PLUGS DAMAGED.,OK,BOTH,BAFFLE PLUGS,DAMAGED,,REMOVED & REPLACED BAFFLE PLUGS.,,,BAFFLE PLUGS,REMOVED & REPLACED,
105314,LARGE POOL OF OIL UNDER ENGINE. OIL HAS BEEN ADDED LAST 2 DA,OK,UNDER ENGINE,OIL,POOL,,"RAN A/C, NO LEAKS NOTED. OBSERVED A/C FOR SEVERAL HOURS",,,A/C,"RAN, OBSERVED",
105315,#3 & 4 CYLINDER INTAKE TUBE INSERTS IN SUMP LOOSE.,OK,#3 & 4 CYLINDER,INTAKE TUBE INSERTS,LOOSE,,REMOVED INTAKE TUBES.,,,INTAKE TUBES,REMOVED,
105316,#3 & 4 CYLINDER INTAKE TUBE INSERTS IN SUMP LOOSE.,OK,#3 & 4 CYLINDER,INTAKE TUBE INSERTS,LOOSE,,RESWAGED INTAKE TUBE INSERTS.,,,INTAKE TUBE INSERTS,RESWAGED,
105317,#3 & 4 CYLINDER INTAKE TUBE INSERTS IN SUMP LOOSE.,OK,#3 & 4 CYLINDER,INTAKE TUBE INSERTS,LOOSE,,"INSTALLED #3 & 4 INTAKE TUBES WITH NEW GASKETS. RAN A/C,",,NEW,"INTAKE TUBES, GASKETS, A/C","INSTALLED, RAN",
105318,L/H ENGINE #2 CYLINDER INTAKE GASKET LEAKING.,OK,L/H ENGINE #2 CYLINDER,INTAKE GASKET,LEAKING,,REPLACED GASKET.,,,GASKET,REPLACED,
105319,REACHED 2720 RPM FOR ABOUT 2 SECONDS.,OK,,,RPM,,REMOVED SD CARD & FOUND MAX RPM TO BE LESS THAN 5% RATE,,,"SD CARD , RPM","REMOVED , FOUND",MAX RPM TO BE LESS THAN 5% RATE
105320,"AFTER ENGINE START, THERE WAS ENGINE VIBRATION. SUSPECT CYLINDER",OK,ENGINE CYLINDER,,VIBRATION,,INSPECTED & FOUND #4 PISTON SMILED NEAR EXHAUST VALVE.,,,PISTON,INSPECTED & FOUND,#4 PISTON SMILED NEAR EXHAUST VALVE
105321,"AFTER ENGINE START, THERE WAS ENGINE VIBRATION. SUSPECT CYLINDER",OK,ENGINE CYLINDER,,VIBRATION,,"REMOVED #4 CYLINDER ASSY, BEGAN INSTALLATION OF NEW CYLINDER #4.",,NEW,"#4 CYLINDER ASSY,CYLINDER","REMOVED,INSTALLATION OF",
105322,"AFTER ENGINE START, THERE WAS ENGINE VIBRATION. SUSPECT CYLINDER",OK,ENGINE CYLINDER,,VIBRATION,,CYLINDER INSTALLATION DONE IAW LYCOMING OVERHAUL MANUAL. A/C,,,"CYLINDER, A/C",INSTALLATION DONE,
105323,"AFTER ENGINE START, THERE WAS ENGINE VIBRATION. SUSPECT CYLINDER",OK,ENGINE CYLINDER,,VIBRATION,,FINISHED INSTALLATION OF CYL. INSTALLED PUSH RODS & ROC,,,"CYL, PUSH RODS, ROC",INSTALLED & INSTALLED,
105324,#4 ROCKER COVER GASKET IS LEAKING.,OK,#4,ROCKER COVER GASKET,LEAKING,,REMOVED & REPLACED GASKET.,,,GASKET,REMOVED & REPLACED,
105325,#3 INTAKE GASKET IS LEAKING.,OK,#3,INTAKE GASKET,LEAKING,,REPLACED GASKET.,,,GASKET,REPLACED,
105326,ALL ROCKER COVER GASKETS LEAK.,OK,ALL,ROCKER COVER GASKETS,LEAK,,REMOVED & REPLACED ALL ROCKER COVER GASKETS.,,,ROCKER COVER GASKETS,REMOVED & REPLACED,
105327,SCREW MISSING ON #2 ROCKER COVER.,OK,#2,ROCKER COVER SCREW,MISSING,,REPLACED WITH NEW SCREW.,,NEW,SCREW,REPLACED,
105328,"DURING STEEP TURNS, ENGINE BEGAN TO STRUGGLE & COUGHED OFTEN",OK,ENGINE,,STRUGGLE & COUGHED,,REMOVED BOTTOM PLUGS & #4 CYLINDER TOP PLUG; BORE SCOPED #4,,,"BOTTOM PLUGS, CYLINDER TOP PLUG, #4",REMOVED; BORE SCOPED,
105329,"DURING STEEP TURNS, ENGINE BEGAN TO STRUGGLE & COUGHED OFTEN",OK,ENGINE,,STRUGGLE & COUGHED,,"BLED LIFTER, REINSTALLED WITH NEW PUSH ROD SEALS. REINSTA",,NEW,"LIFTER, PUSH ROD SEALS","BLED, REINSTALLED",
105330,"DURING STEEP TURNS, ENGINE BEGAN TO STRUGGLE & COUGHED OFTEN",OK,ENGINE,,STRUGGLE & COUGHED,,"PERFORMED GROUND RUN, VERIFIED ENGINE RAN WITH A SLIGHT M",,,ENGINE,GROUND RUN & VERIFIED,
105331,"DURING STEEP TURNS, ENGINE BEGAN TO STRUGGLE & COUGHED OFTEN",OK,ENGINE,,STRUGGLE & COUGHED,,"INSTALLED -28 EXHAUST VALVE PUSH ROD, CLEARANCE CHECK G",,-28,"EXHAUST VALVE PUSH ROD, CLEARANCE","INSTALLED, CHECK",
105332,"DURING STEEP TURNS, ENGINE BEGAN TO STRUGGLE & COUGHED OFTEN",OK,ENGINE,,STRUGGLE & COUGHED,,"FINISHED REINSTALLATION OF PLUGS, LEADS & #4 ROCKER COV",,,"PLUGS, LEADS, ROCKER COV",FINISHED REINSTALLATION,
105333,OIL COOLER CLOGGED (DIRTY BETWEEN FINS).,OK,,OIL COOLER,CLOGGED,,REMOVED CLOG.,,,CLOG,REMOVED,
105334,DURING LATE TAKEOFF ROLL & PATTERN; ENGINE SOUNDED LIKE IT W,DIFFICULT,,,,,"RAN A/C, CONFIRMED DISCREP. PERFORMED COMPRESSION CK, F",,,"A/C, DISCREPANCY, COMPRESSION","RAN, CONFIRMED, CK",
105335,DURING LATE TAKEOFF ROLL & PATTERN; ENGINE SOUNDED LIKE IT W,DIFFICULT,,,,,"REMOVED BAFFLING, #2 INTAKE, #2 EXHAUST, #2 INJECTOR LI",,,"BAFFLING, INTAKE, EXHAUST, INJECTOR",REMOVED,
105336,OIL TEMPERATURE LIGHT INOP.,OK,,OIL TEMPERATURE LIGHT,INOP,,REINSTALLED LAMP IN BACK OF GAUGE. OPS CHECK GOOD.,,,"LAMP , OPS","REINSTALLED , CHECKED",
105337,L/H ENGINE DATA PLATE RIVETS MISSING.,OK,L/H ENGINE,DATA PLATE RIVETS,MISSING,,INSTALLED NEW RIVETS.,,NEW,RIVETS,INSTALLED,
105338,"IN CRUISE, ON WAY TO PRACTICE AREA, ENGINE RPM DROPPED & THE",OK,ENGINE,RPM,DROP,,"RAN A/C, ALL CHECKS GOOD.",,,A/C,RAN,
105339,FORWARD LOWER BLACK SEAL HAS WORN SPOTS FORM INTAKE FILTER BRACKET,OK,FORWARD LOWER,BLACK SEAL,WORN,,APPLIED BLACK SILICONE TO BAFFLE SEAL.,,,BAFFLE SEAL,APPLIED,
105340,"#2, 3 & 4 INTAKE GASKETS ARE LEAKING.",OK,"#2, 3 & 4",INTAKE GASKETS,LEAKING,,REPLACED GASKETS.,,,GASKETS,REPLACED,
105341,LARGE PUDDLE OF LIQUID UNDER ENGINE.,OK,UNDER ENGINE,,LIQUID,,"REMOVED COWLING. WASHED ENGINE & COWLS, RAN A/C FOUND N",,,"COWLING, ENGINE, COWLS, A/C","REMOVED, WASHED, WASHED, RAN",
105342,"ON START UP, ENGINE RAN VERY ROUGH. TRIED TO INCREASE POWER",OK,ENGINE,,ROUGH,,"PERFORMED GROUND RUN, VERIFIED DISCREP: RAN ROUGH IN AL",,,DISCREP,"GROUND RUN, VERIFIED",
105343,"ON START UP, ENGINE RAN VERY ROUGH. TRIED TO INCREASE POWER",OK,ENGINE,,ROUGH,,PERFORMED COMPRESSION CK: #3 CYLINDER HAD ZERO PSI. REAMED A,,,COMPRESSION,"CK , REAMED",
105344,"AFTER ENGINE START UP, NOTICED VIBRATION & ROUGH RUNNING ENGINE",OK,ENGINE,,VIBRATION & ROUGH,,"RUN UP, LEAK CHECK GOOD.",,,LEAK,"RUN , CHECK",
105345,"AFTER ENGINE START UP, NOTICED VIBRATION & ROUGH RUNNING ENGINE",OK,ENGINE,,VIBRATION & ROUGH,,REMOVED & REPLACED CYLINDER #3 WITH NEW IAW LYCOMING OVERHAUL,,IAW LYCOMING OVERHAUL,CYLINDER,REMOVED & REPLACED,
105346,"AFTER ENGINE START UP, NOTICED VIBRATION & ROUGH RUNNING ENGINE",OK,ENGINE,,VIBRATION & ROUGH,,"PERFORMED GROUND RUN, ENGINE RAN ROUGH. MAGNETOS SWITCH SELE",,,,GROUND RUN,
105347,"AFTER ENGINE START UP, NOTICED VIBRATION & ROUGH RUNNING ENGINE",OK,ENGINE,,VIBRATION & ROUGH,,REAMED #1 & 4 EXHAUST VALVE GUIDES IAW LYCOMING,,,EXHAUST VALVE GUIDES,REAMED,
105348,L/H #2 INTAKE LEAKING.,OK,L/H #2,INTAKE,LEAKING,,REPLACED INTAKE GASKET.,,,INTAKE GASKET,REPLACED,
105349,R/H #2 INTAKE LEAKING.,OK,R/H #2,INTAKE,LEAKING,,REPLACED INTAKE GASKET.,,,INTAKE GASKET,REPLACED,
105350,#3 INTAKE TUBE GASKET LEAKING.,OK,#3,INTAKE TUBE GASKET,LEAKING,,INSTALLED NEW INTAKE GASKET.,,NEW,INTAKE GASKET,INSTALLED,
105351,#3 BAFFLE BRACKET MISSING HARDWARE.,OK,#3,BAFFLE BRACKET HARDWARE,MISSING,,REINSTALLED HARDWARE.,,,HARDWARE,REINSTALLED,
105352,BOTH BAFFLE PLUGS DAMAGED.,OK,BOTH,BAFFLE PLUGS,DAMAGED,,REMOVED & REPLACED BAFFLE PLUGS.,,,BAFFLE PLUGS,REMOVED & REPLACED,
105353,TOP CASE BOLT LEAKING.,OK,TOP CASE,BOLT,LEAKING,,"SEALED BOLT, LEAK CHECK GOOD.",,,"BOLT, LEAK","SEALED, CHECK",
105354,BOTH BAFFLE PLUGS DAMAGED.,OK,BOTH,BAFFLE PLUGS,DAMAGED,,REPLACED WITH NEW BAFFLE PLUGS.,,NEW,BAFFLE PLUGS,REPLACED,
105355,#2 INTAKE GASKET LEAKS.,OK,#2,INTAKE GASKET,LEAKS,,REMOVED & REPLACED WITH NEW GASKET.,,NEW,GASKET,REMOVED & REPLACED,
105356,#3 INTAKE TUBE GASKET LEAKING.,OK,#3,INTAKE TUBE GASKET,LEAKING,,REMOVED & REPLACED GASKET.,,,GASKET,REMOVED & REPLACED,
105357,#1 CYLINDER BAFFLE IS CRACKED.,OK,#1 CYLINDER,BAFFLE,CRACKED,,FABRICATED PATCH WITH LIKE MATERIAL & RIVETED IAW,,LIKE MATERIAL,PATCH,FABRICATED & RIVETED,
105358,OIL COOLER DIRTY.,OK,,OIL COOLER,DIRTY,,CLEANED COOLER.,,,COOLER,CLEANED,
105359,"BAFFLE SEAL LOOSE, FORWARD OF #1 CYL.",OK,FORWARD OF #1 CYL,BAFFLE SEAL,LOOSE,,REATTACHED BAFFLE.,,,BAFFLE,REATTACHED,
105360,R/H ENGINE FIRE SEAL LOOSE ON BOTTOM COWL.,OK,R/H ENGINE ON BOTTOM COWL,FIRE SEAL,LOOSE,,RESECURED SEAL.,,,SEAL,RESECURED,
105361,"SILICONE NEEDED ON TOP OF OIL COOLER, AGAINST COWL.",OK,"TOP,  AGAINST COWL",OIL COOLER,NEED PROBLEM,,APPLIED SILICONE.,,,SILICONE,APPLIED,
105362,L/H ENGINE I/B INTAKE SCREEN PANEL CHAFING.,OK,L/H ENGINE I/B,INTAKE SCREEN PANEL,CHAFING,,APPLIED CHAFE TAPE TO PANEL.,,,PANEL,APPLIED,
105363,COWLING SEAL NEEDS TO BE RESECURED (LOWER AFT).,OK,LOWER AFT,COWLING SEAL,NEED PROBLEM,,RESECURED SEAL ON L/H LOWER AFT COWLING.,,,SEAL,RESECURED,
105364,"GROUND POWER CHECK NEEDED, L/H & R/H ENGINES.",OK,L/H & R/H ENGINES,,NEED PROBLEM,,"CAPPED BLEED - PERFORMED GROUND POWER PERFORMANCE CK, S",,,"BLEED, GROUND POWER PERFORMANCE","CAPPED, CK",
105365,LOWER FORWARD ENGINE COWL NEEDS DOUBLER ON GUIDE HOLE FOR TOP CO,OK,LOWER FORWARD ENGINE,COWL,NEED PROBLEM,,INSTALLED DOUBLER ON I/B AFT ALIGNMENT PIN HOLE.,,,DOUBLER,INSTALLED,
105366,VERIFY CONDITION OF R/H ENGINE FOR MISMATCH WITH L/H ENGINE.,OK,R/H ENGINE & L/H ENGINE,,MISMATCH,,"REMOVED POWER SECTION FROM R/H ENGINE, VISUALLY INSPECT",,,POWER SECTION,REMOVED & INSPECTED,
105367,R/H BAFFLE TIE BROKEN.,OK,R/H,BAFFLE TIE,BROKEN,,REMOVED & REPLACED BAFFLE TIE.,,,BAFFLE TIE,REMOVED & REPLACED,
105368,BOTH BAFFLE PLUGS DAMAGED.,OK,BOTH,BAFFLE PLUGS,DAMAGED,,REMOVED & REPLACED BAFFLE PLUGS.,,,BAFFLE PLUGS,REMOVED & REPLACED,
105369,#2 INTAKE IS MISSING OUTER NUT.,OK,#2,INTAKE OUTER NUT,MISSING,,INSTALLED BAFFLE.,,,BAFFLE,INSTALLED,
105370,#2 INTAKE IS MISSING OUTER NUT.,OK,#2,INTAKE OUTER NUT,MISSING,,"REMOVED L/H UPPER BAFFLE, L/H MUFFLER. REPLACED #2 INTA",,,"UPPER BAFFLE, MUFFLER, INTAKE","REMOVED, REPLACED",
105371,#1 & 2 ROCKER GASKETS LEAKING.,OK,#1 & 2,ROCKER GASKETS,LEAKING,,REPLACED GASKETS.,,,GASKETS,REPLACED,
105372,#2 & 4 INTAKE GASKETS LEAKING.,OK,#2 & 4,INTAKE GASKETS,LEAKING,,REPLACED GASKETS.,,,GASKETS,REPLACED,
105373,#2 CYLINDER ROCKER COVER SEAL LEAKS.,OK,#2 CYLINDER,ROCKER COVER SEAL,LEAKS,,LEAK CHECK GOOD.,,,LEAK,CHECK,
105374,#2 CYLINDER ROCKER COVER SEAL LEAKS.,OK,#2 CYLINDER,ROCKER COVER SEAL,LEAKS,,REPLACED GASKET.,,,GASKET,REPLACED,
105375,"ENGINE GROUNDING BOLT, BY OIL TUBE, LOOSE.",OK,ENGINE BY OIL TUBE,GROUNDING BOLT,LOOSE,,TIGHTENED BOLT.,,,BOLT,TIGHTENED,
105376,ALL 4 INTAKES LEAKING ON R/H ENGINE.,OK,ALL 4 ON R/H ENGINE,INTAKES,LEAKING,,REMOVED & REPLACED GASKETS.,,,GASKETS,REMOVED & REPLACED,
105377,"#2, 3, 4 INTAKES LEAKING ON L/H ENGINE.",OK,"#2, 3, 4 ON L/H ENGINE",INTAKES,LEAKING,,REMOVED & REPLACED WITH NEW GASKETS.,,NEW,GASKETS,REMOVED & REPLACED,
105378,#2 INTAKE GASKET LEAKING.,OK,#2,INTAKE GASKET,LEAKING,,REMOVED & REPLACED GASKET.,,,GASKET,REMOVED & REPLACED,
105379,MOMENTARILY EXCEEDED 2700 RPM DURING RECOVERY OF SIMULATED E,OK,,RPM,EXCEEDED,,REVIEWED FLIGHT DATA MONITORING CARD. FOUND OVERSPEED T,,,FLIGHT DATA MONITORING CARD,"REVIEWED , FOUND",OVERSPEED 
105380,"L/H ENGINE CYLINDER #3, 2 & 4 INTAKE GASKETS ARE LEAKING.",OK,"L/H ENGINE CYLINDER #3, 2 & 4",INTAKE GASKETS,LEAKING,,REPLACED GASKETS.,,,GASKETS,REPLACED,
105381,"R/H ENGINE CYLINDER #2, 3 & 4 INTAKE GASKETS ARE LEAKING.",OK,"R/H ENGINE CYLINDER #2, 3 & 4",INTAKE GASKETS,LEAKING,,REPLACED #2 GASKET.,,,GASKET,REPLACED,
105382,"R/H ENGINE CYLINDER #2, 3 & 4 INTAKE GASKETS ARE LEAKING.",OK,"R/H ENGINE CYLINDER #2, 3 & 4",INTAKE GASKETS,LEAKING,,REPLACED #3 & 4 GASKETS.,,,GASKETS,REPLACED,
105383,R/H ENGINE CYLINDER #2 HAS POSSIBLE CRACK BY INTAKE PORT.,OK,R/H ENGINE CYLINDER #2,INTAKE PORT,CRACK,,"INSPECTED, PERFORMED DYE PE INSP; VERIFIED TO NOT BE CR",,,DYE PE,"INSPECTED , VERIFIED",
105384,DURING FLIGHT A/C WOULD INTERMITTENTLY LOSE POWER ON L/H ENGINE,OK,L/H ENGINE,,POWER PROBLEM,,BORESCOPED #1 CYLINDER FOR VALVE CONTACT WITH PISTON FOR POSSI,,,#1 CYLINDER,BORESCOPED,
105385,#2 INTAKE GASKET LEAKING.,OK,#2,INTAKE GASKET,LEAKING,,REMOVED & REPLACED WITH NEW GASKET.,,NEW,GASKET,REMOVED & REPLACED,
105386,"DURING ENGINE START & ENGINE RUNNING, THERE WERE VIBRATION S",OK,ENGINE,,VIBRATION,,"PERFORMED GROUND, NO DEFECTS NOTED. ALL ENGINE GROUND R",,,,,
105387,"DURING ENGINE START & ENGINE RUNNING, THERE WERE VIBRATION S",OK,ENGINE,,VIBRATION,,"FOR ENGINE CHANGE. RAN ENGINE, NO DEFE",,,ENGINE,RAN,
105388,ENGINE GROUNDIN STRAP BOLT LOOSE.,OK,ENGINE,GROUNDIN STRAP BOLT,LOOSE,,TIGHTENED BOLT.,,,BOLT,TIGHTENED,
105389,FOREIGN OBJECT DAMAGE AFT OF SPINNER,OK,AFT OF SPINNER,FOREIGN OBJECT,DAMAGE,,REMOVED FOREIGN OBJECT DAMAGE,,,FOREIGN OBJECT DAMAGE,REMOVED,
105390,SCREW MISSING FROM #3 ROCKER COVER,OK,#3,ROCKER COVER SCREW,MISSING,,REINSTALLED SCREW,,,SCREW,REINSTALLED,
105391,CYLINDER #4 INTAKE GASKET IS LEAKING.,OK,CYLINDER #4,INTAKE GASKET,LEAKING,,REMOVED & REPLACED GASKET WITH NEW.,,NEW,GASKET,REMOVED & REPLACED,
105392,#4 INTAKE LEAKING.,OK,#4,INTAKE,LEAKING,,REMOVED & REPLACED GASKET.,,,GASKET,REMOVED & REPLACED,
105393,#2 INTAKE GASKET LEAKING.,OK,#2,INTAKE GASKET,LEAKING,,REPLACED GASKET.,,,GASKET,REPLACED,
105394,SCREW MISSING ON #3 CYLINDER BAFFLING.,OK,#3 CYLINDER,BAFFLING SCREW,MISSING,,REPLACED SCREW.,,,SCREW,REPLACED,
105395,BAFFLE SEAL NEEDS TO BE SECURED ON #1 CYL.,OK,#1 CYL,BAFFLE SEAL,NEED PROBLEM,,SECURED BAFFLE SEAL.,,,BAFFLE SEAL,SECURED,
105396,#3 INTAKE GASKET LEAKS.,OK,#3,INTAKE GASKET,LEAKS,,REMOVED & REPLACED GASKET.,,,GASKET,REMOVED & REPLACED,
105397,#1 BAFFLE IS CRACKED.,OK,#1,BAFFLE,CRACKED,,FABRICATED & INSTALLED PATCH ON BAFFLE WITH LIKE MATERIAL,,LIKE MATERIAL,BAFFLE,FABRICATED & INSTALLED PATCH ON,
105398,#4 OIL RETURN TUBE HOSE CLAMPS LOOSE.,OK,#4,OIL RETURN TUBE HOSE CLAMPS,LOOSE,,TIGHTENED HOSE CLAMPS.,,,HOSE CLAMPS,TIGHTENED,
105399,R/H ENGINE CYLINDER #3 INTAKE GASKET IS LEAKING.,OK,R/H ENGINE CYLINDER #3,INTAKE GASKET,LEAKING,,REMOVED & REPLACED INTAKE GASKET.,,,INTAKE GASKET,REMOVED & REPLACED,
105400,BOTH BAFFLE PLUGS DAMAGED.,OK,BOTH,BAFFLE PLUGS,DAMAGED,,REMOVED & REPLACED BAFFLE PLUGS.,,,BAFFLE PLUGS,REMOVED & REPLACED,
105401,#3 INTAKE LEAKING.,OK,#3,INTAKE,LEAKING,,REMOVED & REPLACED GASKET.,,,GASKET,REMOVED & REPLACED,
105402,BOTH ENGINES #2 INTAKES ARE LEAKING.,OK,BOTH ENGINES #2,INTAKES,LEAKING,,REPLACED L/H INTAKE GASKET.,,,INTAKE GASKET,REPLACED,
105403,BOTH ENGINES #2 INTAKES ARE LEAKING.,OK,BOTH ENGINES #2,INTAKES,LEAKING,,REMOVED & REPLACED R/H GASKET.,,,GASKET,REMOVED & REPLACED,
105404,BAFFLE SEAL ON #1 CYLINDER NEEDS TO BE SECURED.,OK,#1 CYLINDER,BAFFLE SEAL,NEED PROBLEM,,SECURED BAFFLE SEAL.,,,BAFFLE SEAL,SECURED,
105405,#3 ROCKER COVER GASKET LEAKS.,OK,#3,ROCKER COVER GASKET,LEAKS,,REMOVED & REPLACED GASKET.,,,GASKET,REMOVED & REPLACED,
105406,#2 ROCKER COVER LEAKING.,OK,#2,ROCKER COVER,LEAKING,,REPLACED GASKET.,,,GASKET,REPLACED,
105407,#2 & 4 INTAKE GASKETS ARE LEAKING.,OK,#2 & 4,INTAKE GASKETS,LEAKING,,REPLACED GASKETS.,,,GASKETS,REPLACED,
105408,"R/H ENGINE INTAKES 2, 3, 4 GASKETS LEAKING.",OK,"R/H ENGINE 2, 3, 4",INTAKE GASKETS,LEAKING,,REMOVED & REPLACED WITH NEW GASKETS.,,NEW,GASKETS,REMOVED & REPLACED,
105409,L/H BOTTOM OF OIL COOLER NEEDS TO BE SEALED UP.,OK,L/H BOTTOM,OIL COOLER,NEED PROBLEM,,SEALED BOTTOM L/H OIL COOLER GAP WITH SILICONE.,,SILICONE,OIL COOLER GAP,SEALED,
105410,"INTAKE 2, 3 & 4 LEAKING ON L/H ENGINE.",OK,"2 , 3 & 4 ON L/H ENGINE",INTAKE,LEAKING,,REMOVED & REPLACED GASKETS.,,,GASKETS,REMOVED & REPLACED,
105411,"R/H ENGINE CYLINDER #1, 3, 4 INTAKE GASKETS ARE LEAKING.",OK,"R/H ENGINE CYLINDER #1, 3, 4",INTAKE GASKETS,LEAKING,,REMOVED & REPLACED GASKETS.,,,GASKETS,REMOVED & REPLACED,
105412,ALL 4 ROCKER COVERS LEAKING.,OK,ALL 4,ROCKER COVERS,LEAKING,,REPLACED GASKETS.,,,GASKETS,REPLACED,
105413,OIL ON CRANKSHAFT PLUG.,OK,CRANKSHAFT PLUG,OIL,,,CLEANED & SEALED PLUG.,,,PLUG,CLEANED & SEALED,
105414,OIL ON CRANKSHAFT PLUG.,OK,CRANKSHAFT PLUG,OIL,,,LEAK CHECK GOOD. REINSTALLED SPINNER.,,,"LEAK, SPINNER","CHECK, REINSTALLED",
105415,"#1, 2, 4 INTAKE GASKETS LEAKING.",OK,"#1, 2, 4",INTAKE GASKETS,LEAKING,,REMOVED & REPLACED GASKETS.,,,GASKETS,REMOVED & REPLACED,
105416,CRANKSHAFT SEAL SHOWS SIGNS OF LEAKING.,OK,,CRANKSHAFT SEAL,LEAKING,,"REMOVED PROP, RING GEAR. REMOVED OLD CRANKSHAFT SEAL, C",,OLD,"PROP,RING GEAR,CRANKSHAFT SEAL","REMOVED,REMOVED,REMOVED",
105417,CRANKSHAFT SEAL SHOWS SIGNS OF LEAKING.,OK,,CRANKSHAFT SEAL,LEAKING,,"INSTALLED RING GEAR & PROP, TORQUED TO SPECS & SAFETIED",,,"RING GEAR, PROP",INSTALLED & TORQUED & SAFETIED,
105418,#3 BAFFLE BRACKET IS CRACKED.,OK,#3,BAFFLE BRACKET,CRACKED,,FABRICATED & INSTALLED NEW BRACKET.,,NEW,BRACKET,FABRICATED & INSTALLED,
105419,BAFFLE IS CRACKED AT LOWER O/B OIL COOLER BOLT.,OK,LOWER O/B OIL COOLER BOLT,BAFFLE,CRACKED,,STOP DRILLED CRACK.,,,DRILLED CRACK,STOP,
105420,ALL 4 ROCKER COVER GASKETS NEED TO BE REPLACED.,OK,ALL 4,ROCKER COVER GASKETS,NEED PROBLEM,,REPLACED GASKETS.,,REPLACED,GASKETS,REPLACED,
105421,EXPERIENCED SEVERE ENGINE ROUGHNESS WHILE ON LONG FINAL.,OK,ENGINE,,ROUGHNESS,,"REAMED EXHAUST VALVE GUIDES 1, 2, & 4 CYLS.",,,EXHAUST VALVE GUIDES,REAMED,
105422,EXPERIENCED SEVERE ENGINE ROUGHNESS WHILE ON LONG FINAL.,OK,ENGINE,,ROUGHNESS,,"PERFORMED GROUND RUN, OPS & LEAK CHECK GOOD.",,,OPS & LEAK,"GROUND RUN , CHECK",
105423,EXPERIENCED SEVERE ENGINE ROUGHNESS WHILE ON LONG FINAL.,OK,ENGINE,,ROUGHNESS,,"FOUND STUCK EXHAUST VALVE, #3 CYLINDER & BENT BUSH ROD. REMO",,,"EXHAUST VALVE, BUSH ROD","FOUND , REMO","STUCK EXHAUST VALVE, #3 CYLINDER & BENT BUSH ROD."
105424,#2 INTAKE LEAKING.,OK,#2,INTAKE,LEAKING,,REPLACED GASKET.,,,GASKET,REPLACED,
105425,#2 ROCKER COVER LEAKING.,OK,#2,ROCKER COVER,LEAKING,,REMOVED & REPLACED GASKET.,,,GASKET,REMOVED & REPLACED,
105426,#3 INTAKE LEAKING.,OK,#3,INTAKE,LEAKING,,REPLACED GASKET.,,,GASKET,REPLACED,
105427,#2 & 4 INTAKE LEAKING.,OK,#2 & 4,INTAKE,LEAKING,,REMOVED & REPLACED GASKETS.,,,GASKETS,REMOVED & REPLACED,
105428,#2 INTAKE GASKET LEAKING.,OK,#2,INTAKE GASKET,LEAKING,,REPLACED INTAKE GASKET.,,,INTAKE GASKET,REPLACED,
105429,#3 INTAKE LEAKING ON R/H ENGINE.,OK,#3 ON R/H ENGINE,INTAKE,LEAKING,,REPLACED GASKET.,,,GASKET,REPLACED,
105430,"IDLES EXTREMELY ROUGH, AROUND 400 RPM.",OK,,IDEL,ROUGH,,"PERFORMED GROUND RUN, MADE SEASONAL ADJUSTMENT TO IDLE",,,IDLE,"GROUND RUN , ADJUSTMENT",
105431,#3 ROCKER COVER GASKET LEAKS.,OK,#3,ROCKER COVER GASKET,LEAKS,,REMOVED & REPLACED GASKET.,,,GASKET,REMOVED & REPLACED,
105432,LOOSE POP RIVET #3 CYLINDER BRACKET.,OK,#3 CYLINDER,BRACKET POP RIVET,LOOSE,,REMOVED & REPLACED POP RIVET.,,,POP RIVET,REMOVED & REPLACED,
105433,"FERROUS CHIP ABOUT 1/8"" LONG, FOUND IN SUCTION SCREEN.",OK,SUCTION SCREEN,FERROUS CHIP,FOUND,,CHIP SENT TO LYCOMING FOR ANAYLSIS.,,,CHIP,SENT,
105434,PROP RIVETS LOOSE ON R/H FORWARD SIDE OF ENGINE BAFFLE.,OK,R/H FORWARD SIDE OF ENGINE,BAFFLE PROP RIVETS,LOOSE,,REMOVED & REPLACED LOOSE RIVETS WITH SCREWS ON R/H FORWARD EN,,SCREWS,"RIVETS, SCREWS",REMOVED & REPLACED,
105435,"FERROUS CHIP ABOUT 1/8"" LONG, FOUND IN SUCTION SCREEN.",OK,SUCTION SCREEN,FERROUS CHIP,FOUND,,OIL CHANGE IN 10 HRS. INSTRUCTED FROM LYCOMING DUE @ 22,,,OIL,CHANGE,
105436,"GROUNDING STRAP ON ENGINE, LOOSE BOLT.",OK,ENGINE,GROUNDING STRAP BOLT,LOOSE,,TIGHTENED BOLT.,,,BOLT,TIGHTENED,
105437,"LOWER FORWARD BLACK SEAL, ABOVE ENGINE FILTER, WORN SPOTS.",OK,"LOWER FORWARD, ABOVE ENGINE FILTER",BLACK SEAL,WORN,,INSTALLED BLACK RTV IN WORN AREAS.,,,RTV,INSTALLED,
105438,#2 INTAKE GASKET LEAKS ON L/H ENGINE.,OK,#2 ON L/H ENGINE,INTAKE GASKET,LEAKS,,REMOVED & REPLACED GASKET.,,,GASKET,REMOVED & REPLACED,
105439,INTAKES #2 & 4 LEAKING ON R/H ENGINE.,OK,#2 & 4 ON R/H ENGINE,INTAKES,LEAKING,,REMOVED & REPLACED GASKETS.,,,GASKETS,REMOVED & REPLACED,
105440,2 PHENOLIC SPACERS BROKEN ON THROTTLE CONTROL QUADRANT.,OK,2,PHENOLIC SPACERS,BROKEN,,REMOVED & REPLACED SPACERS.,,,SPACERS,REMOVED & REPLACED,
105441,#1 CYLINDER ON R/H ENGINE SUSPECT CRACKED.,OK,#1 CYLINDER ON R/H ENGINE,,CRACKED,,"REMOVED BAFFLE, MUFFLER, OIL RETURN LINE, CYLINDER & PISTON.",,,"BAFFLE, MUFFLER, OIL RETURN LINE, CYLINDER & PISTON",REMOVED,
105442,#1 CYLINDER ON R/H ENGINE SUSPECT CRACKED.,OK,#1 CYLINDER ON R/H ENGINE,,CRACKED,,"INSTALLED NEW CYLINDER ASSY. TORQUED TO CASE, DRY TAPPET CLE",,NEW,CYLINDER ASSY,INSTALLED & TORQUED & DRY,
105443,#1 CYLINDER ROCKER COVER GASKET LEAKS.,OK,#1 CYLINDER,ROCKER COVER GASKET,LEAKS,,REMOVED & REPLACD GASKET.,,,GASKET,REMOVED & REPLACD,
105444,#2 INTAKE LEAKING ON L/H ENGINE.,OK,#2 ON L/H ENGINE,INTAKE,LEAKING,,REMOVED & REPLACED INTAKE GASKET.,,,INTAKE GASKET,REMOVED & REPLACED,
105445,ALL SPARK PLUGS WORN.,OK,ALL,SPARK PLUGS,WORN,,REPLACED PLUGS.,,,PLUGS,REPLACED,
105446,"ENGINE RPM DROPPED 200-300 RPM SUDDENLY, ACCOMPANIED BY STRO",OK,ENGINE,RPM,DROP,,FOR MX FLIGHT.,,,,,
105447,"ENGINE RPM DROPPED 200-300 RPM SUDDENLY, ACCOMPANIED BY STRO",OK,ENGINE,RPM,DROP,,"COMPLETED , OPS & LEAK CHECK GOOD.",,,OPS & LEAK,"COMPLETED, CHECK",
105448,"ENGINE RPM DROPPED 200-300 RPM SUDDENLY, ACCOMPANIED BY STRO",OK,ENGINE,RPM,DROP,,"REMOVED SIDE BAFFLES, BEGAN PERFORMING LYCOMING",,,SIDE BAFFLES,REMOVED,
105449,#2 SIDE BAFFLE SEAL LOOSE.,OK,#2 SIDE,BAFFLE SEAL,LOOSE,,SECURED BAFFLE SEAL WITH POP RIVETS.,,,BAFFLE SEAL,SECURED,
105450,#1 INTAKE LEAKING.,OK,#1,INTAKE,LEAKING,,REMOVED & REPLACED GASKET.,,,GASKET,REMOVED & REPLACED,
105451,L/H ENGINE #4 INTAKE GASKET LEAKS.,OK,L/H ENGINE #4,INTAKE GASKET,LEAKS,,REMOVED & REPLACED GASKET.,,,GASKET,REMOVED & REPLACED,
105452,L/H ENGINE #4 ROCKER COVER GASKET LEAKS.,OK,L/H ENGINE #4,ROCKER COVER GASKET,LEAKS,,REMOVED & REPLACED GASKET.,,,GASKET,REMOVED & REPLACED,
105453,"R/H ENGINE #2, 4 INTAKE GASKET LEAKING.",OK,"R/H ENGINE #2, 4",INTAKE GASKET,LEAKING,,REMOVED & REPLACED GASKETS.,,,GASKETS,REMOVED & REPLACED,
105454,L/H ENGINE #3 INTAKE GASKET LEAKING.,OK,L/H ENGINE #3,INTAKE GASKET,LEAKING,,REMOVED & REPLACED GASKET.,,,GASKET,REMOVED & REPLACED,
105455,"R/H ENGINE #3, 4 INTAKE GASKETS LEAKING.",OK,"R/H ENGINE #3, 4",INTAKE GASKETS,LEAKING,,REMOVED & REPLACED GASKETS.,,,GASKETS,REMOVED & REPLACED,
105456,#4 INTAKE GASKET LEAKS.,OK,#4,INTAKE GASKET,LEAKS,,REMOVED & REPLACED GASKET.,,,GASKET,REMOVED & REPLACED,
105457,BAFFLE CRACKED BY #2 CYLINDER ON R/H ENGINE.,OK,#2 CYLINDER ON R/H ENGINE,BAFFLE,CRACKED,,STOP DRILLED CRACK.,,,DRILLED CRACK,STOP,
105458,"#2, 3, 4 INTAKE GASKETS LEAKING ON L/H ENGINE.",OK,"#2, 3, 4 ON L/H ENGINE",INTAKE GASKETS,LEAKING,,REMOVED & REPLACED WITH NEW GASKETS.,,NEW,GASKETS,REMOVED & REPLACED,
105459,WORN SPOTS ON BLK SEAL IN LOWER FRONT BAFFLING.,OK,LOWER FRONT BAFFLING,BLK SEAL,WORN,,INSTALLED RTV TO SPOTS.,,,SPOTS,INSTALLED,
105460,#2 INTAKE GASKET IS LEAKING.,OK,#2,INTAKE GASKET,LEAKING,,REPLACED GASKET.,,,GASKET,REPLACED,
105461,#3 CYLINDER FAILED COMPRESSION.,OK,#3 CYLINDER,,COMPRESSION,,OPS & LEAK CHECK GOOD.,,,OPS & LEAK,CHECK,
105462,BOTH BAFFLE PLUGS DAMAGED.,OK,BOTH,BAFFLE PLUGS,DAMAGED,,REMOVED & REPLACED BAFFLE PLUGS.,,,BAFFLE PLUGS,REMOVED & REPLACED,
105463,#3 CYLINDER FAILED COMPRESSION.,OK,#3 CYLINDER,,COMPRESSION,,"REMOVED BAFFLING, WIRES & EXHAUST FOR ACCESS. REMOVED &",,,"BAFFLING, WIRES, EXHAUST",REMOVED,
105464,#3 CYLINDER FAILED COMPRESSION.,OK,#3 CYLINDER,,COMPRESSION,,"REINSTALLED BAFFLE, WIRES, MUFFLER & LINES. COMPLETED R",,,"BAFFLE, WIRES, MUFFLER, LINES",REINSTALLED,
105465,CYLINDER #4 ROCKER COVER GASKET REQUIRES REPLACEMENT.,OK,CYLINDER #4,ROCKER COVER GASKET,REQUIRE PROBLEM,,REMOVED & REPLACED GASKET WITH NEW.,,NEW,GASKET,REMOVED & REPLACED,
105466,L/H ENGINE #4 ROCKER GASKET LEAKING.,OK,L/H ENGINE #4,ROCKER GASKET,LEAKING,,REMOVED & REPLACED ROCKER COVER.,,,ROCKER COVER,REMOVED & REPLACED,
105467,#3 CYLINDER INTAKE GASKET LEAKING ON L/H ENGINE.,OK,#3 CYLINDER ON L/H ENGINE,INTAKE GASKET,LEAKING,,REMOVED & REPLACED GASKET.,,,GASKET,REMOVED & REPLACED,
105468,CLICKING NOISE NOTICED DURING INITIAL CLIMB & THROUGHOUT RES,OK,,,NOISE,,"INSPECTED ENGINE & CABIN AREA, NO DEFECTS NOTED.",,,"ENGINE, CABIN AREA",INSPECTED,
105469,PROP OVERSPEED; RPM ABOUT 2850 WITH PROP CONT AT HIGH RPM IN L,OK,,PROP,OVERSPEED,,BEGAN INSP IAW LYCOMING ; ALL COMPRESSIONS 74 +,,,COMPRESSIONS,BEGAN INSP,
105470,PROP OVERSPEED; RPM ABOUT 2850 WITH PROP CONT AT HIGH RPM IN L,OK,,PROP,OVERSPEED,,COMPLETED INSP IAW LYCOMING . GOVERNOR WAS FOUND,,,GOVERNOR,COMPLETED INSP,
105471,PROP OVERSPEED; RPM ABOUT 2850 WITH PROP CONT AT HIGH RPM IN L,OK,,PROP,OVERSPEED,,REINSTALLED OVERHAULED PROP GOVERNOR,,OVERHAULED,PROP GOVERNOR,REINSTALLED,
105472,BAFFLE PLUG MISSING.,OK,,BAFFLE PLUG,MISSING,,INSTALLED PLUG.,,,PLUG,INSTALLED,
105473,CENTER COWLING INLET TUBE NEEDS REPLACEMENT.,OK,CENTER COWLING,INLET TUBE,NEED PROBLEM,,AFTER FURTHER INSP; NO DEFECTS NOTED.,,,,,
105474,#2 ROCKER COVER GASKET LEAKING.,OK,#2,ROCKER COVER GASKET,LEAKING,,REMOVED & REPLACED GASKET.,,,GASKET,REMOVED & REPLACED,
105475,FOREIGN OBJECT DAMAGE ON TOP OF ENGINE,OK,TOP OF ENGINE,FOREIGN OBJECT,DAMAGE,,REMOVED FOREIGN OBJECT DAMAGE,,,FOREIGN OBJECT DAMAGE,REMOVED,
105476,ENGINE QUIT.,OK,ENGINE,,QUIT,,RAN UP A/C. ENGINE STARTED USING NORMAL PROCEDURES. PER,,,"A/C, ENGINE",RAN & STARTED,
105477,BOTH BAFFLE PLUGS DAMAGED.,OK,BOTH,BAFFLE PLUGS,DAMAGED,,REMOVED & REPLACED BAFFLE PLUGS.,,,BAFFLE PLUGS,REMOVED & REPLACED,
105478,A/C ENGINE WOULD SHUT DOWN WHEN LEANING MIXTURE ON THE GROUN,OK,ENGINE,,SHUT DOWN,,"PERFORMED GROUND RUN, VERIFIED WITH ENGINE @ 40*F CHT & O",,,ENGINE,GROUND RUN & VERIFIED,
105479,#2 CYLINDER INTAKE LEAKING.,OK,#2 CYLINDER,INTAKE,LEAKING,,REMOVED & REPLACED GASKET.,,,GASKET,REMOVED & REPLACED,
105480,#1 & 3 INTAKES LEAKING.,OK,#1 & 3,INTAKES,LEAKING,,REMOVED & REPLACED GASKETS.,,,GASKETS,REMOVED & REPLACED,
105481,R/H REAR ENGINE BAFFLE MOUNTING SCREW MISSING.,OK,R/H REAR ENGINE,BAFFLE MOUNTING SCREW,MISSING,,REINSTALLED REAR BAFFLE SCREW.,,,BAFFLE SCREW,REINSTALLED,
105482,"ROUGH OPERATION AFTER START UP, ENGINE WANTS TO DIE AT 1000",OK,ENGINE,,ROUGH & WANTS TO DIE,,"PERFORMED GROUND RUN, OPS CHECK GOOD.",,,OPS,"GROUND RUN , CHECK",
105483,#2 CYLINDER HAS LOW COMPRESSION.,OK,#2 CYLINDER,,COMPRESSION,,REMOVED BAFFLING & COMPONENTS FROM #2 CYL. REMOVED CYLINDER,,,"BAFFLING, COMPONENTS, CYLINDER",REMOVED,
105484,#2 CYLINDER HAS LOW COMPRESSION.,OK,#2 CYLINDER,,COMPRESSION,,"INSTALLED INNER COOLING BAFFLE ON CYLINDER #1, 3. INSTALLED",,,INNER COOLING BAFFLE,INSTALLED,
105485,#2 CYLINDER HAS LOW COMPRESSION.,OK,#2 CYLINDER,,COMPRESSION,,"INSTALLED & TORQUED INJECTOR & LINE, EXHAUST STACK & IN",,,"INJECTOR & LINE, EXHAUST STACK",INSTALLED & TORQUED,
105486,#2 CYLINDER HAS LOW COMPRESSION.,OK,#2 CYLINDER,,COMPRESSION,,"INSTALLED #1 CYLINDER SIDE BAFFLE, #2 CYLINDER FORWARD & SIDE BAFFLES",,,"CYLINDER SIDE BAFFLE, CYLINDER FORWARD & SIDE BAFFLES",INSTALLED,
105487,#1 ROCKER COVER IS LEAKING.,OK,#1,ROCKER COVER,LEAKING,,REMOVED & REPLACED GASKET.,,,GASKET,REMOVED & REPLACED,
105488,#1 & 4 INTAKE GASKETS LEAKING.,OK,#1 & 4,INTAKE GASKETS,LEAKING,,REMOVED & REPLACED GASKETS.,,,GASKETS,REMOVED & REPLACED,
105489,"R/H AFT I/B BAFFLE SCREW MISSING, BY DIPSTICK.",OK,R/H AFT,I/B BAFFLE SCREW,MISSING,,REMOVED OIL COOLER FROM ENGINE BAFFLE. INSTALLED SCREW.,,,"OIL COOLER, SCREW","REMOVED, INSTALLED",
105490,#3 ROCKER COVER LEAKS.,OK,#3,ROCKER COVER,LEAKS,,INSTALLED GASKET.,,,GASKET,INSTALLED,
105491,#3 CYLINDER HAS LOW COMPRESSION (40/80).,OK,#3 CYLINDER,,COMPRESSION,,LEAK & RUN UP CHECK GOOD.,,,LEAK,CHECK,
105492,#3 CYLINDER HAS LOW COMPRESSION (40/80).,OK,#3 CYLINDER,,COMPRESSION,,STARTED REMOVING BAFFLING.,,,BAFFLING,REMOVING,
105493,#3 CYLINDER HAS LOW COMPRESSION (40/80).,OK,#3 CYLINDER,,COMPRESSION,,INSTALLED CYLINDER BAFFLES & ALL NECESSARY PARTS. C/W AD E 2,,,"CYLINDER BAFFLES, PARTS",INSTALLED,
105494,#3 CYLINDER HAS LOW COMPRESSION (40/80).,OK,#3 CYLINDER,,COMPRESSION,,"REMOVED CYL, FITTED NEW INTAKE VALVE, LAPPED BOTH VALVE",,NEW,"CYLINDER, INTAKE VALVE, VALVE","REMOVED, FITTED, LAPPED",
105495,BOTH BAFFLE PLUGS DAMAGED.,OK,BOTH,BAFFLE PLUGS,DAMAGED,,REMOVED & REPLACED BAFFLE PLUGS.,,,BAFFLE PLUGS,REMOVED & REPLACED,
105496,"BAFFLE SCREW, BEHIND DIPSTICK, LOOSE.",OK,BEHIND DIPSTICK,BAFFLE SCREW,LOOSE,,TIGHTENED SCREW.,,,SCREW,TIGHTENED,
105497,EXPERIENCED MOMENTARY LOSS OF POWER.,OK,,,POWER PROBLEM,,"PERFORMED MAINT HISTORY, INSPECTED FUEL SERVO. TEST RAN",,,"MAINT HISTORY, FUEL SERVO","PERFORMED, INSPECTED, TEST RAN",
105498,ALL INTAKE GASKETS NEED TO BE REPLACED.,OK,ALL,INTAKE GASKETS,NEED PROBLEM,,REMOVED & REPLACED ALL INTAKE GASKETS & SEALS.,,,INTAKE GASKETS & SEALS,REMOVED & REPLACED,
105499,#1 & 2 CYLINDER INTAKE GASKETS LEAK.,OK,#1 & 2 CYLINDER,INTAKE GASKETS,LEAK,,REMOVED & REPLACED GASKETS.,,,GASKETS,REMOVED & REPLACED,
105500,BAFFLE SEAL ABOVE CYLINDERS 1 & 4 LOOSE.,OK,ABOVE CYLINDERS 1 & 4,BAFFLE SEAL,LOOSE,,RESECURED BAFFLE SEALS.,,,BAFFLE SEALS,RESECURED,
105501,R/H ENGINE BAFFLE PLUG DAMAGED.,OK,R/H ENGINE,BAFFLE PLUG,DAMAGED,,"REPAIRED BAFFLE IAW SRM, REPLACED BAFFLE PLUGS.",,,"BAFFLE, BAFFLE PLUGS","REPAIRED, REPLACED",
105502,R/H ENGINE CYLINDER #3 IS CRACKED.,OK,R/H ENGINE CYLINDER #3,,CRACKED,,COMPLETED INSTALLATION. OPS & LEAK CHECK GOOD.,,,"INSTALLATION, OPS & LEAK","COMPLETED, CHECK",
105503,R/H ENGINE CYLINDER #3 IS CRACKED.,OK,R/H ENGINE CYLINDER #3,,CRACKED,,REMOVED & REPLACED CYLINDER WITH REBUILT ASSY. TORQUED ALL BAS,,REBUILT ASSY,"CYLINDER, BAS","REMOVED & REPLACED, TORQUED",
105504,#3 INTAKE LEAKING.,OK,#3,INTAKE,LEAKING,,REMOVED & REPLACED GASKET.,,,GASKET,REMOVED & REPLACED,
105505,#2 INTAKE GASKET LEAKS.,OK,#2,INTAKE GASKET,LEAKS,,REPLACED WITH NEW GASKET.,,NEW,GASKET,REPLACED,
105506,"WHEN UNDER POWER, DURING CLIMB & WHILE CRUISING, ENGINE WAS",DIFFICULT,,,,,"RAN A/C, COULD NOT DUPLICATE DISCREP. ALL SYSTEMS W/IN",,,A/C,RAN,
105507,HARDWARE MISSING FROM #2 CYLINDER BAFFLE.,OK,#2 CYLINDER,BAFFLE HARDWARE,MISSING,,INSTALLED NEW HARDWARE.,,NEW,HARDWARE,INSTALLED,
105508,"#2, 3 ROCKER COVER GASKETS LEAK.",OK,"#2, 3",ROCKER COVER GASKETS,LEAK,,REMOVED & REPLACED GASKETS.,,,GASKETS,REMOVED & REPLACED,
105509,L/H BAFFLE PLUG HOLE IS WALLARD OUT.,OK,L/H,BAFFLE PLUG HOLE,WALLARD,,INSTALLED DOUBLER ON L/H BAFFLE PLUG HOLE.,,,DOUBLER,INSTALLED,
105510,#4 INTAKE GASKET IS LEAKING.,OK,#4,INTAKE GASKET,LEAKING,,REPLACED GASKET.,,,GASKET,REPLACED,
105511,ALL INTAKE TUBE GASKETS LEAKING.,OK,ALL,INTAKE TUBE GASKETS,LEAKING,,"REMOVED ALL INTAKE GASKETS, REPLACED WITH NEW.",,NEW,INTAKE GASKETS,"REMOVED, REPLACED",
105512,RIVETS PULLED THRU AT AFT BAFFLE CENTER.,OK,AFT BAFFLE CENTER,BAFFLE RIVETS,PULLED THRU,,DRILLED OUT RIVETS & REPLACED WITH SCREWS & LOCK NUTS.,,,"RIVETS, SCREWS & LOCK NUTS",DRILLED OUT & REPLACED,
105513,INTAKES 3 & 4 LEAKING ON L/H ENGINE.,OK,3 & 4 ON L/H ENGINE,INTAKES,LEAKING,,REMOVED & REPLACED GASKETS.,,,GASKETS,REMOVED & REPLACED,
105514,L/H ENGINE #E CYLINDER BAFFLING CRACKED.,OK,L/H ENGINE #E CYLINDER,BAFFLING,CRACKED,,STOP DRILLED CRACK.,,,DRILLED CRACK,STOP,
105515,#2 INTAKE LEAKING ON L/H ENGINE.,OK,#2 ON L/H ENGINE,INTAKE,LEAKING,,REMOVED & REPLACED WITH NEW GASKET.,,NEW,GASKET,REMOVED & REPLACED,
105516,#2 INTAKE ON R/H ENGINE LEAKING.,OK,#2 ON R/H ENGINE,INTAKE,LEAKING,,REMOVED & REPLACED WITH NEW GASKET.,,NEW,GASKET,REMOVED & REPLACED,
105517,SMALL CRACK ON L/H LOWER FORWARD SIDE OF FORWARD BAFFLE.,OK,L/H LOWER FORWARD SIDE OF FORWARD,BAFFLE,CRACK,,STOP DRILLED END OF CRACK.,,,DRILLED END,STOP,
105518,#3 INTAKE ON R/H ENGINE LEAKING.,OK,#3 ON R/H ENGINE,INTAKE,LEAKING,,REMOVED & REPLACED GASKET,,,GASKET,REMOVED & REPLACED,
105519,"INTAKES 2, 3 & 4 LEAKING ON L/H ENGINE.",OK,"2, 3 & 4 ON L/H ENGINE",INTAKES,LEAKING,,REMOVED & REPLACED GASKETS.,,,GASKETS,REMOVED & REPLACED,
105520,GROUNDING STRAP BOLT LOOSE ON ENGINE.,OK,ENGINE,GROUNDING STRAP BOLT,LOOSE,,TIGHTENED BOLT.,,,BOLT,TIGHTENED,
105521,#4 INTAKE GASKET LEAKS.,OK,#4,INTAKE GASKET,LEAKS,,REMOVED & REPLACED GASKET.,,,GASKET,REMOVED & REPLACED,
105522,HARDWARE MISSING FROM AFT R/H BAFFLE.,OK,AFT R/H,BAFFLE HARDWARE,MISSING,,INSTALLED NEW HARDWARE.,,NEW,HARDWARE,INSTALLED,
105523,1 BAFFLE PLUG DAMAGED.,OK,1,BAFFLE PLUG,DAMAGED,,REMOVED & REPLACED BAFFLE PLUG.,,,BAFFLE PLUG,REMOVED & REPLACED,
105524,L/H #2 & 4 INTAKE TUBE GASKETS LEAKING.,OK,L/H #2 & 4,INTAKE TUBE GASKETS,LEAKING,,INSTALLED NEW GASKETS.,,NEW,GASKETS,INSTALLED,
105525,R/H ENGINE LEFT AFT BAFFLE SEAL IS LOOSE.,OK,R/H ENGINE LEFT AFT,BAFFLE SEAL,LOOSE,,RESECURED BAFFLE SEAL.,,,BAFFLE SEAL,RESECURED,
105526,R/H ENGINE STILL HAS PRESERVATIVE OIL ON CYLINDER #3 INTAKE PIPES,DIFFICULT,,,,,"CLEANED ENGINE. RAN UP A/C, NO DEFECTS NOTED.",,,"ENGINE, A/C","CLEANED, RAN",
105527,R/H ENGINE #2 INTAKE GASKET LEAKING.,OK,R/H ENGINE #2,INTAKE GASKET,LEAKING,,REPLACED GASKET.,,,GASKET,REPLACED,
105528,"1, 2, 4 CYLINDER ROCKER COVERS LEAKING.",OK,"1, 2, 4 CYLINDER",ROCKER COVER,LEAKING,,REMOVED ROCKER COVERS & CLEANED OLD GASKET OFF. REPLACE,,,"ROCKER COVER, GASKET","REMOVED, CLEANED, REPLACE",
105529,HARDWARE MISSING FROM #3 BAFFLE.,OK,#3,BAFFLE HARDWARE,MISSING,,INSTALLED NEW HARDWARE.,,NEW,HARDWARE,INSTALLED,
105530,#1 & 3 ROCKER COVERS LEAKING.,OK,#1 & 3,ROCKER COVERS,LEAKING,,REMOVED & REPLACED GASKETS.,,,GASKETS,REMOVED & REPLACED,
105531,L/H ENGINE #4 INTAKE LEAKS.,OK,L/H ENGINE #4,INTAKE,LEAKS,,PREVIOUSLY C/W ON PD #12.,,,PD,,
105532,L/H ENGINE #2 & 4 INTAKE GASKETS LEAKING.,OK,L/H ENGINE #2 & 4,INTAKE GASKETS,LEAKING,,REPLACED GASKETS.,,,GASKETS,REPLACED,
105533,R/H ENGINE #2 & 4 INTAKE GASKETS LEAKING.,OK,R/H ENGINE #2 & 4,INTAKE GASKETS,LEAKING,,REMOVED & REPLACED WITH NEW GASKETS.,,NEW,GASKETS,REMOVED & REPLACED,
105534,ENGINE LEAKING FROM LIFTING EYE.,OK,ENGINE,LIFTING EYE,LEAKING,,LEAK CHECK GOOD.,,,LEAK,CHECK,
105535,#2 CYLINDER BAFFLE NEEDS BARREL NUT.,OK,#2 CYLINDER,BAFFLE,NEED PROBLEM,,INSTALLED NEW BARREL NUT & SCREW.,,NEW,BARREL NUT & SCREW,INSTALLED,
105536,ENGINE LEAKING FROM LIFTING EYE.,OK,ENGINE,LIFTING EYE,LEAKING,,"CLEANED ENGINE, SEALED LIFTING EYE BOLT.",,,"ENGINE,LIFTING EYE BOLT","CLEANED,SEALED",
105537,ROUGH CHOPPING NOISE COMING FROM ENGINE ON APPLICATION OF FU,OK,ENGINE,,NOISE,,RAN A/C & CONFIRMED DISCREP. REMOVED COWLING & INSPECTE,,,"A/C, COWLING","RAN & CONFIRMED, REMOVED & INSPECTED",
105538,ROUGH CHOPPING NOISE COMING FROM ENGINE ON APPLICATION OF FU,OK,ENGINE,,NOISE,,"MEASURED RING GAPS & INSTALLED, TORQUED CYLINDER HOLD DOWNS.",,,"RING GAPS, CYLINDER HOLD DOWNS","MEASURED & INSTALLED, TORQUED",
105539,ROUGH CHOPPING NOISE COMING FROM ENGINE ON APPLICATION OF FU,OK,ENGINE,,NOISE,,REASSEMBLED ATTACHING PARTS TO #2 CYLINDER FORWARD BAFFLING. RAN,,,#2 CYLINDER FORWARD BAFFLING,"REASSEMBLED, RAN",
105540,#4 AFT BAFFLE MISSING SCREW.,OK,#4 AFT,BAFFLE SCREW,MISSING,,REINSTALLED SCREW.,,,SCREW,REINSTALLED,
105541,#2 INTAKE IS LEAKING.,OK,#2,INTAKE,LEAKING,,REMOVED & REPLACED GASKET.,,,GASKET,REMOVED & REPLACED,
105542,ENGINE REQUIRES OVERHAUL.,OK,ENGINE,,REQUIRE PROBLEM,,PREPPED & PAINTED ENGINE.,,,ENGINE,PREPPED & PAINTED,
105543,#3 SIDE BAFFLE TAB RIVETS LOOSE.,OK,#3 SIDE,BAFFLE TAB RIVETS,LOOSE,,REPLACED RIVETS WITH MACHINE SCREWS & LOCK NUTS.,,MACHINE SCREWS & LOCK NUTS,RIVETS,REPLACED,
105544,ENGINE REQUIRES OVERHAUL.,OK,ENGINE,,REQUIRE PROBLEM,,MOUNTED ENGINE & TORQUED. STARTED ENGINE INSTALLATION.,,,"ENGINE, ENGINE","MOUNTED & TORQUED, STARTED INSTALLATION",
105545,ENGINE REQUIRES OVERHAUL.,OK,ENGINE,,REQUIRE PROBLEM,,INSTALLED ACCESSORY CASE & OIL SCREEN HOUSING. INSTALLE,,,"ACCESSORY CASE, OIL SCREEN HOUSING","INSTALLED, INSTALLED",
105546,ENGINE REQUIRES OVERHAUL.,OK,ENGINE,,REQUIRE PROBLEM,,"MEASURED RODS, CASE & CRANK. BEARING CLEARANCE CHECK GOOD,",,,"RODS, CASE, CRANK, BEARING CLEARANCE","MEASURED, CHECK",
105547,ENGINE REQUIRES OVERHAUL.,OK,ENGINE,,REQUIRE PROBLEM,,"RIGGED ENGINE CONTROLS, FINISHED BAFFLING ENGINE, INSTA",,,"ENGINE CONTROLS, BAFFLING ENGINE","RIGGED, FINISHED",
105548,ENGINE REQUIRES OVERHAUL.,OK,ENGINE,,REQUIRE PROBLEM,,"INSTALLED CRANKSHAFT SEAL, ROUTED WIRING, INSTALLED SKA",,,"CRANKSHAFT SEAL, WIRING, SKA","INSTALLED, ROUTED, INSTALLED",
105549,ENGINE REQUIRES OVERHAUL.,OK,ENGINE,,REQUIRE PROBLEM,,"RAN A/C, OPS & LEAK CHECK GOOD. FOR BREAK",,,"A/C , OPS & LEAK","RAN , CHECK",
105550,ENGINE REQUIRES OVERHAUL.,OK,ENGINE,,REQUIRE PROBLEM,,UNMASKED & CLEANED PARTS. INSTALLED NEW CYLINDERS ON EN,,NEW,"PARTS,CYLINDERS","UNMASKED & CLEANED,INSTALLED",
105551,R/H BOTTOM BAFFLE TIE WIRE HOLE ELONGATED.,OK,R/H BOTTOM,BAFFLE TIE WIRE HOLE,ELONGATED,,REPOSITIONED HOLE & INSTALLED NEW WIRE TIE.,,NEW,"HOLE, WIRE TIE",REPOSITIONED & INSTALLED,
105552,SCREW MISSING ON #3 CYLINDER BAFFLING.,OK,#3 CYLINDER,BAFFLING SCREW,MISSING,,INSTALLED SCREW.,,,SCREW,INSTALLED,
105553,"R/H ENGINE SPUTTERING @ 1700 RPM, AS INCREASED THROTTLE RPM",OK,R/H ENGINE,,SPUTTERING,,OPS & LEAK CHECK GOOD.,,,OPS & LEAK,CHECK,
105554,"R/H ENGINE SPUTTERING @ 1700 RPM, AS INCREASED THROTTLE RPM",OK,R/H ENGINE,,SPUTTERING,,"RAN A/C, CONFIRMED DISCREP. REMOVED COWL, R/H ENGINE IN",,,"A/C,COWL,R/H ENGINE","RAN,CONFIRMED,REMOVED",
105555,"R/H ENGINE SPUTTERING @ 1700 RPM, AS INCREASED THROTTLE RPM",OK,R/H ENGINE,,SPUTTERING,,"RAN ENGINE, PROBLEM STILL THERE. REPLACED L/H MAGNETOS ON PD",,NEW,"ENGINE, MAGNETOS","RAN, REPLACED",
105556,"DURING FLIGHT, EXCEEDED PROP SPEED LIMITATIONS (2720 RPM).",OK,,PROP,EXCEEDED,,"INSPECTED IAW LYCOMING , VERIFIED TO BE LESS THA",,,,INSPECTED,
105557,"L/H ENGINE #3, 4 CYLINDER INTAKES LEAKING.",OK,"L/H ENGINE #3, 4 CYLINDER",INTAKES,LEAKING,,REMOVED & REPLACED INTAKE GASKETS.,,,INTAKE GASKETS,REMOVED & REPLACED,
105558,R/H FORWARD BAFFLE SEAL IS LOOSE.,OK,R/H FORWARD,BAFFLE SEAL,LOOSE,,RESECURED SEAL.,,,SEAL,RESECURED,
105559,#2 & 4 INTAKES LEAKING ON R/H ENGINE.,OK,#2 & 4 ON R/H ENGINE,INTAKES,LEAKING,,REMOVED & REPLACED GASKETS.,,,GASKETS,REMOVED & REPLACED,
105560,"2, 3, & 4 INTAKES LEAKING ON L/H ENGINE.",OK,"2, 3, & 4 ON L/H ENGINE",INTAKES,LEAKING,,REMOVED & REPLACED GASKETS.,,,GASKETS,REMOVED & REPLACED,
105561,L/H FORWARD ENGINE BAFFLE WORN & CRACKED.,OK,L/H FORWARD ENGINE,BAFFLE,WORN & CRACKED,,INSTALLED NEW L/H FORWARD ENGINE BAFFLE.,,NEW,BAFFLE,INSTALLED,
105562,"ENGINE OVERSPEED, 2740 RPM.",OK,ENGINE,,OVERSPEED,,INSPECTED AS REQUIRED BY LYCOMING FOR LESS THAN,,,,INSPECTED,
105563,PILOT REPORTED PROP OVERSPEED OF 20 RPM FOR A FEW SECONDS.,OK,,PROP,OVERSPEED,,AS PER ON OVERSPEED CONSIDERED TO BE LESS THAN,,,OVERSPEED,CONSIDERED,
105564,BOTH BOLTS LOOSE FOR GROUNDING STRAP FOR ENG.,OK,BOTH,GROUNDING STRAP BOLTS,LOOSE,,TIGHTENED BOTH BOLTS.,,,BOLTS,TIGHTENED,
105565,#3 INTAKE GASKET LEAKING.,OK,#3,INTAKE GASKET,LEAKING,,REMOVED & REPLACED WITH NEW GASKET.,,NEW,GASKET,REMOVED & REPLACED,
105566,"#1, 2, 3 & 4 INTAKE GASKETS ARE LEAKING.",OK,"#1, 2, 3 & 4",INTAKE GASKETS,LEAKING,,REPLACED GASKETS.,,,GASKETS,REPLACED,
105567,#2 INTAKE GASKET LEAKING.,OK,#2,INTAKE GASKET,LEAKING,,REMOVED & REPLACED GASKE.,,,GASKET,REMOVED & REPLACED,
105568,INTAKES #2 & 4 LEAKING ON L/H ENGINE.,OK,#2 & 4 ON L/H ENGINE,INTAKES,LEAKING,,REPLACED GASKETS.,,,GASKETS,REPLACED,
105569,INTAKE #3 LEAKING ON R/H ENGINE.,OK,#3 ON R/H ENGINE,INTAKE,LEAKING,,REMOVED & REPLACED GASKET.,,,GASKET,REMOVED & REPLACED,
105570,R/H ENGINE #3 & 4 INTAKE GASKETS LEAKING.,OK,R/H ENGINE #3 & 4,INTAKE GASKETS,LEAKING,,REMOVED & REPLACED GASKETS.,,,GASKETS,REMOVED & REPLACED,
105571,L/H ENGINE CYLINDER #2 & 4 INTAKE GASKETS ARE LEAKING.,OK,L/H ENGINE CYLINDER #2 & 4,INTAKE GASKETS,LEAKING,,REMOVED & REPLACED INTAKE GASKETS.,,,INTAKE GASKETS,REMOVED & REPLACED,
105572,"#1, 3 INTAKE GASKETS LEAKING.",OK,"#1, 3",INTAKE GASKETS,LEAKING,,REPLACED INTAKE GASKETS.,,,INTAKE GASKETS,REPLACED,
105573,ROCKER COVER SCREW MISSING ON #3 CYL.,OK,#3 CYL,ROCKER COVER SCREW,MISSING,,INSTALLED NEW SCREW.,,NEW,SCREW,INSTALLED,
105574,INDUCTION ELBOW DRAIN TUBE REQUIRES REPOSITIONING.,OK,,INDUCTION ELBOW DRAIN TUBE,REQUIRE PROBLEM,,REPOSITIONED DRAIN TUBE.,,,DRAIN TUBE,REPOSITIONED,
105575,R/H ENGINE #4 INTAKE GASKET LEAKING.,OK,R/H ENGINE #4,INTAKE GASKET,LEAKING,,REMOVED & REPLACED WITH NEW GASKET.,,NEW,GASKET,REMOVED & REPLACED,
105576,#2 & 3 INTAKES LEAKING ON L/H ENGINE.,OK,#2 & 3 ON L/H ENGINE,INTAKES,LEAKING,,REPLACED GASKETS.,,,GASKETS,REPLACED,
105577,#3 & 4 INTAKES LEAKING ON R/H ENGINE.,OK,#3 & 4 ON R/H ENGINE,INTAKES,LEAKING,,REPLACED GASKETS.,,,GASKETS,REPLACED,
105578,"STARTED ENGINE. ON START ENGINE ROUGHNESS, ENGINE CONTINUED",OK,ENGINE,,ROUGHNESS,,"PERFORMED GROUND RUN, AFTER ENGINE WARMED TO OR NEAR TO",,,ENGINE,GROUND RUN,
105579,#3 CYLINDER EXHAUST GAS TEMPERATURE LOW ON RUN UP WITH ROUGH RUNNING ENGINE AFTER START,OK,#3 CYLINDER,EXHAUST GAS,TEMPERATURE,,"PERFORMED COMPRESSION CK, FOUND #3 CYLINDER LOW. REMOVED CYLINDER",,,"COMPRESSION, CYLINDER","CK , FOUND & REMOVED", #3 CYLINDER LOW
105580,CHECK #1 & 3 OIL DRAIN TUBES; CHAFED BY ANTI-CHAFE.,OK,#1 & 3,OIL DRAIN TUBES,CHAFED,,"REMOVED HARDENED CHAFE WRAP, WEAR W/IN ACCEPTABLE LIMIT",,,CHAFE WRAP,"REMOVED, WEAR",
105581,#2 ROCKER COVER GASKET IS LEAKING.,OK,#2,ROCKER COVER GASKET,LEAKING,,REPLACED GASKET.,,,GASKET,REPLACED,
105582,ALL BOLTS FOR GROUNDING STRAPS FOR ENGINE & FIREWALL TO FRAME L,DIFFICULT,,,,,TIGHTENED ALL BOLTS.,,,BOLTS,TIGHTENED,
105583,#2 CYLINDER FORWARD BAFFLE HAS HOLE IN IT.,OK,#2 CYLINDER FORWARD,BAFFLE,HOLE,,FABRICATED PATCH WITH LIKE MATERIAL & RIVETED IAW,,LIKE MATERIAL,PATCH,FABRICATED & RIVETED,
105584,SCREW MISSING ON #2 ROCKER COVER.,OK,#2,ROCKER COVER SCREW,MISSING,,INSTALLED SCREW.,,,SCREW,INSTALLED,
105585,L/H #4 AFT BAFFLE SEAL LOOSE.,OK,L/H #4 AFT,BAFFLE SEAL,LOOSE,,SECURED WITH LACING CORD.,,,LACING CORD,SECURED,
105586,R/H ENGINE HAS LEAK ALONG BACK BONE.,OK,R/H ENGINE,BACK BONE,LEAK,,RESEALED & TORQUED HOISTING RING BOLT.,,,HOISTING RING BOLT,RESEALED & TORQUED,
105587,L/H CYLINDER #4 INTAKE BOLT BROKE OFF.,OK,L/H CYLINDER #4,INTAKE BOLT,BROKE,,ACCESSED AREA AROUND #4 CYLINDER & REMOVED CYL.,,,CYL,ACCESSED & REMOVED,
105588,L/H #4 INTAKE GASKET IS LEAKING.,OK,L/H #4,INTAKE GASKET,LEAKING,,TRIED REMOVING BROKEN BOLT. BOLT WILL NOT LOOSEN. MUST,,,BOLT,TRIED REMOVING,
105589,L/H CYLINDER #4 INTAKE BOLT BROKE OFF.,OK,L/H CYLINDER #4,INTAKE BOLT,BROKE,,INSTALLED SERVICEABLE CYLINDER & INSTALLED ALL ACCESSORIES.,,SERVICEABLE,"CYLINDER, ACCESSORIES","INSTALLED, INSTALLED",
105590,EVIDENCE OF CARBURETOR FIRE ON L/H CARBURETOR AIRBOX.,OK,L/H,CARBURETOR AIRBOX,FIRE,,INSPECTED AREA OF FIRE IN CARBURETOR AIRBOX. CLEANED & INSPEC,,,CARBURETOR AIRBOX,"INSPECTED, CLEANED",
105591,L/H & R/H ENGINE LOWER COWL SEALS LOOSE.,OK,L/H & R/H ENGINE LOWER COWL,SEALS,LOOSE,,RESECURED ENGINE COWL SEALS.,,,ENGINE COWL SEALS,RESECURED,
105592,SMALL RUST SPOT ON AFT TOP L/H (L/H ENGINE MOUNT).,OK,AFT TOP L/H ENGINE,MOUNT,RUST,,"REMOVED RUST, INSPECTED, NO DEFECTS. PAINTED WITH PRIMER.",,,RUST,"REMOVED, INSPECTED, PAINTED",
105593,RPM 2740 FOR 1-3 SECONDS.,DIFFICULT,,,,,REMOVED SD CARD TO REVIEW DATA. INSPECTED DATA & FOUND,,,"SD CARD, DATA","REMOVED , INSPECTED",
105594,"#2 INTAKE LEAK, L/H ENGINE.",OK,L/H ENGINE #2,INTAKE,LEAK,,REMOVED & REPLACED GASKET WITH NEW.,,NEW,GASKET,REMOVED & REPLACED,
105595,"#3 INTAKE LEAK, R/H ENGINE.",OK,"#3, R/H ENGINE",INTAKE,LEAK,,REMOVED & REPLACED GASKET WITH NEW.,,NEW,GASKET,REMOVED & REPLACED,
105596,"OIL LEAK AT R/H ENGINE BACK BONE, AFT BOLT.",OK,R/H ENGINE BACK BONE AFT,BOLT,LEAK,,SEALED BOLT & TORQUED. LEAK CHECK GOOD.,,,"BOLT, LEAK","SEALED & TORQUED, CHECK",
105597,R/H ENGINE BAFFLE SPRING BROKEN.,OK,R/H ENGINE,BAFFLE SPRING,BROKEN,,REMOVED & REPLACED SPRING.,,,SPRING,REMOVED & REPLACED,
105598,#4 CYLINDER HAS LOW COMPRESSION.,OK,#4 CYLINDER,,COMPRESSION,,RETRIEVED NEW CYLINDER ASSEMBLY FROM INVENTORY.,,NEW,CYLINDER ASSEMBLY,RETRIEVED,
105599,#4 CYLINDER HAS LOW COMPRESSION.,OK,#4 CYLINDER,,COMPRESSION,,"INSTALLED ""MINERAL OIL ONLY"" STICKERS.",,,STICKERS,INSTALLED,
105600,#4 CYLINDER HAS LOW COMPRESSION.,OK,#4 CYLINDER,,COMPRESSION,,FITTED RINGS TO PISTON. INSTALLED PISTON & CYLINDER ASSEMBLY TO,,,"RINGS, PISTON & CYLINDER ASSEMBLY","FITTED, INSTALLED",
105601,#4 CYLINDER HAS LOW COMPRESSION.,OK,#4 CYLINDER,,COMPRESSION,,REMOVED CYLINDER FROM ENG. REMOVED & REPLACED EXHAUST VALVE.,,,"CYLINDER, EXHAUST VALVE","REMOVED, REMOVED & REPLACED",
105602,#4 CYLINDER HAS LOW COMPRESSION.,OK,#4 CYLINDER,,COMPRESSION,,COMPELTED INSTALLATION OF BAFFLING & EXHAUST VALVE. LAS,,,,,
105603,"#3 ENGINE BAFFLE BOLT HOLE, FOR HOLD DOWN, NEEDS NEW RIVETS.",OK,#3 ENGINE,BAFFLE BOLT HOLE RIVETS,NEED PROBLEM,,REMOVED BAD RIVETS & INSTALLED NEW.,,NEW,RIVETS,REMOVED & INSTALLED,
105604,BAFFLE SCREW BEHIND DIPSTICK TUBE LOOSE.,OK,BEHIND DIPSTICK TUBE,BAFFLE SCREW,LOOSE,,TIGHTENED SCREW.,,,SCREW,TIGHTENED,
105605,CLAMP BROKEN ON BATTERY MOUNT.,OK,BATTERY MOUNT,CLAMP,BROKEN,,REMOVED & REPLACED CLAMP.,,,CLAMP,REMOVED & REPLACED,
105606,ENGINE COWL CAM LOCK LOOSE.,OK,ENGINE COWL,CAM LOCK,LOOSE,,RESECURED CAM LOCK.,,,CAM LOCK,RESECURED,
105607,BAFFLE SCREW MISSING ON R/H ENGINE #4 CYL.,OK,R/H ENGINE #4 CYL,BAFFLE SCREW,MISSING,,REPLACED SCREW.,,,SCREW,REPLACED,
105608,"BAFFLE SEALS ON #2, 4 CYLINDERS ON L/H ENGINE NEEDS TO BE SE",OK,"#2, 4 CYLINDERS ON L/H ENGINE",BAFFLE SEALS,NEED PROBLEM,,SECURED BAFFLE SEALS.,,,BAFFLE SEALS,SECURED,
105609,#3 CYLINDER AFT BAFFLE MISSING MOUNT BOLT.,OK,#3 CYLINDER AFT,BAFFLE MOUNT BOLT,MISSING,,INSTALLED NEW MOUNT BOLT.,,NEW,MOUNT BOLT,INSTALLED,
105610,#3 & 4 INTAKES LEAKING.,OK,#3 & 4,INTAKES,LEAKING,,REMOVED & REPLACED GASKETS.,,,GASKETS,REMOVED & REPLACED,
105611,2 & 4 INTAKES LEAKING ON R/H ENGINE.,OK,2 & 4 ON R/H ENGINE,INTAKES,LEAKING,,REPLACED GASKETS.,,,GASKETS,REPLACED,
105612,"L/H ENGINE #2, 3, 4 INTAKE GASKETS LEAKING.",OK,"L/H ENGINE #2, 3, 4",INTAKE GASKETS,LEAKING,,REMOVED & REPLACED WITH NEW GASKETS.,,NEW,GASKETS,REMOVED & REPLACED,
105613,#4 INTAKE GASKET LEAKING.,OK,#4,INTAKE GASKET,LEAKING,,"REPLACED GASKET, LEAK CHECK GOOD.",,,"GASKET, LEAK","REPLACED, CHECK",
105614,R/H ENGINE #3 INTAKE IS LEAKING.,OK,R/H ENGINE #3,INTAKE,LEAKING,,REMOVED & REPLACED GASKET.,,,GASKET,REMOVED & REPLACED,
105615,"#1, 4 INTAKE GASKETS LEAKING.",OK,"#1, 4",INTAKE GASKETS,LEAKING,,REMOVED & REPLACED WITH NEW GASKETS.,,NEW,GASKETS,REMOVED & REPLACED,
105616,R/H ENGINE LOWER FIRESEAL LOOSE.,OK,R/H ENGINE LOWER,FIRESEAL,LOOSE,,REATTACHED LOWER FIRESEAL.,,,LOWER FIRESEAL,REATTACHED,
105617,"ENGINE STARTED NORMALLY, 60 SECS AFTER START, ENGINE BEGAN T",DIFFICULT,,,,,"RAN A/C, OPS GOOD.",,,"A/C , OPS",RAN,
105618,"ENGINE STARTED NORMALLY, 60 SECS AFTER START, ENGINE BEGAN T",DIFFICULT,,,,,REINDEXED MIXTURE LINKAGE.,,,MIXTURE LINKAGE,REINDEXED,
105619,"ENGINE STARTED NORMALLY, 60 SECS AFTER START, ENGINE BEGAN T",DIFFICULT,,,,,"RAN UP A/C, IDLE MIXTURE LINKAGE NEEDS TO BE REINDEXED.",,,IDLE MIXTURE LINKAGE,NEEDS TO BE REINDEXED,
105620,FUEL LEAK FROM DRAIN.,OK,,FUEL DRAIN,LEAK,,RAN A/C & FOUND NO LEAKS NOTED AFTER A/C SITTING OVERNI,,,A/C,RAN,
105621,"#1, 2 ROCKER COVERS LEAKING.",OK,"#1, 2",ROCKER COVERS,LEAKING,,REPLACED GASKETS.,,,GASKETS,REPLACED,
105622,ADEL CLAMP ON AFT R/H PRIMER LINE NEEDS TO BE REPLACED.,OK,AFT R/H PRIMER LINE,ADEL CLAMP,REQUIRE PROBLEM,,REMOVED & REPLACED ADEL CLAMP.,,,ADEL CLAMP,REMOVED & REPLACED,
105623,ZIP TIES NEED TO BE REMOVED FROM ENGINE MOUNTS.,OK,ENGINE MOUNTS,ZIP TIES,NEED PROBLEM,,REMOVED ZIP TIES & RESECURED WIRING & CONTROL CABLES WITH,,,"ZIP TIES,WIRING,CONTROL CABLES",REMOVED & RESECURED,
105624,CHAFE TAPE NEEDED ON #2 BAFFLE.,OK,#2,BAFFLE,NEED PROBLEM,,INSTALLED CHAFE TAPE.,,,CHAFE TAPE,INSTALLED,
105625,"ON RUN UP, ENGINE RUNNING EXTREMELY ROUGH. SEVERAL LOUD SOUN",OK,ENGINE,,ROUGH,,"RAN A/C, COULD NOT DUPLICATE PROBLEM. ALL TEMPS & PRESSURE",,,A/C,RAN,
105626,#4 INTAKE LEAKING.,OK,#4,INTAKE,LEAKING,,REPLACED GASKET.,,,GASKET,REPLACED,
105627,"BAFFLE SEAL IS LOOSE, FORWARD OF #1 CYLINDER.",OK,FORWARD OF #1 CYLINDER,BAFFLE SEAL,LOOSE,,SECURED SEAL WITH POP RIVET.,,,SEAL,SECURED,
105628,R/H FORWARD BAFFLING IS CRACKED.,OK,R/H FORWARD,BAFFLING,CRACKED,,STOP DRILLED CRACK.,,,DRILLED CRACK,STOP,
105629,REMOVE ZIP TIES FROM ENGINE MOUNT.,DIFFICULT,,,,,REMOVED ALL ZIP TIES FROM ENGINE MOUNT.,,,ZIP TIES,REMOVED,
105630,"DUCTING RUBBING ON OIL PSI LINE, BY FIREWALL.",OK,BY FIREWALL,DUCTING,RUBBING,,INSTALLED SPIRAL WRAP ON OIL LINE.,,,OIL LINE,INSTALLED,
105631,#1 & 3 INTAKE GASKETS ARE LEAKING.,OK,#1 & 3,INTAKE GASKETS,LEAKING,,REPLACED GASKETS.,,,GASKETS,REPLACED,
105632,#1 & 4 INTAKES LEAKING.,OK,#1 & 4,INTAKES,LEAKING,,REMOVED & REPLACED GASKETS.,,,GASKETS,REMOVED & REPLACED,
105633,LH/ TOP ENGINE BAFFLE SEAL LOOSE.,OK,LH/ TOP ENGINE,BAFFLE SEAL,LOOSE,,RESCURED BAFFLE SEAL.,,,BAFFLE SEAL,RESCURED,
105634,L/H ENGINE STARTED RUNNING ROUGH IN FLIGHT. FULL MIXTURE & FULL,OK,L/H ENGINE,,ROUGH,,COULD NOT START L/H ENG. R/H OK.,,,ENG,COULD NOT START,
105635,L/H ENGINE STARTED RUNNING ROUGH IN FLIGHT. FULL MIXTURE & FULL,OK,L/H ENGINE,,ROUGH,,STARTED L/H & R/H ENGINES. PERFORMED GROUND RUN. NO DEF,,,ENGINE,"STARTED, GROUND RUN",
105636,#3 CYLINDER HAS BAD COMPRESSION.,OK,#3 CYLINDER,,COMPRESSION,,COMPLETED ENGINE REASSEMBLY.,,,ENGINE,COMPLETED REASSEMBLY,
105637,#3 CYLINDER HAS BAD COMPRESSION.,OK,#3 CYLINDER,,COMPRESSION,,"RAN ENGINE, OPS & LEAK CHECK GOOD.",,,"ENGINE, OPS & LEAK","RAN , CHECK",
105638,#3 CYLINDER HAS BAD COMPRESSION.,OK,#3 CYLINDER,,COMPRESSION,,REMOVED #3 CYL. FITTED NEW PISTON & RINGS. FITTED & TOR,,NEW,"CYLINDER, PISTON, RINGS","REMOVED, FITTED & FITTED & TOR",
105639,#3 CYLINDER HAS BAD COMPRESSION.,OK,#3 CYLINDER,,COMPRESSION,,DRY TAPPET CLEARANCE CHECK GOOD. REASSEMBLED ENGINE. SERVI,,,"TAPPET CLEARANCE, ENGINE",CHECK & REASSEMBLED & SERVI,
105640,"R/H FORWARD BAFFLE SECTION, ABOVE #1 CYL, HAS DAMAGED NUTPLATES.",OK,"R/H FORWARD BAFFLE SECTION, ABOVE #1 CYL",NUTPLATES,DAMAGED,,REPLACED UPPER NUTPLATE. REMOVED STUCK SCREWS,,,"NUTPLATE, SCREWS","REPLACED, REMOVED",
105641,"BOTH ENGINES DIED AFTER LANDING GROUND ROLL STOP. RESTARTED,",OK,BOTH ENGINES,,DIED,,"PERFORMED FULL GROUND RUN, OPS CHECK GOOD. NO DEFECTS N",,,OPS,"GROUND RUN , CHECK",
105642,#4 INTAKE ON L/H ENGINE LEAKING.,OK,#4 ON L/H ENGINE,INTAKE,LEAKING,,REPLACED GASKETS.,,,GASKETS,REPLACED,
105643,#2 & 4 INTAKES LEAKING.,OK,#2 & 4,INTAKES,LEAKING,,REMOVED & REPLACED GASKETS.,,,GASKETS,REMOVED & REPLACED,
105644,#4 INTAKE GASKET LEAKING.,OK,#4,INTAKE GASKET,LEAKING,,REMOVED & REPLACED WITH NEW GASKET.,,NEW,GASKET,REMOVED & REPLACED,
105645,BOLT ON TOP OF ENGINE CASE SHOWS SIGNS OF LEAKING.,OK,TOP OF ENGINE CASE,BOLT,LEAKING,,SEALED BOLT WITH HIGH TEMPERATURE RTV.,,,BOLT,SEALED,
105646,#3 & 4 INTAKES LEAKING.,OK,#3 & 4,INTAKES,LEAKING,,REMOVED & REPLACED GASKETS.,,,GASKETS,REMOVED & REPLACED,
105647,#3 & 4 INTAKES LEAKING.,OK,#3 & 4,INTAKES,LEAKING,,REMOVED & REPLACED GASKETS.,,,GASKETS,REMOVED & REPLACED,
105648,BOTH ENGINE BAFFLE PLUGS WORN.,OK,BOTH ENGINE,BAFFLE PLUGS,WORN,,INSTALLED NEW.,,NEW,PLUGS,INSTALLED,
105649,#4 CYLINDER HAS LOW COMPRESSION.,OK,#4 CYLINDER,,COMPRESSION,,REMOVED CYL. FOUND BURNT VALVE. LAPPED & FITTED NEW EXHAUST,,NEW,"CYLINDER, VALVE","REMOVED, LAPPED & FITTED",
105650,#4 INTAKE LEAKING.,OK,#4,INTAKE,LEAKING,,REMOVED & REPLACED GASKET.,,,GASKET,REMOVED & REPLACED,
105651,"STRANGE HOWLING NOISE, THAT INCREASES IN VOLUME DURING FLIGH",OK,,,NOISE,,INSPECTED & PERFORMED GROUND RUN. NO DEFECTS NOTED.,,,,INSPECTED & GROUND RUN,
105652,#4 INTAKE IS LEAKING.,OK,#4,INTAKE,LEAKING,,REMOVED & REPLACED GASKET.,,,GASKET,REMOVED & REPLACED,
105653,"CYLINDER #1, 3, 1 INTAKE GASKETS ARE LEAKING.",OK,"#1, 3, 1",INTAKE GASKETS,LEAKING,,REMOVED & REPLACED GASKETS WITH NEW.,,NEW,GASKETS,REMOVED & REPLACED,
105654,R/H ENGINE LOWER AFT COWLING HAS SEALS TO BE REGLUED.,OK,R/H ENGINE LOWER AFT COWLING,SEALS,NEED PROBLEM,,REGLUED SEAL SECTIONS.,,,SEAL SECTIONS,REGLUED,
105655,"LOWER AFT COWL, L/H ENGINE STARTER GEN AIR VENT HAS CRACK.",OK,"LOWER AFT COWL, L/H ENGINE",STARTER GEN AIR VENT,CRACK,,APPLIED SEALANT TO CRACK.,,,CRACK,APPLIED SEALANT TO,
105656,"CHAFE TAPE NEEDED ON BULKHEAD BEHIND FUEL NOZZLES, L/H ENGINE &",OK,"BEHIND FUEL NOZZLES, L/H ENGINE",BULKHEAD,NEED PROBLEM,,APPLIED SEALANT FOR CHAFING.,,,SEALANT,APPLIED,
105657,L/H FORWARD ENGINE BAFFLE LOOSE.,OK,L/H FORWARD ENGINE,BAFFLE,LOOSE,,RESECURED ENGINE BAFFLE.,,,ENGINE BAFFLE,RESECURED,
105658,#1-3 BAFFLE TIE WIRE BROKEN.,OK,#1-3,BAFFLE TIE WIRE,BROKEN,,INSTALLED NEW BAFFLE TIE WIRE.,,NEW,BAFFLE TIE WIRE,INSTALLED,
105659,#2 & 4 CHT/EGT WIRE ANCHOR BROKEN.,OK,#2 & 4,CHT/EGT WIRE ANCHOR,BROKEN,,REMOVED & REPLACED ANCHORS.,,,ANCHORS,REMOVED & REPLACED,
105660,#1 CYLINDER BAFFLING HAS A CRACK.,OK,#1 CYLINDER,BAFFLING,CRACK,,STOP DRILLED CRACK.,,,DRILLED CRACK,STOP,
105661,#2 INTAKE GASKET LEAKING.,OK,#2,INTAKE GASKET,LEAKING,,REMOVED & REPLACED GASKET.,,,GASKET,REMOVED & REPLACED,
105662,#4 INTAKE TUBE LEAKING (R/H ENGINE).,OK,#4 R/H ENGINE,INTAKE TUBE,LEAKING,,REMOVED & REPLACED WITH NEW GASKET.,,NEW,GASKET,REMOVED & REPLACED,
105663,#1 CYLINDER ROCKER ARM & PUSH ROD GALLED ON EXHAUST SIDE.,OK,#1 CYLINDER,ROCKER ARM & PUSH ROD,GALLED,,REMOVED & REPLACED ROCKER ARM & PUSH ROD.,,,ROCKER ARM & PUSH ROD,REMOVED & REPLACED,
105664,#2 CYLINDER ROCKER ARM & PUSH ROD GALLED ON EXHAUST SIDE.,OK,#2 CYLINDER,ROCKER ARM & PUSH ROD,GALLED,,REMOVED & REPLACED ROCKER ARM & PUSH ROD.,,,ROCKER ARM & PUSH ROD,REMOVED & REPLACED,
105665,#3 CYLINDER ROCKER ARM & PUSH ROD GALLED ON EXHAUST SIDE.,OK,#3 CYLINDER,ROCKER ARM & PUSH ROD,GALLED,,REMOVED & REPLACED ROCKER ARM & PUSH ROD.,,,ROCKER ARM & PUSH ROD,REMOVED & REPLACED,
105666,#4 CYLINDER ROCKER ARM & PUSH ROD GALLED ON EXHAUST SIDE.,OK,#4 CYLINDER,ROCKER ARM & PUSH ROD,GALLED,,REMOVED & REPLACED ROCKER ARM & PUSH ROD.,,,ROCKER ARM & PUSH ROD,REMOVED & REPLACED,
105667,ENGINE RUNNING VERY ROUGH & SHAKING AFTER START UP.,OK,ENGINE,,ROUGH,,"INSTALLED ROCKER COVERS & CLEANED. RAN A/C, LEAK & OPS",,,"ROCKER COVERS, A/C, LEAK & OPS","INSTALLED & CLEANED , RAN , CHECK",
105668,ENGINE RUNNING VERY ROUGH & SHAKING AFTER START UP.,OK,ENGINE,,ROUGH,SHAKING,RAN A/C & ENGINE RAN ROUGH. #2 CYLINDER EXHAUST GAS TEMPERATURE LOW. DISASSEMBLE,,,A/C,"RAN, DISASSEMBLE",
105669,ENGINE RUNNING VERY ROUGH & SHAKING AFTER START UP.,OK,ENGINE,,ROUGH,SHAKING,"C/W AD E 2015-19-07, FUEL INJ LINE FAILURE INSP (REV DA",,,FUEL INJ LINE,INSP,
105670,ENGINE RUNNING VERY ROUGH & SHAKING AFTER START UP.,OK,ENGINE,,ROUGH,,RAN ENGINE TO WARM CYLINDERS. PERFORMED COMPRESSION CK.,,,"ENGINE , COMPRESSION","RAN , CK",
105671,ENGINE RUNNING VERY ROUGH & SHAKING AFTER START UP.,OK,ENGINE,,ROUGH,,RAN ENGINE & VERIFIED DISCREPANCY. THERE IS LIKELY A ST,,,ENGINE,RAN & VERIFIED,
105672,MX FLIGHT REQUIRED TO CHECK FOR ABNORMAL ENGINE ROUGHNESS IN FL,OK,ENGINE,,ROUGHNESS,,COMPLETED CYLINDER #4 & BAFFLE INSTLLATION.,,,"CYLINDER #4, BAFFLE",COMPLETED INSTLLATION,
105673,MX FLIGHT REQUIRED TO CHECK FOR ABNORMAL ENGINE ROUGHNESS IN FL,OK,ENGINE,,ROUGHNESS,,"REAMED EXHAUST VALVE GUIDES ON CYLINDERS 1, 2 & 3.",,,EXHAUST VALVE GUIDES,REAMED,
105674,MX FLIGHT REQUIRED TO CHECK FOR ABNORMAL ENGINE ROUGHNESS IN FL,OK,ENGINE,,ROUGHNESS,,ASSEMBLED BAFFLE & ROCKER COVERS ON CYLINDER 1 & 3. REMOVED,,,BAFFLE & ROCKER COVERS,"ASSEMBLED, REMOVED",
105675,MX FLIGHT REQUIRED TO CHECK FOR ABNORMAL ENGINE ROUGHNESS IN FL,OK,ENGINE,,ROUGHNESS,,"STARTED REMOVING SPARK PLUGS, SIDE BAFFLES, ROCKER COVE",,,"SPARK PLUGS, SIDE BAFFLES, ROCKER COVER",REMOVED,
105676,MX FLIGHT REQUIRED TO CHECK FOR ABNORMAL ENGINE ROUGHNESS IN FL,OK,ENGINE,,ROUGHNESS,,"LOWERED EXHAUST, REMOVED ATTACHING HARDWARE TO CYLINDER 4. R",,,"EXHAUST, HARDWARE","LOWERED, REMOVED",
105677,MX FLIGHT REQUIRED TO CHECK FOR ABNORMAL ENGINE ROUGHNESS IN FL,OK,ENGINE,,ROUGHNESS,,"PREPPED NEW CYLINDER & PISTON. INSTALLED NEW PISTON, RINGS &",,NEW,"CYLINDER, PISTON, PISTON, RINGS","PREPPED, INSTALLED",
105678,OIL LEAK AT L/H ENGINE HOISTING LOOP.,OK,L/H ENGINE HOISTING LOOP,OIL,LEAK,,LEAK CHECK GOOD.,,,LEAK,CHECK,
105679,OIL LEAK AT L/H ENGINE HOISTING LOOP.,OK,L/H ENGINE HOISTING LOOP,OIL,LEAK,,SEALED & TORQUED BOLT.,,,BOLT,SEALED & TORQUED,
105680,"INTAKES 1, 2 & 3 LEAKING ON R/H ENGINE.",OK,"1, 2 & 3 ON R/H ENGINE",INTAKES,LEAKING,,REMOVED & REPLACED GASKETS.,,,GASKETS,REMOVED & REPLACED,
105681,"#2, 3 & 4 INTAKE GASKETS LEAKING ON L/H ENIGNE.",OK,"#2, 3 & 4 ON L/H ENGINE",INTAKE GASKETS,LEAKING,,REMOVED & REPLACED WITH NEW GASKETS.,,NEW,GASKETS,REMOVED & REPLACED,
105682,#1 & 2 ROCKER GASKETS ARE LEAKING ON L/H ENGINE.,OK,#1 & 2 ON L/H ENGINE,ROCKER GASKETS,LEAKING,,REMOVED & REPLACED WITH NEW SILICONE GASKETS.,,SILICONE,GASKETS,REMOVED & REPLACED,
105683,AFT R/H BAFFLE SCREW IS MISSING.,OK,AFT R/H,BAFFLE SCREW,MISSING,,REMOVED OIL COOLER FROM BAFFLE (NO LINES DISTURBED). IN,,,OIL COOLER,REMOVED,
105684,"#2, 4 INTAKE GASKETS LEAKING ON L/H ENGINE.",OK,"#2, 4 ON L/H ENGINE",INTAKE GASKETS,LEAKING,,REMOVED & REPLACED WITH NEW GASKETS.,,NEW,GASKETS,REMOVED & REPLACED,
105685,"DURING POWER ON STALL, @ FULL THROTTLE, THERE WAS A LOUD TAP",DIFFICULT,,,,,"RAN UP A/C, COULD NOT DUPLICATE FUEL SMELL.",,,A/C,RAN,
105686,"DURING POWER ON STALL, @ FULL THROTTLE, THERE WAS A LOUD TAP",DIFFICULT,,,,,RAN A/C. COULD NOT DUPLICATE TAPPING NOISE OR FUEL SMEL,,,A/C,RAN,
105687,L/H ENGINE #3 INTAKE LEAKING.,OK,L/H ENGINE #3,INTAKE,LEAKING,,REMOVED & REPLACED GASKET.,,,GASKET,REMOVED & REPLACED,
105688,"R/H ENGINE #2, 3 & 4 INTAKE TUBE GASKETS LEAKING.",OK,"R/H ENGINE #2, 3 & 4",INTAKE TUBE GASKETS,LEAKING,,INSTALLED NEW GASKETS.,,NEW,GASKETS,INSTALLED,
105689,IN STRAIGHT & LEVEL FLIGHT EXPERIENCED 2 VIBRATIONS WITH A/C Y,OK,,,VIBRATION,,ROUTED & SECURED OIL LINES.,,,OIL LINES,ROUTED & SECURED,
105690,IN STRAIGHT & LEVEL FLIGHT EXPERIENCED 2 VIBRATIONS WITH A/C Y,OK,,,VIBRATION,,RUN UP & LEAK CHECK OK. FOR MX FLIGHT.,,,"A/C , LEAK ","RUN , CHECK",
105691,IN STRAIGHT & LEVEL FLIGHT EXPERIENCED 2 VIBRATIONS WITH A/C Y,OK,,,VIBRATION,,"BEGAN LYCOMING , FOUND #2 EXHAUST GUIDE TIGHT. R",,,EXHAUST GUIDE,"BEGAN LYCOMING , FOUND",#2 EXHAUST GUIDE TIGHT
105692,IN STRAIGHT & LEVEL FLIGHT EXPERIENCED 2 VIBRATIONS WITH A/C Y,OK,,,VIBRATION,,"PERFORMED ON #4 EXHAUST GUIDE, FOUND TIGHT. REA",,,EXHAUST GUIDE,PERFORMED,
105693,IN STRAIGHT & LEVEL FLIGHT EXPERIENCED 2 VIBRATIONS WITH A/C Y,OK,,,VIBRATION,,COMPLETED ASSEMBLY OF BAFFLES. RAN ENGINE BLADES ENGAGE,,,"BAFFLES, ENGINE BLADES","COMPLETED, RAN",
105694,"1, 2 & 3 INTAKES LEAKING.",OK,"1, 2 & 3",INTAKES,LEAKING,,REMOVED & REPLACED INTAKE GASKETS.,,,INTAKE GASKETS,REMOVED & REPLACED,
105695,#1 INTAKE LEAKING.,OK,#1,INTAKE,LEAKING,,REMOVED & REPLACED GASKET.,,,GASKET,REMOVED & REPLACED,
105696,#1 CYLINDER ON R/H ENGINE IS CRACKED.,OK,#1 CYLINDER ON R/H ENGINE,,CRACKED,,OPS & LEAK CHECK GOOD.,,,OPS & LEAK,CHECK,
105697,#1 ROCKER COVER LEAKING ON L/H ENGINE.,OK,#1 ON L/H ENGINE,ROCKER COVER,LEAKING,,REMOVED & REPLACED GAKSET.,,,GASKET,REMOVED & REPLACED,
105698,#2 & 4 INTAKES LEAKING ON L/H ENGINE.,OK,#2 & 4 ON L/H ENGINE,INTAKES,LEAKING,,REMOVED & REPLACED GASKETS.,,,GASKETS,REMOVED & REPLACED,
105699,"R/H ENGINE #2, 3, 4 INTAKE GASKETS ARE LEAKING.",OK,"R/H ENGINE #2, 3, 4",INTAKE GASKETS,LEAKING,,REMOVED & REPLACED GASKETS.,,,GASKETS,REMOVED & REPLACED,
105700,#1 CYLINDER ON R/H ENGINE IS CRACKED.,OK,#1 CYLINDER ON R/H ENGINE,,CRACKED,,REMOVED CYLINDER ASSY. REPLACED WITH NEW CYLINDER ASSEMBLY IA,,NEW,CYLINDER ASSY,REMOVED & REPLACED,
105701,#2 INTAKE GASKET LEAKING.,OK,#2,INTAKE GASKET,LEAKING,,INSPECTED & FOUND SEEPING ROCKER GASKET. CLEANED INTAKE,,,"ROCKER GASKET, INTAKE","INSPECTED & FOUND , CLEANED",SEEPING ROCKER GASKET
105702,SMALL LEAK ON R/H ENGINE BACK BONE.,OK,R/H ENGINE,BACK BONE,LEAK,,LEAK CHECK GOOD.,,,LEAK,CHECK,
105703,#2 & 4 LEFT ENGINE INTAKES LEAKING.,OK,#2 & 4 LEFT ENGINE,INTAKES,LEAKING,,REPLACED GASKETS.,,,GASKETS,REPLACED,
105704,SMALL LEAK ON R/H ENGINE BACK BONE.,OK,R/H ENGINE,BACK BONE,LEAK,,"CLEANED, SEALED & RETORQUED BACK BONE BOLT.",,,BACK BONE BOLT,CLEANED & SEALED & RETORQUED,
105705,#4 INTAKE ON R/H ENGINE LEAKS & #3 INTAKE ON L/H ENGINE.,OK,#4 ON R/H ENGINE &  #3 ON L/H ENGINE,INTAKE,LEAKS,,REPLACED L/H ENGINE GASKET.,,,GASKET,,
105706,#4 INTAKE ON R/H ENGINE LEAKS & #3 INTAKE ON L/H ENGINE.,OK,#4 ON R/H ENGINE &  #3 ON L/H ENGINE,INTAKE,LEAKS,,REPLACED GASKET ON R/H ENG.,,,GASKET,REPLACED,
105707,PILOT REPORTS PARTIAL POWER LOSS & ROUGH RUNNING ENGINE.,OK,ENGINE,,POWER LOSS & ROUGH,,FOUND #2 CYLINDER CRACKED. REMOVED & REPLACED CYLINDER. C/W,,,CYLINDER,REMOVED & REPLACED,
105708,PILOT REPORTS PARTIAL POWER LOSS & ROUGH RUNNING ENGINE.,OK,ENGINE,,POWER LOSS & ROUGH,,FOR BILLING PURPOSES ONLY,,,,,
105709,L/H ENGINE #4 INTAKE LEAKING.,OK,L/H ENGINE #4,INTAKE,LEAKING,,REMOVED & REPLACED WITH NEW GASKET.,,NEW,GASKET,REMOVED & REPLACED,
105710,R/H ENGINE #4 INTAKE LEAKING.,OK,R/H ENGINE #4,INTAKE,LEAKING,,REMOVED & REPLACED WITH NEW GASKET.,,NEW,GASKET,REMOVED & REPLACED,
105711,"#3 INTAKE GASKET LEAKING, R/H ENGINE.",OK,#3 R/H ENGINE,INTAKE GASKET,LEAKING,,REMOVED & REPLACED GASKET.,,,GASKET,REMOVED & REPLACED,
105712,#2 & 4 INTAKE GASKET LEAKING ON L/H ENGINE.,OK,#2 & 4 ON L/H ENGINE,INTAKE GASKET,LEAKING,,REMOVED & REPLACED GASKETS.,,,GASKETS,REMOVED & REPLACED,
105713,L/H ENGINE FORWARD L/H BAFFLE/COWL SEAL FOUND IN ENGINE COWL.,OK,L/H ENGINE FORWARD L/H BAFFLE/COWL,SEAL,FOUND,,INSTALLED L/H ENGINE FORWARD L/H BAFFLE/COWL SEAL.,,,BAFFLE/COWL SEAL,INSTALLED,
105714,FUEL IS LEAKING OUT OF #4 INTAKE TUBE.,OK,#4,INTAKE TUBE,LEAKING,,REMOVED & REPLACED #4 INTAKE GASKET. RAN UP ENGINE. LEA,,,"INTAKE GASKET, ENGINE, LEAK","REMOVED & REPLACED , RAN , CHECK",
105715,ENGINE DRAIN LINES NEED ADEL CLAMPS REPLACED.,OK,ENGINE,DRAIN LINES ADEL CLAMP,NEED PROBLEM,,REMOVED & REPLACED 2 ENGINE DRAIN LINE ADEL CLAMPS.,,,ADEL CLAMPS,REMOVED & REPLACED,
105716,PILOT REPORTED INTAKE LEAK.,OK,,INTAKE,LEAK,,"INSPECTED, FOUND INTAKE TO NOT BE LEAKING.",,,INTAKE,INSPECTED,
105717,INTAKES #2 & 4 LEAKING.,OK,#2 & 4,INTAKES,LEAKING,,REMOVED & REPLACED GASKETS.,,,GASKETS,REMOVED & REPLACED,
105718,R/H ENGINE RUNNING ROUGH. DURING RUN UP ENGINE WAS VIOLENTLY,OK,R/H ENGINE,,ROUGH,,RAN A/C. OPS & LEAK CHECK GOOD. REINSTALLED COWLING.,,,"A/C, OPS & LEAK, COWLING","RAN, CHECK, REINSTALLED",
105719,R/H ENGINE RUNNING ROUGH. DURING RUN UP ENGINE WAS VIOLENTLY,OK,R/H ENGINE,,ROUGH,,CONFIRMED DISCREPANCY. INSPECTED R/H ENGINE & FOUND,,,"DISCREPANCY , ENGINE","CONFIRMED , INSPECTED",
105720,R/H ENGINE RUNNING ROUGH. DURING RUN UP ENGINE WAS VIOLENTLY,OK,R/H ENGINE,,ROUGH,,"INSTALLED #2 & 4 INTERCYLINDER BAFFLE, TIE ROD & DRAIN",,,INTERCYLINDER BAFFLE TIE ROD DRAIN,INSTALLED,
105721,R/H ENGINE RUNNING ROUGH. DURING RUN UP ENGINE WAS VIOLENTLY,OK,R/H ENGINE,,ROUGH,,"REMOVED BAFFLING, INTAKE PIPE, EXHAUST STACK & AFT MUFF",,,"BAFFLING, INTAKE PIPE, EXHAUST STACK, AFT MUFF",REMOVED,
105722,R/H ENGINE RUNNING ROUGH. DURING RUN UP ENGINE WAS VIOLENTLY,OK,R/H ENGINE,,ROUGH,,"TORQUED HOLD DOWN NUTS TO SPECS. REINSTALLED INTAKE, EX",,,"HOLD DOWN NUTS, INTAKE","TORQUED, REINSTALLED",
105723,R/H ENGINE RUNNING ROUGH. DURING RUN UP ENGINE WAS VIOLENTLY,OK,R/H ENGINE,,ROUGH,,INSTALLED & TORQUED SPARK PLUGS. CONNECTED SPARK PLUG L,,,SPARK PLUGS,"INSTALLED & TORQUED, CONNECTED",
105724,BOTH LOWER ENGINE COWLS NEED CLEANING.,OK,BOTH LOWER ENGINE,COWLS,NEED PROBLEM,,CLEANED BOTH COWLS.,,,COWLS,CLEANED,
105725,"LH ENGINE, #2, 4 INTAKE GASKETS LEAKING.",OK,"LH ENGINE, #2, 4",INTAKE GASKETS,LEAKING,,REMOVED & REPLACED WITH NEW GASKETS.,,NEW,GASKETS,REMOVED & REPLACED,
105726,MAGNETOS DROP OUT OF STANDARDS.,OK,,MAGNETOS,DROP,,"RAN A/C UP TO OPERATING PARAMETERS. PERFORMED MAGNETOS CK, O",,,"A/C, MAGNETOS","RAN, CK",
105727,#1 INTAKE GASKET LEAKING.,OK,#1,INTAKE GASKET,LEAKING,,REMOVED & REPLACED GASKET.,,,GASKET,REMOVED & REPLACED,
105728,#2 & 3 INTAKES LEAKING.,OK,#2 & 3,INTAKES,LEAKING,,REMOVED & REPLACED GASKETS.,,,GASKETS,REMOVED & REPLACED,
105729,"PROP OVERSPEED, HIGH RPM & ANYTHING ABOVE 22 INCHES WOULD RE",OK,,PROP,OVERSPEED,,C/W LYCOMING 369M; OVERSPEED FOUND TO BE BETWEEN 5 & 10,,,,FOUND,OVERSPEED
105730,L/H ENGINE #2 CYLINDER LOST CHT & EXHAUST GAS TEMPERATURE DURING LANDING. ALSO STARTE,OK,L/H ENGINE #2,CHT & EXHAUST GAS TEMPERATURE,LOST,,REMOVED & REPLACED #2 CYLINDER ASSEMBLY ON LEFT ENGINE. CHANGED,,,CYLINDER ASSEMBLY,"REMOVED & REPLACED , CHANGED",
105731,L/H ENGINE #2 CYLINDER LOST CHT & EXHAUST GAS TEMPERATURE DURING LANDING. ALSO STARTE,OK,L/H ENGINE #2,CHT & EXHAUST GAS TEMPERATURE,LOST,,FOR BILLIN PURPOSES ONLY,,,,,
105732,#3 LOWER INTAKE TUBE LEAKS.,OK,#3 LOWER,INTAKE TUBE,LEAKS,,SWEDGED INTAKE TUBE & INSTALLED INTAKE TUBE WITH NEW GASK,,NEW,"INTAKE TUBE,GASKET",SWEDGED & INSTALLED,
105733,#3 & 4 CYLINDER INTAKE GASKETS ARE LEAKING.,OK,#3 & 4 CYLINDER,INTAKE GASKETS,LEAKING,,REMOVED & REPLACED GASKETS.,,,GASKETS,REMOVED & REPLACED,
105734,#3 CYLINDER AFT BAFFLE ATTACH SCREW HAS COME OUT.,OK,#3 CYLINDER AFT,BAFFLE ATTACH SCREW,LOOSE,,"REMOVED DIPSTICK TUBE, REINSTALLED SCREW, REINSTALLED D",,,"DIPSTICK TUBE, SCREW","REMOVED, REINSTALLED",
105735,#3 EXHAUST PUSH ROD SEAL IS LEAKING.,OK,#3,EXHAUST PUSH ROD SEAL,LEAKING,,"REMOVED & REPLACED PUSH ROD SEAL, O-RING RETAINER & 2 R",,,"PUSH ROD SEAL,O-RING RETAINER",REMOVED & REPLACED,
105736,#1 & 4 INTAKES LEAKING.,OK,#1 & 4,INTAKES,LEAKING,,REMOVED & REPLACED GASKETS.,,,GASKETS,REMOVED & REPLACED,
105737,#1 CYLINDER CRACKED.,OK,#1 CYLINDER,,CRACKED,,LEAK & OPS CHECK GOOD.,,,LEAK,CHECK,
105738,#2 INTAKE TUBE GASKET LEAKING.,OK,#2,INTAKE TUBE GASKET,LEAKING,,INSTALLED NEW GASKET.,,NEW,GASKET,INSTALLED,
105739,#1 CYLINDER CRACKED.,OK,#1 CYLINDER,,CRACKED,,INSTALLED NEW #1 CYLINDER IAW LYCOMING OVERHAUL MANUAL.,,NEW,#1 CYLINDER,INSTALLED,
105740,#1 CYLINDER SIDE BAFFLE IS CRACKED.,OK,#1 CYLINDER SIDE,BAFFLE,CRACKED,,INSTALLED PATCH MADE OF LIKE MATERIAL.,,LIKE MATERIAL,PATCH,INSTALLED,
105741,#4 CYLINDER HAS LOW COMPRESSION.,OK,#4 CYLINDER,,COMPRESSION,,"RAN UP A/C, LEAK CHECK GOOD.",,,"A/C, LEAK","RAN , CHECK",
105742,#4 CYLINDER HAS LOW COMPRESSION.,OK,#4 CYLINDER,,COMPRESSION,,FOUND DRY TAPPET CLEARANCE W/IN SPECS & ALL FLUID LINES,,,DRY TAPPET CLEARANCE & FLUID LINES,FOUND,
105743,#4 CYLINDER HAS LOW COMPRESSION.,OK,#4 CYLINDER,,COMPRESSION,,"REMOVED CYLINDER FROM ENGINE, INSPECTED & FOUND BURNT E",,,CYLINDER,"REMOVED , INSPECTED & FOUND",BENT
105744,CYLINDER #1 & 3 TIE ROD IS LOOSE AND AFT BAFFLE IS CONTACTING OIL,OK,CYLINDER #1 & 3,"TIE ROD , BAFFLE","LOOSE , CONTACTING",,"ADJUSTED INTERCYLINDER BAFFLE TIE ROD, INSPECTED RETURN",,,"INTERCYLINDER BAFFLE TIE ROD, RETURN","ADJUSTED, INSPECTED",
105745,#2 INTAKE LEAKING.,OK,#2,INTAKE,LEAKING,,REMOVED & REPLACED GASKET.,,,GASKET,REMOVED & REPLACED,
105746,#1 & 2 INTAKES LEAKING.,OK,#1 & 2,INTAKES,LEAKING,,REMOVED & REPLACED GASKETS.,,,GASKETS,REMOVED & REPLACED,
105747,#3 CYLINDER HAS LOW COMPRESSION.,OK,#3 CYLINDER,,COMPRESSION,,RUN UP LEAK CHECK GOOD.,,,LEAK,CHECK,
105748,#3 CYLINDER HAS LOW COMPRESSION.,OK,#3 CYLINDER,,COMPRESSION,,"REINSTALLED BAFFLING, EXHAUST INTAKE TUBES, OIL RETURN",,,"BAFFLING, EXHAUST INTAKE TUBES, OIL RETURN",REINSTALLED,
105749,#3 CYLINDER HAS LOW COMPRESSION.,OK,#3 CYLINDER,,COMPRESSION,,"REMOVED #3 CYL, GROUND INTAKE VALVE & SEAT, LAPPED EXHA",,,"#3 CYL, INTAKE VALVE, SEAT, EXHAUST VALVE","REMOVED, GROUND, LAPPED",
105750,#3 INTAKE LEAKING.,OK,#3,INTAKE,LEAKING,,REMOVED & REPLACED GASKET.,,,GASKET,REMOVED & REPLACED,
105751,#3 CYLINDER INTAKE GASKET LEAKING.,OK,#3 CYLINDER,INTAKE GASKET,LEAKING,,REPLACED GASKET.,,,GASKET,REPLACED,
105752,SCREW MISSING IN #3 SIDE BAFFLE.,OK,#3 SIDE,BAFFLE SCREW,MISSING,,INSTALLED SCREW.,,,SCREW,INSTALLED,
105753,#2 INTAKE LEAKING.,OK,#2,INTAKE,LEAKING,,REMOVED & REPLACED GASKET.,,,GASKET,REMOVED & REPLACED,
105754,R/H AFT BAFFLE BRACKET HAS SHEARED RIVET.,OK,R/H AFT,BAFFLE BRACKET RIVET,SHEARED,,"REMOVED SHEARED RIVET. REPLACED WITH SCREW, WASHERS & NUT",,"SCREW, WASHERS & NUT","RIVET, SCREW, WASHERS & NUT","REMOVED, REPLACED",
105755,#1 CYLINDER INTAKE GASKET BROKEN & LEAKING.,OK,#1 CYLINDER,INTAKE GASKET,BROKEN & LEAKING,,REMOVED R/H EXHAUST-INTAKE TUBE ASSY. INTAKE ELBOW GASK,,,"EXHAUST-INTAKE TUBE ASSY, INTAKE ELBOW GASKET",REMOVED,
105756,#2 & 4 CYLINDER ROCKER COVERS ARE MISSING 1 SCREW EACH.,OK,#2 & 4 CYLINDER,ROCKER COVERS SCREW,MISSING,,INSTALLED NEW SCREWS.,,NEW,SCREWS,INSTALLED,
105757,"DURING RUN UP, WHEN CHECKING LEFT MAG, THERE WAS A 250 RPM D",OK,LEFT,MAG,RPM,,"RAN A/C, DETERMINED TO BE #4 LOWER PLUG. REMOVED, CLEAN",,,"A/C, LOWER PLUG","RAN , DETERMINED , REMOVED & CLEAN",
105758,"LAST LANDING, COMING OFF RUNWAY, ENGINE SHUT DOWN",OK,ENGINE,,SHUT DOWN,,"RAN A/C, IDLE RPM & MIXTURE CHECK GOOD. MAGNETOS CHECKS GOOD. S",,,"A/C, RPM & MIXTURE & MAGNETOS","RAN, CHECK",
105759,L/H ENGINE #3 INTAKE LEAKING.,OK,L/H ENGINE #3,INTAKE,LEAKING,,REMOVED & REPLACED GASKET.,,,GASKET,REMOVED & REPLACED,
105760,R/H ENGINE #4 INTAKE LEAKING.,OK,R/H ENGINE #4,INTAKE,LEAKING,,REMOVED & REPLACED GASKET.,,,GASKET,REMOVED & REPLACED,
105761,R/H ENGINE INLET SCREEN WIRE IS BROKEN.,OK,R/H ENGINE,INLET SCREEN WIRE,BROKEN,,REPLACED WITH NEW SCREEN.,,NEW,SCREEN,REPLACED,
105762,ENGINE STARTED MAKING ABNORMAL SOUND IN FLIGHT. ABNORMAL VIB,OK,ENGINE,,ABNORMAL SOUND & VIB,,"RAN UP A/C, COULD NOT DUPLICATE IRREGULOR SOUNDS OR VIB",,,A/C,RAN,
105763,"FORWARD BAFFLE, L/H BOTTOM RUBBING WITH MUFFLER.",OK,"FORWARD BAFFLE, L/H BOTTOM",BAFFLE,RUBBING,,"RESECURED BAFFLE WITH MUFFLER WITH RED RTV, NO DEFECT NOTED",,,"BAFFLE, MUFFLER",RESECURED,
105764,"#1, 2, 3, 4 INTAKES LEAKING ON R/H ENGINE.",OK,"#1, 2, 3, 4 ON R/H ENGINE",INTAKES,LEAKING,,REMOVED & REPLACED GASKETS.,,,GASKETS,REMOVED & REPLACED,
105765,"#2, 3 INTAKES LEAKING ON L/H ENGINE.",OK,"#2, 3 ON L/H ENGINE",INTAKES,LEAKING,,REMOVED & REPLACED WITH NEW GASKETS.,,NEW,GASKETS,REMOVED & REPLACED,
105766,L/H LOWER ENGINE COWL CAM LOCK MISSING LOCK WASHER.,OK,L/H LOWER ENGINE,COWL CAM LOCK WASHER,MISSING,,INSTALLED LOCK WASHER ON CAM LOCK.,,,LOCK WASHER,INSTALLED,
105767,ENGINE DIED AT IDLE DURING TAXI 3 TIMES. COULD NOT START AFT,OK,ENGINE,,COULD NOT START,,"PERFORMED GROUND RUN, FOUND ENGINE IDLING TOO LOW. ADJU",,,ENGINE,"GROUND RUN , FOUND , ADJU",ENGINE IDLING TOO LOW
105768,#4 INTAKE LEAKING.,OK,#4,INTAKE,LEAKING,,REMOVED & REPLACED GASKET.,,,GASKET,REMOVED & REPLACED,
105769,OIL PRESSURE LINE SUPPORT BRACKET/FUEL FLOW TRANSDUCER WIRE,DIFFICULT,,,,,INSTALLED BRACKET.,,,BRACKET,INSTALLED,
105770,FUEL LINE SUPPORT BRACKET (OFF #2 EXHAUST PUSH ROD TUBE) MISSING,OK,OFF #2 EXHAUST PUSH ROD TUBE,FUEL LINE SUPPORT BRACKET,MISSING,,INSTALLED BRACKET.,,,BRACKET,INSTALLED,
105771,#2 ROCKER COVER LEAKING.,OK,#2,ROCKER COVER,LEAKING,,REMOVED & REPLACED GASKET.,,,GASKET,REMOVED & REPLACED,
105772,#2 CYLINDER INTAKE GASKET LEAKING.,OK,#2 CYLINDER,INTAKE GASKET,LEAKING,,REMOVED & REPLACED GASKET.,,,GASKET,REMOVED & REPLACED,
105773,BOTH BAFFLE SPARK PLUG ACCESS HOLES DAMAGED.,OK,BOTH,BAFFLE SPARK PLUG ACCESS HOLES,DAMAGED,,INSTALLED DOUBLER PLATES. REMOVED & REPLACED BAFFLE PLU,,,"DOUBLER PLATES, BAFFLE PLU","INSTALLED, REMOVED & REPLACED",
105774,#1 INTAKE LEAKING.,OK,#1,INTAKE,LEAKING,,REMOVED & REPLACED GASKET.,,,GASKET,REMOVED & REPLACED,
105775,L/H ENGINE #4 INTAKE LEAKING.,OK,L/H ENGINE #4,INTAKE,LEAKING,,REMOVED & REPLACED GASKET.,,,GASKET,REMOVED & REPLACED,
105776,"R/H ENGINE #3, 4 INTAKES LEAKING.",OK,"R/H ENGINE #3, 4",INTAKES,LEAKING,,REMOVED & REPLACED GASKETS.,,,GASKETS,REMOVED & REPLACED,
105777,"DURING RUN UP, ENGINE SHUT DOWN. RESTARTED & HAD FLAMES COMI",OK,ENGINE,,SHUT DOWN,,"NSPECTED ENGINE, PERFORMED GROUND RUN. OPS CHECK GOOD.",,,"ENGINE , OPS","INSPECTED , GROUND RUN , CHECK",
105778,"AFTER START UP, ENGINE KEPT HESITATING EVERY 4-5 SECONDS.",OK,ENGINE,,HESITATING,,"PERFORMED GROUND RUN, OPS CHECK GOOD.",,,OPS,"GROUND RUN , CHECK",
105779,PILOT REPORTS START ASSIST.,DIFFICULT,,,,,STARTED A/C.,,,A/C,STARTED,
105780,BAFFLE PLUG WORN.,OK,,BAFFLE PLUG,WORN,,REMOVED & REPLACED BAFFLE PLUG.,,,BAFFLE PLUG,REMOVED & REPLACED,
105781,"#2, 1 INTAKES LEAKING.",OK,"#2, 1",INTAKES,LEAKING,,REMOVED & REPLACED GASKETS.,,,GASKETS,REMOVED & REPLACED,
105782,ENGINE COVER REMOVED FOR INSPECTION.,DIFFICULT,,,,,INSTALLED ENGINE COVER.,,,ENGINE COVER,INSTALLED,
105783,#2 INTAKE GASKET LEAKING.,OK,#2,INTAKE GASKET,LEAKING,,INSTALLED NEW INTAKE GASKET.,,NEW,INTAKE GASKET,INSTALLED,
105784,ENGINE BAFFLE PLUG TANGS BROKEN.,OK,ENGINE,BAFFLE PLUG TANGS,BROKEN,,INSTALLED NEW BAFFLE PLUG.,,NEW,BAFFLE PLUG,INSTALLED,
105785,L/H #4 INTAKE GASKET LEAKING.,OK,L/H #4,INTAKE GASKET,LEAKING,,REMOVED & REPLACED WITH NEW GASKET.,,NEW,GASKET,REMOVED & REPLACED,
105786,R/H #4 INTAKE GASKET IS LEAKING.,OK,R/H #4,INTAKE GASKET,LEAKING,,REMOVED & REPLACED WITH NEW GASKET.,,NEW,GASKET,REMOVED & REPLACED,
105787,#3 ROCKER COVER GASKET LEAKING ON L/H ENGINE.,OK,#3 ON L/H ENGINE,ROCKER COVER GASKET,LEAKING,,REMOVED & REPLACED WITH NEW SILICONE GASKETS.,,NEW SILICONE,GASKETS,REMOVED & REPLACED,
105788,R/H ENGINE #4 CYLINDER INTAKE LEAKS.,OK,R/H ENGINE #4 CYLINDER,INTAKE,LEAKS,,REMOVED & REPLACED GASKET.,,,GASKET,REMOVED & REPLACED,
105789,"R/H ENGINE HAS CRACKED 90* BRACKET FORWARD OIL COOLER, NEEDS STOP D",OK,"R/H ENGINE, FORWARD OIL COOLER",BRACKE,CRACKED,,STOP DRILLED CRACK END.,,,DRILLED CRACK,STOP,
105790,"MANY CRACKS ON BAFFLING (#3 CYLINDER) R/H ENG, BEHIND 90* BRACKET",OK,#3 CYLINDER R/H ENG BEHIND 90* BRACKET,BAFFLING,CRACKED,,REMOVED BAFFLE ASSEMBLY & CLEANED AREA.,,,"BAFFLE ASSEMBLY, AREA","REMOVED, CLEANED",
105791,L/H ENGINE BAFFLE TIE ROD WIRE HITTING BOTH O/B CLAMPS.,OK,L/H ENGINE,BAFFLE TIE ROD WIRE,HITTING,,DAMAGE NEG. ADJUSTED TOWARD I/B & ADJ CLAMPS OUT OF THE,,,CLAMPS,ADJUSTED,
105792,"MANY CRACKS ON BAFFLING (#3 CYLINDER) R/H ENG, BEHIND 90* BRACKET",OK,#3 CYLINDER R/H ENG BEHIND 90* BRACKET,BAFFLING,CRACKED,,INSTALLED NEW BAFFLE SECTION. CLEANED SCAT TUBE.,,NEW,"BAFFLE SECTION, SCAT TUBE","INSTALLED, CLEANED",
105793,L/H ENGINE HAS CRACKED 90* BRACKET BY (FWD OF) OIL COOLER - PAS,OK,L/H ENGINE (FWD OF) OIL COOLER,BRACKET,CRACKED,,REPLACED WITH SERVICEABLE BRACKET FROM L/H ENGINE BAFFLE.,,SERVICEABLE,BRACKET,REPLACED,
105794,#3 & 4 INTAKE GASKETS ARE LEAKING.,OK,#3 & 4,INTAKE GASKETS,LEAKING,,REPLACED BOTH GASKETS.,,,GASKETS,REPLACED,
105795,BAFFLE PLUGS NEED TO BE REPLACED.,OK,,BAFFLE PLUGS,NEED PROBLEM,,INSTALLED NEW BAFFLE PLUGS.,,NEW,BAFFLE PLUGS,INSTALLED,
105796,L/H ENGINE OVERSPEED ON TAKE OFF & CLIMB; 2720-2730. COULD H,OK,L/H ENGINE,,OVERSPEED,,REMOVED SD CARD & READ. 2733.2 RPM HIGHEST RECORDING. L,,,SD CARD,REMOVED & READ,
105797,RIVET LOOSE ON L/H BAFFLE.,OK,L/H,BAFFLE RIVET,LOOSE,,TIGHTENED RIVET.,,,RIVET,TIGHTENED,
105798,"#2, 4 ROCKER BOX LEAKING.",OK,"#2, 4",ROCKER BOX,LEAKING,,REMOVED & REPLACED GASKETS.,,,GASKETS,REMOVED & REPLACED,
105799,LEFT ENGINE WOULD NOT START. LEFT ENGIEN COVER WAS NOT PUT O,OK,LEFT ENGINE,,WOULD NOT START,,"STARTED & RAN ENGINE L/H, ALL SYSTEMS W/IN PARAMETERS.",,,"ENGINE,SYSTEMS",STARTED & RAN,
105800,#4 INTAKE TUBE GASKET LEAKING.,OK,#4,INTAKE TUBE GASKET,LEAKING,,REMOVED & REPLACED GASKET.,,,GASKET,REMOVED & REPLACED,
105801,#2 CYLINDER NEEDS NEW GASKET ON ROCKER BOX.,OK,#2 CYLINDER,ROCKER BOX GASKET,NEED PROBLEM,,REMOVED & REPLACED GASKET.,,NEW,GASKET,REMOVED & REPLACED,
105802,"ON DOWN WIND, HAD REDUCTION IN POWER FOLLOWED BY ROUGH VIBRA",OK,,,POWER PROBLEM,,"RAN A/C, ALL CHECKS GOOD. DOWN LOADED CARD DATA & FOUND",,,"A/C,CARD DATA","RAN,DOWN LOADED",
105803,"DURING TAXI, STARTED TO SMELL HEAVY FUMES, CO WARNING CAME O",OK,,,SMELL FUMES,,"RAN UP A/C, UNABLE TO DUPLICATE DISCREPANCY.",,,A/C,RAN,
105804,CO LEVEL HIGH WARNING CAME ON WHILE TAXIING.,DIFFICULT,,,,,"RAN A/C, ALL CHECKS GOOD. NO CO WARNING.",,,A/C,RAN,
105805,"OVERSPED PROP DURING MANUEVERS, 30 RPM.",OK,,PROP,OVERSPEED,,DOWNLOADED CARD DATA & FOUND 2740 PEAK RPM. NO FURTHER,,,"CARD DATA , RPM","DOWNLOADED , FOUND",2740 PEAK RPM
105806,#4 INTAKE GASKET LEAKING.,OK,#4,INTAKE GASKET,LEAKING,,REMOVED & REPLACED GASKET.,,,GASKET,REMOVED & REPLACED,
105807,TAB ON #3 CYLINDER AFT BAFFLE RIVETS SHEARED OFF.,OK,#3 CYLINDER AFT,BAFFLE RIVETS,SHEARED,,REMOVED & REPLACED RIVETS.,,,RIVETS,REMOVED & REPLACED,
105808,#3 CYLINDER LOW COMPRESSION (48/80).,OK,#3 CYLINDER,,COMPRESSION,,GROUND VALVES & STARTED GRINDING VALVE SEATS.,,,"VALVES, VALVE SEATS",GROUNDED & STARTED GRINDING,
105809,"LOOSE RIVETS, R/H FORWARD BAFFLE SEAL.",OK,R/H FORWARD,BAFFLE SEAL RIVETS,LOOSE,,REMOVED RIVETS & REPLACED WITH NUTS & SCREWS.,,NUTS & SCREWS,"RIVETS, NUTS & SCREWS",REMOVED & REPLACED,
105810,#3 CYLINDER LOW COMPRESSION (48/80).,OK,#3 CYLINDER,,COMPRESSION,,"PERFORMED COMPRESSION TEST, FOUND #3 CYLINDER @ 48 PSI. STAK",,,"COMPRESSION , CYLINDER","TEST , FOUND",#3 CYLINDER @ 48 PSI
105811,#3 CYLINDER LOW COMPRESSION (48/80).,OK,#3 CYLINDER,,COMPRESSION,,FINISHED GROUNDING VALVE SEATS & FITTING VALVES INTO SE,,,"VALVE SEATS, VALVES",GROUNDED & FITTED,
105812,#3 CYLINDER LOW COMPRESSION (48/80).,OK,#3 CYLINDER,,COMPRESSION,,INSTALLED BAFFLES & ALL NECESSARY PARTS FOR #3 CYLINDER,,,"BAFFLES, PARTS",INSTALLED,
105813,L/H ENGINE #2 INTAKE LEAKS.,OK,L/H ENGINE #2,INTAKE,LEAKS,,REPLACED GASKET.,,,GASKET,REPLACED,
105814,#4 ROCKER BOX COVER LEAKING.,OK,#4,ROCKER BOX COVER,LEAKING,,REMOVED & REPLACED GASKET.,,,GASKET,REMOVED & REPLACED,
105815,#2 & 4 INTAKES LEAKING ON R/H ENGINE.,OK,#2 & 4 ON R/H ENGINE,INTAKES,LEAKING,,REMOVED & REPLACED GASKETS.,,,GASKETS,REMOVED & REPLACED,
105816,"INTAKES 2, 3 & 4 LEAKING ON L/H ENGINE.",OK,"2, 3 & 4 ON L/H ENGINE",INTAKES,LEAKING,,REMOVED & REPLACED GASKETS.,,,GASKETS,REMOVED & REPLACED,
105817,#1 INTAKE LEAKING.,OK,#1,INTAKE,LEAKING,,REMOVED & REPLACED GASKET.,,,GASKET,REMOVED & REPLACED,
105818,#4 CYLINDER COMPRESSION @ 45/80.,OK,#4 CYLINDER,,COMPRESSION,,OPS & LEAK CHECK GOOD.,,,OPS & LEAK,CHECK,
105819,#4 CYLINDER COMPRESSION @ 45/80.,OK,#4 CYLINDER,,COMPRESSION,,FOUND EXHAUST VALVE BURNT & GUIDE WORN.,,,"EXHAUST VALVE, GUIDE",BURNT & WORN,
105820,#4 CYLINDER COMPRESSION @ 45/80.,OK,#4 CYLINDER,,COMPRESSION,,STAKED VALVES. CYLINDER STAYED @ 45/80. REMOVED BAFFLES,,,"VALVES, BAFFLES","STAKED, REMOVED",
105821,#4 CYLINDER COMPRESSION @ 45/80.,OK,#4 CYLINDER,,COMPRESSION,,INSTALLED NEW CYLINDER ASSEMBLY & TORQUED TO CASE. DRY TAPPET CL,,NEW,"CYLINDER ASSEMBLY, TAPPET","INSTALLED & TORQUED, DRY",
105822,UNABLE TO START L/H ENGINE.,OK,L/H ENGINE,,UNABLE TO START,,STARTED ENGINE & WARMED. INSTALLED ENGINE BLANKET.,,,"ENGINE, ENGINE BLANKET","STARTED & WARMED, INSTALLED",
105823,L/H ENGINE #4 INTAKE GASKET LEAKING.,OK,L/H ENGINE #4,INTAKE GASKET,LEAKING,,INSTALLED NEW INTAKE GASKET.,,NEW,INTAKE GASKET,INSTALLED,
105824,"R/H ENGINE #3, 4 INTAKE GASKETS LEAKING.",OK,"R/H ENGINE #3, 4",INTAKE GASKETS,LEAKING,,REMOVED & REPLACED INTAKE GASKETS.,,,INTAKE GASKETS,REMOVED & REPLACED,
105825,ROCKER COVER SCREW MISSING.,OK,#2 CYL,ROCKER COVER SCREW,MISSING,,INSTALLED ROCKER COVER SCREW ON #2 CYL.,,,SCREW,INSTALLED,
105826,EVIDENCE OF SEEPAGE @ #3 PUSH ROD EXHAUST TUBE.,OK,#3,PUSH ROD EXHAUST TUBE,SEEPAGE,,LEAK CHECK GOOD.,,,LEAK,CHECK,
105827,EVIDENCE OF SEEPAGE @ #3 PUSH ROD EXHAUST TUBE.,OK,#3,PUSH ROD EXHAUST TUBE,SEEPAGE,,REPLACED EXHAUST PUSH ROD TUBE SEALS.,,REPLACE,EXHAUST PUSH ROD TUBE SEALS,REPLACED,
105828,#2 ROCKER COVER LEAKING.,OK,#2,ROCKER COVER,LEAKING,,REMOVED & REPLACED GASKET.,,,GASKET,REMOVED & REPLACED,
105829,#3 INTAKE LEAKING ON R/H ENGINE.,OK,#3 ON R/H ENGINE,INTAKE,LEAKING,,REMOVED & REPLACED GASKET.,,,GASKET,REMOVED & REPLACED,
105830,#3 ROCKER GASKET IS LEAKING.,OK,#3,ROCKER GASKET,LEAKING,,REPLACED GASKET.,,,GASKET,REPLACED,
105831,BOTH SIDE BAFFLES NEED BAFFLE PLUG PATCHES.,OK,BOTH SIDE,BAFFLE PLUG PATCHES,NEED PROBLEM,,INSTALLED PATCHES.,,,PATCHES,INSTALLED,
105832,#1 FRONT BAFFLE SEAL IS LOOSE.,OK,#1 FRONT,BAFFLE SEAL,LOOSE,,SECURED BAFFLE SEAL WITH POP RIVETS.,,,BAFFLE SEAL,SECURED,
105833,#2 & 4 INTAKES LEAKING ON L/H ENGINE.,OK,#2 & 4 ON L/H ENGINE,INTAKES,LEAKING,,REMOVED & REPLACED GASKETS.,,,GASKETS,REMOVED & REPLACED,
105834,ROUGH ENGINE.,OK,ENGINE,,ROUGH,,"RAN A/C, WARMED TO OPERATING TEMPERATURE, NO DEFECTS NO",,,A/C,RAN & WARMED,
105835,"DURING RUN UP, L/H MAGNETOS DROP OUTSIDE OF STANDARDS. WAS ABLE T",OK,L/H,MAGNETOS,DROP,,"RAN UP A/C, AT MULTIPLE POWER SETTINGS, NO DEFECTS NOTE",,,A/C,RAN,
105836,"DURING START UP, ENGINE STARTED BUT RAN VERY ROUGH & WOULD N",OK,ENGINE,,ROUGH,,"RAN A/C, CONFIRMED DISCREP. PERFORMED COMPRESSION CHECK",,,"A/C, DISCREP, COMPRESSION","RAN, CONFIRMED, CHECK",
105837,"DURING START UP, ENGINE STARTED BUT RAN VERY ROUGH & WOULD N",OK,ENGINE,,ROUGH,,DISASSEMBLED EXHAUST VALVES & SPRINGS. REAMED EXHAUST G,,,"EXHAUST VALVES & SPRINGS, EXHAUST","DISASSEMBLED, REAMED",
105838,"BAFFLE TIE ROD BROKEN, LEFT SIDE.",OK,LEFT SIDE,BAFFLE TIE ROD,BROKEN,,REPLACED BAFFLE TIE ROD.,,,BAFFLE TIE ROD,REPLACED,
105839,OIL PRESSURE READ 100-105 PSI IN TRAFFIC PATTERN.,OK,TRAFFIC PATTERN,OIL PRESSURE,PSI,,"COMPLETED ENGINE ASSEMBLY, SERVICED WITH OIL.",,,"ENGINE, OIL","COMPLETED, SERVICED",
105840,OIL PRESSURE READ 100-105 PSI IN TRAFFIC PATTERN.,OK,TRAFFIC PATTERN,OIL PRESSURE,PSI,,DISASSEMBLED ENGINE TO ALLOW ACCESS TO ACCESSORY CASE.,,,ENGINE,DISASSEMBLED,
105841,OIL PRESSURE READ 100-105 PSI IN TRAFFIC PATTERN.,OK,TRAFFIC PATTERN,OIL PRESSURE,PSI,,INSTALLED SERVICEABLE ACCESSORY CASE. TORQUED TO ENGINE,,SERVICEABLE,"ACCESSORY CASE, ENGINE","INSTALLED, TORQUED",
105842,OIL PRESSURE READ 100-105 PSI IN TRAFFIC PATTERN.,OK,TRAFFIC PATTERN,OIL PRESSURE,PSI,,"RAN A/C, OPS & LEAK CHECK GOOD. OIL PRESSURE 89 PSI @ FULL",,,"A/C, OPS & LEAK","RAN , CHECK",
105843,"ON FLIGHT, L/H ALTERNATOR INDICATES ZERO.",OK,L/H ALTERNATOR,ALTERNATOR,ZERO,,"RAN A/C, ALTERNATORS CHECK NORMALLY.",,,"A/C, ALTERNATORS","RAN, CHECK",
105844,CYLINDER #2 INTAKE GASKET LEAKING.,OK,CYLINDER #2,INTAKE GASKET,LEAKING,,REPLACED GASKET.,,,GASKET,REPLACED,
105845,#3 CYLINDER EXHAUST PUSH ROD SHROUD NEEDS NEW ADEL CLAMP.,OK,#3 CYLINDER,EXHAUST PUSH ROD SHROUD,NEED PROBLEM,,REMOVED & REPLACED CLAMP.,,NEW,CLAMP,REMOVED & REPLACED,
105846,NEED BOTH PUSH ROD SHROUD TUBE SEALS.,DIFFICULT,,,,,REMOVED 2 PUSH ROD SHROUD TUBE SEALS FROM OVERHAUL KIT.,,,PUSH ROD SHROUD TUBE SEALS,REMOVED,
105847,"ENGINE RAN ROUDH, IDLE LOW, WOULDN'T GO TO FULL POWER.",OK,ENGINE,IDLE,"ROUGH , LOW , WOULDN'T GO TO FULL POWER",,GROUND & LAPPED INTAKE VALVE & SEAT. INSTALLED CYLINDER NUTS,,,"INTAKE VALVE & SEAT, CYLINDER NUTS","GROUNDED & LAPPED, INSTALLED",
105848,"ENGINE RAN ROUDH, IDLE LOW, WOULDN'T GO TO FULL POWER.",OK,ENGINE,IDLE,"ROUGH , LOW , WOULDN'T GO TO FULL POWER",,"PERFORMED COMPRESSION TEST, FOUND #3 CYLINDER TO HAVE LOW CO",,,COMPRESSION,TEST,
105849,"ENGINE RAN ROUDH, IDLE LOW, WOULDN'T GO TO FULL POWER.",OK,ENGINE,IDLE,"ROUGH , LOW , WOULDN'T GO TO FULL POWER",,FINISHED CYLINDER INSTALLATION. PERFORMED DRY TAPPET CL,,,"CYLINDER, TAPPET","FINISHED INSTALLATION, PERFORMED",
105850,"R/H ENGINE #2, 3, 4 INTAKE GASKETS LEAKING.",OK,"R/H ENGINE #2, 3, 4",INTAKE GASKETS,LEAKING,,REPLACED GASKETS.,,,GASKETS,REPLACED,
105851,"L/H ENGINE #2, 3, 4 INTAKE GASKETS ARE LEAKING.",OK,"L/H ENGINE #2, 3, 4",INTAKE GASKETS,LEAKING,,REPLACED GASKETS.,,,GASKETS,REPLACED,
105852,R/H ENGINE #4 CYLINDER COMPRESSION 40/80.,OK,R/H ENGINE #4 CYLINDER,,COMPRESSION,,REMOVED CYLINDER. DRAINED & CLEANED LIFTERS.,,,"CYLINDER, LIFTERS","REMOVED , DRAINED & CLEANED",
105853,R/H ENGINE #4 CYLINDER COMPRESSION 40/80.,OK,R/H ENGINE #4 CYLINDER,,COMPRESSION,,INSTALLED NEW CYLINDER ASSY. BEGAN INSTALLING BAFFLES.,,NEW,"CYLINDER ASSY, BAFFLES","INSTALLED, BEGAN INSTALLING",
105854,R/H ENGINE #3 CYLINDER COMPRESSION 59/80.,OK,R/H ENGINE #3 CYLINDER,,COMPRESSION,,REMOVED BAFFLES & CYLINDER. DRAINED & CLEANED LIFTERS.,,,"BAFFLES, CYLINDER, LIFTERS","REMOVED , DRAINED & CLEANED",
105855,R/H ENGINE #3 CYLINDER COMPRESSION 59/80.,OK,R/H ENGINE #3 CYLINDER,,COMPRESSION,,INSTALLED NEW CYLINDER ASSY. BEGAN INSTALLING BAFFLES.,,NEW,"CYLINDER ASSY, BAFFLES","INSTALLED, BEGAN INSTALLING",
105856,R/H ENGINE #3 CYLINDER COMPRESSION 59/80.,OK,R/H ENGINE #3 CYLINDER,,COMPRESSION,,COMPLETED INSTALLATION OF BAFFLES & EXHAUST SYSTEM. RAN,,,"BAFFLES, EXHAUST SYSTEM, A/C","INSTALLED, RAN",
105857,R/H ENGINE #4 CYLINDER COMPRESSION 40/80.,OK,R/H ENGINE #4 CYLINDER,,COMPRESSION,,"COMPLETED INSTALLATION OF BAFFLES & EXHAUST. RAN ENG, O",,,"BAFFLES, EXHAUST, ENG","INSTALLATION, RAN",
105858,L/H BAFFLE PLUG BROKEN.,OK,L/H,BAFFLE PLUG,BROKEN,,REMOVED & REPLACED WITH NEW PLUG.,,NEW,PLUG,REMOVED & REPLACED,
105859,"DURING ENGINE START, ENGINE WAS RUNNING VERY ROUGH. WENT THR",OK,ENGINE,,ROUGH,,LEAK & OPS CHECK GOOD.,,,LEAK,CHECK,
105860,"DURING ENGINE START, ENGINE WAS RUNNING VERY ROUGH. WENT THR",OK,ENGINE,,ROUGH,,"RAN UP A/C, CONFIRMED DISCREP. REVIEWED FDM DATA, FOUND",,,"A/C , FDM DATA","RAN , CONFIRMED , REVIEWED",
105861,"DURING ENGINE START, ENGINE WAS RUNNING VERY ROUGH. WENT THR",OK,ENGINE,,ROUGH,,"REAMED REMAINING CYLINDER EXHAUST GUIDES & REASSEMBLED, INST",,,CYLINDER EXHAUST GUIDES,REAMED & REASSEMBLED,
105862,SNIFFLER VALVES DIRTY.,OK,,SNIFFLER VALVES,DIRTY,,CLEANED SNIFFLER VALVES.,,,SNIFFLER VALVES,CLEANED,
105863,#2 INTAKE LEAKING.,OK,#2,INTAKE,LEAKING,,REMOVED & REPLACED GASKET.,,,GASKET,REMOVED & REPLACED,
105864,FRONT CRANKSHAFT OIL PLUG LEAKING.,OK,FRONT,CRANKSHAFT OIL PLUG,LEAKING,,LEAK CHECK GOOD.,,,LEAK,CHECK,
105865,BAFFLE TIE ON R/H BOTTOM SIDE BROKEN.,OK,R/H BOTTOM SIDE,BAFFLE TIE,BROKEN,,REMOVED & REPLACED BAFFLE TIE.,,,BAFFLE TIE,REMOVED & REPLACED,
105866,FRONT CRANKSHAFT OIL PLUG LEAKING.,OK,FRONT,CRANKSHAFT OIL PLUG,LEAKING,,"REMOVED PROP, REMOVED & REPLACED FORWARD CRANKSHAFT SEAL. R",,,"PROP, FORWARD CRANKSHAFT SEAL","REMOVED , REMOVED & REPLACED",
105867,#1 INTAKE LEAKING.,OK,#1,INTAKE,LEAKING,,REMOVED & REPLACED GASKET.,,,GASKET,REMOVED & REPLACED,
105868,#3 INTAKE GASKET LEAKING.,OK,#3,INTAKE GASKET,LEAKING,,INSTALLED NEW GASKET.,,NEW,GASKET,INSTALLED,
105869,BAFFLE PLUGS TANGS BROKEN.,OK,,BAFFLE PLUGS TANGS,BROKEN,,INSTALLED NEW BAFFLE PLUGS.,,NEW,BAFFLE PLUGS,INSTALLED,
105870,#3 INTAKE LEAKING ON R/H ENGINE.,OK,#3 ON R/H ENGINE,INTAKE,LEAKING,,REMOVED & REPLACED GASKET.,,,GASKET,REMOVED & REPLACED,
105871,#4 INTAKE LEAKING ON L/H ENGINE.,OK,#4 ON L/H ENGINE,INTAKE,LEAKING,,REMOVED & REPLACED GASKET.,,,GASKET,REMOVED & REPLACED,
105872,SNIFFLER VALVES DIRTY.,OK,,SNIFFLER VALVES,DIRTY,,CLEANED BOTH SNIFFLER VALVES.,,,SNIFFLER VALVES,CLEANED,
105873,#2 INTAKE LEAKING.,OK,#2,INTAKE,LEAKING,,REMOVED & REPLACED GASKET.,,,GASKET,REMOVED & REPLACED,
105874,"ENGINE RUNNING ROUGH ON TAKEOFF, CRUISE, CLIMB. WENT THROUGH",OK,ENGINE,,ROUGH,,"GROUND RAN A/C, COULD NOT DUPLICATE DISCREP. MAINTENANC",,,A/C,RAN,
105875,COMPRESSOR WASH REQUIRED.,OK,,COMPRESSOR,REQUIRE PROBLEM,,REMOVED R/H P3 FILTER & CAPPED LINES.,,,"P3 FILTER, LINES",REMOVED & CAPPED,
105876,COMPRESSOR WASH REQUIRED.,OK,,COMPRESSOR,REQUIRE PROBLEM,,REMOVED L/H P3 FILTER & CAPPED LINES.,,,"P3 FILTER, LINES",REMOVED & CAPPED,
105877,"ENGINE STARTED NORMAL & IDLED NORMAL, BUT WHEN BROUGHT UP TO",DIFFICULT,,,,,"DISASSEMBLED BAFFLES, INSPECTED & FOUND #1, 3 EXHAUST V",,,"BAFFLES, EXHAUST V","DISASSEMBLED , INSPECTED & FOUND",
105878,MISSING HARDWARE ON R/H BAFFLE & MUFFLER.,OK,R/H,BAFFLE & MUFFLER HARDWARE,MISSING,,REPLACED MISSING HARDWARE ON MUFFLER BAFFLE.,,,HARDWARE MUFFLER BAFFLE,REPLACED,
105879,#4 INTAKE TUBE LEAKING @ SUMP.,OK,#4,INTAKE TUBE,LEAKING,,LEAK CHECK GOOD.,,,LEAK,CHECK,
105880,#4 INTAKE TUBE LEAKING @ SUMP.,OK,#4,INTAKE TUBE,LEAKING,,SWEDGED INTAKE IAW LYCOMING DIRECT DRIVE MANUAL. INSTAL,,,INTAKE,SWEDGED & INSTALLED,
105881,L/H ENGINE #3 INTAKE LEAKING.,OK,L/H ENGINE #3,INTAKE,LEAKING,,REMOVED & REPLACED INTAKE GASKET.,,,INTAKE GASKET,REMOVED & REPLACED,
105882,R/H ENGINE #3 ROCKER BOX COVER GASKET LEAKING.,OK,R/H ENGINE #3,ROCKER BOX COVER GASKET,LEAKING,,REMOVED & REPLACED GASKET WITH NEW SILICONE GASKET.,,NEW SILICONE,GASKET,REMOVED & REPLACED,
105883,CYLINDER #2 SUSPECTED OIL LEAK AT BASE.,OK,CYLINDER #2,,LEAK,,LEAK CHECK GOOD.,,,LEAK,CHECK,
105884,CYLINDER #2 SUSPECTED OIL LEAK AT BASE.,OK,CYLINDER #2,,LEAK,,RETORQUED #2 CYLINDER BASE NUTS.,,,CYLINDER BASE NUTS,RETORQUED,
105885,MULTIPLE ZIP TIES ON ENGINE MOUNT.,OK,ENGINE,MOUNT,ZIP TIES,,REMOVED TIES & INSTALLED LACING CORD.,,LACING CORD,"TIES,LACING CORD",REMOVED & INSTALLED,
105886,"DURING PREFLIGHT, FOUND OIL LEAKING OUT FROM L/H SIDE OF ENGINE",OK,L/H SIDE OF ENGINE,OIL,LEAKING,,FOUND OIL LEAKING FROM #2 & 4 ROCKER COVERS. REPLACED R,,,ROCKER COVERS,FOUND & REPLACED,OIL LEAKING FROM #2 & 4 ROCKER COVERS
105887,#2 CYLINDER INTAKE TUBE BOLT BROKEN.,OK,#2 CYLINDER,INTAKE TUBE BOLT,BROKEN,,REMOVED BROKEN BOLT.,,,BOLT,REMOVED,
105888,SPARK PLUG BAFFLE PLUGS MISSING.,OK,,SPARK PLUG BAFFLE PLUGS,MISSING,,INSTALLED NEW PLUGS.,,NEW,PLUGS,INSTALLED,
105889,#1 CYLINDER CRACKED.,OK,#1 CYLINDER,,CRACKED,,FOR ENGINE REPLACEMENT.,,,ENGINE,REPLACEMENT,
105890,#4 INTAKE LEAKING.,OK,#4,INTAKE,LEAKING,,REMOVED & REPLACED GASKET.,,,GASKET,REMOVED & REPLACED,
105891,INTAKE #4 LEAKING ON R/H ENGINE.,OK,#4 R/H ON ENGINE,INTAKE,LEAKING,,REMOVED & REPLACED GASKET.,,,GASKET,REMOVED & REPLACED,
105892,"INTAKES 2, 3 & 4 LEAKING ON L/H ENGINE.",OK,"2, 3 & 4 ON L/H ENGINE",INTAKES,LEAKING,,REMOVED & REPLACED GASKETS.,,,GASKETS,REMOVED & REPLACED,
105893,"AFTER LANDING, BROUGHT POWER TO IDLE, RPM GOT AS LOW AS 530,",OK,,,RPM,,"PERFORMED GROUND RUN, ENGINE OPERATED GOOD. NO DEFECTS",,,,GROUND RUN,
105894,CYLINDER 3 OR 4 HAS A STUCK EXHAUST VALVE.,OK,CYLINDER 3 OR 4,EXHAUST VALVE,STUCK,,RAN UP A/C & INSTALLED COWL. OPS & LEAK CHECK GOOD.,,,"A/C,COWL, OPS & LEAK","RAN , INSTALLED , CHECK",
105895,CYLINDER 3 OR 4 HAS A STUCK EXHAUST VALVE.,OK,CYLINDER 3 OR 4,EXHAUST VALVE,STUCK,,"PERFORMED COMPRESSION TEST, VERIFIED #4 CYLINDER HAS ZERO CO",,,"COMPRESSION, CYLINDER","TEST , VERIFIED",
105896,CYLINDER 3 OR 4 HAS A STUCK EXHAUST VALVE.,OK,CYLINDER 3 OR 4,EXHAUST VALVE,STUCK,,REAMED #4 CYLINDER EXHAUST GUIDE. DRY TAPPET CLEARANCE CHECK GO,,,"CYLINDER EXHAUST GUIDE,TAPPET CLEARANCE","REAMED,CHECK",
105897,#3 INTAKE TUBE GASKET LEAKING.,OK,#3,INTAKE TUBE GASKET,LEAKING,,INSTALLED NEW GASKET.,,NEW,GASKET,INSTALLED,
105898,#1 & 3 ROCKER BOX COVER GASKETS LEAKING.,OK,#1 & 3,ROCKER BOX COVER GASKETS,LEAKING,,INSTALLED NEW GASKETS.,,NEW,GASKETS,INSTALLED,
105899,ACCESSORY HOUSING/VACUUM ADAPTER GASKET LEAKING.,OK,,ACCESSORY HOUSING/VACUUM ADAPTER GASKET,LEAKING,,INSTALLED NEW GASKET.,,NEW,GASKET,INSTALLED,
105900,AIRCRAFT IN GRAFTON. FLAMES ON START UP & BURNED/SOOTED COWL,OK,AIRCRAFT IN GRAFTON,COWL,BURNED,,"DROVE TO GRAFTON & INSPECTED A/C, MUFFLER & AIR INTAKE",,,"A/C, MUFFLER, AIR INTAKE",INSPECTED,
105901,R/H ENGINE #3 INTAKE LEAKING.,OK,R/H ENGINE #3,INTAKE,LEAKING,,REPLACED GASKET.,,,GASKET,REPLACED,
105902,L/H ENGINE #3 INTAKE LEAKING.,OK,L/H ENGINE #3,INTAKE,LEAKING,,REMOVED & REPLACED INTAKE GASKET.,,,INTAKE GASKET,REMOVED & REPLACED,
105903,R/H ENGINE #3 ROCKER COVER LEAKING.,OK,R/H ENGINE #3,ROCKER COVER,LEAKING,,REPLACED ROCKER COVER GASKET.,,,ROCKER COVER GASKET,REPLACED,
105904,#2 INTAKE LEAKING.,OK,#2,INTAKE,LEAKING,,REMOVED & REPLACED GASKET.,,,GASKET,REMOVED & REPLACED,
105905,"BAFFLE BY CASE SPLIT, CRACKED.",OK,CASE SPLIT,BAFFLE,CRACKED,,FABRICATED BAFFLE CONNECTOR PLATE FROM LIKE MATERIAL &,,LIKE MATERIAL,BAFFLE CONNECTOR PLATE,FABRICATED,
105906,CYLINDER #3 INTAKE GASKET LEAKING.,OK,CYLINDER #3,INTAKE GASKET,LEAKING,,REMOVED & REPLACED GASKET.,,,GASKET,REMOVED & REPLACED,
105907,LOWER BOLT (O/B) FOR OIL COOLER FLANGE LOOSE CRACKED.,OK,LOWER,OIL COOLER FLANGE BOLT (O/B),LOOSE CRACKED,,CLEANED & INSP - NO CRACKS. ASSEBLED BOLT BACK IN PLACE,,,BOLT,"CLEANED & INSPECTED, ASSEMBLED",
105908,R/H ENGINE CYLINDER #3 INTAKE GASKET LEAKING.,OK,R/H ENGINE CYLINDER #3,INTAKE GASKET,LEAKING,,INSTALLED NEW GASKET.,,NEW,GASKET,INSTALLED,
105909,LONG BAFFLE TIE ROD CRACKED.,OK,,BAFFLE TIE ROD,CRACKED,,REPLACED BAFFLE TIE ROD.,,,BAFFLE TIE ROD,REPLACED,
105910,ENGINE VERY ROUGH AFTER START - DOES NOT RUN AT IDLE.,OK,ENGINE,,ROUGH,,COMPLETED REASSEMBLY.,,,,COMPLETED,
105911,ENGINE VERY ROUGH AFTER START - DOES NOT RUN AT IDLE.,OK,ENGINE,,ROUGH,,"RAN A/C, OPS & LEAK CHECK GOOD.",,,"A/C, OPS & LEAK","RAN , CHECK",
105912,ENGINE VERY ROUGH AFTER START - DOES NOT RUN AT IDLE.,OK,ENGINE,,ROUGH,,"RAN A/C, VERIFIED ENGINE RUNS ROUGH.",,,"A/C, ENGINE","RAN, VERIFIED",
105913,ENGINE VERY ROUGH AFTER START - DOES NOT RUN AT IDLE.,OK,ENGINE,,ROUGH,,"PERFORMED COMPRESSION TEST, FOUND #4 CYLINDER 0/80. BORESCOP",,,"COMPRESSION , CYLINDER","TEST , FOUND",
105914,ENGINE VERY ROUGH AFTER START - DOES NOT RUN AT IDLE.,OK,ENGINE,,ROUGH,,"REPLACED #4 CYLINDER WITH NEW ASSY, TORQUED TO CASE. DRY TAPPE",,NEW ASSY,#4 CYLINDER,REPLACED & TORQUED,
105915,PILOT REQUIRES START ASSIST.,OK,,,REQUIRE PROBLEM,,STARTED A/C.,,,A/C,STARTED,
105916,MANUFACTURER REQUESTED CONNECTING ROD EXCHANGE.,DIFFICULT,,,,,CONTINUED REASSEMBLY.,,,,,
105917,MANUFACTURER REQUESTED CONNECTING ROD EXCHANGE.,DIFFICULT,,,,,REMOVED COWL/EXHAUST-WIRING.,,,"COWL, EXHAUST-WIRING",REMOVED,
105918,MANUFACTURER REQUESTED CONNECTING ROD EXCHANGE.,DIFFICULT,,,,,REMOVED REMAINING BAFFLES. REMOVED CYLINDERS & CONNECTI,,,"BAFFLES, CYLINDERS, CONNECTING ROD","REMOVED, REMOVED",
105919,MANUFACTURER REQUESTED CONNECTING ROD EXCHANGE.,DIFFICULT,,,,,BEGAN ASSEMBLY OF ENGINE BY INSTALLED NEW CONNECTING RODS &,,NEW,CONNECTING RODS,INSTALLED,
105920,MANUFACTURER REQUESTED CONNECTING ROD EXCHANGE.,DIFFICULT,,,,,FOR COMPLETION OF ROCKER INSTALLATION. ASSEMBLY C,,,,,
105921,"#3 EX, #4 IN, #4 EX PUSH ROD TIPS GALLED & ROCKER ARMS.",OK,"#3 EX, #4 IN, #4 EX","PUSH ROD TIPS, ROCKER ARMS",GALLED,,INSTALLED NEW PUSH RODS. WAITING ON ROCKER ARMS.,,NEW,"PUSH RODS, ROCKER ARMS","INSTALLED, WAITING",
105922,"#3 EX, #4 IN, #4 EX PUSH ROD TIPS GALLED & ROCKER ARMS.",OK,"#3 EX, #4 IN, #4 EX","PUSH ROD TIPS, ROCKER ARMS",GALLED,,COMPLETED INSTALLATION OF ROCKER ARMS (DRY CLEARANCE OK,,,ROCKER ARMS,COMPLETED INSTALLATION,
105923,ENGINE RUNS ROUGH ON RUN UP.,OK,ENGINE,,ROUGH,,ENGINE RUN SMOOTH ON RUN UP. OPS & LEAK CHECK GOOD.,,,OPS & LEAK,CHECK,
105924,ENGINE RUNS ROUGH ON RUN UP.,OK,ENGINE,,ROUGH,,"REAMED ALL 4 EXHAUST VALVES, CLEARANCES CHECK GOOD; CYLINDER",,,"EXHAUST VALVES, CLEARANCES","REAMED, CHECK",
105925,#2 INTAKE LEAKING.,OK,#2,INTAKE,LEAKING,,REMOVED & REPLACED GASKET.,,,GASKET,REMOVED & REPLACED,
105926,ENGINE WOULD SPUTTER WHEN GOING FROM IDLE TO FULL THROTTLE.,OK,ENGINE,,SPUTTER,,"RAN UP A/C, WARMED TO OPERATING TEMP. NO DEFECTS NOTED.",,,A/C,RAN & WARMED,
105927,"ROUGH RUNNING ENGINE IN FLIGHT. PARTIAL POWER LOSS, LITTLE T",OK,ENGINE,,ROUGH & POWER PROBLEM,,REMOVED COWL & SPARK PLUG LEADS. OBSERVED CRACK ACROSS,,,COWL &SPARK PLUG LEADS,"REMOVED , OBSERVED",
105928,"ROUGH RUNNING ENGINE IN FLIGHT. PARTIAL POWER LOSS, LITTLE T",OK,ENGINE,,ROUGH & POWER PROBLEM,,COMPLETED TRANSFERRING SERVICEABLE COMPONENTS. INSTALLE,,,,,
105929,"ROUGH RUNNING ENGINE IN FLIGHT. PARTIAL POWER LOSS, LITTLE T",OK,ENGINE,,ROUGH & POWER PROBLEM,,REMOVED ENGINE IAW MM. STARTED TRANSFERRING COMPRESSOR,,,"ENGINE, COMPRESSOR","REMOVED, STARTED TRANSFERRING",
105930,"ROUGH RUNNING ENGINE IN FLIGHT. PARTIAL POWER LOSS, LITTLE T",OK,ENGINE,,ROUGH & POWER PROBLEM,,REMOVED SPARK PLUGS. SERVICED WITH 8 QTS MINERAL OIL. PRE,,,"SPARK PLUGS, OIL","REMOVED, SERVICED",
105931,"ROUGH RUNNING ENGINE IN FLIGHT. PARTIAL POWER LOSS, LITTLE T",OK,ENGINE,,ROUGH & POWER PROBLEM,,"COMPLETED ROUTING & SECURING LINES, WIRES, CABLES & HOS",,,"LINES, WIRES, CABLES & HOSES",COMPLETED ROUTING & SECURING,
105932,#4 CYLINDER RUNS COLD & ENGINE SHAKES VIOLENTLY.,OK,"#4 CYLINDER , ENGINE",,"RUNS COLD , SHAKES",,STARTED INSTALLATION OF NEW #4 CYLINDER. TORQUED BASE N,,NEW,"CYLINDER, BASE",INSTALLATION & TORQUED,
105933,#4 CYLINDER RUNS COLD & ENGINE SHAKES VIOLENTLY.,OK,"#4 CYLINDER , ENGINE",,"RUNS COLD , SHAKES",,"INSTALLED PUSH RODS, ROCKERS. TAPPET CLEARANCE CHECK OK",,,"PUSH RODS, ROCKERS, TAPPET CLEARANCE","INSTALLED, CHECK",
105934,R/H GOVERNOR IS STILL LEAKING,OK,R/H,GOVERNOR,LEAKING,,ALSO FOUND LIFT RING BOLT LEAKING OIL ON ENGINE CASE. R,,,LIFT RING BOLT,FOUND,LIFT RING BOLT LEAKING OIL ON ENGINE CASE
105935,NUT IS MISSING ON CYLINDER #3 AFT BAFFLE MOUNT.,OK,CYLINDER #3 AFT,BAFFLE MOUNT NUT,MISSING,,"REMOVED AFT CYLINDER #3 BAFFLE, PATCHED BAFFLE IAW SR",,,BAFFLE,REMOVED & PATCHED,
105936,R/H CARBURETOR HEAT SHROUD HAS A BROKEN TAB.,OK,R/H,CARBURETOR HEAT SHROUD TAB,BROKEN,,REMOVED & REPLACED CARBURETOR HEAT SHROUD.,,,CARBURETOR HEAT SHROUD,REMOVED & REPLACED,
105937,#2 & 4 INTAKE GASKETS LEAKING (L/H ENGINE).,OK,#2 & 4 (L/H ENGINE),INTAKE GASKETS,LEAKING,,REMOVED & REPLACED WITH NEW GASKETS.,,NEW,GASKETS,REMOVED & REPLACED,
105938,"1, 2, 4 ROCKER COVER GASKETS LEAKING (L/H ENGINE).",OK,"1, 2, 4 L/H ENGINE",ROCKER COVER GASKETS,LEAKING,,REMOVED & REPLACED GASKETS.,,,GASKETS,REMOVED & REPLACED,
105939,"ROUGHNESS ON R/H ENGINE. SUSPECT CARBURETOR ICE, BUT CARBURETOR HEAT DID",OK,R/H ENGINE,,ROUGHNESS,,PERFORMED COMPRESSION CHECK - ALL CYLINDERS WERE W/IN LIMI,,,"COMPRESSION , CYLINDER",CHECK,
105940,2 & 4 INTAKES LEAKING.,OK,2 & 4,INTAKES,LEAKING,,REPLACED GASKETS.,,,GASKETS,REPLACED,
105941,"IMMEDIATELY AFTER ENGINE START, HAD ENGINE ROUGHNESS.",OK,ENGINE,,ROUGHNESS,,"RAN A/C, NO ROUGHNESS NOTED. ALL CHECKS GOOD.",,,A/C,RAN,
105942,RIGHT ENGINE DIPSTICK TUBE SAFETY IS LOOSE.,OK,RIGHT ENGINE,DIPSTICK TUBE SAFETY,LOOSE,,TIGHTENED & RESAFETIED TUBE.,,,TUBE,TIGHTENED & RESAFETIED,
105943,RIGHT ENGINE CYLINDER #3 ROCKER COVER GASKET LEAKING.,OK,RIGHT ENGINE CYLINDER #3,ROCKER COVER GASKET,LEAKING,,REMOVED & REPLACED GASKET.,,,GASKET,REMOVED & REPLACED,
105944,HIGH FREQUENCY VIBRATION FELT WHILE RUNNING UP AT 2000 RPM.,OK,,,VIBRATION,,"RAN UP A/C, OPS & LEAK CHECK GOOD.",,,"A/C, OPS &  LEAK","RAN , CHECK",
105945,HIGH FREQUENCY VIBRATION FELT WHILE RUNNING UP AT 2000 RPM.,OK,,,VIBRATION,,FOUND NUMEROUS SPECKS OF NON-FERROUS METAL IN OIL. BEGA,,,,,
105946,HIGH FREQUENCY VIBRATION FELT WHILE RUNNING UP AT 2000 RPM.,OK,,,VIBRATION,,COMPLETED REMOVAL OF ENGINE. STARTED REMOVING BAFFLES &,,,"ENGINE, BAFFLES","REMOVAL, STARTED REMOVING",
105947,HIGH FREQUENCY VIBRATION FELT WHILE RUNNING UP AT 2000 RPM.,OK,,,VIBRATION,,BEGAN TRANSFERRING BAFFLES & FITTINGS TO O/H ENGINE,,,BAFFLES & FITTINGS,BEGAN TRANSFERRING,
105948,HIGH FREQUENCY VIBRATION FELT WHILE RUNNING UP AT 2000 RPM.,OK,,,VIBRATION,,COMPLETED BUILD UP OF O/H ENGINE. INSTALLED ENGNIE TO A,,,ENGINE,COMPLETED & INSTALLED,
105949,HIGH FREQUENCY VIBRATION FELT WHILE RUNNING UP AT 2000 RPM.,OK,,,VIBRATION,,"COMPLETED INSTALLATION OF FUEL, OIL & ELECTRICAL LINES.",,,"FUEL LINE,OIL LINE,ELECTRICAL LINE",INSTALLED,
105950,HIGH FREQUENCY VIBRATION FELT WHILE RUNNING UP AT 2000 RPM.,OK,,,VIBRATION,,"PRE-OILED OVERHAULED ENGINE. INSTALED SPARK PLUGS, LEAD",,,"ENGINE, SPARK PLUGS, LEAD","PRE-OILED OVERHAULED, INSTALLED",
105951,HIGH FREQUENCY VIBRATION FELT WHILE RUNNING UP AT 2000 RPM.,OK,,,VIBRATION,,INSTALLED COWLING. PERFORMED GROUND RUN. ADJUSTED IDLE,,,COWLING IDLE,"INSTALLED , GROUND RUN , ADJUSTED",
105952,#3 INTAKE GASKET IS LEAKING.,OK,#3,INTAKE GASKET,LEAKING,,REPLACED GASKET.,,,GASKET,REPLACED,
105953,L/H FORWARD BAFFLE SEAL LOOSE.,OK,L/H FORWARD,BAFFLE SEAL,LOOSE,,REATTACHED BAFFLE SEAL.,,,BAFFLE SEAL,REATTACHED,
105954,#4 OIL RETURN LINE HOSE CLAMP IS LOOSE.,OK,#4,OIL RETURN LINE HOSE CLAMP,LOOSE,,TIGHTENED LOOSE OIL RETURN LINE CLAMP.,,,OIL RETURN LINE CLAMP,TIGHTENED,
105955,L/H #2 FRONT BAFFLE HAS 2 WORN SEALS.,OK,L/H #2 FRONT,BAFFLE SEALS,WORN,,FABRICATED NEW SEALS & SECURED.,,NEW,SEALS,FABRICATED & SECURED,
105956,R/H ENGINE #3 INTAKE GASKET LEAKING.,OK,R/H ENGINE #3,INTAKE GASKET,LEAKING,,REMOVED & REPLACED WITH NEW GASKET.,,NEW,GASKET,REMOVED & REPLACED,
105957,"L/H ENGINE, ALL 4 INTAKE GASKETS ARE LEAKING.",OK,"L/H ENGINE, ALL 4",INTAKE GASKETS,LEAKING,,INSTALLED NEW INTAKE GASKETS.,,NEW,INTAKE GASKETS,INSTALLED,
105958,SMALL AMOUNT OF METAL FOUND IN R/H ENGINE OIL FILTER.,OK,R/H ENGINE,OIL FILTER,REQUIRE PROBLEM,,"IAW LYCOMING SI 1492D, OIL CHANGE & FILTER INSP REQUIRE",,,"OIL,FILTER",CHANGE & INSP,
105959,R/H AFT ENGINE BAFFLE MOUNTING SCREW LOOSE.,OK,R/H AFT ENGINE,BAFFLE MOUNTING SCREW,LOOSE,,TIGHTENED SCREW.,,,SCREW,TIGHTENED,
105960,#3 INTAKE LEAKING ON L/H ENGINE.,OK,#3 ON L/H ENGINE,INTAKE,LEAKING,,REMOVED & REPLACED GASKET.,,,GASKET,REMOVED & REPLACED,
105961,#2 & 4 CYLINDER INTAKE GASKETS ARE LEAKING.,OK,#2 & 4 CYLINDER,INTAKE GASKETS,LEAKING,,REMOVED & REPLACED GASKETS.,,,GASKETS,REMOVED & REPLACED,
105962,#4 INTAKE LEAKING.,OK,#4,INTAKE,LEAKING,,REMOVED & REPLACED GASKET.,,,GASKET,REMOVED & REPLACED,
105963,L/H ENGINE #4 INTAKE LEAKING.,OK,L/H ENGINE #4,INTAKE,LEAKING,,REMOVED & REPLACED WITH NEW GASKETS.,,NEW,GASKETS,REMOVED & REPLACED,
105964,#3 INTAKE GASKET LEAKING.,OK,#3,INTAKE GASKET,LEAKING,,INSTALLED NEW GASKET.,,NEW,GASKET,INSTALLED,
105965,#1 CYLINDER FORWARD BAFFLE SEAL HAS COME LOOSE.,OK,#1 CYLINDER FORWARD,BAFFLE SEAL,LOOSE,,RESECURED SEAL.,,,SEAL,RESECURED,
105966,#1 CYLINDER INTAKE GASKET IS LEAKING.,OK,#1 CYLINDER,INTAKE GASKET,LEAKING,,REMOVED & REPLACED GASKET.,,,GASKET,REMOVED & REPLACED,
105967,"#2, 3 & 4 CYLINDER ROCKER COVER GASKETS ARE LEAKING.",OK,"#2, 3 & 4 CYLINDER",ROCKER COVER GASKETS,LEAKING,,REMOVED & REPLACED GASKETS.,,,GASKETS,REMOVED & REPLACED,
105968,#3 INTAKE LEAKING ON R/H ENGINE.,OK,#3 ON R/H ENGINE,INTAKE,LEAKING,,REMOVED & REPLACED GASKET.,,,GASKET,REMOVED & REPLACED,
105969,R/H ENGINE #3 & 4 INTAKE GASKETS ARE LEAKING.,OK,R/H ENGINE #3 & 4,INTAKE GASKETS,LEAKING,,INSTALLED NEW GASKETS.,,NEW,GASKETS,INSTALLED,
105970,"3 ROCKERS & PUSH RODS SCORED (#2 IN, 2 EX, 3 EX).",OK,3,ROCKERS & PUSH RODS,SCORED,,REPLACED ROCKERS & PUSH RODS.,,,ROCKERS & PUSH RODS,REPLACED,
105971,"L/H ENGINE #4 CYLINDER IS CRACKED, FOUND ON COMPRESSION TEST.",OK,L/H ENGINE #4 CYLINDER,,CRACKED,,"REMOVED ALL CYLINDERS, REINSTALLED 4 NEW CYLINDERS. TOR",,NEW,CYLINDERS,REMOVED & REINSTALLED,
105972,"L/H ENGINE #4 CYLINDER IS CRACKED, FOUND ON COMPRESSION TEST.",OK,L/H ENGINE #4 CYLINDER,,CRACKED,,"INSTALLED REMAINING BAFFLES, INTAKE & EXHAUST. SERVICED",,,"BAFFLES, INTAKE, EXHAUST","INSTALLED, SERVICED",
105973,"L/H ENGINE #4 CYLINDER IS CRACKED, FOUND ON COMPRESSION TEST.",OK,L/H ENGINE #4 CYLINDER,,CRACKED,,"RAN A/C, OPS & LEAK CHECK GOOD. FOR BREAK",,,"A/C, OPS & LEAK","RAN , CHECK",
105974,"#1, 3, 4 INTAKE GASKETS LEAKING.",OK,"#1, 3, 4",INTAKE GASKETS,LEAKING,,REMOVED & REPLACED GASKETS.,,,GASKETS,REMOVED & REPLACED,
105975,#2 INTAKE IS LEAKING.,OK,#2,INTAKE,LEAKING,,REMOVED & REPLACED GASKET.,,,GASKET,REMOVED & REPLACED,
105976,"CYLINDER #1, 3 ROCKER DRAIN LINES LEAKING.",OK,"CYLINDER #1, 3",ROCKER DRAIN LINES,LEAKING,,TIGHTENED ROCKER DRAIN CLAMPS.,,,ROCKER DRAIN CLAMPS,TIGHTENED,
105977,ENGINE CHANGE REQUIRED.,OK,ENGINE,,REQUIRE PROBLEM,,COMPLETED INSTALLATION OF ENGINE & COMPONENTS. ROUTING,,NEW,"ENGINE, COMPONENTS",COMPLETED INSTALLATION,
105978,ENGINE CHANGE REQUIRED.,OK,ENGINE,,REQUIRE PROBLEM,,REMOVED OLD ENGINE & HUNG OVERHAULED ENGINE,,OVERHAULED,ENGINE,REMOVED & HUNG,
105979,ENGINE CHANGE REQUIRED.,OK,ENGINE,,REQUIRE PROBLEM,,RUN UP & LEAK CHECK GOOD. REINSTALLED COWLING.,,,"A/C, LEAK, COWLING","RAN, CHECK, REINSTALLED",
105980,ENGINE CHANGE REQUIRED.,OK,ENGINE,,REQUIRE PROBLEM,,SET ALTERNATOR BELT TENSION & SAFETIED. PRE-OILED ENGIN,,,"ALTERNATOR BELT, SAFETIE, ENGINE","SET & SET , PRE-OILED",
105981,BAFFLE TIE ROD IS CHAFING ON #4 OIL RETURN LINE.,OK,#4,BAFFLE TIE ROD,CHAFING,,REMOVED & REPLACED LINE. REPOSITIONED TIE ROD TO CREATE,,,"LINE,TIE ROD","REMOVED & REPLACED , REPOSITIONED",
105982,CRANKSHAFT FRONT SEAL NEEDS TO BE REPLACED.,OK,CRANKSHAFT FRONT,SEAL,NEED PROBLEM,,LEAK CHECK GOOD.,,,LEAK,CHECK,
105983,"#1, 4 ROCKER BOX GASKET NEEDS TO BE REPLACED.",OK,"#1, 4",ROCKER BOX GASKET,NEED PROBLEM,,REPLACED GASKETS.,,,GASKET,REPLACED,
105984,CRANKSHAFT FRONT SEAL NEEDS TO BE REPLACED.,OK,CRANKSHAFT FRONT,SEAL,NEED PROBLEM,,REPLACED FORWARD CRANKSHAFT SEAL.,,,CRANKSHAFT SEAL,REPLACED,
105985,"CRACKS ON ENGINE BAFFLE, AFT OF #3 CYL.",OK,ENGINE BAFFLE AFT OF #3 CYL,BAFFLE,CRACK,,STOP DRILLED CRACKS.,,,DRILLED CRACK,STOP,
105986,"UPON ENGINE START, NOTICED ENGINE WAS RUNNING EXTREMELY ROUG",OK,ENGINE,,ROUGH,,"RAN UP A/C, CLEARED SPARK PLUGS. COULD NOT DUPLICATE DI",,,"A/C, SPARK PLUGS",RAN & CLEARED,
105987,#1 CYLINDER COMPRESSION LOW.,OK,#1 CYLINDER,,COMPRESSION,,OPS & LEAK CHECK GOOD.,,,OPS & LEAK,CHECK,
105988,#1 CYLINDER COMPRESSION LOW.,OK,#1 CYLINDER,,COMPRESSION,,"REMOVED & REPLACED #1 CYLINDER, DUE TO BURNT EXHAUST VA",,,CYLINDER,REMOVED & REPLACED,
105989,#3 AFT BAFFLE TAB IS LOOSE.,OK,#3 AFT,BAFFLE TAB,LOOSE,,REMOVED BAFFLE. INSTALLED & TIGHTENED NEW HARDWARE. REI,,NEW,"BAFFLE, HARDWARE","REMOVED , INSTALLED & TIGHTENED",
105990,WRENCH ON CYLINDER #1,DIFFICULT,,,,,REMOVED WRENCH FROM CYLINDER #1,,,WRENCH,REMOVED,
105991,CYLINDER #4 INTAKE GASKETS IS LEAKING.,OK,CYLINDER #4,INTAKE GASKETS,LEAKING,,REMOVED & REPLACED GASKET.,,,GASKET,REMOVED & REPLACED,
105992,"INLET SCREEN COWL PANEL RUBBER UNSECURE, L/H ENGINE.",OK,L/H ENGINE,INLET SCREEN COWL PANEL RUBBER,UNSECURE,,"SECURED PANEL SEALS, L/H SIDE PANELS.",,,"PANEL SEALS, SIDE PANELS",SECURED,
105993,L/H ENGNIE O/B BULKHEAD HAS CRACK BY ATTACH HOLES FOR LOWER,OK,L/H ENGNIE O/B BULKHEAD,BULKHEAD,CRACK,,FABRICATED DOUBLER OUT OF 2024 T3 .040 ALUMINUM & RIVET,,2024 T3 .040 ALUMINUM,DOUBLER,FABRICATED & RIVET,
105994,INTAKES #2 & 3 LEAKING ON R/H ENGINE.,OK,#2 & 3 ON R/H ENGINE,INTAKES,LEAKING,,REMOVED & REPLACED GASKETS.,,,GASKETS,REMOVED & REPLACED,
105995,"INTAKES #2, 3 & 4 LEAKING ON L/H ENGINE.",OK,"#2, 3 & 4 ON L/H ENGINE",INTAKES,LEAKING,,REMOVED & REPLACED GASKETS.,,,GASKETS,REMOVED & REPLACED,
105996,"#2, 4 INTAKES LEAKING.",OK,"#2, 4",INTAKES,LEAKING,,REMOVED & REPLACE GASKETS.,,,GASKETS,REMOVED & REPLACE,
105997,"SCREW BEHIND DIPSTICK TUBE LOOSE, FOR BAFFLE.",OK,BEHIND DIPSTICK TUBE,SBAFFLE CREW,LOOSE,,TIGHTENED SCREW.,,,SCREW,TIGHTENED,
105998,#1 INTAKE LEAKING.,OK,#1,INTAKE,LEAKING,,REPLACED GASKET.,,,GASKET,REPLACED,
105999,LOWER ROCKER BOX SCREWS LOOSE ON CYLINDER 1 & 3.,OK,LOWER ON CYLINDER 1 & 3,ROCKER BOX SCREWS,LOOSE,,TIGHTENED SCREWS.,,,SCREWS,TIGHTENED,
106000,"ON ENGINE START UP, ENGINE MADE LOUD GRINDING NOISE, THAT DI",OK,ENGINE,,NOISE,,"REMOVED ACCESSORY CASE & OIL SUMP. CLEANED OUT FOD, INS",,,"ACCESSORY CASE, OIL SUMP, FOD","REMOVED, CLEANED",
106001,#2 INTAKE LEAKING.,OK,#2,INTAKE,LEAKING,,REMOVED & REPLACED GASKET.,,,GASKET,REMOVED & REPLACED,
106002,CYLINDER #3 INTAKE GASKET IS LEAKING.,OK,CYLINDER #3,INTAKE GASKET,LEAKING,,REPLACED GASKET.,,,GASKET,REPLACED,
106003,#4 INTAKE LEAKING.,OK,#4,INTAKE,LEAKING,,REPLACED INTAKE GASKET.,,,INTAKE GASKET,REPLACED,
106004,"SCREW FOUND ON GROUND DURING PAD CK, THAT WAS NOT THERE DURI",OK,GROUND,SCREW,FOUND,,REINSTALLED SCREW IN #4 ROCKER COVER.,,,SCREW,REINSTALLED,
106005,AUDIBLE RPM LOSS & ENGINE ROUGHNESS WHILE LEVELING IN DOWN W,OK,ENGINE,,"RPM , ROUGHNESS",,"PERFORMED COMPRESSION CK: CYLINDER #1-78, #2-75, #3-78, #4-7",,,COMPRESSION,CK,
106006,AIR BOX ELBOW HAS CRACK.,OK,,AIR BOX ELBOW,CRACK,,REMOVED ELBOW & REPLACED WITH SERVICEABLE.,,SERVICEABLE,ELBOW,REMOVED & REPLACED,
106007,BAFFLE ABOVE CYLINDER #1 IS CRACKED.,OK,ABOVE CYLINDER #1,BAFFLE,CRACKED,,STOP DRILLED CRACK.,,,DRILLED CRACK,STOP,
106008,L/H ENGINE #4 INTAKE LEAKING.,OK,L/H ENGINE #4,INTAKE,LEAKING,,REPLACED INTAKE GASKET.,,,INTAKE GASKET,REPLACED,
106009,R/H ENGINE CARBURETOR AIR BOX LOOSE.,OK,R/H ENGINE,CARBURETOR AIR BOX,LOOSE,,TIGHTENED BOLTS & SAFETIED.,,,BOLTS,TIGHTENED & SAFETIED,
106010,#1 INTAKE LEAKING.,OK,#1,INTAKE,LEAKING,,REMOVED & REPLACED GASKET.,,,GASKET,REMOVED & REPLACED,
106011,#4 INTAKE LEAKING.,OK,#4,INTAKE,LEAKING,,REMOVED & REPLACED GASKET.,,,GASKET,REMOVED & REPLACED,
106012,SCREW MISSING ON AFT R/H BAFFLE.,OK,AFT R/H,BAFFLE SCREW,MISSING,,INSTALLED NEW SCREW.,,NEW,SCREW,INSTALLED,
106013,"BAFFLE SCREW, BY OIL TUBE, LOOSE.",OK,BY OIL TUBE,BAFFLE SCREW,LOOSE,,TIGHTENED SCREW.,,,SCREW,TIGHTENED,
106014,BLACK FORWARD SEAL WEAR SPOTS FROM INTAKE.,OK,FORWARD,BLACK SEAL,WORN,,APPLIED RED RTV TO WORN SPOTS.,,,SPOTS,APPLIED,
106015,"FAULTY MAGNETOS ON RUN UP, RAN FAULTY MAGNETOS CHECK LIST 2 TIMES WITH SOME",OK,,MAGNETOS ,FAULTY,,"PERFORMED GROUND RUN, NO DEFECTS NOTED. OPS CHECK GOOD.",,,OPS,"GROUND RUN , CHECK",
106016,ALTERNATE AIR BOX BUSHINGS ARE WORN.,OK,,ALTERNATE AIR BOX BUSHINGS,WORN,,REPLACED WITH SERVICEABLE AIR BOX.,,SERVICEABLE,AIR BOX,REPLACED,
106017,#1 ROCKER BOX GASKET LEAKING.,OK,#1,ROCKER BOX GASKET,LEAKING,,REMOVED & REPLACED GASKET.,,,GASKET,REMOVED & REPLACED,
106018,"#3, 4 INTAKES LEAKING.",OK,"#3, 4",INTAKES,LEAKING,,REPLACED GASKETS.,,,GASKETS,REPLACED,
106019,#2 & 3 INTAKES LEAKING ON R/H ENGINE.,OK,#2 & 3 ON R/H ENGINE,INTAKES,LEAKING,,REMOVED & REPLACED GASKETS.,,,GASKETS,REMOVED & REPLACED,
106020,ALL 4 INTAKES LEAKING ON L/H ENGINE.,OK,ALL 4 ON L/H ENGINE,INTAKES,LEAKING,,REMOVED & REPLACED ALL GASKETS ON L/H ENGINE.,,,GASKETS,REMOVED & REPLACED,
106021,"LOW COMPRESSION ON CYLINDER #2, L/H ENGINE.",OK,"CYLINDER #2, L/H ENGINE",,COMPRESSION,,FOUND COMPRESSION BELOW 40/80 PSI & LEAKING OUT EXHAUST,,,COMPRESSION & EXHAUST,FOUND,COMPRESSION BELOW 40/80 PSI & LEAKING OUT EXHAUST
106022,"INTAKE GASKETS #3 & 4 CYL, LEAK.",OK,#3 & 4 CYL,INTAKE GASKETS,LEAK,,REMOVED & REPLACED GASKETS.,,,GASKETS,REMOVED & REPLACED,
106023,RPM HIT 2720 DURING FLIGHT.,OK,,,RPM,,INSP AS PER LYCOMING FOR LESS THAN 5% OVERSPEED,,,INSP,INSP,
106024,#1 INTAKE GASKET LEAKING.,OK,#1,INTAKE GASKET,LEAKING,,REMOVED & REPLACED GASKET.,,,GASKET,REMOVED & REPLACED,
106025,R/H SIDE BAFFLING MISSING HARDWARE.,OK,R/H SIDE,BAFFLING HARDWARE,MISSING,,INSTALLED NEW HARDWARE.,,NEW,HARDWARE,INSTALLED,
106026,"L/H ENG, CYLINDER #4 INTAKE LEAKING.",OK,"L/H ENG, CYLINDER #4",INTAKE,LEAKING,,REMOVED & REPLACED GASKET.,,,GASKET,REMOVED & REPLACED,
106027,L/H ENGINE CYLINDER #1 PRIMER LINE CHAFING ON INTAKE TUBE.,OK,L/H ENGINE CYLINDER #1,PRIMER LINE,CHAFING,,"REMOVED & REPLACED PRIMER LINE SLEEVE, NO DAMAGE NOTED.",,,PRIMER LINE SLEEVE,REMOVED & REPLACED,
106028,FOREIGN OBJECT DAMAGE @ #2 CYLINDER,OK,#2 CYLINDER,FOREIGN OBJECT,DAMAGE,,REMOVED TIE WRAP FOR FOREIGN OBJECT DAMAGE,,,TIE WRAP,REMOVED,
106029,FOREIGN OBJECT DAMAGE ON SIDE BATTERY CASE (ZIP TIE TAPED TO SIDE),OK,SIDE BATTERY CASE,FOREIGN OBJECT,DAMAGE,,REMOVED FOREIGN OBJECT DAMAGE,,,FOREIGN OBJECT DAMAGE,REMOVED,
106030,R/H REAR ENGINE BAFFLE LOOSE.,OK,R/H REAR ENGINE,BAFFLE,LOOSE,,TIGHTENED SCREWS.,,,SCREWS,TIGHTENED,
106031,HARDWARE MISSING FROM AFT R/H BAFFLE.,OK,AFT R/H,BAFFLE HARDWARE,MISSING,,"RETRIEVED MISSING HARDWARE, REINSTALLED BAFFLE SCREW. R",,,"HARDWARE, BAFFLE SCREW","RETRIEVED, REINSTALLED",
106032,"NEED TO ADJUST MIXTURE, 150 RISE @ SHUT DOWN.",OK,,MIXTURE,NEED PROBLEM,,ADJUSTED AS NEEDED. OPS CHECK GOOD. SEASONAL ADJUSTMENT MA,,,"OPS , MIXTURE","CHECK , ADJUSTED",
106033,ALL CYLINDER ROCKER COVERS SCREWS ARE LOOSE.,OK,ALL CYLINDER,ROCKER COVER SCREWS,LOOSE,,TIGHTENED ALL SCREWS.,,,SCREWS,TIGHTENED,
106034,#3 ROCKER COVER GASKET LEAKING ON L/H ENGINE.,OK,#3 ON L/H ENGINE,ROCKER COVER GASKET,LEAKING,,REMOVED & REPLACED GASKET.,,,GASKET,REMOVED & REPLACED,
106035,#4 CYLINDER INTAKE GASKET IS LEAKING.,OK,#4 CYLINDER,INTAKE GASKET,LEAKING,,REMOVED & REPLACED GASKET.,,,GASKET,REMOVED & REPLACED,
106036,#3 INTAKE LEAKING.,OK,#3,INTAKE,LEAKING,,REPLACED GASKET.,,,GASKET,REPLACED,
106037,#2 INTAKE LEAKING.,OK,#2,INTAKE,LEAKING,,REMOVED & REPLACED GASKET.,,,GASKET,REMOVED & REPLACED,
106038,#2 INTAKE LEAKING.,OK,#2,INTAKE,LEAKING,,REMOVED & REPLACED GASKET.,,,GASKET,REMOVED & REPLACED,
106039,"BAFFLE SEALS ON #1, 4 CYLINDERS NEED TO BE SECURED.",OK,"#1, 4 CYLINDERS",BAFFLE SEALS,NEED PROBLEM,,SECURED BAFFLE SEALS.,,,BAFFLE SEALS,SECURED,
106040,1 & 4 INTAKE LEAKING ON L/H ENGINE.,OK,1 & 4 ON L/H ENGINE,INTAKE,LEAKING,,REPLACED GASKETS ON 1 & 4 INTAKES.,,,"GASKETS, INTAKES",REPLACED,
106041,REMOVE SERVICEABLE ENGINE ASSEMBLY TO PREPARE FOR TRANSPORT FOR,DIFFICULT,,,,,REMOVED SERVICEABLE ENGINE ASSY; INCLUDING ENGINE MOUNT,,,"ENGINE ASSY, ENGINE MOUNT",REMOVED,
106042,PROP STRIKE/SUDDEN STOPPAGE.,OK,,PROP,STOPPAGE,,COMPLETED ENGINE INSTALL IAW S MX MANUAL.,,,ENGINE,COMPLETED INSTALL,
106043,PROP STRIKE/SUDDEN STOPPAGE.,OK,,PROP,STOPPAGE,,"REMOVED ENGINE ASSY, INCLUDING MOUNT, HOSES, WIRING, AC",,,"ENGINE ASSY, MOUNT, HOSES, WIRING, AC",REMOVED,
106044,R/H ENGINE #2 ROCKER COVER GASKET LEAKING.,OK,R/H ENGINE #2,ROCKER COVER GASKET,LEAKING,,REMOVED & REPLACED GASKET.,,,GASKET,REMOVED & REPLACED,
106045,SCREW MISSING FROM L/H FORWARD BAFFLE ON R/H ENGINE.,OK,L/H FORWARD ON R/H ENGINE,BAFFLE SCREW,MISSING,,INSTALLED NEW HARDWARE.,,NEW,HARDWARE,INSTALLED,
106046,"ROCKER COVERS 1, 2 & 3 LEAKING ON L/H ENGINE.",OK,"1, 2 & 3 ON L/H ENGINE",ROCKER COVERS,LEAKING,,REMOVED & REPLACED GASKETS.,,,GASKETS,REMOVED & REPLACED,
106047,"R/H ENGINE #3, 4 CYLINDERS INTAKE GASKETS LEAKING.",OK,"R/H ENGINE #3, 4 CYLINDERS",INTAKE GASKETS,LEAKING,,REMOVED & REPLACED GASKETS.,,,GASKETS,REMOVED & REPLACED,
106048,NOTICED AN ABNORMAL TICKING OR VIBRATION NOISE FROM ENGINE B,OK,ENGINE,,ABNORMAL TICKING OR VIBRATION NOISE,,PERFORMED VISUAL INSP OF ENGINE & COMPRESSION,,,ENGINE & COMPRESSION,INSP,
106049,OVERSPEED ENGINE BY 20 RPM FOR NO MORE THAN 10 SECONDS.,OK,ENGINE,,OVERSPEED,,"REVIEWED FDM DATA & FOUND MAX OVERSPEED WAS 2617 RPM, W",,,"FDM DATA , RPM","REVIEWED , FOUND",MAX OVERSPEED WAS 2617 RPM
106050,BAFFLE PLUGS NEED TO BE REPLACED.,OK,,BAFFLE PLUGS,NEED PROBLEM,,REPLACED PLUGS.,,,PLUGS,REPLACED,
106051,#1 & 3 INTAKE GASKETS ARE LEAKING.,OK,#1 & 3,INTAKE GASKETS,LEAKING,,REPLACED GASKETS.,,,GASKETS,REPLACED,
106052,"#2, 3 INTAKE LEAKING.",OK,"#2, 3",INTAKE,LEAKING,,REMOVED & REPLACED GASKET.,,,GASKET,REMOVED & REPLACED,
106053,LOW COMPRESSION ON CYLINDER #3 (55).,OK,CYLINDER #3,,COMPRESSION,,OPS & LEAK CHECK GOOD.,,,OPS & LEAK,CHECK,
106054,LOW COMPRESSION ON CYLINDER #3 (55).,OK,CYLINDER #3,,COMPRESSION,,"REMOVED CYL, FOUND TO BE BURNT EXHAUST VALVE. INSTALLED",,,"CYLINDER, EXHAUST VALVE",REMOVED & INSTALLED,
106055,"ENGINE BACK FIRED DURING START, FLAME CAME OUT ENGINE.",OK,ENGINE,,BACK FIRED,,"PERFORMED GROUND RUN, OPS CHECK GOOD. INSPECTED INLET F",,,"OPS , INLET","GROUND RUN , CHECK,  INSPECTED",
106056,#3 INTAKE GASKET LEAKING.,OK,#3,INTAKE GASKET,LEAKING,,REMOVED & REPLACED WITH NEW GASKET.,,NEW,GASKET,REMOVED & REPLACED,
106057,BAFFLE CRACKED ON #1 CYLILNDER.,OK,#1 CYLILNDER,BAFFLE,CRACKED,,STOP DRILLED CRACK.,,,DRILLED CRACK,STOP,
106058,LOW COMPRESSION ON CYLINDER #1.,OK,CYLINDER #1,,COMPRESSION,,FOUND TO HAVE 57/80 PSI COMPRESSOR & BURNT EXHAUST VALVE. REM,,,COMPRESSOR & EXHAUST VALVE,FOUND,FOUND TO HAVE 57/80 PSI COMPRESSOR & BURNT EXHAUST VALVE
106059,BAFFLE ABOVE CYLINDER #1 CRACKED.,OK,ABOVE CYLINDER #1,BAFFLE,CRACKED,,STOP DRILLED CRACK.,,,DRILLED CRACK,STOP,
106060,#3 ROCKER COVER GASKET LEAKING.,OK,#3,ROCKER COVER GASKET,LEAKING,,REMOVED & REPLACED GASKET WITH NEW.,,NEW,GASKET,REMOVED & REPLACED,
106061,#1 & 3 ROCKER COVERS LEAKING.,OK,#1 & 3,ROCKER COVERS,LEAKING,,REMOVED & REPLACED GASKETS.,,,GASKETS,REMOVED & REPLACED,
106062,ALL ROCKER DRAIN LINES ARE SLIGHTLY LOOSE.,OK,ALL,ROCKER DRAIN LINES,LOOSE,,"TIGHTENED ALL LINES ""B"" NUT.",,,LINES NUT,TIGHTENED,
106063,#1 SDIE & FRONT BAFFLE SEALS ARE LOOSE.,OK,#1 SIDE & FRONT,BAFFLE SEALS,LOOSE,,SECURED BAFFLE SEALS WITH POP RIVETS.,,,BAFFLE SEALS,SECURED,
106064,"R/H ENGINE #2, 3, 4 INTAKES LEAKING.",OK,"R/H ENGINE #2, 3, 4",INTAKES,LEAKING,,REPLACED INTAKE GASKETS.,,,INTAKE GASKETS,REPLACED,
106065,"#2, 4 CYLINDER BAFFLE TIE ROD BOLT BROKEN.",OK,"#2, 4 CYLINDER",BAFFLE TIE ROD BOLT,BROKEN,,REMOVED & REPLACED BOLT.,,,BOLT,REMOVED & REPLACED,
106066,BOLT FOR ALTERNATOR SUPPORT NEEDS SAFETY WIRE.,OK,,ALTERNATOR SUPPORT BOLT,NEED PROBLEM,,SAFETIED BOLT.,,,BOLT,SAFETIED,
106067,R/H ENGINE RAN ROUGH IN CLIMB & CRUISE. SHUT OFF L/H MAGNETOS ON,OK,R/H ENGINE,,ROUGH,,RAN A/C. L/H & R/H ENIGNE MAGS CHECK GOOD. NO ROUGHNESS NO,,,"A/C, ENGINES, MAGS","RAN, CHECK",
106068,SCREW BEHIND OIL DIPSTICK TUBE LOOSE.,OK,BEHIND OIL DIPSTICK TUBE,SCREW,LOOSE,,TIGHTENED SCREW.,,,SCREW,TIGHTENED,
106069,L/H UPPER BAFFLE LOOSE ABOVE #2 CYLINDER.,OK,L/H UPPER ABOVE #2 CYLINDER,BAFFLE,LOOSE,,SECURED WITH RIVET.,,,RIVET,SECURED,
106070,WORN SPOTS ON FORWARD LOWER BAFFLE SEAL ABOVE INTAKE.,OK,FORWARD LOWER  ABOVE INTAKE,BAFFLE SEAL,WORN,,FILLED IN SPOTS WITH RTV.,,,SPOTS,FILLED IN,
106071,PAINT UNDER GROUND WIRE STRAP ON ENGINE.,OK,UNDER GROUND,WIRE STRAP,PAINT,,REMOVED PAINT & CLEANED STRAP END.,,,"PAINT, STRAP END",REMOVED & CLEANED,
106072,"INNER BAFFLE TIE SPRING BROKEN, L/H SIDE.",OK,L/H SIDE,BAFFLE TIE SPRING,BROKEN,,REPLACED BAFFLE SPRING.,,,BAFFLE SPRING,REPLACED,
106073,"#3, 4 CYLINDER ROCKER COVER GASKETS LEAK.",OK,"#3, 4 CYLINDER",ROCKER COVER GASKETS,LEAKING,,REMOVED #3 & 4 ROCKER COVERS. REMOVED OLD GASKETS & CLE,,OLD,"ROCKER COVERS, GASKETS","REMOVED , REMOVED & CLEANED",
106074,#3 INTAKE LEAKING.,OK,#3,INTAKE,LEAKING,,REPLACED GASKET.,,,GASKET,REPLACED,
106075,COMPRESSION IS LOW #2 CYLINDER.,OK,#2 CYLINDER,,COMPRESSION,,REINSTALLED CYLINDER TO ENGINE & TORQUE BASE NUTS TO SP,,,"CYLINDER, BASE NUTS",REINSTALLED & TORQUE,
106076,COMPRESSION IS LOW #2 CYLINDER.,OK,#2 CYLINDER,,COMPRESSION,,REMOVED CYLINDER FROM ENGINE. FOUND EXHAUST VALVE WORN.,,,"CYLINDER , EXHAUST VALVE","REMOVED, FOUND",EXHAUST VALVE WORN
106077,COMPRESSION IS LOW #2 CYLINDER.,OK,#2 CYLINDER,,COMPRESSION,,RECONECTED OIL RETURN LINES. REINSTALLED BAFFLES. PERFO,,,"OIL RETURN LINES, BAFFLES","RECONECTED, REINSTALLED",
106078,SCREW BEHIND OIL TUBE FILTER LOOSE.,OK,BEHIND OIL TUBE FILTER,SCREW,LOOSE,,TIGHTENED SCREW.,,,SCREW,TIGHTENED,
106079,ROD CHANGE PER LYCOMING.,DIFFICULT,,,,,DISASSEMBLED TOP END OF ENGINE.,,,TOP END OF ENGINE,DISASSEMBLED,
106080,#4 CYLINDER PUSH ROD TUBE WASHER CORRODED.,OK,#4 CYLINDER,PUSH ROD TUBE WASHER,CORRODED,,REMOVED & REPLACED WASHER.,,,WASHER,REMOVED & REPLACED,
106081,ROD CHANGE PER LYCOMING.,DIFFICULT,,,,,"HONED CYLINDERS, LAPPED VALVEDS, REAMED EXHAUST GUIDES.",,,"CYLINDERS, VALVES, EXHAUST GUIDES","HONED, LAPPED, REAMED",
106082,ROD CHANGE PER LYCOMING.,DIFFICULT,,,,,CONTINUED ENGINE REASSEMBLY & BAFFLING. DRY TAPPET CLEA,,,"ENGINE, BAFFLING, TAPPET",CONTINUED REASSEMBLY & DRY CLEANED,
106083,ROD CHANGE PER LYCOMING.,DIFFICULT,,,,,"COMPLETED ENGINE REASSEMBLY. RAN A/C, OPS & LEAK CHECK GOO",,,"ENGINE, A/C, OPS & LEAK","COMPLETED REASSEMBLY, RAN, CHECK",
106084,AIR BOX GASKET REPLACEMENT.,DIFFICULT,,,,,N/A BY A/C MFG.,,,,,
106085,L/H ENGINE #2 & 4 INTAKES LEAKING.,OK,L/H ENGINE #2 & 4,INTAKES,LEAKING,,REPLACED GASKETS.,,,GASKETS,REPLACED,
106086,"R/H ENGINE #4 INTAKE LEAKING, AND #3 INTAKE.",OK,R/H ENGINE #4,INTAKE,LEAKING,,REPLACED GASKET.,,,GASKET,REPLACED,
106087,INTAKE #3 LEAKING.,OK,#3,INTAKE,LEAKING,,REMOVED & REPLACED GASKET.,,,GASKET,REMOVED & REPLACED,
106088,BAFFLE SCREW MISSING ON #3 CYLINDER BAFFLE.,OK,#3 CYLINDER,BAFFLE SCREW,MISSING,,REINSTALLED SCREW.,,,SCREW,REINSTALLED,
106089,"CYLINDER #1, 2, 4 INTAKE GASKETS LEAKING.",OK,"CYLINDER #1, 2, 4",INTAKE GASKETS,LEAKING,,REMOVED & REPLACED GASKETS.,,,GASKETS,REMOVED & REPLACED,
106090,#3 INTAKE LEAKS.,OK,#3,INTAKE,LEAKS,,REPLACED GASKET.,,,GASKET,REPLACED,
106091,GROUNDING POINTS ON ENGINE & FIREWALL LOOSE.,OK,ENGINE & FIREWALL,GROUNDING POINTS,LOOSE,,TIGHTENED ALL BOLTS.,,,BOLTS,TIGHTENED,
106092,FOUND ENGINE BAFFLES CRACKED.,OK,ENGINE,BAFFLES,CRACKED,,COMPLETED BAFFLE REPAIR.,,,BAFFLE,REPAIR,
106093,FOUND ENGINE BAFFLES CRACKED.,OK,ENGINE,BAFFLES,CRACKED,,BEGAN FABRICATING PATCHES.,,,PATCHES,FABRICATING,
106094,FOUND ENGINE BAFFLES CRACKED.,OK,ENGINE,BAFFLES,CRACKED,,CONTINUED REPAIRING BAFFLES.,,,BAFFLES,REPAIRING,
106095,"CRACKED FIN ON #4 CYLINDER, BETWEEN TOP SPARK PLUG HOLE & IN",OK,#4 CYLINDER,FIN,CRACKED,,DETERMINED CRACK TO BE REPAIRABLE BY INSTALLING FIN STA,,,FIN STA,INSTALLING,
106096,"CRACKED FIN ON #4 CYLINDER, BETWEEN TOP SPARK PLUG HOLE & IN",OK,#4 CYLINDER,FIN,CRACKED,,INSTALLED FIN STABILIZER IAW LYCOMING DIRECT DRIVE OVER,,,FIN STABILIZER,INSTALLED,
106097,BOTH BAFFLE PLUGS WORN.,OK,BOTH,BAFFLE PLUGS,WORN,,REPLACED WITH NEW PLUGS.,,NEW,PLUGS,REPLACED,
106098,#1 INTAKE GASKET LEAKING.,OK,#1,INTAKE GASKET,LEAKING,,INSTALLED NEW INTAKE GASKET.,,NEW,INTAKE GASKET,INSTALLED,
106099,#3 EXHAUST SIDE PUSH ROD & ROCKER SCORED.,OK,#3 EXHAUST SIDE,PUSH ROD & ROCKER,SCORED,,DRY TAPPET CLEARANCE GOOD.,,,TAPPET CLEARANCE,DRY,
106100,#2 CYLINDER CRACKED.,OK,#2 CYLINDER,,CRACKED,,MAINTENANCE FLIGHT REQUIRED,,,,,
106101,#3 EXHAUST SIDE PUSH ROD & ROCKER SCORED.,OK,#3 EXHAUST SIDE,PUSH ROD & ROCKER,SCORED,,ACQUIRED PARTS & SET IN PLACE.,,,PARTS,ACQUIRED & SET IN PLACE,
106102,#2 CYLINDER CRACKED.,OK,#2 CYLINDER,,CRACKED,,"REMOVED #2, 3, 4 CYLINDERS & BEGAN REPLACING WITH NEW CYLINDER",,NEW,CYLINDERS,REMOVED & REPLACING,
106103,#2 CYLINDER CRACKED.,OK,#2 CYLINDER,,CRACKED,,"FINISHED REASSEMBLY OF CYLINDERS 2, 3, 4. DRY TAPPET CL",,,"CYLINDERS, TAPPET","REASSEMBLY, DRY",
106104,#3 INTAKE LEAKING ON R/H ENGINE.,OK,#3 ON R/H ENGINE,INTAKE,LEAKING,,REMOVED & REPLACED INTAKE GASKET.,,,INTAKE GASKET,REMOVED & REPLACED,
106105,"INTAKES 2, 3 & 4 LEAKING ON L/H ENGINE.",OK,"2, 3 & 4 ON L/H ENGINE",INTAKES,LEAKING,,REMOVED & REPLACED WITH NEW GASKETS.,,NEW,GASKETS,REMOVED & REPLACED,
106106,L/H ENGINE #4 BAFFLE CRACKED.,OK,L/H ENGINE #4,BAFFLE,CRACKED,,REPLACED WITH REPAIRED BAFFLE.,,REPAIRED,BAFFLE,REPLACED,
106107,R/H ENGINE #1 INTAKE TUBE GASKET LEAKING.,OK,R/H ENGINE #1,INTAKE TUBE GASKET,LEAKING,,REMOVED & REPLACED GASKET.,,,GASKET,REMOVED & REPLACED,
106108,#3 EXHAUST PUSH ROD & ROCKER SCORED.,OK,#3,EXHAUST PUSH ROD & ROCKER,SCORED,,REMOVED & REPLACED WITH NEW PUSH ROD & ROCKER ARM. DRY TA,,NEW,PUSH ROD & ROCKER ARM,REMOVED & REPLACED,
106109,INTAKES 2 & 4 LEAKING ON R/H ENGINE.,OK,2 & 4 ON R/H ENGINE,INTAKES,LEAKING,,CLINDERS NEED TO BE REPLACED.,,,CYLINDERS,NEED,
106110,#4 EXHAUST PUSH ROD & ROCKER ARM SCORED.,OK,#4,"EXHAUST PUSH ROD, ROCKER ARM",SCORED,,REMOVED & REPLACED WITH NEW PUSH ROD & ROCKER. DRY TAPPET,,NEW,"PUSH ROD, ROCKER","REMOVED & REPLACED , DRY",
106111,R/H ENGINE #3 CYLINDER CRACKED BY LOWER SPARK PLUG.,OK,R/H ENGINE #3 CYLINDER,,CRACKED,,"REMOVED CYLINDER #2, 3, 4; REPLACED WITH NEW CYLINDERS. BEGAN",,NEW,CYLINDER,"REMOVED, REPLACED",
106112,R/H ENGINE #3 CYLINDER CRACKED BY LOWER SPARK PLUG.,OK,R/H ENGINE #3 CYLINDER,,CRACKED,,FINISHED INSTALLATION. INSTALLED NEW ROCKER & PUSH ROD,,NEW,"ROCKER, PUSH ROD",INSTALLED,
106113,R/H ENGINE #3 CYLINDER CRACKED BY LOWER SPARK PLUG.,OK,R/H ENGINE #3 CYLINDER,,CRACKED,,"REMOVED EXHAUST & STARTED REMOVAL OF BAFFLES, O/B BAFFL",,,"EXHAUST, BAFFLES","REMOVED, STARTED REMOVAL",
106114,R/H ENGINE #3 CYLINDER CRACKED BY LOWER SPARK PLUG.,OK,R/H ENGINE #3 CYLINDER,,CRACKED,,CYLINDER CHANGE DONE IAW LYCOMING OVERHAUL MANUAL. MAIN,,,CYLINDER,CHANGE DONE,
106115,#1 & 3 ROCKER COVERS LEAKING.,OK,#1 & 3,ROCKER COVERS,LEAKING,,TIGHTENED LOOSE SCREWS.,,,SCREWS,TIGHTENED,
106116,"DURING SHUT DOWN CHECKLIST, WHEN PUT THROTTLE IDLE, ENGINE S",DIFFICULT,,,,,TORQUED ENGINE MOUNTS. RAN UP ENGINE. OPS CHECK GOOD.,,,"ENGINE MOUNTS, ENGINE , OPS","TORQUED, RAN , CHECK",
106117,"DURING SHUT DOWN CHECKLIST, WHEN PUT THROTTLE IDLE, ENGINE S",DIFFICULT,,,,,"PERFORMED RUN UP WITH COWL OFF, CAN STILL HEAR TAPPING &",,,COWL,RUN,
106118,"DURING SHUT DOWN CHECKLIST, WHEN PUT THROTTLE IDLE, ENGINE S",DIFFICULT,,,,,"RAN UP ENGINE, ENGINE RUNS SMOOTH, MAGNETOS DROPS, EGT'S, CHANNEL",,,"ENGINE, MAGNETOS, EGT'S, CHANNEL",RAN,
106119,#2 INTAKE GASKET IS LEAKING.,OK,#2,INTAKE GASKET,LEAKING,,"REPLACED GASKET, LEAK CHECK GOOD.",,,"GASKET, LEAK","REPLACED, CHECK",
106120,ENGINE OVERSPEED 2750 AT PEAK.,OK,ENGINE,,OVERSPEED,,"REVIEWED FLIGHT DATA, VERIFIED 2740.3 PEAK OVERSPEED. C",,,FLIGHT DATA,REVIEWED & VERIFIED,
106121,R/H ENGINE #3 CYLINDER INTAKE GASKET LEAKING.,OK,R/H ENGINE #3 CYLINDER,INTAKE GASKET,LEAKING,,"REMOVED COWL, REMOVED & REPLACED GASKET. REINSTALLED CO",,,"COWL, GASKET","REMOVED , REMOVED & REPLACED , REINSTALLED",
106122,L/H ENGINE #3 & 4 CYLINDER INTAKE GASKETS LEAKING.,OK,L/H ENGINE #3 & 4 CYLINDER,INTAKE GASKETS,LEAKING,,"REMOVED COWL, REMOVED & REPLACED GASKETS. REINSTALLED C",,,"COWL, GASKETS","REMOVED , REMOVED & REPLACED , REINSTALLED",
106123,#4 INTAKE LEAKING.,OK,#4,INTAKE,LEAKING,,REMOVED & REPLACED GASKET.,,,GASKET,REMOVED & REPLACED,
106124,L/H ENGINE BAFFLE PLUG TABS BROKEN.,OK,L/H ENGINE,BAFFLE PLUG TABS,BROKEN,,INSTALLED NEW BAFFLE PLUG.,,NEW,BAFFLE PLUG,INSTALLED,
106125,BAFFLE SCREW BEHIND OIL TUBE LOOSE.,OK,BEHIND OIL TUBE,BAFFLE SCREW,LOOSE,,TIGHTENED SCREW.,,,SCREW,TIGHTENED,
106126,"BAFFLE SEAL, ABOVE ENGINE INTAKE HAS WORN SPOTS.",OK,ABOVE ENGINE INTAKE,BAFFLE SEAL,WORN,,INSTALLED BLACK RTV TO WORN AREAS.,,,RTV,INSTALLED,
106127,R/H REAR ENGINE BAFFLE SCREWS LOOSE.,OK,R/H REAR ENGINE,BAFFLE SCREWS,LOOSE,,INSTALLED NEW SCREWS IN BAFFLE ANCHOR.,,NEW,SCREWS,INSTALLED,
106128,#3 ROCKER COVER LEAKING ON R/H ENGINE.,OK,#3 ON R/H ENGINE,ROCKER COVER,LEAKING,,INSTALLED NEW ROCKER BOX COVER GASKET.,,NEW,ROCKER BOX COVER GASKET,INSTALLED,
106129,L/H ENGINE #1 CYLINDER CRACKED.,OK,L/H ENGINE #1 CYLINDER,,CRACKED,,INSTALLED PUSH RODS & ROCKERS. DRY TAPPET CLEARANCE CHECK,,,"PUSH RODS & ROCKERS, TAPPET CLEARANCE","INSTALLED, DRY CHECK",
106130,L/H ENGINE #1 CYLINDER CRACKED.,OK,L/H ENGINE #1 CYLINDER,,CRACKED,,"REMOVED #1, 2, 3, 4 CYLINDERS. REPLACED WITH NEW CYLINDER",,NEW,CYLINDERS,"REMOVED, REPLACED",
106131,L/H ENGINE #1 CYLINDER CRACKED.,OK,L/H ENGINE #1 CYLINDER,,CRACKED,,"RAN UP A/C, OPS & LEAK CHECK GOOD. MAINTENANCE FLIGHT REQU",,,"A/C, OPS &  LEAK","RAN , CHECK",
106132,R/H ENGINE #2 CYLINDER PUSH ROD END & ROCKER SCORED.,OK,R/H ENGINE #2 CYLINDER,PUSH ROD END & ROCKER,SCORED,,REPLACED WITH NEW ROCKER & PUSH ROD. TAPPET CLEARANCE CHECK,,NEW,"ROCKER, PUSH ROD, TAPPET CLEARANCE","REPLACED, CHECK",
106133,R/H ENGINE #1 CYLINDER EXHAUST ROCKER WORN ON SHAFT.,OK,R/H ENGINE #1 CYLINDER,EXHAUST ROCKER,WORN,,REPLACED WITH NEW ROCKER & ROCKER SHAFT. TAPPET CLEARANCE,,NEW,"ROCKER, ROCKER SHAFT",REPLACED,
106134,R/H ENGINE #3 CYLINDER EXHAUST ROCKER WORN ON SHAFT.,OK,R/H ENGINE #3 CYLINDER,EXHAUST ROCKER,WORN,,REPLACED WITH NEW ROCKER & ROCKER SHAFT. TAPPET CLEARANCE,,NEW,"ROCKER, ROCKER SHAFT",REPLACED,
106135,"RIGHT ENGINE, LEFT MAGNETOS DROPPED 200+.",OK,"RIGHT ENGINE, LEFT MAGNETOS",MAGNETOS,DROPPED,,"RAN A/C & CONFIRMED PROBLEM. R/H ENG, R/H MAGNETOS TIMING IS",,,"A/C, ENGINE, MAGNETOS",RAN & CONFIRMED,
106136,R/H REAR BAFFLE MISSING GROMMET.,OK,R/H REAR,BAFFLE GROMMET,MISSING,,INSTALLED GROMMET.,,,GROMMET,INSTALLED,
106137,BAFFLE PLUGS WORN.,OK,,BAFFLE PLUGS,WORN,,REMOVED & REPLACED BAFFLE PLUGS. INSTALLED BAFFLE PATCH,,,"BAFFLE PLUGS, BAFFLE PATCH","REMOVED & REPLACED , INSTALLED",
106138,#4 INTAKE GASKET LEAKING.,OK,#4,INTAKE GASKET,LEAKING,,REPLACED GASKET.,,,GASKET,REPLACED,
106139,#2 INTAKE LEAKING.,OK,#2,INTAKE,LEAKING,,REMOVED & REPLACED GASKET.,,,GASKET,REMOVED & REPLACED,
106140,#3 & 4 ROCKER COVERS LEAKING.,OK,#3 & 4,ROCKER COVERS,LEAKING,,REMOVED & REPLACED ROCKER COVER GASKET.,,,ROCKER COVER GASKET,REMOVED & REPLACED,
106141,#1 CYLINDER INTAKE BOLTS LOOSE.,OK,#1 CYLINDER,INTAKE BOLTS,LOOSE,,TIGHTENED BOLTS.,,,BOLTS,TIGHTENED,
106142,BOTH BAFFLE PLUGS ARE IN NEED OF REPLACEMENT.,OK,BOTH,BAFFLE PLUGS,NEED PROBLEM,,INSTALLED NEW PLUGS.,,NEW,PLUGS,INSTALLED,
106143,"ENGINE FORWARD LOWER BLACK SEAL HAS WORN SPOTS, ABOVE AIR INTAKE.",OK,"ENGINE FORWARD LOWER, ABOVE AIR INTAKE",BLACK SEAL,WORN,,SEALED AREAS WITH BLACK RTV.,,,RTV,SEALED,
106144,"RIVET LOOSE AT BAFFLE, AFT CENTER.",OK,AFT CENTER,BAFFLE RIVET,LOOSE,,REPLACED RIVET WITH NEW.,,NEW,RIVET,REPLACED,
106145,#4 COMPRESSION IS 20/80.,OK,#4,,COMPRESSION,,"REMOVED CYLINDER, FOUND EXHAUST VALVE TO BE BURNT. STAR",,,"CYLINDER , EXHAUST VALVE","REMOVED, FOUND",EXHAUST VALVE TO BE BURNT
106146,#4 COMPRESSION IS 20/80.,OK,#4,,COMPRESSION,,"PERFORMED LIFTER INSP & TEST, NO DEFECTS. PERFORMED DRY",,,LIFTER,INSPECTED & TESTED,
106147,#4 COMPRESSION IS 20/80.,OK,#4,,COMPRESSION,,REMOVED PISTON FROM CONNECTING ROD. INSPECTED PISTON PI,,,"PISTON, CONNECTING ROD","REMOVED, INSPECTED",
106148,#3 INTAKE GASKET LEAKING.,OK,#3,INTAKE GASKET,LEAKING,,REMOVED BOTTOM COWLING. REMOVED & REPLACED GASKET WITH NE,,NEW,"BOTTOM COWLING , GASKET","REMOVED , REMOVED & REPLACED",
106149,#3 INTAKE GASKET IS LEAKING.,OK,#3,INTAKE GASKET,LEAKING,,REMOVED & REPLACED GASKET.,,,GASKET,REMOVED & REPLACED,
106150,"#3 AFT BAFFLE HAS A BROKEN BRACKET, BEHIND OIL FILLER TUBE.",OK,#3 AFT,BAFFLE BRACKET,BROKEN,,REPLACED WITH REPAIRED BAFFLE.,,REPAIRED,BAFFLE,REPLACED,
106151,"L/H ENGINE #2, 4 INTAKE GASKETS LEAKING.",OK,"L/H ENGINE #2, 4",INTAKE GASKETS,LEAKING,,REMOVED & REPLACED GASKETS.,,,GASKETS,REMOVED & REPLACED,
106152,#3 CYLINDER INTAKE TUBE NEEDS NEW GASKETS.,OK,#3 CYLINDER,INTAKE TUBE,NEED PROBLEM,,LEAK CHECK OK.,,,LEAK,CHECK,
106153,#3 CYLINDER INTAKE TUBE NEEDS NEW GASKETS.,OK,#3 CYLINDER,INTAKE TUBE,NEED PROBLEM,,REMOVED & REPLACED GASKETS.,,NEW,GASKETS,REMOVED & REPLACED,
106154,#2 CYLINDER INTAKE LEAKING.,OK,#2 CYLINDER,INTAKE,LEAKING,,INSTALLED NEW GASKET.,,NEW,GASKET,INSTALLED,
106155,#2 INTAKE LEAKING.,OK,#2,INTAKE,LEAKING,,REMOVED & REPLACED GASKET.,,,GASKET,REMOVED & REPLACED,
106156,BAFFLE PLUG DAMAGED.,OK,,BAFFLE PLUG,DAMAGED,,INSTALLED PLUG.,,,PLUG,INSTALLED,
106157,BAFFLE PLUGS WORN.,OK,,BAFFLE PLUGS,WORN,,REPLACED BOTH BAFFLE PLUGS.,,,BAFFLE PLUGS,REPLACED,
106158,#2 INTAKE LEAKING.,OK,#2,INTAKE,LEAKING,,REPLACED GASKET.,,,GASKET,REPLACED,
106159,SCREW MISSING FROM #3 AFT BAFFLE.,OK,#3 AFT,BAFFLE SCREW,MISSING,,REPLACED MISSING SCREW.,,,SCREW,REPLACED,
106160,#4 INTAKE GASKET LEAKING.,OK,#4,INTAKE GASKET,LEAKING,,REMOVED & REPLACED GASKET.,,,GASKET,REMOVED & REPLACED,
106161,HARDWARE MISSING @ #3 BAFFLE.,OK,#3,BAFFLE HARDWARE,MISSING,,INSTALLED NEW SCREW.,,NEW,SCREW,INSTALLED,
106162,CRACK ON #4 CYLINDER AFT BAFFLE.,OK,#4 CYLINDER AFT,BAFFLE,CRACK,,STOP DRILLED CRACK.,,,DRILLED CRACK,STOP,
106163,BAFFLE PLUGS WORN.,OK,,BAFFLE PLUGS,WORN,,REMOVED & REPLACED BOTH BAFFLE PLUGS.,,,BAFFLE PLUGS,REMOVED & REPLACED,
106164,CHT FLUCTUATING,OK,,CHT,FLUCTUATING,,REPLACED CHT PROBE. MX FLIGHT REQUIRED,,,CHT PROBE,REPLACED,
106165,#2 INTAKE LEAKING.,OK,#2,INTAKE,LEAKING,,REMOVED & REPLACED INTAKE GASKET.,,,INTAKE GASKET,REMOVED & REPLACED,
106166,L/H FORWARD ENGINE BAFFLE CRACKED.,OK,L/H FORWARD ENGINE,BAFFLE,CRACKED,,STOP DRILLED CRACK.,,,DRILLED CRACK,STOP,
106167,"DURING RUN UP, #2 CYLINDER WAS COLD & ENGINE SHOCK VIOLENTLY (ENG",OK,#2 CYLINDER &ENGINE,,SHOCK,,OPS & LEAK CHECK GOOD.,,,OPS & LEAK,CHECK,
106168,"DURING RUN UP, #2 CYLINDER WAS COLD & ENGINE SHOCK VIOLENTLY (ENG",OK,#2 CYLINDER &ENGINE,,SHOCK,,"FOUND #2 CYLINDER EXHAUST VALVE TO BE STUCK. REAMED CYLINDER #1,",,,"EXHAUST VALVE , CYLINDER","FOUND, REAMED",EXHAUST VALVE TO BE STUCK
106169,SAFETY DEPARTMENT WAS NOTIFIED OF POSSIBLE ENGINE OVERSPEED.,DIFFICULT,,,,,"REVIEWED FLIGHT DATA, VERIFIED MAX RPM INSP",,,"FLIGHT DATA, MAX RPM","REVIEWED, VERIFIED",